osculum_ID,tracking_num,t,x,y,r,v,,,,,,,,,,,,,,,,,,,,,,,,,,,,,,,,,,,
AB_S23_O1,1,4.00E-01,-4.63E-01,1.62E-01,4.91E-01,,,,,,,,,,,,,,,,,,,,,,,,,,,,,,,,,,,,
AB_S23_O1,1,4.09E-01,-4.16E-01,2.21E-01,4.71E-01,8.55E+00,,,,,,,,,,,,,,,,,,,,,,,,,,,,,,,,,,,
AB_S23_O1,1,4.17E-01,-4.06E-01,2.93E-01,5.01E-01,1.19E+01,,,,,,,,,,,,,,,,,,,,,,,,,,,,,,,,,,,
AB_S23_O1,1,4.25E-01,-3.48E-01,4.06E-01,5.35E-01,1.47E+01,,,,,,,,,,,,,,,,,,,,,,,,,,,,,,,,,,,
AB_S23_O1,1,4.34E-01,-3.07E-01,5.18E-01,6.02E-01,1.42E+01,,,,,,,,,,,,,,,,,,,,,,,,,,,,,,,,,,,
AB_S23_O1,1,4.42E-01,-2.66E-01,6.29E-01,6.83E-01,1.11E+01,,,,,,,,,,,,,,,,,,,,,,,,,,,,,,,,,,,
AB_S23_O1,1,4.50E-01,-2.74E-01,6.99E-01,7.51E-01,1.48E+01,,,,,,,,,,,,,,,,,,,,,,,,,,,,,,,,,,,
AB_S23_O1,1,4.59E-01,-2.03E-01,8.67E-01,8.91E-01,1.76E+01,,,,,,,,,,,,,,,,,,,,,,,,,,,,,,,,,,,
AB_S23_O1,1,4.67E-01,-1.80E-01,9.77E-01,9.93E-01,1.29E+01,,,,,,,,,,,,,,,,,,,,,,,,,,,,,,,,,,,
AB_S23_O1,1,4.75E-01,-1.91E-01,1.08E+00,1.10E+00,1.17E+01,,,,,,,,,,,,,,,,,,,,,,,,,,,,,,,,,,,
AB_S23_O1,1,4.84E-01,-2.01E-01,1.17E+00,1.19E+00,1.14E+01,,,,,,,,,,,,,,,,,,,,,,,,,,,,,,,,,,,
AB_S23_O1,1,4.92E-01,-1.41E-01,1.27E+00,1.27E+00,1.15E+01,,,,,,,,,,,,,,,,,,,,,,,,,,,,,,,,,,,
AB_S23_O1,1,5.01E-01,-1.13E-01,1.34E+00,1.34E+00,1.01E+01,,,,,,,,,,,,,,,,,,,,,,,,,,,,,,,,,,,
AB_S23_O1,1,5.09E-01,-1.05E-01,1.43E+00,1.43E+00,1.29E+01,,,,,,,,,,,,,,,,,,,,,,,,,,,,,,,,,,,
AB_S23_O1,1,5.17E-01,-1.02E-01,1.56E+00,1.56E+00,1.39E+01,,,,,,,,,,,,,,,,,,,,,,,,,,,,,,,,,,,
AB_S23_O1,1,5.26E-01,-9.57E-02,1.66E+00,1.67E+00,1.29E+01,,,,,,,,,,,,,,,,,,,,,,,,,,,,,,,,,,,
AB_S23_O1,1,5.34E-01,-8.99E-02,1.77E+00,1.77E+00,1.17E+01,,,,,,,,,,,,,,,,,,,,,,,,,,,,,,,,,,,
AB_S23_O1,1,5.42E-01,-1.35E-01,1.85E+00,1.86E+00,1.27E+01,,,,,,,,,,,,,,,,,,,,,,,,,,,,,,,,,,,
AB_S23_O1,1,5.51E-01,-1.13E-01,1.98E+00,1.98E+00,1.38E+01,,,,,,,,,,,,,,,,,,,,,,,,,,,,,,,,,,,
AB_S23_O1,1,5.59E-01,-7.03E-02,2.07E+00,2.08E+00,1.31E+01,,,,,,,,,,,,,,,,,,,,,,,,,,,,,,,,,,,
AB_S23_O1,1,5.67E-01,-8.40E-02,2.20E+00,2.20E+00,1.28E+01,,,,,,,,,,,,,,,,,,,,,,,,,,,,,,,,,,,
AB_S23_O1,1,5.76E-01,-7.62E-02,2.29E+00,2.29E+00,1.29E+01,,,,,,,,,,,,,,,,,,,,,,,,,,,,,,,,,,,
AB_S23_O1,1,5.84E-01,-7.23E-02,2.41E+00,2.41E+00,1.38E+01,,,,,,,,,,,,,,,,,,,,,,,,,,,,,,,,,,,
AB_S23_O1,1,5.92E-01,-8.40E-02,2.52E+00,2.52E+00,1.31E+01,,,,,,,,,,,,,,,,,,,,,,,,,,,,,,,,,,,
AB_S23_O1,1,6.01E-01,-4.30E-02,2.63E+00,2.63E+00,1.41E+01,,,,,,,,,,,,,,,,,,,,,,,,,,,,,,,,,,,
AB_S23_O1,1,6.09E-01,-5.67E-02,2.75E+00,2.75E+00,1.48E+01,,,,,,,,,,,,,,,,,,,,,,,,,,,,,,,,,,,
AB_S23_O1,1,6.17E-01,-7.03E-02,2.88E+00,2.88E+00,1.38E+01,,,,,,,,,,,,,,,,,,,,,,,,,,,,,,,,,,,
AB_S23_O1,1,6.26E-01,-8.21E-02,2.98E+00,2.98E+00,1.14E+01,,,,,,,,,,,,,,,,,,,,,,,,,,,,,,,,,,,
AB_S23_O1,1,6.34E-01,-1.95E-02,3.06E+00,3.06E+00,1.31E+01,,,,,,,,,,,,,,,,,,,,,,,,,,,,,,,,,,,
AB_S23_O1,1,6.42E-01,-5.27E-02,3.20E+00,3.20E+00,1.59E+01,,,,,,,,,,,,,,,,,,,,,,,,,,,,,,,,,,,
AB_S23_O1,1,6.51E-01,-3.13E-02,3.33E+00,3.33E+00,,,,,,,,,,,,,,,,,,,,,,,,,,,,,,,,,,,,
,,,,,,,,,,,,,,,,,,,,,,,,,,,,,,,,,,,,,,,,,
AB_S23_O1,2,1.58E+00,-7.23E-02,8.11E-01,8.14E-01,,,,,,,,,,,,,,,,,,,,,,,,,,,,,,,,,,,,
AB_S23_O1,2,1.59E+00,-6.45E-02,9.01E-01,9.03E-01,1.19E+01,,,,,,,,,,,,,,,,,,,,,,,,,,,,,,,,,,,
AB_S23_O1,2,1.60E+00,-3.91E-03,9.96E-01,9.96E-01,1.51E+01,,,,,,,,,,,,,,,,,,,,,,,,,,,,,,,,,,,
AB_S23_O1,2,1.61E+00,7.23E-02,1.11E+00,1.11E+00,1.38E+01,,,,,,,,,,,,,,,,,,,,,,,,,,,,,,,,,,,
AB_S23_O1,2,1.62E+00,6.06E-02,1.22E+00,1.22E+00,1.31E+01,,,,,,,,,,,,,,,,,,,,,,,,,,,,,,,,,,,
AB_S23_O1,2,1.63E+00,1.02E-01,1.33E+00,1.33E+00,1.19E+01,,,,,,,,,,,,,,,,,,,,,,,,,,,,,,,,,,,
AB_S23_O1,2,1.63E+00,1.29E-01,1.40E+00,1.41E+00,1.09E+01,,,,,,,,,,,,,,,,,,,,,,,,,,,,,,,,,,,
AB_S23_O1,2,1.64E+00,1.72E-01,1.50E+00,1.51E+00,1.65E+01,,,,,,,,,,,,,,,,,,,,,,,,,,,,,,,,,,,
AB_S23_O1,2,1.65E+00,3.01E-01,1.62E+00,1.65E+00,1.29E+01,,,,,,,,,,,,,,,,,,,,,,,,,,,,,,,,,,,
AB_S23_O1,2,1.66E+00,2.75E-01,1.69E+00,1.71E+00,1.21E+01,,,,,,,,,,,,,,,,,,,,,,,,,,,,,,,,,,,
AB_S23_O1,2,1.67E+00,3.32E-01,1.82E+00,1.85E+00,1.42E+01,,,,,,,,,,,,,,,,,,,,,,,,,,,,,,,,,,,
AB_S23_O1,2,1.68E+00,3.58E-01,1.91E+00,1.94E+00,1.00E+01,,,,,,,,,,,,,,,,,,,,,,,,,,,,,,,,,,,
AB_S23_O1,2,1.69E+00,4.04E-01,1.97E+00,2.01E+00,1.24E+01,,,,,,,,,,,,,,,,,,,,,,,,,,,,,,,,,,,
AB_S23_O1,2,1.69E+00,4.43E-01,2.10E+00,2.14E+00,1.28E+01,,,,,,,,,,,,,,,,,,,,,,,,,,,,,,,,,,,
AB_S23_O1,2,1.70E+00,4.71E-01,2.17E+00,2.22E+00,1.28E+01,,,,,,,,,,,,,,,,,,,,,,,,,,,,,,,,,,,
AB_S23_O1,2,1.71E+00,5.10E-01,2.30E+00,2.36E+00,1.33E+01,,,,,,,,,,,,,,,,,,,,,,,,,,,,,,,,,,,
AB_S23_O1,2,1.72E+00,5.55E-01,2.38E+00,2.44E+00,1.04E+01,,,,,,,,,,,,,,,,,,,,,,,,,,,,,,,,,,,
AB_S23_O1,2,1.73E+00,5.63E-01,2.47E+00,2.53E+00,1.01E+01,,,,,,,,,,,,,,,,,,,,,,,,,,,,,,,,,,,
AB_S23_O1,2,1.74E+00,5.90E-01,2.54E+00,2.61E+00,1.33E+01,,,,,,,,,,,,,,,,,,,,,,,,,,,,,,,,,,,
AB_S23_O1,2,1.74E+00,6.47E-01,2.67E+00,2.75E+00,1.19E+01,,,,,,,,,,,,,,,,,,,,,,,,,,,,,,,,,,,
AB_S23_O1,2,1.75E+00,6.58E-01,2.73E+00,2.80E+00,9.48E+00,,,,,,,,,,,,,,,,,,,,,,,,,,,,,,,,,,,
AB_S23_O1,2,1.76E+00,7.01E-01,2.82E+00,2.91E+00,1.42E+01,,,,,,,,,,,,,,,,,,,,,,,,,,,,,,,,,,,
AB_S23_O1,2,1.77E+00,7.40E-01,2.95E+00,3.04E+00,1.14E+01,,,,,,,,,,,,,,,,,,,,,,,,,,,,,,,,,,,
AB_S23_O1,2,1.78E+00,7.52E-01,3.00E+00,3.10E+00,1.01E+01,,,,,,,,,,,,,,,,,,,,,,,,,,,,,,,,,,,
AB_S23_O1,2,1.79E+00,7.76E-01,3.11E+00,3.21E+00,1.34E+01,,,,,,,,,,,,,,,,,,,,,,,,,,,,,,,,,,,
AB_S23_O1,2,1.79E+00,7.99E-01,3.22E+00,3.32E+00,9.60E+00,,,,,,,,,,,,,,,,,,,,,,,,,,,,,,,,,,,
AB_S23_O1,2,1.80E+00,7.76E-01,3.27E+00,3.36E+00,1.04E+01,,,,,,,,,,,,,,,,,,,,,,,,,,,,,,,,,,,
AB_S23_O1,2,1.81E+00,8.52E-01,3.39E+00,3.49E+00,1.11E+01,,,,,,,,,,,,,,,,,,,,,,,,,,,,,,,,,,,
AB_S23_O1,2,1.82E+00,8.09E-01,3.45E+00,3.55E+00,1.17E+01,,,,,,,,,,,,,,,,,,,,,,,,,,,,,,,,,,,
AB_S23_O1,2,1.83E+00,8.48E-01,3.58E+00,3.68E+00,1.31E+01,,,,,,,,,,,,,,,,,,,,,,,,,,,,,,,,,,,
AB_S23_O1,2,1.84E+00,8.38E-01,3.67E+00,3.77E+00,9.60E+00,,,,,,,,,,,,,,,,,,,,,,,,,,,,,,,,,,,
AB_S23_O1,2,1.84E+00,8.13E-01,3.74E+00,3.83E+00,1.06E+01,,,,,,,,,,,,,,,,,,,,,,,,,,,,,,,,,,,
AB_S23_O1,2,1.85E+00,8.19E-01,3.85E+00,3.93E+00,1.04E+01,,,,,,,,,,,,,,,,,,,,,,,,,,,,,,,,,,,
AB_S23_O1,2,1.86E+00,8.65E-01,3.91E+00,4.00E+00,1.00E+01,,,,,,,,,,,,,,,,,,,,,,,,,,,,,,,,,,,
AB_S23_O1,2,1.87E+00,8.91E-01,4.00E+00,4.10E+00,9.54E+00,,,,,,,,,,,,,,,,,,,,,,,,,,,,,,,,,,,
AB_S23_O1,2,1.88E+00,8.48E-01,4.06E+00,4.15E+00,,,,,,,,,,,,,,,,,,,,,,,,,,,,,,,,,,,,
,,,,,,,,,,,,,,,,,,,,,,,,,,,,,,,,,,,,,,,,,
AB_S23_O1,3,4.263,-0.322,0.178,0.368,,,,,,,,,,,,,,,,,,,,,,,,,,,,,,,,,,,,
AB_S23_O1,3,4.271,-0.387,0.277,0.476,12.77,,,,,,,,,,,,,,,,,,,,,,,,,,,,,,,,,,,
AB_S23_O1,3,4.279,-0.328,0.391,0.51,14.42,,,,,,,,,,,,,,,,,,,,,,,,,,,,,,,,,,,
AB_S23_O1,3,4.288,-0.342,0.514,0.617,14.88,,,,,,,,,,,,,,,,,,,,,,,,,,,,,,,,,,,
AB_S23_O1,3,4.296,-0.373,0.635,0.736,14.88,,,,,,,,,,,,,,,,,,,,,,,,,,,,,,,,,,,
AB_S23_O1,3,4.304,-0.352,0.762,0.839,15,,,,,,,,,,,,,,,,,,,,,,,,,,,,,,,,,,,
AB_S23_O1,3,4.313,-0.365,0.885,0.957,10.6,,,,,,,,,,,,,,,,,,,,,,,,,,,,,,,,,,,
AB_S23_O1,3,4.321,-0.371,0.938,1.009,11.71,,,,,,,,,,,,,,,,,,,,,,,,,,,,,,,,,,,
AB_S23_O1,3,4.329,-0.404,1.076,1.15,13.83,,,,,,,,,,,,,,,,,,,,,,,,,,,,,,,,,,,
AB_S23_O1,3,4.338,-0.414,1.164,1.236,11.66,,,,,,,,,,,,,,,,,,,,,,,,,,,,,,,,,,,
AB_S23_O1,3,4.346,-0.426,1.27,1.339,11.71,,,,,,,,,,,,,,,,,,,,,,,,,,,,,,,,,,,
AB_S23_O1,3,4.354,-0.418,1.36,1.423,15,,,,,,,,,,,,,,,,,,,,,,,,,,,,,,,,,,,
AB_S23_O1,3,4.363,-0.418,1.52,1.576,14.88,,,,,,,,,,,,,,,,,,,,,,,,,,,,,,,,,,,
AB_S23_O1,3,4.371,-0.428,1.608,1.664,10.6,,,,,,,,,,,,,,,,,,,,,,,,,,,,,,,,,,,
AB_S23_O1,3,4.379,-0.438,1.696,1.751,14.88,,,,,,,,,,,,,,,,,,,,,,,,,,,,,,,,,,,
AB_S23_O1,3,4.388,-0.438,1.856,1.907,16.22,,,,,,,,,,,,,,,,,,,,,,,,,,,,,,,,,,,
AB_S23_O1,3,4.396,-0.414,1.965,2.009,10.81,,,,,,,,,,,,,,,,,,,,,,,,,,,,,,,,,,,
AB_S23_O1,3,4.404,-0.422,2.036,2.079,11.71,,,,,,,,,,,,,,,,,,,,,,,,,,,,,,,,,,,
AB_S23_O1,3,4.413,-0.418,2.161,2.201,13.83,,,,,,,,,,,,,,,,,,,,,,,,,,,,,,,,,,,
AB_S23_O1,3,4.421,-0.43,2.266,2.307,13.79,,,,,,,,,,,,,,,,,,,,,,,,,,,,,,,,,,,
AB_S23_O1,3,4.429,-0.443,2.389,2.43,13.83,,,,,,,,,,,,,,,,,,,,,,,,,,,,,,,,,,,
AB_S23_O1,3,4.438,-0.438,2.497,2.535,12.9,,,,,,,,,,,,,,,,,,,,,,,,,,,,,,,,,,,
AB_S23_O1,3,4.446,-0.432,2.604,2.64,12.9,,,,,,,,,,,,,,,,,,,,,,,,,,,,,,,,,,,
AB_S23_O1,3,4.454,-0.426,2.712,2.745,11.86,,,,,,,,,,,,,,,,,,,,,,,,,,,,,,,,,,,
AB_S23_O1,3,4.463,-0.418,2.801,2.833,12.9,,,,,,,,,,,,,,,,,,,,,,,,,,,,,,,,,,,
AB_S23_O1,3,4.471,-0.414,2.927,2.956,13.83,,,,,,,,,,,,,,,,,,,,,,,,,,,,,,,,,,,
AB_S23_O1,3,4.479,-0.426,3.032,3.062,10.81,,,,,,,,,,,,,,,,,,,,,,,,,,,,,,,,,,,
AB_S23_O1,3,4.488,-0.399,3.106,3.132,12.41,,,,,,,,,,,,,,,,,,,,,,,,,,,,,,,,,,,
AB_S23_O1,3,4.496,-0.377,3.233,3.255,18.79,,,,,,,,,,,,,,,,,,,,,,,,,,,,,,,,,,,
AB_S23_O1,3,4.505,-0.344,3.415,3.432,,,,,,,,,,,,,,,,,,,,,,,,,,,,,,,,,,,,
,,,,,,,,,,,,,,,,,,,,,,,,,,,,,,,,,,,,,,,,,
AB_S24_O1,1,1.58E-01,-1.10E+00,5.71E+00,5.81E+00,,,,,,,,,,,,,,,,,,,,,,,,,,,,,,,,,,,,
AB_S24_O1,1,1.67E-01,-1.08E+00,5.84E+00,5.94E+00,1.32E+01,,,,,,,,,,,,,,,,,,,,,,,,,,,,,,,,,,,
AB_S24_O1,1,1.75E-01,-1.10E+00,5.93E+00,6.03E+00,1.10E+01,,,,,,,,,,,,,,,,,,,,,,,,,,,,,,,,,,,
AB_S24_O1,1,1.84E-01,-1.08E+00,6.03E+00,6.12E+00,9.80E+00,,,,,,,,,,,,,,,,,,,,,,,,,,,,,,,,,,,
AB_S24_O1,1,1.92E-01,-1.05E+00,6.08E+00,6.17E+00,1.18E+01,,,,,,,,,,,,,,,,,,,,,,,,,,,,,,,,,,,
AB_S24_O1,1,2.00E-01,-1.08E+00,6.22E+00,6.32E+00,1.26E+01,,,,,,,,,,,,,,,,,,,,,,,,,,,,,,,,,,,
AB_S24_O1,1,2.09E-01,-1.08E+00,6.29E+00,6.38E+00,1.04E+01,,,,,,,,,,,,,,,,,,,,,,,,,,,,,,,,,,,
AB_S24_O1,1,2.17E-01,-1.08E+00,6.40E+00,6.49E+00,1.50E+01,,,,,,,,,,,,,,,,,,,,,,,,,,,,,,,,,,,
AB_S24_O1,1,2.25E-01,-1.05E+00,6.54E+00,6.62E+00,1.48E+01,,,,,,,,,,,,,,,,,,,,,,,,,,,,,,,,,,,
AB_S24_O1,1,2.34E-01,-1.09E+00,6.64E+00,6.73E+00,1.43E+01,,,,,,,,,,,,,,,,,,,,,,,,,,,,,,,,,,,
AB_S24_O1,1,2.42E-01,-1.09E+00,6.77E+00,6.86E+00,1.26E+01,,,,,,,,,,,,,,,,,,,,,,,,,,,,,,,,,,,
AB_S24_O1,1,2.50E-01,-1.12E+00,6.85E+00,6.94E+00,1.00E+01,,,,,,,,,,,,,,,,,,,,,,,,,,,,,,,,,,,
AB_S24_O1,1,2.59E-01,-1.14E+00,6.93E+00,7.02E+00,1.39E+01,,,,,,,,,,,,,,,,,,,,,,,,,,,,,,,,,,,
AB_S24_O1,1,2.67E-01,-1.16E+00,7.08E+00,7.18E+00,1.72E+01,,,,,,,,,,,,,,,,,,,,,,,,,,,,,,,,,,,
AB_S24_O1,1,2.75E-01,-1.17E+00,7.22E+00,7.31E+00,1.45E+01,,,,,,,,,,,,,,,,,,,,,,,,,,,,,,,,,,,
AB_S24_O1,1,2.84E-01,-1.19E+00,7.32E+00,7.42E+00,1.27E+01,,,,,,,,,,,,,,,,,,,,,,,,,,,,,,,,,,,
AB_S24_O1,1,2.92E-01,-1.22E+00,7.42E+00,7.52E+00,1.31E+01,,,,,,,,,,,,,,,,,,,,,,,,,,,,,,,,,,,
AB_S24_O1,1,3.00E-01,-1.25E+00,7.53E+00,7.63E+00,1.26E+01,,,,,,,,,,,,,,,,,,,,,,,,,,,,,,,,,,,
AB_S24_O1,1,3.09E-01,-1.26E+00,7.63E+00,7.73E+00,1.29E+01,,,,,,,,,,,,,,,,,,,,,,,,,,,,,,,,,,,
AB_S24_O1,1,3.17E-01,-1.29E+00,7.74E+00,7.85E+00,1.22E+01,,,,,,,,,,,,,,,,,,,,,,,,,,,,,,,,,,,
AB_S24_O1,1,3.25E-01,-1.31E+00,7.83E+00,7.94E+00,1.34E+01,,,,,,,,,,,,,,,,,,,,,,,,,,,,,,,,,,,
AB_S24_O1,1,3.34E-01,-1.33E+00,7.96E+00,8.07E+00,1.48E+01,,,,,,,,,,,,,,,,,,,,,,,,,,,,,,,,,,,
AB_S24_O1,1,3.42E-01,-1.39E+00,8.06E+00,8.18E+00,1.21E+01,,,,,,,,,,,,,,,,,,,,,,,,,,,,,,,,,,,
AB_S24_O1,1,3.50E-01,-1.40E+00,8.15E+00,8.27E+00,1.22E+01,,,,,,,,,,,,,,,,,,,,,,,,,,,,,,,,,,,
AB_S24_O1,1,3.59E-01,-1.44E+00,8.26E+00,8.38E+00,1.15E+01,,,,,,,,,,,,,,,,,,,,,,,,,,,,,,,,,,,
AB_S24_O1,1,3.67E-01,-1.43E+00,8.34E+00,8.46E+00,1.10E+01,,,,,,,,,,,,,,,,,,,,,,,,,,,,,,,,,,,
AB_S24_O1,1,3.75E-01,-1.49E+00,8.44E+00,8.57E+00,1.35E+01,,,,,,,,,,,,,,,,,,,,,,,,,,,,,,,,,,,
AB_S24_O1,1,3.84E-01,-1.51E+00,8.55E+00,8.69E+00,1.36E+01,,,,,,,,,,,,,,,,,,,,,,,,,,,,,,,,,,,
AB_S24_O1,1,3.92E-01,-1.55E+00,8.65E+00,8.79E+00,1.19E+01,,,,,,,,,,,,,,,,,,,,,,,,,,,,,,,,,,,
AB_S24_O1,1,4.00E-01,-1.55E+00,8.75E+00,8.88E+00,1.45E+01,,,,,,,,,,,,,,,,,,,,,,,,,,,,,,,,,,,
AB_S24_O1,1,4.09E-01,-1.55E+00,8.90E+00,9.03E+00,1.45E+01,,,,,,,,,,,,,,,,,,,,,,,,,,,,,,,,,,,
AB_S24_O1,1,4.17E-01,-1.58E+00,8.99E+00,9.12E+00,1.13E+01,,,,,,,,,,,,,,,,,,,,,,,,,,,,,,,,,,,
AB_S24_O1,1,4.25E-01,-1.62E+00,9.07E+00,9.22E+00,,,,,,,,,,,,,,,,,,,,,,,,,,,,,,,,,,,,
,,,,,,,,,,,,,,,,,,,,,,,,,,,,,,,,,,,,,,,,,
AB_S24_O1,2,6.06E+00,-5.92E-01,6.26E-01,8.62E-01,,,,,,,,,,,,,,,,,,,,,,,,,,,,,,,,,,,,
AB_S24_O1,2,6.07E+00,-5.88E-01,7.23E-01,9.32E-01,1.07E+01,,,,,,,,,,,,,,,,,,,,,,,,,,,,,,,,,,,
AB_S24_O1,2,6.08E+00,-5.69E-01,8.03E-01,9.84E-01,8.64E+00,,,,,,,,,,,,,,,,,,,,,,,,,,,,,,,,,,,
AB_S24_O1,2,6.09E+00,-5.57E-01,8.64E-01,1.03E+00,9.66E+00,,,,,,,,,,,,,,,,,,,,,,,,,,,,,,,,,,,
AB_S24_O1,2,6.10E+00,-5.63E-01,9.64E-01,1.12E+00,1.01E+01,,,,,,,,,,,,,,,,,,,,,,,,,,,,,,,,,,,
AB_S24_O1,2,6.11E+00,-5.70E-01,1.03E+00,1.18E+00,8.31E+00,,,,,,,,,,,,,,,,,,,,,,,,,,,,,,,,,,,
AB_S24_O1,2,6.11E+00,-5.55E-01,1.10E+00,1.23E+00,1.12E+01,,,,,,,,,,,,,,,,,,,,,,,,,,,,,,,,,,,
AB_S24_O1,2,6.12E+00,-5.34E-01,1.21E+00,1.33E+00,1.26E+01,,,,,,,,,,,,,,,,,,,,,,,,,,,,,,,,,,,
AB_S24_O1,2,6.13E+00,-5.63E-01,1.31E+00,1.43E+00,1.31E+01,,,,,,,,,,,,,,,,,,,,,,,,,,,,,,,,,,,
AB_S24_O1,2,6.14E+00,-5.97E-01,1.42E+00,1.54E+00,1.59E+01,,,,,,,,,,,,,,,,,,,,,,,,,,,,,,,,,,,
AB_S24_O1,2,6.15E+00,-5.94E-01,1.57E+00,1.68E+00,1.65E+01,,,,,,,,,,,,,,,,,,,,,,,,,,,,,,,,,,,
AB_S24_O1,2,6.16E+00,-6.03E-01,1.70E+00,1.80E+00,1.19E+01,,,,,,,,,,,,,,,,,,,,,,,,,,,,,,,,,,,
AB_S24_O1,2,6.16E+00,-6.42E-01,1.77E+00,1.88E+00,1.42E+01,,,,,,,,,,,,,,,,,,,,,,,,,,,,,,,,,,,
AB_S24_O1,2,6.17E+00,-6.23E-01,1.93E+00,2.03E+00,1.81E+01,,,,,,,,,,,,,,,,,,,,,,,,,,,,,,,,,,,
AB_S24_O1,2,6.18E+00,-6.59E-01,2.07E+00,2.17E+00,1.51E+01,,,,,,,,,,,,,,,,,,,,,,,,,,,,,,,,,,,
AB_S24_O1,2,6.19E+00,-6.71E-01,2.18E+00,2.28E+00,1.86E+01,,,,,,,,,,,,,,,,,,,,,,,,,,,,,,,,,,,
AB_S24_O1,2,6.20E+00,-6.96E-01,2.38E+00,2.48E+00,1.87E+01,,,,,,,,,,,,,,,,,,,,,,,,,,,,,,,,,,,
AB_S24_O1,2,6.21E+00,-6.62E-01,2.49E+00,2.58E+00,1.73E+01,,,,,,,,,,,,,,,,,,,,,,,,,,,,,,,,,,,
AB_S24_O1,2,6.21E+00,-6.34E-01,2.66E+00,2.73E+00,2.10E+01,,,,,,,,,,,,,,,,,,,,,,,,,,,,,,,,,,,
AB_S24_O1,2,6.22E+00,-6.94E-01,2.84E+00,2.93E+00,1.72E+01,,,,,,,,,,,,,,,,,,,,,,,,,,,,,,,,,,,
AB_S24_O1,2,6.23E+00,-6.68E-01,2.94E+00,3.02E+00,1.31E+01,,,,,,,,,,,,,,,,,,,,,,,,,,,,,,,,,,,
AB_S24_O1,2,6.24E+00,-6.57E-01,3.06E+00,3.13E+00,1.34E+01,,,,,,,,,,,,,,,,,,,,,,,,,,,,,,,,,,,
AB_S24_O1,2,6.25E+00,-6.82E-01,3.17E+00,3.24E+00,1.75E+01,,,,,,,,,,,,,,,,,,,,,,,,,,,,,,,,,,,
AB_S24_O1,2,6.26E+00,-6.78E-01,3.35E+00,3.42E+00,2.17E+01,,,,,,,,,,,,,,,,,,,,,,,,,,,,,,,,,,,
AB_S24_O1,2,6.26E+00,-6.87E-01,3.53E+00,3.59E+00,1.42E+01,,,,,,,,,,,,,,,,,,,,,,,,,,,,,,,,,,,
AB_S24_O1,2,6.27E+00,-6.98E-01,3.59E+00,3.65E+00,1.48E+01,,,,,,,,,,,,,,,,,,,,,,,,,,,,,,,,,,,
AB_S24_O1,2,6.28E+00,-7.62E-01,3.76E+00,3.84E+00,1.85E+01,,,,,,,,,,,,,,,,,,,,,,,,,,,,,,,,,,,
AB_S24_O1,2,6.29E+00,-7.70E-01,3.89E+00,3.96E+00,1.70E+01,,,,,,,,,,,,,,,,,,,,,,,,,,,,,,,,,,,
AB_S24_O1,2,6.30E+00,-8.09E-01,4.04E+00,4.12E+00,1.65E+01,,,,,,,,,,,,,,,,,,,,,,,,,,,,,,,,,,,
AB_S24_O1,2,6.31E+00,-8.21E-01,4.16E+00,4.24E+00,1.34E+01,,,,,,,,,,,,,,,,,,,,,,,,,,,,,,,,,,,
AB_S24_O1,2,6.31E+00,-8.46E-01,4.26E+00,4.35E+00,1.31E+01,,,,,,,,,,,,,,,,,,,,,,,,,,,,,,,,,,,
AB_S24_O1,2,6.32E+00,-8.84E-01,4.36E+00,4.45E+00,2.12E+01,,,,,,,,,,,,,,,,,,,,,,,,,,,,,,,,,,,
AB_S24_O1,2,6.33E+00,-9.23E-01,4.61E+00,4.70E+00,2.25E+01,,,,,,,,,,,,,,,,,,,,,,,,,,,,,,,,,,,
AB_S24_O1,2,6.34E+00,-9.64E-01,4.73E+00,4.83E+00,,,,,,,,,,,,,,,,,,,,,,,,,,,,,,,,,,,,
,,,,,,,,,,,,,,,,,,,,,,,,,,,,,,,,,,,,,,,,,
AB_S24_O1,3,7.59E-01,-2.42E-01,3.77E-01,4.48E-01,,,,,,,,,,,,,,,,,,,,,,,,,,,,,,,,,,,,
AB_S24_O1,3,7.67E-01,-2.03E-01,4.82E-01,5.23E-01,1.51E+01,,,,,,,,,,,,,,,,,,,,,,,,,,,,,,,,,,,
AB_S24_O1,3,7.76E-01,-1.91E-01,6.24E-01,6.53E-01,1.24E+01,,,,,,,,,,,,,,,,,,,,,,,,,,,,,,,,,,,
AB_S24_O1,3,7.84E-01,-2.20E-01,6.88E-01,7.23E-01,7.96E+00,,,,,,,,,,,,,,,,,,,,,,,,,,,,,,,,,,,
AB_S24_O1,3,7.92E-01,-2.54E-01,7.41E-01,7.83E-01,9.14E+00,,,,,,,,,,,,,,,,,,,,,,,,,,,,,,,,,,,
AB_S24_O1,3,8.01E-01,-2.59E-01,8.36E-01,8.75E-01,9.73E+00,,,,,,,,,,,,,,,,,,,,,,,,,,,,,,,,,,,
AB_S24_O1,3,8.09E-01,-2.60E-01,9.03E-01,9.40E-01,9.99E+00,,,,,,,,,,,,,,,,,,,,,,,,,,,,,,,,,,,
AB_S24_O1,3,8.17E-01,-2.37E-01,1.00E+00,1.03E+00,9.05E+00,,,,,,,,,,,,,,,,,,,,,,,,,,,,,,,,,,,
AB_S24_O1,3,8.26E-01,-2.71E-01,1.05E+00,1.09E+00,8.37E+00,,,,,,,,,,,,,,,,,,,,,,,,,,,,,,,,,,,
AB_S24_O1,3,8.34E-01,-2.53E-01,1.14E+00,1.17E+00,1.21E+01,,,,,,,,,,,,,,,,,,,,,,,,,,,,,,,,,,,
AB_S24_O1,3,8.43E-01,-2.76E-01,1.26E+00,1.29E+00,1.41E+01,,,,,,,,,,,,,,,,,,,,,,,,,,,,,,,,,,,
AB_S24_O1,3,8.51E-01,-3.00E-01,1.37E+00,1.40E+00,1.14E+01,,,,,,,,,,,,,,,,,,,,,,,,,,,,,,,,,,,
AB_S24_O1,3,8.59E-01,-3.14E-01,1.44E+00,1.48E+00,1.04E+01,,,,,,,,,,,,,,,,,,,,,,,,,,,,,,,,,,,
AB_S24_O1,3,8.68E-01,-3.02E-01,1.54E+00,1.57E+00,1.38E+01,,,,,,,,,,,,,,,,,,,,,,,,,,,,,,,,,,,
AB_S24_O1,3,8.76E-01,-3.22E-01,1.67E+00,1.70E+00,1.14E+01,,,,,,,,,,,,,,,,,,,,,,,,,,,,,,,,,,,
AB_S24_O1,3,8.84E-01,-3.12E-01,1.73E+00,1.76E+00,1.09E+01,,,,,,,,,,,,,,,,,,,,,,,,,,,,,,,,,,,
AB_S24_O1,3,8.93E-01,-3.08E-01,1.85E+00,1.88E+00,1.59E+01,,,,,,,,,,,,,,,,,,,,,,,,,,,,,,,,,,,
AB_S24_O1,3,9.01E-01,-3.07E-01,2.00E+00,2.02E+00,1.54E+01,,,,,,,,,,,,,,,,,,,,,,,,,,,,,,,,,,,
AB_S24_O1,3,9.09E-01,-3.19E-01,2.11E+00,2.13E+00,1.27E+01,,,,,,,,,,,,,,,,,,,,,,,,,,,,,,,,,,,
AB_S24_O1,3,9.18E-01,-3.36E-01,2.21E+00,2.24E+00,1.27E+01,,,,,,,,,,,,,,,,,,,,,,,,,,,,,,,,,,,
AB_S24_O1,3,9.26E-01,-3.48E-01,2.32E+00,2.35E+00,1.57E+01,,,,,,,,,,,,,,,,,,,,,,,,,,,,,,,,,,,
AB_S24_O1,3,9.34E-01,-3.58E-01,2.47E+00,2.50E+00,1.61E+01,,,,,,,,,,,,,,,,,,,,,,,,,,,,,,,,,,,
AB_S24_O1,3,9.43E-01,-3.82E-01,2.59E+00,2.61E+00,1.24E+01,,,,,,,,,,,,,,,,,,,,,,,,,,,,,,,,,,,
AB_S24_O1,3,9.51E-01,-3.75E-01,2.68E+00,2.70E+00,1.40E+01,,,,,,,,,,,,,,,,,,,,,,,,,,,,,,,,,,,
AB_S24_O1,3,9.59E-01,-3.63E-01,2.82E+00,2.84E+00,1.71E+01,,,,,,,,,,,,,,,,,,,,,,,,,,,,,,,,,,,
AB_S24_O1,3,9.68E-01,-3.50E-01,2.96E+00,2.98E+00,1.64E+01,,,,,,,,,,,,,,,,,,,,,,,,,,,,,,,,,,,
AB_S24_O1,3,9.76E-01,-3.42E-01,3.09E+00,3.11E+00,1.66E+01,,,,,,,,,,,,,,,,,,,,,,,,,,,,,,,,,,,
AB_S24_O1,3,9.84E-01,-3.41E-01,3.24E+00,3.26E+00,1.89E+01,,,,,,,,,,,,,,,,,,,,,,,,,,,,,,,,,,,
AB_S24_O1,3,9.93E-01,-3.31E-01,3.41E+00,3.42E+00,1.85E+01,,,,,,,,,,,,,,,,,,,,,,,,,,,,,,,,,,,
AB_S24_O1,3,1.00E+00,-3.46E-01,3.55E+00,3.56E+00,1.75E+01,,,,,,,,,,,,,,,,,,,,,,,,,,,,,,,,,,,
AB_S24_O1,3,1.01E+00,-3.85E-01,3.69E+00,3.71E+00,1.75E+01,,,,,,,,,,,,,,,,,,,,,,,,,,,,,,,,,,,
AB_S24_O1,3,1.02E+00,-3.45E-01,3.84E+00,3.85E+00,1.56E+01,,,,,,,,,,,,,,,,,,,,,,,,,,,,,,,,,,,
AB_S24_O1,3,1.03E+00,-3.68E-01,3.95E+00,3.97E+00,,,,,,,,,,,,,,,,,,,,,,,,,,,,,,,,,,,,
,,,,,,,,,,,,,,,,,,,,,,,,,,,,,,,,,,,,,,,,,
AB_S25_O1,1,1.543,-0.622,9.54E-02,0.63,,,,,,,,,,,,,,,,,,,,,,,,,,,,,,,,,,,,
AB_S25_O1,1,1.552,-0.63,0.176,0.655,10.56,,,,,,,,,,,,,,,,,,,,,,,,,,,,,,,,,,,
AB_S25_O1,1,1.56,-0.642,0.27,0.697,12.15,,,,,,,,,,,,,,,,,,,,,,,,,,,,,,,,,,,
AB_S25_O1,1,1.568,-0.657,0.377,0.758,13.07,,,,,,,,,,,,,,,,,,,,,,,,,,,,,,,,,,,
AB_S25_O1,1,1.577,-0.659,0.488,0.82,10.44,,,,,,,,,,,,,,,,,,,,,,,,,,,,,,,,,,,
AB_S25_O1,1,1.585,-0.634,0.55,0.839,12.69,,,,,,,,,,,,,,,,,,,,,,,,,,,,,,,,,,,
AB_S25_O1,1,1.593,-0.647,0.699,0.952,12.94,,,,,,,,,,,,,,,,,,,,,,,,,,,,,,,,,,,
AB_S25_O1,1,1.602,-0.664,0.764,1.012,13.07,,,,,,,,,,,,,,,,,,,,,,,,,,,,,,,,,,,
AB_S25_O1,1,1.61,-0.664,0.916,1.132,15.59,,,,,,,,,,,,,,,,,,,,,,,,,,,,,,,,,,,
AB_S25_O1,1,1.618,-0.679,1.023,1.228,12.94,,,,,,,,,,,,,,,,,,,,,,,,,,,,,,,,,,,
AB_S25_O1,1,1.627,-0.694,1.13,1.326,15.77,,,,,,,,,,,,,,,,,,,,,,,,,,,,,,,,,,,
AB_S25_O1,1,1.635,-0.681,1.287,1.455,17.95,,,,,,,,,,,,,,,,,,,,,,,,,,,,,,,,,,,
AB_S25_O1,1,1.643,-0.719,1.429,1.599,16.05,,,,,,,,,,,,,,,,,,,,,,,,,,,,,,,,,,,
AB_S25_O1,1,1.652,-0.751,1.545,1.718,15.59,,,,,,,,,,,,,,,,,,,,,,,,,,,,,,,,,,,
AB_S25_O1,1,1.66,-0.734,1.688,1.841,15.59,,,,,,,,,,,,,,,,,,,,,,,,,,,,,,,,,,,
AB_S25_O1,1,1.668,-0.765,1.805,1.96,17.73,,,,,,,,,,,,,,,,,,,,,,,,,,,,,,,,,,,
AB_S25_O1,1,1.677,-0.785,1.98,2.13,18.53,,,,,,,,,,,,,,,,,,,,,,,,,,,,,,,,,,,
AB_S25_O1,1,1.685,-0.82,2.109,2.263,16.88,,,,,,,,,,,,,,,,,,,,,,,,,,,,,,,,,,,
AB_S25_O1,1,1.693,-0.845,2.255,2.408,19.41,,,,,,,,,,,,,,,,,,,,,,,,,,,,,,,,,,,
AB_S25_O1,1,1.702,-0.865,2.43,2.579,16.13,,,,,,,,,,,,,,,,,,,,,,,,,,,,,,,,,,,
AB_S25_O1,1,1.71,-0.941,2.506,2.677,16.37,,,,,,,,,,,,,,,,,,,,,,,,,,,,,,,,,,,
AB_S25_O1,1,1.718,-0.986,2.674,2.85,21.01,,,,,,,,,,,,,,,,,,,,,,,,,,,,,,,,,,,
AB_S25_O1,1,1.727,-0.993,2.853,3.021,21.12,,,,,,,,,,,,,,,,,,,,,,,,,,,,,,,,,,,
AB_S25_O1,1,1.735,-1.026,3.024,3.194,19.28,,,,,,,,,,,,,,,,,,,,,,,,,,,,,,,,,,,
AB_S25_O1,1,1.743,-1.064,3.167,3.341,21.67,,,,,,,,,,,,,,,,,,,,,,,,,,,,,,,,,,,
AB_S25_O1,1,1.752,-1.12,3.373,3.555,22.49,,,,,,,,,,,,,,,,,,,,,,,,,,,,,,,,,,,
AB_S25_O1,1,1.76,-1.175,3.525,3.716,17.68,,,,,,,,,,,,,,,,,,,,,,,,,,,,,,,,,,,
AB_S25_O1,1,1.768,-1.21,3.654,3.849,19.26,,,,,,,,,,,,,,,,,,,,,,,,,,,,,,,,,,,
AB_S25_O1,1,1.777,-1.259,3.835,4.037,21.67,,,,,,,,,,,,,,,,,,,,,,,,,,,,,,,,,,,
AB_S25_O1,1,1.785,-1.304,4.003,4.21,21.81,,,,,,,,,,,,,,,,,,,,,,,,,,,,,,,,,,,
AB_S25_O1,1,1.793,-1.314,4.195,4.396,22.49,,,,,,,,,,,,,,,,,,,,,,,,,,,,,,,,,,,
AB_S25_O1,1,1.802,-1.415,4.362,4.586,17.82,,,,,,,,,,,,,,,,,,,,,,,,,,,,,,,,,,,
AB_S25_O1,1,1.81,-1.43,4.469,4.692,17.03,,,,,,,,,,,,,,,,,,,,,,,,,,,,,,,,,,,
AB_S25_O1,1,1.818,-1.449,4.644,4.865,20.87,,,,,,,,,,,,,,,,,,,,,,,,,,,,,,,,,,,
AB_S25_O1,1,1.827,-1.521,4.805,5.04,23.29,,,,,,,,,,,,,,,,,,,,,,,,,,,,,,,,,,,
AB_S25_O1,1,1.835,-1.564,5.015,5.253,22.48,,,,,,,,,,,,,,,,,,,,,,,,,,,,,,,,,,,
AB_S25_O1,1,1.844,-1.618,5.167,5.415,,,,,,,,,,,,,,,,,,,,,,,,,,,,,,,,,,,,
,,,,,,,,,,,,,,,,,,,,,,,,,,,,,,,,,,,,,,,,,
AB_S25_O1,2,1.251,-0.722,0.36,0.806,,,,,,,,,,,,,,,,,,,,,,,,,,,,,,,,,,,,
AB_S25_O1,2,1.26,-0.717,0.444,0.843,14.22,,,,,,,,,,,,,,,,,,,,,,,,,,,,,,,,,,,
AB_S25_O1,2,1.268,-0.716,0.597,0.933,13.24,,,,,,,,,,,,,,,,,,,,,,,,,,,,,,,,,,,
AB_S25_O1,2,1.276,-0.721,0.665,0.981,8.38,,,,,,,,,,,,,,,,,,,,,,,,,,,,,,,,,,,
AB_S25_O1,2,1.285,-0.712,0.737,1.025,9.929,,,,,,,,,,,,,,,,,,,,,,,,,,,,,,,,,,,
AB_S25_O1,2,1.293,-0.724,0.831,1.102,16.37,,,,,,,,,,,,,,,,,,,,,,,,,,,,,,,,,,,
AB_S25_O1,2,1.301,-0.731,1.009,1.246,15.99,,,,,,,,,,,,,,,,,,,,,,,,,,,,,,,,,,,
AB_S25_O1,2,1.31,-0.713,1.097,1.309,12.25,,,,,,,,,,,,,,,,,,,,,,,,,,,,,,,,,,,
AB_S25_O1,2,1.318,-0.673,1.205,1.38,12.23,,,,,,,,,,,,,,,,,,,,,,,,,,,,,,,,,,,
AB_S25_O1,2,1.326,-0.684,1.299,1.469,12.69,,,,,,,,,,,,,,,,,,,,,,,,,,,,,,,,,,,
AB_S25_O1,2,1.335,-0.66,1.417,1.563,14.47,,,,,,,,,,,,,,,,,,,,,,,,,,,,,,,,,,,
AB_S25_O1,2,1.343,-0.666,1.54,1.678,14.8,,,,,,,,,,,,,,,,,,,,,,,,,,,,,,,,,,,
AB_S25_O1,2,1.351,-0.672,1.664,1.794,12.28,,,,,,,,,,,,,,,,,,,,,,,,,,,,,,,,,,,
AB_S25_O1,2,1.36,-0.68,1.745,1.872,12.46,,,,,,,,,,,,,,,,,,,,,,,,,,,,,,,,,,,
AB_S25_O1,2,1.368,-0.672,1.871,1.988,15.08,,,,,,,,,,,,,,,,,,,,,,,,,,,,,,,,,,,
AB_S25_O1,2,1.376,-0.636,1.992,2.091,12.94,,,,,,,,,,,,,,,,,,,,,,,,,,,,,,,,,,,
AB_S25_O1,2,1.385,-0.618,2.08,2.17,12.97,,,,,,,,,,,,,,,,,,,,,,,,,,,,,,,,,,,
AB_S25_O1,2,1.393,-0.61,2.207,2.29,13.74,,,,,,,,,,,,,,,,,,,,,,,,,,,,,,,,,,,
AB_S25_O1,2,1.401,-0.651,2.307,2.397,14.76,,,,,,,,,,,,,,,,,,,,,,,,,,,,,,,,,,,
AB_S25_O1,2,1.41,-0.579,2.451,2.519,16.25,,,,,,,,,,,,,,,,,,,,,,,,,,,,,,,,,,,
AB_S25_O1,2,1.418,-0.568,2.565,2.628,10.77,,,,,,,,,,,,,,,,,,,,,,,,,,,,,,,,,,,
AB_S25_O1,2,1.426,-0.544,2.628,2.683,12.56,,,,,,,,,,,,,,,,,,,,,,,,,,,,,,,,,,,
AB_S25_O1,2,1.435,-0.527,2.771,2.82,18.04,,,,,,,,,,,,,,,,,,,,,,,,,,,,,,,,,,,
AB_S25_O1,2,1.443,-0.514,2.927,2.972,13.46,,,,,,,,,,,,,,,,,,,,,,,,,,,,,,,,,,,
AB_S25_O1,2,1.451,-0.518,2.995,3.04,11.18,,,,,,,,,,,,,,,,,,,,,,,,,,,,,,,,,,,
AB_S25_O1,2,1.46,-0.494,3.112,3.152,15.23,,,,,,,,,,,,,,,,,,,,,,,,,,,,,,,,,,,
AB_S25_O1,2,1.468,-0.503,3.249,3.288,16.23,,,,,,,,,,,,,,,,,,,,,,,,,,,,,,,,,,,
AB_S25_O1,2,1.476,-0.526,3.382,3.422,17.23,,,,,,,,,,,,,,,,,,,,,,,,,,,,,,,,,,,
AB_S25_O1,2,1.485,-0.441,3.529,3.557,16.53,,,,,,,,,,,,,,,,,,,,,,,,,,,,,,,,,,,
AB_S25_O1,2,1.493,-0.459,3.649,3.678,14.02,,,,,,,,,,,,,,,,,,,,,,,,,,,,,,,,,,,
AB_S25_O1,2,1.502,-0.448,3.763,3.79,11.49,,,,,,,,,,,,,,,,,,,,,,,,,,,,,,,,,,,
AB_S25_O1,2,1.51,-0.427,3.838,3.862,14.76,,,,,,,,,,,,,,,,,,,,,,,,,,,,,,,,,,,
AB_S25_O1,2,1.518,-0.417,4.007,4.029,15,,,,,,,,,,,,,,,,,,,,,,,,,,,,,,,,,,,
AB_S25_O1,2,1.527,-0.425,4.088,4.11,11.69,,,,,,,,,,,,,,,,,,,,,,,,,,,,,,,,,,,
AB_S25_O1,2,1.535,-0.414,4.202,4.223,16.55,,,,,,,,,,,,,,,,,,,,,,,,,,,,,,,,,,,
AB_S25_O1,2,1.543,-0.388,4.362,4.379,17.29,,,,,,,,,,,,,,,,,,,,,,,,,,,,,,,,,,,
AB_S25_O1,2,1.552,-0.381,4.489,4.505,14.65,,,,,,,,,,,,,,,,,,,,,,,,,,,,,,,,,,,
AB_S25_O1,2,1.56,-0.412,4.605,4.624,14.65,,,,,,,,,,,,,,,,,,,,,,,,,,,,,,,,,,,
AB_S25_O1,2,1.568,-0.405,4.732,4.749,13.72,,,,,,,,,,,,,,,,,,,,,,,,,,,,,,,,,,,
AB_S25_O1,2,1.577,-0.391,4.833,4.849,13.86,,,,,,,,,,,,,,,,,,,,,,,,,,,,,,,,,,,
AB_S25_O1,2,1.585,-0.426,4.962,4.98,13.74,,,,,,,,,,,,,,,,,,,,,,,,,,,,,,,,,,,
AB_S25_O1,2,1.593,-0.424,5.06,5.077,12.94,,,,,,,,,,,,,,,,,,,,,,,,,,,,,,,,,,,
AB_S25_O1,2,1.602,-0.456,5.176,5.196,,,,,,,,,,,,,,,,,,,,,,,,,,,,,,,,,,,,
,,,,,,,,,,,,,,,,,,,,,,,,,,,,,,,,,,,,,,,,,
AB_S26_O1,1,1.17E-01,-1.32E+00,-8.49E-01,1.57E+00,,,,,,,,,,,,,,,,,,,,,,,,,,,,,,,,,,,,
AB_S26_O1,1,1.25E-01,-1.33E+00,-7.28E-01,1.52E+00,1.61E+01,,,,,,,,,,,,,,,,,,,,,,,,,,,,,,,,,,,
AB_S26_O1,1,1.33E-01,-1.31E+00,-5.80E-01,1.43E+00,1.67E+01,,,,,,,,,,,,,,,,,,,,,,,,,,,,,,,,,,,
AB_S26_O1,1,1.42E-01,-1.30E+00,-4.51E-01,1.38E+00,2.07E+01,,,,,,,,,,,,,,,,,,,,,,,,,,,,,,,,,,,
AB_S26_O1,1,1.50E-01,-1.34E+00,-2.35E-01,1.36E+00,2.14E+01,,,,,,,,,,,,,,,,,,,,,,,,,,,,,,,,,,,
AB_S26_O1,1,1.58E-01,-1.34E+00,-9.52E-02,1.34E+00,1.68E+01,,,,,,,,,,,,,,,,,,,,,,,,,,,,,,,,,,,
AB_S26_O1,1,1.67E-01,-1.33E+00,4.50E-02,1.33E+00,1.85E+01,,,,,,,,,,,,,,,,,,,,,,,,,,,,,,,,,,,
AB_S26_O1,1,1.75E-01,-1.37E+00,2.11E-01,1.38E+00,1.92E+01,,,,,,,,,,,,,,,,,,,,,,,,,,,,,,,,,,,
AB_S26_O1,1,1.84E-01,-1.37E+00,3.63E-01,1.42E+00,1.91E+01,,,,,,,,,,,,,,,,,,,,,,,,,,,,,,,,,,,
AB_S26_O1,1,1.92E-01,-1.36E+00,5.30E-01,1.46E+00,2.14E+01,,,,,,,,,,,,,,,,,,,,,,,,,,,,,,,,,,,
AB_S26_O1,1,2.00E-01,-1.40E+00,7.18E-01,1.58E+00,1.95E+01,,,,,,,,,,,,,,,,,,,,,,,,,,,,,,,,,,,
AB_S26_O1,1,2.09E-01,-1.37E+00,8.55E-01,1.62E+00,1.77E+01,,,,,,,,,,,,,,,,,,,,,,,,,,,,,,,,,,,
AB_S26_O1,1,2.17E-01,-1.36E+00,1.01E+00,1.70E+00,1.87E+01,,,,,,,,,,,,,,,,,,,,,,,,,,,,,,,,,,,
AB_S26_O1,1,2.25E-01,-1.35E+00,1.17E+00,1.79E+00,1.91E+01,,,,,,,,,,,,,,,,,,,,,,,,,,,,,,,,,,,
AB_S26_O1,1,2.34E-01,-1.36E+00,1.33E+00,1.90E+00,1.84E+01,,,,,,,,,,,,,,,,,,,,,,,,,,,,,,,,,,,
AB_S26_O1,1,2.42E-01,-1.35E+00,1.47E+00,2.00E+00,1.74E+01,,,,,,,,,,,,,,,,,,,,,,,,,,,,,,,,,,,
AB_S26_O1,1,2.50E-01,-1.33E+00,1.62E+00,2.10E+00,1.70E+01,,,,,,,,,,,,,,,,,,,,,,,,,,,,,,,,,,,
AB_S26_O1,1,2.59E-01,-1.30E+00,1.75E+00,2.19E+00,1.81E+01,,,,,,,,,,,,,,,,,,,,,,,,,,,,,,,,,,,
AB_S26_O1,1,2.67E-01,-1.26E+00,1.91E+00,2.29E+00,1.77E+01,,,,,,,,,,,,,,,,,,,,,,,,,,,,,,,,,,,
AB_S26_O1,1,2.75E-01,-1.27E+00,2.05E+00,2.41E+00,1.61E+01,,,,,,,,,,,,,,,,,,,,,,,,,,,,,,,,,,,
AB_S26_O1,1,2.84E-01,-1.22E+00,2.18E+00,2.50E+00,1.77E+01,,,,,,,,,,,,,,,,,,,,,,,,,,,,,,,,,,,
AB_S26_O1,1,2.92E-01,-1.23E+00,2.34E+00,2.64E+00,1.74E+01,,,,,,,,,,,,,,,,,,,,,,,,,,,,,,,,,,,
AB_S26_O1,1,3.00E-01,-1.20E+00,2.46E+00,2.74E+00,1.49E+01,,,,,,,,,,,,,,,,,,,,,,,,,,,,,,,,,,,
AB_S26_O1,1,3.09E-01,-1.16E+00,2.58E+00,2.83E+00,1.51E+01,,,,,,,,,,,,,,,,,,,,,,,,,,,,,,,,,,,
AB_S26_O1,1,3.17E-01,-1.14E+00,2.71E+00,2.94E+00,1.51E+01,,,,,,,,,,,,,,,,,,,,,,,,,,,,,,,,,,,
AB_S26_O1,1,3.25E-01,-1.11E+00,2.82E+00,3.03E+00,1.58E+01,,,,,,,,,,,,,,,,,,,,,,,,,,,,,,,,,,,
AB_S26_O1,1,3.34E-01,-1.09E+00,2.97E+00,3.16E+00,1.51E+01,,,,,,,,,,,,,,,,,,,,,,,,,,,,,,,,,,,
AB_S26_O1,1,3.42E-01,-1.05E+00,3.07E+00,3.25E+00,1.69E+01,,,,,,,,,,,,,,,,,,,,,,,,,,,,,,,,,,,
AB_S26_O1,1,3.50E-01,-1.01E+00,3.24E+00,3.39E+00,1.54E+01,,,,,,,,,,,,,,,,,,,,,,,,,,,,,,,,,,,
AB_S26_O1,1,3.59E-01,-1.01E+00,3.33E+00,3.48E+00,,,,,,,,,,,,,,,,,,,,,,,,,,,,,,,,,,,,
,,,,,,,,,,,,,,,,,,,,,,,,,,,,,,,,,,,,,,,,,
AB_S26_O1,2,2.14E+00,-7.08E-01,-3.72E-01,8.00E-01,,,,,,,,,,,,,,,,,,,,,,,,,,,,,,,,,,,,
AB_S26_O1,2,2.15E+00,-6.86E-01,-2.88E-01,7.44E-01,1.41E+01,,,,,,,,,,,,,,,,,,,,,,,,,,,,,,,,,,,
AB_S26_O1,2,2.16E+00,-6.88E-01,-1.37E-01,7.01E-01,1.55E+01,,,,,,,,,,,,,,,,,,,,,,,,,,,,,,,,,,,
AB_S26_O1,2,2.17E+00,-7.12E-01,-3.11E-02,7.12E-01,1.03E+01,,,,,,,,,,,,,,,,,,,,,,,,,,,,,,,,,,,
AB_S26_O1,2,2.18E+00,-7.09E-01,3.34E-02,7.10E-01,1.12E+01,,,,,,,,,,,,,,,,,,,,,,,,,,,,,,,,,,,
AB_S26_O1,2,2.19E+00,-6.87E-01,1.55E-01,7.05E-01,1.16E+01,,,,,,,,,,,,,,,,,,,,,,,,,,,,,,,,,,,
AB_S26_O1,2,2.19E+00,-6.73E-01,2.23E-01,7.09E-01,1.12E+01,,,,,,,,,,,,,,,,,,,,,,,,,,,,,,,,,,,
AB_S26_O1,2,2.20E+00,-6.63E-01,3.41E-01,7.46E-01,1.28E+01,,,,,,,,,,,,,,,,,,,,,,,,,,,,,,,,,,,
AB_S26_O1,2,2.21E+00,-6.45E-01,4.36E-01,7.79E-01,8.68E+00,,,,,,,,,,,,,,,,,,,,,,,,,,,,,,,,,,,
AB_S26_O1,2,2.22E+00,-6.50E-01,4.85E-01,8.11E-01,1.17E+01,,,,,,,,,,,,,,,,,,,,,,,,,,,,,,,,,,,
AB_S26_O1,2,2.23E+00,-6.74E-01,6.28E-01,9.22E-01,1.67E+01,,,,,,,,,,,,,,,,,,,,,,,,,,,,,,,,,,,
AB_S26_O1,2,2.24E+00,-7.06E-01,7.57E-01,1.03E+00,1.53E+01,,,,,,,,,,,,,,,,,,,,,,,,,,,,,,,,,,,
AB_S26_O1,2,2.24E+00,-7.11E-01,8.82E-01,1.13E+00,1.48E+01,,,,,,,,,,,,,,,,,,,,,,,,,,,,,,,,,,,
AB_S26_O1,2,2.25E+00,-7.28E-01,1.00E+00,1.24E+00,2.06E+01,,,,,,,,,,,,,,,,,,,,,,,,,,,,,,,,,,,
AB_S26_O1,2,2.26E+00,-7.53E-01,1.22E+00,1.44E+00,1.99E+01,,,,,,,,,,,,,,,,,,,,,,,,,,,,,,,,,,,
AB_S26_O1,2,2.27E+00,-7.66E-01,1.33E+00,1.54E+00,1.41E+01,,,,,,,,,,,,,,,,,,,,,,,,,,,,,,,,,,,
AB_S26_O1,2,2.28E+00,-7.71E-01,1.46E+00,1.65E+00,1.66E+01,,,,,,,,,,,,,,,,,,,,,,,,,,,,,,,,,,,
AB_S26_O1,2,2.29E+00,-7.73E-01,1.61E+00,1.78E+00,1.93E+01,,,,,,,,,,,,,,,,,,,,,,,,,,,,,,,,,,,
AB_S26_O1,2,2.29E+00,-7.56E-01,1.78E+00,1.93E+00,1.83E+01,,,,,,,,,,,,,,,,,,,,,,,,,,,,,,,,,,,
AB_S26_O1,2,2.30E+00,-7.38E-01,1.91E+00,2.05E+00,2.20E+01,,,,,,,,,,,,,,,,,,,,,,,,,,,,,,,,,,,
AB_S26_O1,2,2.31E+00,-8.05E-01,2.14E+00,2.29E+00,2.07E+01,,,,,,,,,,,,,,,,,,,,,,,,,,,,,,,,,,,
AB_S26_O1,2,2.32E+00,-7.69E-01,2.26E+00,2.38E+00,1.67E+01,,,,,,,,,,,,,,,,,,,,,,,,,,,,,,,,,,,
AB_S26_O1,2,2.33E+00,-7.75E-01,2.42E+00,2.54E+00,1.51E+01,,,,,,,,,,,,,,,,,,,,,,,,,,,,,,,,,,,
AB_S26_O1,2,2.34E+00,-8.40E-01,2.50E+00,2.64E+00,1.45E+01,,,,,,,,,,,,,,,,,,,,,,,,,,,,,,,,,,,
AB_S26_O1,2,2.34E+00,-8.19E-01,2.66E+00,2.78E+00,2.11E+01,,,,,,,,,,,,,,,,,,,,,,,,,,,,,,,,,,,
AB_S26_O1,2,2.35E+00,-8.97E-01,2.85E+00,2.98E+00,1.97E+01,,,,,,,,,,,,,,,,,,,,,,,,,,,,,,,,,,,
AB_S26_O1,2,2.36E+00,-8.68E-01,2.98E+00,3.11E+00,1.71E+01,,,,,,,,,,,,,,,,,,,,,,,,,,,,,,,,,,,
AB_S26_O1,2,2.37E+00,-9.19E-01,3.13E+00,3.26E+00,1.22E+01,,,,,,,,,,,,,,,,,,,,,,,,,,,,,,,,,,,
AB_S26_O1,2,2.38E+00,-9.24E-01,3.18E+00,3.31E+00,9.08E+00,,,,,,,,,,,,,,,,,,,,,,,,,,,,,,,,,,,
AB_S26_O1,2,2.39E+00,-9.21E-01,3.28E+00,3.41E+00,,,,,,,,,,,,,,,,,,,,,,,,,,,,,,,,,,,,
,,,,,,,,,,,,,,,,,,,,,,,,,,,,,,,,,,,,,,,,,
AB_S26_O1,3,5.08E+00,7.10E-02,-2.42E-01,2.52E-01,,,,,,,,,,,,,,,,,,,,,,,,,,,,,,,,,,,,
AB_S26_O1,3,5.09E+00,8.93E-02,-1.85E-01,2.05E-01,4.60E+00,,,,,,,,,,,,,,,,,,,,,,,,,,,,,,,,,,,
AB_S26_O1,3,5.10E+00,9.67E-02,-1.69E-01,1.95E-01,3.05E+00,,,,,,,,,,,,,,,,,,,,,,,,,,,,,,,,,,,
AB_S26_O1,3,5.11E+00,1.11E-01,-1.39E-01,1.78E-01,6.62E+00,,,,,,,,,,,,,,,,,,,,,,,,,,,,,,,,,,,
AB_S26_O1,3,5.11E+00,1.52E-01,-7.40E-02,1.69E-01,7.63E+00,,,,,,,,,,,,,,,,,,,,,,,,,,,,,,,,,,,
AB_S26_O1,3,5.12E+00,1.75E-01,-2.83E-02,1.77E-01,7.11E+00,,,,,,,,,,,,,,,,,,,,,,,,,,,,,,,,,,,
AB_S26_O1,3,5.13E+00,2.04E-01,3.27E-02,2.07E-01,8.65E+00,,,,,,,,,,,,,,,,,,,,,,,,,,,,,,,,,,,
AB_S26_O1,3,5.14E+00,2.30E-01,1.05E-01,2.53E-01,9.77E+00,,,,,,,,,,,,,,,,,,,,,,,,,,,,,,,,,,,
AB_S26_O1,3,5.15E+00,2.52E-01,1.89E-01,3.14E-01,1.02E+01,,,,,,,,,,,,,,,,,,,,,,,,,,,,,,,,,,,
AB_S26_O1,3,5.16E+00,2.89E-01,2.65E-01,3.92E-01,8.76E+00,,,,,,,,,,,,,,,,,,,,,,,,,,,,,,,,,,,
AB_S26_O1,3,5.16E+00,3.37E-01,3.07E-01,4.56E-01,1.19E+01,,,,,,,,,,,,,,,,,,,,,,,,,,,,,,,,,,,
AB_S26_O1,3,5.17E+00,3.36E-01,4.58E-01,5.68E-01,1.25E+01,,,,,,,,,,,,,,,,,,,,,,,,,,,,,,,,,,,
AB_S26_O1,3,5.18E+00,3.54E-01,5.16E-01,6.25E-01,7.11E+00,,,,,,,,,,,,,,,,,,,,,,,,,,,,,,,,,,,
AB_S26_O1,3,5.19E+00,3.87E-01,5.65E-01,6.85E-01,1.18E+01,,,,,,,,,,,,,,,,,,,,,,,,,,,,,,,,,,,
AB_S26_O1,3,5.20E+00,4.16E-01,7.02E-01,8.16E-01,1.10E+01,,,,,,,,,,,,,,,,,,,,,,,,,,,,,,,,,,,
AB_S26_O1,3,5.21E+00,4.27E-01,7.44E-01,8.57E-01,1.34E+01,,,,,,,,,,,,,,,,,,,,,,,,,,,,,,,,,,,
AB_S26_O1,3,5.21E+00,4.82E-01,9.15E-01,1.03E+00,1.87E+01,,,,,,,,,,,,,,,,,,,,,,,,,,,,,,,,,,,
AB_S26_O1,3,5.22E+00,4.99E-01,1.05E+00,1.16E+00,1.69E+01,,,,,,,,,,,,,,,,,,,,,,,,,,,,,,,,,,,
AB_S26_O1,3,5.23E+00,5.66E-01,1.18E+00,1.31E+00,1.74E+01,,,,,,,,,,,,,,,,,,,,,,,,,,,,,,,,,,,
AB_S26_O1,3,5.24E+00,5.94E-01,1.32E+00,1.45E+00,1.49E+01,,,,,,,,,,,,,,,,,,,,,,,,,,,,,,,,,,,
AB_S26_O1,3,5.25E+00,6.35E-01,1.42E+00,1.56E+00,1.39E+01,,,,,,,,,,,,,,,,,,,,,,,,,,,,,,,,,,,
AB_S26_O1,3,5.26E+00,6.56E-01,1.55E+00,1.68E+00,1.74E+01,,,,,,,,,,,,,,,,,,,,,,,,,,,,,,,,,,,
AB_S26_O1,3,5.26E+00,6.62E-01,1.71E+00,1.84E+00,1.83E+01,,,,,,,,,,,,,,,,,,,,,,,,,,,,,,,,,,,
AB_S26_O1,3,5.27E+00,7.17E-01,1.85E+00,1.98E+00,1.77E+01,,,,,,,,,,,,,,,,,,,,,,,,,,,,,,,,,,,
AB_S26_O1,3,5.28E+00,7.27E-01,2.00E+00,2.13E+00,1.48E+01,,,,,,,,,,,,,,,,,,,,,,,,,,,,,,,,,,,
AB_S26_O1,3,5.29E+00,7.60E-01,2.09E+00,2.22E+00,1.27E+01,,,,,,,,,,,,,,,,,,,,,,,,,,,,,,,,,,,
AB_S26_O1,3,5.30E+00,8.11E-01,2.20E+00,2.34E+00,1.37E+01,,,,,,,,,,,,,,,,,,,,,,,,,,,,,,,,,,,
AB_S26_O1,3,5.31E+00,8.52E-01,2.30E+00,2.45E+00,1.12E+01,,,,,,,,,,,,,,,,,,,,,,,,,,,,,,,,,,,
AB_S26_O1,3,5.31E+00,8.78E-01,2.37E+00,2.53E+00,1.37E+01,,,,,,,,,,,,,,,,,,,,,,,,,,,,,,,,,,,
AB_S26_O1,3,5.32E+00,9.44E-01,2.51E+00,2.68E+00,1.42E+01,,,,,,,,,,,,,,,,,,,,,,,,,,,,,,,,,,,
AB_S26_O1,3,5.33E+00,9.81E-01,2.58E+00,2.76E+00,1.04E+01,,,,,,,,,,,,,,,,,,,,,,,,,,,,,,,,,,,
AB_S26_O1,3,5.34E+00,9.88E-01,2.67E+00,2.85E+00,9.36E+00,,,,,,,,,,,,,,,,,,,,,,,,,,,,,,,,,,,
AB_S26_O1,3,5.35E+00,1.02E+00,2.74E+00,2.92E+00,1.32E+01,,,,,,,,,,,,,,,,,,,,,,,,,,,,,,,,,,,
AB_S26_O1,3,5.36E+00,1.07E+00,2.88E+00,3.07E+00,1.48E+01,,,,,,,,,,,,,,,,,,,,,,,,,,,,,,,,,,,
AB_S26_O1,3,5.36E+00,1.10E+00,2.97E+00,3.17E+00,1.32E+01,,,,,,,,,,,,,,,,,,,,,,,,,,,,,,,,,,,
AB_S26_O1,3,5.37E+00,1.11E+00,3.10E+00,3.29E+00,1.16E+01,,,,,,,,,,,,,,,,,,,,,,,,,,,,,,,,,,,
AB_S26_O1,3,5.38E+00,1.11E+00,3.16E+00,3.35E+00,8.76E+00,,,,,,,,,,,,,,,,,,,,,,,,,,,,,,,,,,,
AB_S26_O1,3,5.39E+00,1.15E+00,3.24E+00,3.43E+00,1.18E+01,,,,,,,,,,,,,,,,,,,,,,,,,,,,,,,,,,,
AB_S26_O1,3,5.40E+00,1.22E+00,3.33E+00,3.54E+00,1.32E+01,,,,,,,,,,,,,,,,,,,,,,,,,,,,,,,,,,,
AB_S26_O1,3,5.41E+00,1.23E+00,3.44E+00,3.66E+00,1.25E+01,,,,,,,,,,,,,,,,,,,,,,,,,,,,,,,,,,,
AB_S26_O1,3,5.41E+00,1.24E+00,3.53E+00,3.74E+00,1.12E+01,,,,,,,,,,,,,,,,,,,,,,,,,,,,,,,,,,,
AB_S26_O1,3,5.42E+00,1.25E+00,3.63E+00,3.84E+00,1.14E+01,,,,,,,,,,,,,,,,,,,,,,,,,,,,,,,,,,,
AB_S26_O1,3,5.43E+00,1.29E+00,3.72E+00,3.93E+00,8.76E+00,,,,,,,,,,,,,,,,,,,,,,,,,,,,,,,,,,,
AB_S26_O1,3,5.44E+00,1.29E+00,3.77E+00,3.98E+00,1.08E+01,,,,,,,,,,,,,,,,,,,,,,,,,,,,,,,,,,,
AB_S26_O1,3,5.45E+00,1.34E+00,3.89E+00,4.11E+00,1.17E+01,,,,,,,,,,,,,,,,,,,,,,,,,,,,,,,,,,,
AB_S26_O1,3,5.46E+00,1.39E+00,3.94E+00,4.18E+00,,,,,,,,,,,,,,,,,,,,,,,,,,,,,,,,,,,,
,,,,,,,,,,,,,,,,,,,,,,,,,,,,,,,,,,,,,,,,,
AB_S26_O1,4,7.69E+00,6.92E-01,1.26E-01,7.03E-01,,,,,,,,,,,,,,,,,,,,,,,,,,,,,,,,,,,,
AB_S26_O1,4,7.70E+00,6.60E-01,2.54E-01,7.07E-01,1.37E+01,,,,,,,,,,,,,,,,,,,,,,,,,,,,,,,,,,,
AB_S26_O1,4,7.71E+00,6.29E-01,3.45E-01,7.17E-01,1.15E+01,,,,,,,,,,,,,,,,,,,,,,,,,,,,,,,,,,,
AB_S26_O1,4,7.72E+00,6.09E-01,4.39E-01,7.50E-01,1.37E+01,,,,,,,,,,,,,,,,,,,,,,,,,,,,,,,,,,,
AB_S26_O1,4,7.72E+00,5.77E-01,5.67E-01,8.09E-01,1.25E+01,,,,,,,,,,,,,,,,,,,,,,,,,,,,,,,,,,,
AB_S26_O1,4,7.73E+00,5.87E-01,6.47E-01,8.74E-01,1.14E+01,,,,,,,,,,,,,,,,,,,,,,,,,,,,,,,,,,,
AB_S26_O1,4,7.74E+00,5.74E-01,7.57E-01,9.50E-01,1.29E+01,,,,,,,,,,,,,,,,,,,,,,,,,,,,,,,,,,,
AB_S26_O1,4,7.75E+00,5.88E-01,8.63E-01,1.04E+00,1.29E+01,,,,,,,,,,,,,,,,,,,,,,,,,,,,,,,,,,,
AB_S26_O1,4,7.76E+00,5.76E-01,9.73E-01,1.13E+00,1.52E+01,,,,,,,,,,,,,,,,,,,,,,,,,,,,,,,,,,,
AB_S26_O1,4,7.77E+00,5.89E-01,1.12E+00,1.26E+00,1.84E+01,,,,,,,,,,,,,,,,,,,,,,,,,,,,,,,,,,,
AB_S26_O1,4,7.77E+00,5.84E-01,1.28E+00,1.41E+00,1.75E+01,,,,,,,,,,,,,,,,,,,,,,,,,,,,,,,,,,,
AB_S26_O1,4,7.78E+00,5.90E-01,1.41E+00,1.53E+00,1.80E+01,,,,,,,,,,,,,,,,,,,,,,,,,,,,,,,,,,,
AB_S26_O1,4,7.79E+00,6.07E-01,1.58E+00,1.69E+00,2.30E+01,,,,,,,,,,,,,,,,,,,,,,,,,,,,,,,,,,,
AB_S26_O1,4,7.80E+00,5.59E-01,1.79E+00,1.88E+00,1.99E+01,,,,,,,,,,,,,,,,,,,,,,,,,,,,,,,,,,,
AB_S26_O1,4,7.81E+00,5.69E-01,1.91E+00,1.99E+00,1.74E+01,,,,,,,,,,,,,,,,,,,,,,,,,,,,,,,,,,,
AB_S26_O1,4,7.82E+00,5.86E-01,2.08E+00,2.16E+00,1.67E+01,,,,,,,,,,,,,,,,,,,,,,,,,,,,,,,,,,,
AB_S26_O1,4,7.82E+00,6.26E-01,2.18E+00,2.27E+00,1.42E+01,,,,,,,,,,,,,,,,,,,,,,,,,,,,,,,,,,,
AB_S26_O1,4,7.83E+00,6.32E-01,2.31E+00,2.40E+00,1.91E+01,,,,,,,,,,,,,,,,,,,,,,,,,,,,,,,,,,,
AB_S26_O1,4,7.84E+00,6.30E-01,2.50E+00,2.58E+00,1.75E+01,,,,,,,,,,,,,,,,,,,,,,,,,,,,,,,,,,,
AB_S26_O1,4,7.85E+00,6.32E-01,2.60E+00,2.68E+00,1.35E+01,,,,,,,,,,,,,,,,,,,,,,,,,,,,,,,,,,,
AB_S26_O1,4,7.86E+00,6.54E-01,2.72E+00,2.80E+00,1.77E+01,,,,,,,,,,,,,,,,,,,,,,,,,,,,,,,,,,,
AB_S26_O1,4,7.87E+00,6.71E-01,2.89E+00,2.97E+00,2.03E+01,,,,,,,,,,,,,,,,,,,,,,,,,,,,,,,,,,,
AB_S26_O1,4,7.87E+00,6.76E-01,3.06E+00,3.13E+00,1.96E+01,,,,,,,,,,,,,,,,,,,,,,,,,,,,,,,,,,,
AB_S26_O1,4,7.88E+00,6.97E-01,3.22E+00,3.30E+00,1.84E+01,,,,,,,,,,,,,,,,,,,,,,,,,,,,,,,,,,,
AB_S26_O1,4,7.89E+00,6.84E-01,3.37E+00,3.44E+00,2.23E+01,,,,,,,,,,,,,,,,,,,,,,,,,,,,,,,,,,,
AB_S26_O1,4,7.90E+00,6.70E-01,3.59E+00,3.65E+00,2.06E+01,,,,,,,,,,,,,,,,,,,,,,,,,,,,,,,,,,,
AB_S26_O1,4,7.91E+00,7.18E-01,3.71E+00,3.78E+00,1.55E+01,,,,,,,,,,,,,,,,,,,,,,,,,,,,,,,,,,,
AB_S26_O1,4,7.92E+00,7.35E-01,3.84E+00,3.91E+00,1.54E+01,,,,,,,,,,,,,,,,,,,,,,,,,,,,,,,,,,,
AB_S26_O1,4,7.92E+00,7.57E-01,3.96E+00,4.04E+00,2.22E+01,,,,,,,,,,,,,,,,,,,,,,,,,,,,,,,,,,,
AB_S26_O1,4,7.93E+00,7.73E-01,4.21E+00,4.28E+00,2.16E+01,,,,,,,,,,,,,,,,,,,,,,,,,,,,,,,,,,,
AB_S26_O1,4,7.94E+00,7.71E-01,4.32E+00,4.39E+00,,,,,,,,,,,,,,,,,,,,,,,,,,,,,,,,,,,,
,,,,,,,,,,,,,,,,,,,,,,,,,,,,,,,,,,,,,,,,,
AB_S26_O2,1,7.51E-02,3.12E-01,4.40E-01,5.39E-01,,,,,,,,,,,,,,,,,,,,,,,,,,,,,,,,,,,,
AB_S26_O2,1,8.34E-02,3.34E-01,5.49E-01,6.43E-01,1.24E+01,,,,,,,,,,,,,,,,,,,,,,,,,,,,,,,,,,,
AB_S26_O2,1,9.18E-02,3.21E-01,6.47E-01,7.22E-01,7.45E+00,,,,,,,,,,,,,,,,,,,,,,,,,,,,,,,,,,,
AB_S26_O2,1,1.00E-01,3.08E-01,6.71E-01,7.38E-01,1.46E+01,,,,,,,,,,,,,,,,,,,,,,,,,,,,,,,,,,,
AB_S26_O2,1,1.08E-01,3.05E-01,8.90E-01,9.41E-01,1.90E+01,,,,,,,,,,,,,,,,,,,,,,,,,,,,,,,,,,,
AB_S26_O2,1,1.17E-01,2.92E-01,9.87E-01,1.03E+00,1.39E+01,,,,,,,,,,,,,,,,,,,,,,,,,,,,,,,,,,,
AB_S26_O2,1,1.25E-01,2.78E-01,1.12E+00,1.16E+00,1.48E+01,,,,,,,,,,,,,,,,,,,,,,,,,,,,,,,,,,,
AB_S26_O2,1,1.33E-01,2.52E-01,1.23E+00,1.26E+00,1.24E+01,,,,,,,,,,,,,,,,,,,,,,,,,,,,,,,,,,,
AB_S26_O2,1,1.42E-01,2.63E-01,1.33E+00,1.35E+00,1.25E+01,,,,,,,,,,,,,,,,,,,,,,,,,,,,,,,,,,,
AB_S26_O2,1,1.50E-01,2.73E-01,1.44E+00,1.46E+00,1.46E+01,,,,,,,,,,,,,,,,,,,,,,,,,,,,,,,,,,,
AB_S26_O2,1,1.58E-01,2.72E-01,1.57E+00,1.60E+00,1.55E+01,,,,,,,,,,,,,,,,,,,,,,,,,,,,,,,,,,,
AB_S26_O2,1,1.67E-01,3.07E-01,1.69E+00,1.72E+00,1.62E+01,,,,,,,,,,,,,,,,,,,,,,,,,,,,,,,,,,,
AB_S26_O2,1,1.75E-01,3.05E-01,1.84E+00,1.87E+00,1.39E+01,,,,,,,,,,,,,,,,,,,,,,,,,,,,,,,,,,,
AB_S26_O2,1,1.84E-01,3.28E-01,1.93E+00,1.95E+00,1.71E+01,,,,,,,,,,,,,,,,,,,,,,,,,,,,,,,,,,,
AB_S26_O2,1,1.92E-01,3.98E-01,2.11E+00,2.15E+00,1.79E+01,,,,,,,,,,,,,,,,,,,,,,,,,,,,,,,,,,,
AB_S26_O2,1,2.00E-01,3.85E-01,2.22E+00,2.25E+00,1.46E+01,,,,,,,,,,,,,,,,,,,,,,,,,,,,,,,,,,,
AB_S26_O2,1,2.09E-01,3.95E-01,2.35E+00,2.39E+00,1.61E+01,,,,,,,,,,,,,,,,,,,,,,,,,,,,,,,,,,,
AB_S26_O2,1,2.17E-01,4.05E-01,2.49E+00,2.52E+00,1.69E+01,,,,,,,,,,,,,,,,,,,,,,,,,,,,,,,,,,,
AB_S26_O2,1,2.25E-01,4.15E-01,2.63E+00,2.67E+00,1.85E+01,,,,,,,,,,,,,,,,,,,,,,,,,,,,,,,,,,,
AB_S26_O2,1,2.34E-01,4.50E-01,2.79E+00,2.83E+00,1.84E+01,,,,,,,,,,,,,,,,,,,,,,,,,,,,,,,,,,,
AB_S26_O2,1,2.42E-01,4.48E-01,2.94E+00,2.97E+00,1.61E+01,,,,,,,,,,,,,,,,,,,,,,,,,,,,,,,,,,,
AB_S26_O2,1,2.50E-01,4.46E-01,3.06E+00,3.09E+00,1.61E+01,,,,,,,,,,,,,,,,,,,,,,,,,,,,,,,,,,,
AB_S26_O2,1,2.59E-01,4.69E-01,3.21E+00,3.24E+00,1.84E+01,,,,,,,,,,,,,,,,,,,,,,,,,,,,,,,,,,,
AB_S26_O2,1,2.67E-01,4.79E-01,3.37E+00,3.40E+00,1.61E+01,,,,,,,,,,,,,,,,,,,,,,,,,,,,,,,,,,,
AB_S26_O2,1,2.75E-01,4.89E-01,3.48E+00,3.51E+00,1.47E+01,,,,,,,,,,,,,,,,,,,,,,,,,,,,,,,,,,,
AB_S26_O2,1,2.84E-01,5.00E-01,3.61E+00,3.64E+00,1.75E+01,,,,,,,,,,,,,,,,,,,,,,,,,,,,,,,,,,,
AB_S26_O2,1,2.92E-01,4.97E-01,3.77E+00,3.80E+00,1.68E+01,,,,,,,,,,,,,,,,,,,,,,,,,,,,,,,,,,,
AB_S26_O2,1,3.00E-01,4.84E-01,3.89E+00,3.92E+00,1.39E+01,,,,,,,,,,,,,,,,,,,,,,,,,,,,,,,,,,,
AB_S26_O2,1,3.09E-01,5.19E-01,4.00E+00,4.03E+00,1.54E+01,,,,,,,,,,,,,,,,,,,,,,,,,,,,,,,,,,,
AB_S26_O2,1,3.17E-01,5.04E-01,4.15E+00,4.18E+00,1.69E+01,,,,,,,,,,,,,,,,,,,,,,,,,,,,,,,,,,,
AB_S26_O2,1,3.25E-01,4.90E-01,4.28E+00,4.31E+00,1.76E+01,,,,,,,,,,,,,,,,,,,,,,,,,,,,,,,,,,,
AB_S26_O2,1,3.34E-01,5.25E-01,4.44E+00,4.47E+00,1.98E+01,,,,,,,,,,,,,,,,,,,,,,,,,,,,,,,,,,,
AB_S26_O2,1,3.42E-01,5.22E-01,4.61E+00,4.64E+00,1.90E+01,,,,,,,,,,,,,,,,,,,,,,,,,,,,,,,,,,,
AB_S26_O2,1,3.50E-01,5.33E-01,4.75E+00,4.78E+00,1.32E+01,,,,,,,,,,,,,,,,,,,,,,,,,,,,,,,,,,,
AB_S26_O2,1,3.59E-01,5.32E-01,4.83E+00,4.86E+00,1.17E+01,,,,,,,,,,,,,,,,,,,,,,,,,,,,,,,,,,,
AB_S26_O2,1,3.67E-01,5.30E-01,4.95E+00,4.98E+00,1.83E+01,,,,,,,,,,,,,,,,,,,,,,,,,,,,,,,,,,,
AB_S26_O2,1,3.75E-01,5.52E-01,5.13E+00,5.16E+00,1.98E+01,,,,,,,,,,,,,,,,,,,,,,,,,,,,,,,,,,,
AB_S26_O2,1,3.84E-01,5.50E-01,5.28E+00,5.31E+00,1.39E+01,,,,,,,,,,,,,,,,,,,,,,,,,,,,,,,,,,,
AB_S26_O2,1,3.92E-01,5.49E-01,5.36E+00,5.39E+00,8.76E+00,,,,,,,,,,,,,,,,,,,,,,,,,,,,,,,,,,,
AB_S26_O2,1,4.00E-01,5.48E-01,5.43E+00,5.45E+00,,,,,,,,,,,,,,,,,,,,,,,,,,,,,,,,,,,,
,,,,,,,,,,,,,,,,,,,,,,,,,,,,,,,,,,,,,,,,,
AB_S26_O2,2,4.36E+00,1.02E+00,-5.02E-02,1.03E+00,,,,,,,,,,,,,,,,,,,,,,,,,,,,,,,,,,,,
AB_S26_O2,2,4.37E+00,1.05E+00,-1.13E-03,1.05E+00,9.24E+00,,,,,,,,,,,,,,,,,,,,,,,,,,,,,,,,,,,
AB_S26_O2,2,4.38E+00,1.07E+00,9.66E-02,1.08E+00,1.03E+01,,,,,,,,,,,,,,,,,,,,,,,,,,,,,,,,,,,
AB_S26_O2,2,4.39E+00,1.07E+00,1.70E-01,1.08E+00,1.02E+01,,,,,,,,,,,,,,,,,,,,,,,,,,,,,,,,,,,
AB_S26_O2,2,4.40E+00,1.08E+00,2.67E-01,1.11E+00,1.05E+01,,,,,,,,,,,,,,,,,,,,,,,,,,,,,,,,,,,
AB_S26_O2,2,4.40E+00,1.10E+00,3.41E-01,1.16E+00,7.62E+00,,,,,,,,,,,,,,,,,,,,,,,,,,,,,,,,,,,
AB_S26_O2,2,4.41E+00,1.12E+00,3.90E-01,1.18E+00,9.60E+00,,,,,,,,,,,,,,,,,,,,,,,,,,,,,,,,,,,
AB_S26_O2,2,4.42E+00,1.13E+00,4.99E-01,1.23E+00,9.52E+00,,,,,,,,,,,,,,,,,,,,,,,,,,,,,,,,,,,
AB_S26_O2,2,4.43E+00,1.13E+00,5.48E-01,1.25E+00,6.73E+00,,,,,,,,,,,,,,,,,,,,,,,,,,,,,,,,,,,
AB_S26_O2,2,4.44E+00,1.15E+00,6.09E-01,1.30E+00,7.45E+00,,,,,,,,,,,,,,,,,,,,,,,,,,,,,,,,,,,
AB_S26_O2,2,4.45E+00,1.15E+00,6.70E-01,1.33E+00,7.34E+00,,,,,,,,,,,,,,,,,,,,,,,,,,,,,,,,,,,
AB_S26_O2,2,4.45E+00,1.16E+00,7.31E-01,1.37E+00,7.34E+00,,,,,,,,,,,,,,,,,,,,,,,,,,,,,,,,,,,
AB_S26_O2,2,4.46E+00,1.16E+00,7.92E-01,1.40E+00,8.76E+00,,,,,,,,,,,,,,,,,,,,,,,,,,,,,,,,,,,
AB_S26_O2,2,4.47E+00,1.16E+00,8.77E-01,1.45E+00,9.49E+00,,,,,,,,,,,,,,,,,,,,,,,,,,,,,,,,,,,
AB_S26_O2,2,4.48E+00,1.16E+00,9.51E-01,1.50E+00,8.06E+00,,,,,,,,,,,,,,,,,,,,,,,,,,,,,,,,,,,
AB_S26_O2,2,4.49E+00,1.17E+00,1.01E+00,1.55E+00,3.01E+00,,,,,,,,,,,,,,,,,,,,,,,,,,,,,,,,,,,
AB_S26_O2,2,4.50E+00,1.17E+00,9.99E-01,1.54E+00,8.06E+00,,,,,,,,,,,,,,,,,,,,,,,,,,,,,,,,,,,
AB_S26_O2,2,4.50E+00,1.18E+00,1.15E+00,1.64E+00,1.62E+01,,,,,,,,,,,,,,,,,,,,,,,,,,,,,,,,,,,
AB_S26_O2,2,4.51E+00,1.20E+00,1.27E+00,1.75E+00,8.88E+00,,,,,,,,,,,,,,,,,,,,,,,,,,,,,,,,,,,
AB_S26_O2,2,4.52E+00,1.20E+00,1.29E+00,1.76E+00,7.45E+00,,,,,,,,,,,,,,,,,,,,,,,,,,,,,,,,,,,
AB_S26_O2,2,4.53E+00,1.22E+00,1.39E+00,1.85E+00,1.13E+01,,,,,,,,,,,,,,,,,,,,,,,,,,,,,,,,,,,
AB_S26_O2,2,4.54E+00,1.25E+00,1.48E+00,1.93E+00,8.88E+00,,,,,,,,,,,,,,,,,,,,,,,,,,,,,,,,,,,
AB_S26_O2,2,4.55E+00,1.25E+00,1.54E+00,1.98E+00,7.45E+00,,,,,,,,,,,,,,,,,,,,,,,,,,,,,,,,,,,
AB_S26_O2,2,4.55E+00,1.27E+00,1.60E+00,2.04E+00,9.93E+00,,,,,,,,,,,,,,,,,,,,,,,,,,,,,,,,,,,
AB_S26_O2,2,4.56E+00,1.29E+00,1.70E+00,2.13E+00,9.03E+00,,,,,,,,,,,,,,,,,,,,,,,,,,,,,,,,,,,
AB_S26_O2,2,4.57E+00,1.30E+00,1.74E+00,2.18E+00,6.73E+00,,,,,,,,,,,,,,,,,,,,,,,,,,,,,,,,,,,
AB_S26_O2,2,4.58E+00,1.32E+00,1.81E+00,2.23E+00,1.22E+01,,,,,,,,,,,,,,,,,,,,,,,,,,,,,,,,,,,
AB_S26_O2,2,4.59E+00,1.36E+00,1.94E+00,2.37E+00,1.29E+01,,,,,,,,,,,,,,,,,,,,,,,,,,,,,,,,,,,
AB_S26_O2,2,4.60E+00,1.37E+00,2.01E+00,2.44E+00,1.29E+01,,,,,,,,,,,,,,,,,,,,,,,,,,,,,,,,,,,
AB_S26_O2,2,4.60E+00,1.42E+00,2.15E+00,2.58E+00,1.43E+01,,,,,,,,,,,,,,,,,,,,,,,,,,,,,,,,,,,
AB_S26_O2,2,4.61E+00,1.43E+00,2.25E+00,2.66E+00,1.35E+01,,,,,,,,,,,,,,,,,,,,,,,,,,,,,,,,,,,
AB_S26_O2,2,4.62E+00,1.47E+00,2.37E+00,2.79E+00,1.58E+01,,,,,,,,,,,,,,,,,,,,,,,,,,,,,,,,,,,
AB_S26_O2,2,4.63E+00,1.49E+00,2.50E+00,2.91E+00,1.63E+01,,,,,,,,,,,,,,,,,,,,,,,,,,,,,,,,,,,
AB_S26_O2,2,4.64E+00,1.51E+00,2.64E+00,3.04E+00,1.65E+01,,,,,,,,,,,,,,,,,,,,,,,,,,,,,,,,,,,
AB_S26_O2,2,4.65E+00,1.55E+00,2.77E+00,3.17E+00,1.13E+01,,,,,,,,,,,,,,,,,,,,,,,,,,,,,,,,,,,
AB_S26_O2,2,4.65E+00,1.56E+00,2.82E+00,3.22E+00,7.62E+00,,,,,,,,,,,,,,,,,,,,,,,,,,,,,,,,,,,
AB_S26_O2,2,4.66E+00,1.58E+00,2.89E+00,3.30E+00,1.13E+01,,,,,,,,,,,,,,,,,,,,,,,,,,,,,,,,,,,
AB_S26_O2,2,4.67E+00,1.60E+00,3.00E+00,3.40E+00,1.35E+01,,,,,,,,,,,,,,,,,,,,,,,,,,,,,,,,,,,
AB_S26_O2,2,4.68E+00,1.63E+00,3.11E+00,3.51E+00,1.28E+01,,,,,,,,,,,,,,,,,,,,,,,,,,,,,,,,,,,
AB_S26_O2,2,4.69E+00,1.65E+00,3.21E+00,3.61E+00,1.05E+01,,,,,,,,,,,,,,,,,,,,,,,,,,,,,,,,,,,
AB_S26_O2,2,4.70E+00,1.66E+00,3.28E+00,3.68E+00,8.88E+00,,,,,,,,,,,,,,,,,,,,,,,,,,,,,,,,,,,
AB_S26_O2,2,4.70E+00,1.67E+00,3.36E+00,3.75E+00,8.32E+00,,,,,,,,,,,,,,,,,,,,,,,,,,,,,,,,,,,
AB_S26_O2,2,4.71E+00,1.70E+00,3.42E+00,3.82E+00,1.03E+01,,,,,,,,,,,,,,,,,,,,,,,,,,,,,,,,,,,
AB_S26_O2,2,4.72E+00,1.69E+00,3.53E+00,3.91E+00,1.39E+01,,,,,,,,,,,,,,,,,,,,,,,,,,,,,,,,,,,
AB_S26_O2,2,4.73E+00,1.69E+00,3.65E+00,4.02E+00,1.53E+01,,,,,,,,,,,,,,,,,,,,,,,,,,,,,,,,,,,
AB_S26_O2,2,4.74E+00,1.69E+00,3.78E+00,4.14E+00,1.19E+01,,,,,,,,,,,,,,,,,,,,,,,,,,,,,,,,,,,
AB_S26_O2,2,4.75E+00,1.73E+00,3.85E+00,4.22E+00,1.36E+01,,,,,,,,,,,,,,,,,,,,,,,,,,,,,,,,,,,
AB_S26_O2,2,4.75E+00,1.75E+00,4.00E+00,4.37E+00,1.42E+01,,,,,,,,,,,,,,,,,,,,,,,,,,,,,,,,,,,
AB_S26_O2,2,4.76E+00,1.77E+00,4.08E+00,4.45E+00,1.19E+01,,,,,,,,,,,,,,,,,,,,,,,,,,,,,,,,,,,
AB_S26_O2,2,4.77E+00,1.78E+00,4.20E+00,4.56E+00,1.10E+01,,,,,,,,,,,,,,,,,,,,,,,,,,,,,,,,,,,
AB_S26_O2,2,4.78E+00,1.79E+00,4.26E+00,4.62E+00,6.24E+00,,,,,,,,,,,,,,,,,,,,,,,,,,,,,,,,,,,
AB_S26_O2,2,4.79E+00,1.82E+00,4.30E+00,4.67E+00,3.93E+00,,,,,,,,,,,,,,,,,,,,,,,,,,,,,,,,,,,
AB_S26_O2,2,4.80E+00,1.82E+00,4.32E+00,4.69E+00,5.16E+00,,,,,,,,,,,,,,,,,,,,,,,,,,,,,,,,,,,
AB_S26_O2,2,4.80E+00,1.83E+00,4.38E+00,4.75E+00,9.60E+00,,,,,,,,,,,,,,,,,,,,,,,,,,,,,,,,,,,
AB_S26_O2,2,4.81E+00,1.84E+00,4.48E+00,4.84E+00,1.12E+01,,,,,,,,,,,,,,,,,,,,,,,,,,,,,,,,,,,
AB_S26_O2,2,4.82E+00,1.86E+00,4.57E+00,4.93E+00,8.32E+00,,,,,,,,,,,,,,,,,,,,,,,,,,,,,,,,,,,
AB_S26_O2,2,4.83E+00,1.87E+00,4.61E+00,4.98E+00,,,,,,,,,,,,,,,,,,,,,,,,,,,,,,,,,,,,
,,,,,,,,,,,,,,,,,,,,,,,,,,,,,,,,,,,,,,,,,
AB_S26_O2,3,9.59E+00,-4.50E-01,2.71E-02,4.51E-01,,,,,,,,,,,,,,,,,,,,,,,,,,,,,,,,,,,,
AB_S26_O2,3,9.60E+00,-4.28E-01,1.61E-01,4.57E-01,1.58E+01,,,,,,,,,,,,,,,,,,,,,,,,,,,,,,,,,,,
AB_S26_O2,3,9.61E+00,-3.93E-01,2.84E-01,4.85E-01,1.43E+01,,,,,,,,,,,,,,,,,,,,,,,,,,,,,,,,,,,
AB_S26_O2,3,9.62E+00,-3.70E-01,3.94E-01,5.40E-01,1.63E+01,,,,,,,,,,,,,,,,,,,,,,,,,,,,,,,,,,,
AB_S26_O2,3,9.63E+00,-3.48E-01,5.52E-01,6.53E-01,1.69E+01,,,,,,,,,,,,,,,,,,,,,,,,,,,,,,,,,,,
AB_S26_O2,3,9.63E+00,-3.50E-01,6.74E-01,7.59E-01,1.32E+01,,,,,,,,,,,,,,,,,,,,,,,,,,,,,,,,,,,
AB_S26_O2,3,9.64E+00,-3.26E-01,7.72E-01,8.38E-01,1.26E+01,,,,,,,,,,,,,,,,,,,,,,,,,,,,,,,,,,,
AB_S26_O2,3,9.65E+00,-3.16E-01,8.82E-01,9.36E-01,1.56E+01,,,,,,,,,,,,,,,,,,,,,,,,,,,,,,,,,,,
AB_S26_O2,3,9.66E+00,-2.81E-01,1.03E+00,1.07E+00,1.86E+01,,,,,,,,,,,,,,,,,,,,,,,,,,,,,,,,,,,
AB_S26_O2,3,9.67E+00,-2.59E-01,1.19E+00,1.21E+00,1.72E+01,,,,,,,,,,,,,,,,,,,,,,,,,,,,,,,,,,,
AB_S26_O2,3,9.68E+00,-2.24E-01,1.31E+00,1.33E+00,1.58E+01,,,,,,,,,,,,,,,,,,,,,,,,,,,,,,,,,,,
AB_S26_O2,3,9.68E+00,-2.02E-01,1.44E+00,1.46E+00,1.77E+01,,,,,,,,,,,,,,,,,,,,,,,,,,,,,,,,,,,
AB_S26_O2,3,9.69E+00,-1.92E-01,1.60E+00,1.61E+00,1.47E+01,,,,,,,,,,,,,,,,,,,,,,,,,,,,,,,,,,,
AB_S26_O2,3,9.70E+00,-1.81E-01,1.69E+00,1.70E+00,1.70E+01,,,,,,,,,,,,,,,,,,,,,,,,,,,,,,,,,,,
AB_S26_O2,3,9.71E+00,-1.47E-01,1.88E+00,1.89E+00,1.86E+01,,,,,,,,,,,,,,,,,,,,,,,,,,,,,,,,,,,
AB_S26_O2,3,9.72E+00,-1.24E-01,1.99E+00,2.00E+00,1.49E+01,,,,,,,,,,,,,,,,,,,,,,,,,,,,,,,,,,,
AB_S26_O2,3,9.73E+00,-1.01E-01,2.13E+00,2.13E+00,1.62E+01,,,,,,,,,,,,,,,,,,,,,,,,,,,,,,,,,,,
AB_S26_O2,3,9.73E+00,-9.11E-02,2.26E+00,2.26E+00,1.98E+01,,,,,,,,,,,,,,,,,,,,,,,,,,,,,,,,,,,
AB_S26_O2,3,9.74E+00,-6.94E-02,2.46E+00,2.46E+00,1.98E+01,,,,,,,,,,,,,,,,,,,,,,,,,,,,,,,,,,,
AB_S26_O2,3,9.75E+00,-5.90E-02,2.59E+00,2.59E+00,1.84E+01,,,,,,,,,,,,,,,,,,,,,,,,,,,,,,,,,,,
AB_S26_O2,3,9.76E+00,-3.70E-02,2.76E+00,2.76E+00,1.62E+01,,,,,,,,,,,,,,,,,,,,,,,,,,,,,,,,,,,
AB_S26_O2,3,9.77E+00,-2.62E-02,2.86E+00,2.86E+00,1.70E+01,,,,,,,,,,,,,,,,,,,,,,,,,,,,,,,,,,,
AB_S26_O2,3,9.78E+00,7.86E-03,3.04E+00,3.04E+00,1.88E+01,,,,,,,,,,,,,,,,,,,,,,,,,,,,,,,,,,,
AB_S26_O2,3,9.78E+00,4.27E-02,3.16E+00,3.16E+00,1.58E+01,,,,,,,,,,,,,,,,,,,,,,,,,,,,,,,,,,,
AB_S26_O2,3,9.79E+00,6.53E-02,3.30E+00,3.30E+00,1.72E+01,,,,,,,,,,,,,,,,,,,,,,,,,,,,,,,,,,,
AB_S26_O2,3,9.80E+00,9.98E-02,3.45E+00,3.45E+00,1.92E+01,,,,,,,,,,,,,,,,,,,,,,,,,,,,,,,,,,,
AB_S26_O2,3,9.81E+00,1.10E-01,3.62E+00,3.62E+00,1.69E+01,,,,,,,,,,,,,,,,,,,,,,,,,,,,,,,,,,,
AB_S26_O2,3,9.82E+00,1.20E-01,3.73E+00,3.73E+00,1.58E+01,,,,,,,,,,,,,,,,,,,,,,,,,,,,,,,,,,,
AB_S26_O2,3,9.83E+00,1.67E-01,3.87E+00,3.88E+00,1.49E+01,,,,,,,,,,,,,,,,,,,,,,,,,,,,,,,,,,,
AB_S26_O2,3,9.83E+00,1.66E-01,3.97E+00,3.97E+00,1.47E+01,,,,,,,,,,,,,,,,,,,,,,,,,,,,,,,,,,,
AB_S26_O2,3,9.84E+00,1.88E-01,4.12E+00,4.12E+00,1.69E+01,,,,,,,,,,,,,,,,,,,,,,,,,,,,,,,,,,,
AB_S26_O2,3,9.85E+00,1.98E-01,4.25E+00,4.26E+00,1.77E+01,,,,,,,,,,,,,,,,,,,,,,,,,,,,,,,,,,,
AB_S26_O2,3,9.86E+00,2.21E-01,4.41E+00,4.42E+00,1.69E+01,,,,,,,,,,,,,,,,,,,,,,,,,,,,,,,,,,,
AB_S26_O2,3,9.87E+00,2.31E-01,4.53E+00,4.54E+00,1.48E+01,,,,,,,,,,,,,,,,,,,,,,,,,,,,,,,,,,,
AB_S26_O2,3,9.88E+00,2.54E-01,4.65E+00,4.66E+00,1.63E+01,,,,,,,,,,,,,,,,,,,,,,,,,,,,,,,,,,,
AB_S26_O2,3,9.88E+00,2.76E-01,4.80E+00,4.81E+00,1.48E+01,,,,,,,,,,,,,,,,,,,,,,,,,,,,,,,,,,,
AB_S26_O2,3,9.89E+00,2.87E-01,4.90E+00,4.91E+00,,,,,,,,,,,,,,,,,,,,,,,,,,,,,,,,,,,,
,,,,,,,,,,,,,,,,,,,,,,,,,,,,,,,,,,,,,,,,,
AB_S26_O2,4,1.13E+01,1.11E-01,-6.27E-02,1.28E-01,,,,,,,,,,,,,,,,,,,,,,,,,,,,,,,,,,,,
AB_S26_O2,4,1.13E+01,1.59E-01,3.54E-02,1.63E-01,1.36E+01,,,,,,,,,,,,,,,,,,,,,,,,,,,,,,,,,,,
AB_S26_O2,4,1.14E+01,1.69E-01,1.57E-01,2.31E-01,1.20E+01,,,,,,,,,,,,,,,,,,,,,,,,,,,,,,,,,,,
AB_S26_O2,4,1.14E+01,2.05E-01,2.31E-01,3.09E-01,1.39E+01,,,,,,,,,,,,,,,,,,,,,,,,,,,,,,,,,,,
AB_S26_O2,4,1.14E+01,2.39E-01,3.78E-01,4.47E-01,1.58E+01,,,,,,,,,,,,,,,,,,,,,,,,,,,,,,,,,,,
AB_S26_O2,4,1.14E+01,2.62E-01,4.88E-01,5.54E-01,1.43E+01,,,,,,,,,,,,,,,,,,,,,,,,,,,,,,,,,,,
AB_S26_O2,4,1.14E+01,2.97E-01,6.10E-01,6.78E-01,1.58E+01,,,,,,,,,,,,,,,,,,,,,,,,,,,,,,,,,,,
AB_S26_O2,4,1.14E+01,3.20E-01,7.44E-01,8.10E-01,1.51E+01,,,,,,,,,,,,,,,,,,,,,,,,,,,,,,,,,,,
AB_S26_O2,4,1.14E+01,3.55E-01,8.54E-01,9.25E-01,1.39E+01,,,,,,,,,,,,,,,,,,,,,,,,,,,,,,,,,,,
AB_S26_O2,4,1.14E+01,3.90E-01,9.64E-01,1.04E+00,1.57E+01,,,,,,,,,,,,,,,,,,,,,,,,,,,,,,,,,,,
AB_S26_O2,4,1.14E+01,4.49E-01,1.10E+00,1.19E+00,1.39E+01,,,,,,,,,,,,,,,,,,,,,,,,,,,,,,,,,,,
AB_S26_O2,4,1.14E+01,4.60E-01,1.18E+00,1.27E+00,1.19E+01,,,,,,,,,,,,,,,,,,,,,,,,,,,,,,,,,,,
AB_S26_O2,4,1.14E+01,4.83E-01,1.29E+00,1.38E+00,1.28E+01,,,,,,,,,,,,,,,,,,,,,,,,,,,,,,,,,,,
AB_S26_O2,4,1.14E+01,5.06E-01,1.39E+00,1.48E+00,1.13E+01,,,,,,,,,,,,,,,,,,,,,,,,,,,,,,,,,,,
AB_S26_O2,4,1.15E+01,5.29E-01,1.48E+00,1.57E+00,1.13E+01,,,,,,,,,,,,,,,,,,,,,,,,,,,,,,,,,,,
AB_S26_O2,4,1.15E+01,5.52E-01,1.58E+00,1.67E+00,1.41E+01,,,,,,,,,,,,,,,,,,,,,,,,,,,,,,,,,,,
AB_S26_O2,4,1.15E+01,6.11E-01,1.70E+00,1.80E+00,1.36E+01,,,,,,,,,,,,,,,,,,,,,,,,,,,,,,,,,,,
AB_S26_O2,4,1.15E+01,6.10E-01,1.80E+00,1.90E+00,1.58E+01,,,,,,,,,,,,,,,,,,,,,,,,,,,,,,,,,,,
AB_S26_O2,4,1.15E+01,6.68E-01,1.95E+00,2.07E+00,1.55E+01,,,,,,,,,,,,,,,,,,,,,,,,,,,,,,,,,,,
AB_S26_O2,4,1.15E+01,6.92E-01,2.04E+00,2.15E+00,1.28E+01,,,,,,,,,,,,,,,,,,,,,,,,,,,,,,,,,,,
AB_S26_O2,4,1.15E+01,7.14E-01,2.16E+00,2.28E+00,1.28E+01,,,,,,,,,,,,,,,,,,,,,,,,,,,,,,,,,,,
AB_S26_O2,4,1.15E+01,7.37E-01,2.25E+00,2.37E+00,1.42E+01,,,,,,,,,,,,,,,,,,,,,,,,,,,,,,,,,,,
AB_S26_O2,4,1.15E+01,7.60E-01,2.39E+00,2.51E+00,1.40E+01,,,,,,,,,,,,,,,,,,,,,,,,,,,,,,,,,,,
AB_S26_O2,4,1.15E+01,7.71E-01,2.48E+00,2.60E+00,1.28E+01,,,,,,,,,,,,,,,,,,,,,,,,,,,,,,,,,,,
AB_S26_O2,4,1.15E+01,8.06E-01,2.60E+00,2.72E+00,1.29E+01,,,,,,,,,,,,,,,,,,,,,,,,,,,,,,,,,,,
AB_S26_O2,4,1.15E+01,8.29E-01,2.69E+00,2.81E+00,1.25E+01,,,,,,,,,,,,,,,,,,,,,,,,,,,,,,,,,,,
AB_S26_O2,4,1.16E+01,8.27E-01,2.81E+00,2.93E+00,1.55E+01,,,,,,,,,,,,,,,,,,,,,,,,,,,,,,,,,,,
AB_S26_O2,4,1.16E+01,8.62E-01,2.94E+00,3.07E+00,1.40E+01,,,,,,,,,,,,,,,,,,,,,,,,,,,,,,,,,,,
AB_S26_O2,4,1.16E+01,8.61E-01,3.04E+00,3.16E+00,1.46E+01,,,,,,,,,,,,,,,,,,,,,,,,,,,,,,,,,,,
AB_S26_O2,4,1.16E+01,8.71E-01,3.19E+00,3.30E+00,1.56E+01,,,,,,,,,,,,,,,,,,,,,,,,,,,,,,,,,,,
AB_S26_O2,4,1.16E+01,9.06E-01,3.30E+00,3.42E+00,1.81E+01,,,,,,,,,,,,,,,,,,,,,,,,,,,,,,,,,,,
AB_S26_O2,4,1.16E+01,9.40E-01,3.48E+00,3.61E+00,1.69E+01,,,,,,,,,,,,,,,,,,,,,,,,,,,,,,,,,,,
AB_S26_O2,4,1.16E+01,9.26E-01,3.58E+00,3.70E+00,8.06E+00,,,,,,,,,,,,,,,,,,,,,,,,,,,,,,,,,,,
AB_S26_O2,4,1.16E+01,9.50E-01,3.62E+00,3.74E+00,1.03E+01,,,,,,,,,,,,,,,,,,,,,,,,,,,,,,,,,,,
AB_S26_O2,4,1.16E+01,9.48E-01,3.75E+00,3.87E+00,1.49E+01,,,,,,,,,,,,,,,,,,,,,,,,,,,,,,,,,,,
AB_S26_O2,4,1.16E+01,9.96E-01,3.86E+00,3.99E+00,1.18E+01,,,,,,,,,,,,,,,,,,,,,,,,,,,,,,,,,,,
AB_S26_O2,4,1.16E+01,1.02E+00,3.93E+00,4.06E+00,1.35E+01,,,,,,,,,,,,,,,,,,,,,,,,,,,,,,,,,,,
AB_S26_O2,4,1.16E+01,1.04E+00,4.08E+00,4.21E+00,1.77E+01,,,,,,,,,,,,,,,,,,,,,,,,,,,,,,,,,,,
AB_S26_O2,4,1.17E+01,1.05E+00,4.23E+00,4.35E+00,1.90E+01,,,,,,,,,,,,,,,,,,,,,,,,,,,,,,,,,,,
AB_S26_O2,4,1.17E+01,1.06E+00,4.40E+00,4.52E+00,,,,,,,,,,,,,,,,,,,,,,,,,,,,,,,,,,,,
,,,,,,,,,,,,,,,,,,,,,,,,,,,,,,,,,,,,,,,,,
AB_S26_O2,5,1.34E+01,1.09E-01,1.20E-01,1.62E-01,,,,,,,,,,,,,,,,,,,,,,,,,,,,,,,,,,,,
AB_S26_O2,5,1.35E+01,1.19E-01,2.42E-01,2.70E-01,1.40E+01,,,,,,,,,,,,,,,,,,,,,,,,,,,,,,,,,,,
AB_S26_O2,5,1.35E+01,1.42E-01,3.52E-01,3.80E-01,1.26E+01,,,,,,,,,,,,,,,,,,,,,,,,,,,,,,,,,,,
AB_S26_O2,5,1.35E+01,1.53E-01,4.50E-01,4.75E-01,1.52E+01,,,,,,,,,,,,,,,,,,,,,,,,,,,,,,,,,,,
AB_S26_O2,5,1.35E+01,2.12E-01,5.97E-01,6.33E-01,1.62E+01,,,,,,,,,,,,,,,,,,,,,,,,,,,,,,,,,,,
AB_S26_O2,5,1.35E+01,2.35E-01,7.06E-01,7.44E-01,1.47E+01,,,,,,,,,,,,,,,,,,,,,,,,,,,,,,,,,,,
AB_S26_O2,5,1.35E+01,2.33E-01,8.40E-01,8.72E-01,1.55E+01,,,,,,,,,,,,,,,,,,,,,,,,,,,,,,,,,,,
AB_S26_O2,5,1.35E+01,2.68E-01,9.63E-01,9.99E-01,1.35E+01,,,,,,,,,,,,,,,,,,,,,,,,,,,,,,,,,,,
AB_S26_O2,5,1.35E+01,2.79E-01,1.06E+00,1.10E+00,1.58E+01,,,,,,,,,,,,,,,,,,,,,,,,,,,,,,,,,,,
AB_S26_O2,5,1.35E+01,3.25E-01,1.22E+00,1.26E+00,1.74E+01,,,,,,,,,,,,,,,,,,,,,,,,,,,,,,,,,,,
AB_S26_O2,5,1.35E+01,3.48E-01,1.34E+00,1.39E+00,1.56E+01,,,,,,,,,,,,,,,,,,,,,,,,,,,,,,,,,,,
AB_S26_O2,5,1.35E+01,3.70E-01,1.48E+00,1.52E+00,1.70E+01,,,,,,,,,,,,,,,,,,,,,,,,,,,,,,,,,,,
AB_S26_O2,5,1.35E+01,3.93E-01,1.62E+00,1.67E+00,1.47E+01,,,,,,,,,,,,,,,,,,,,,,,,,,,,,,,,,,,
AB_S26_O2,5,1.36E+01,3.91E-01,1.72E+00,1.76E+00,1.54E+01,,,,,,,,,,,,,,,,,,,,,,,,,,,,,,,,,,,
AB_S26_O2,5,1.36E+01,4.14E-01,1.88E+00,1.92E+00,1.62E+01,,,,,,,,,,,,,,,,,,,,,,,,,,,,,,,,,,,
AB_S26_O2,5,1.36E+01,4.24E-01,1.99E+00,2.03E+00,1.39E+01,,,,,,,,,,,,,,,,,,,,,,,,,,,,,,,,,,,
AB_S26_O2,5,1.36E+01,4.23E-01,2.11E+00,2.15E+00,1.54E+01,,,,,,,,,,,,,,,,,,,,,,,,,,,,,,,,,,,
AB_S26_O2,5,1.36E+01,4.45E-01,2.24E+00,2.29E+00,1.62E+01,,,,,,,,,,,,,,,,,,,,,,,,,,,,,,,,,,,
AB_S26_O2,5,1.36E+01,4.55E-01,2.38E+00,2.42E+00,1.47E+01,,,,,,,,,,,,,,,,,,,,,,,,,,,,,,,,,,,
AB_S26_O2,5,1.36E+01,4.66E-01,2.49E+00,2.53E+00,1.55E+01,,,,,,,,,,,,,,,,,,,,,,,,,,,,,,,,,,,
AB_S26_O2,5,1.36E+01,4.89E-01,2.63E+00,2.68E+00,1.78E+01,,,,,,,,,,,,,,,,,,,,,,,,,,,,,,,,,,,
AB_S26_O2,5,1.36E+01,5.11E-01,2.78E+00,2.83E+00,1.55E+01,,,,,,,,,,,,,,,,,,,,,,,,,,,,,,,,,,,
AB_S26_O2,5,1.36E+01,5.22E-01,2.89E+00,2.94E+00,1.47E+01,,,,,,,,,,,,,,,,,,,,,,,,,,,,,,,,,,,
AB_S26_O2,5,1.36E+01,5.32E-01,3.03E+00,3.07E+00,1.54E+01,,,,,,,,,,,,,,,,,,,,,,,,,,,,,,,,,,,
AB_S26_O2,5,1.36E+01,5.42E-01,3.15E+00,3.19E+00,1.39E+01,,,,,,,,,,,,,,,,,,,,,,,,,,,,,,,,,,,
AB_S26_O2,5,1.37E+01,5.41E-01,3.26E+00,3.30E+00,1.32E+01,,,,,,,,,,,,,,,,,,,,,,,,,,,,,,,,,,,
AB_S26_O2,5,1.37E+01,5.52E-01,3.37E+00,3.41E+00,1.54E+01,,,,,,,,,,,,,,,,,,,,,,,,,,,,,,,,,,,
AB_S26_O2,5,1.37E+01,5.62E-01,3.51E+00,3.56E+00,1.69E+01,,,,,,,,,,,,,,,,,,,,,,,,,,,,,,,,,,,
AB_S26_O2,5,1.37E+01,5.84E-01,3.65E+00,3.69E+00,1.42E+01,,,,,,,,,,,,,,,,,,,,,,,,,,,,,,,,,,,
AB_S26_O2,5,1.37E+01,6.07E-01,3.74E+00,3.79E+00,1.35E+01,,,,,,,,,,,,,,,,,,,,,,,,,,,,,,,,,,,
AB_S26_O2,5,1.37E+01,6.30E-01,3.87E+00,3.92E+00,1.48E+01,,,,,,,,,,,,,,,,,,,,,,,,,,,,,,,,,,,
AB_S26_O2,5,1.37E+01,6.41E-01,3.99E+00,4.04E+00,1.48E+01,,,,,,,,,,,,,,,,,,,,,,,,,,,,,,,,,,,
AB_S26_O2,5,1.37E+01,6.63E-01,4.11E+00,4.16E+00,1.40E+01,,,,,,,,,,,,,,,,,,,,,,,,,,,,,,,,,,,
AB_S26_O2,5,1.37E+01,6.74E-01,4.22E+00,4.27E+00,1.10E+01,,,,,,,,,,,,,,,,,,,,,,,,,,,,,,,,,,,
AB_S26_O2,5,1.37E+01,6.73E-01,4.29E+00,4.35E+00,1.25E+01,,,,,,,,,,,,,,,,,,,,,,,,,,,,,,,,,,,
AB_S26_O2,5,1.37E+01,6.95E-01,4.43E+00,4.48E+00,1.56E+01,,,,,,,,,,,,,,,,,,,,,,,,,,,,,,,,,,,
AB_S26_O2,5,1.37E+01,7.18E-01,4.55E+00,4.61E+00,,,,,,,,,,,,,,,,,,,,,,,,,,,,,,,,,,,,
,,,,,,,,,,,,,,,,,,,,,,,,,,,,,,,,,,,,,,,,,
AB_S26_O3,1,1.50E+00,1.41E+00,1.00E+00,1.72E+00,,,,,,,,,,,,,,,,,,,,,,,,,,,,,,,,,,,,
AB_S26_O3,1,1.51E+00,1.43E+00,1.06E+00,1.78E+00,7.56E+00,,,,,,,,,,,,,,,,,,,,,,,,,,,,,,,,,,,
AB_S26_O3,1,1.52E+00,1.44E+00,1.12E+00,1.83E+00,6.51E+00,,,,,,,,,,,,,,,,,,,,,,,,,,,,,,,,,,,
AB_S26_O3,1,1.53E+00,1.45E+00,1.17E+00,1.87E+00,6.51E+00,,,,,,,,,,,,,,,,,,,,,,,,,,,,,,,,,,,
AB_S26_O3,1,1.53E+00,1.47E+00,1.23E+00,1.91E+00,7.73E+00,,,,,,,,,,,,,,,,,,,,,,,,,,,,,,,,,,,
AB_S26_O3,1,1.54E+00,1.50E+00,1.29E+00,1.98E+00,7.11E+00,,,,,,,,,,,,,,,,,,,,,,,,,,,,,,,,,,,
AB_S26_O3,1,1.55E+00,1.50E+00,1.34E+00,2.01E+00,7.32E+00,,,,,,,,,,,,,,,,,,,,,,,,,,,,,,,,,,,
AB_S26_O3,1,1.56E+00,1.52E+00,1.41E+00,2.07E+00,7.79E+00,,,,,,,,,,,,,,,,,,,,,,,,,,,,,,,,,,,
AB_S26_O3,1,1.57E+00,1.52E+00,1.47E+00,2.11E+00,7.32E+00,,,,,,,,,,,,,,,,,,,,,,,,,,,,,,,,,,,
AB_S26_O3,1,1.58E+00,1.54E+00,1.53E+00,2.17E+00,7.71E+00,,,,,,,,,,,,,,,,,,,,,,,,,,,,,,,,,,,
AB_S26_O3,1,1.58E+00,1.53E+00,1.60E+00,2.21E+00,7.67E+00,,,,,,,,,,,,,,,,,,,,,,,,,,,,,,,,,,,
AB_S26_O3,1,1.59E+00,1.54E+00,1.66E+00,2.26E+00,8.19E+00,,,,,,,,,,,,,,,,,,,,,,,,,,,,,,,,,,,
AB_S26_O3,1,1.60E+00,1.54E+00,1.73E+00,2.32E+00,8.19E+00,,,,,,,,,,,,,,,,,,,,,,,,,,,,,,,,,,,
AB_S26_O3,1,1.61E+00,1.55E+00,1.80E+00,2.37E+00,9.29E+00,,,,,,,,,,,,,,,,,,,,,,,,,,,,,,,,,,,
AB_S26_O3,1,1.62E+00,1.57E+00,1.89E+00,2.45E+00,9.99E+00,,,,,,,,,,,,,,,,,,,,,,,,,,,,,,,,,,,
AB_S26_O3,1,1.63E+00,1.59E+00,1.96E+00,2.52E+00,8.36E+00,,,,,,,,,,,,,,,,,,,,,,,,,,,,,,,,,,,
AB_S26_O3,1,1.63E+00,1.60E+00,2.02E+00,2.58E+00,8.73E+00,,,,,,,,,,,,,,,,,,,,,,,,,,,,,,,,,,,
AB_S26_O3,1,1.64E+00,1.61E+00,2.10E+00,2.65E+00,9.29E+00,,,,,,,,,,,,,,,,,,,,,,,,,,,,,,,,,,,
AB_S26_O3,1,1.65E+00,1.62E+00,2.18E+00,2.71E+00,1.01E+01,,,,,,,,,,,,,,,,,,,,,,,,,,,,,,,,,,,
AB_S26_O3,1,1.66E+00,1.62E+00,2.27E+00,2.79E+00,1.10E+01,,,,,,,,,,,,,,,,,,,,,,,,,,,,,,,,,,,
AB_S26_O3,1,1.67E+00,1.63E+00,2.36E+00,2.87E+00,9.20E+00,,,,,,,,,,,,,,,,,,,,,,,,,,,,,,,,,,,
AB_S26_O3,1,1.68E+00,1.63E+00,2.42E+00,2.92E+00,8.26E+00,,,,,,,,,,,,,,,,,,,,,,,,,,,,,,,,,,,
AB_S26_O3,1,1.69E+00,1.65E+00,2.50E+00,2.99E+00,8.94E+00,,,,,,,,,,,,,,,,,,,,,,,,,,,,,,,,,,,
AB_S26_O3,1,1.69E+00,1.67E+00,2.57E+00,3.06E+00,8.82E+00,,,,,,,,,,,,,,,,,,,,,,,,,,,,,,,,,,,
AB_S26_O3,1,1.70E+00,1.67E+00,2.64E+00,3.13E+00,9.10E+00,,,,,,,,,,,,,,,,,,,,,,,,,,,,,,,,,,,
AB_S26_O3,1,1.71E+00,1.67E+00,2.72E+00,3.19E+00,9.58E+00,,,,,,,,,,,,,,,,,,,,,,,,,,,,,,,,,,,
AB_S26_O3,1,1.72E+00,1.68E+00,2.80E+00,3.26E+00,9.29E+00,,,,,,,,,,,,,,,,,,,,,,,,,,,,,,,,,,,
AB_S26_O3,1,1.73E+00,1.70E+00,2.87E+00,3.34E+00,8.82E+00,,,,,,,,,,,,,,,,,,,,,,,,,,,,,,,,,,,
AB_S26_O3,1,1.74E+00,1.70E+00,2.95E+00,3.40E+00,8.66E+00,,,,,,,,,,,,,,,,,,,,,,,,,,,,,,,,,,,
AB_S26_O3,1,1.74E+00,1.71E+00,3.02E+00,3.47E+00,8.19E+00,,,,,,,,,,,,,,,,,,,,,,,,,,,,,,,,,,,
AB_S26_O3,1,1.75E+00,1.71E+00,3.08E+00,3.52E+00,9.58E+00,,,,,,,,,,,,,,,,,,,,,,,,,,,,,,,,,,,
AB_S26_O3,1,1.76E+00,1.71E+00,3.18E+00,3.61E+00,9.14E+00,,,,,,,,,,,,,,,,,,,,,,,,,,,,,,,,,,,
AB_S26_O3,1,1.77E+00,1.72E+00,3.23E+00,3.66E+00,7.43E+00,,,,,,,,,,,,,,,,,,,,,,,,,,,,,,,,,,,
AB_S26_O3,1,1.78E+00,1.73E+00,3.30E+00,3.73E+00,8.26E+00,,,,,,,,,,,,,,,,,,,,,,,,,,,,,,,,,,,
AB_S26_O3,1,1.79E+00,1.74E+00,3.37E+00,3.79E+00,8.15E+00,,,,,,,,,,,,,,,,,,,,,,,,,,,,,,,,,,,
AB_S26_O3,1,1.79E+00,1.74E+00,3.43E+00,3.85E+00,8.73E+00,,,,,,,,,,,,,,,,,,,,,,,,,,,,,,,,,,,
AB_S26_O3,1,1.80E+00,1.76E+00,3.51E+00,3.93E+00,8.82E+00,,,,,,,,,,,,,,,,,,,,,,,,,,,,,,,,,,,
AB_S26_O3,1,1.81E+00,1.76E+00,3.58E+00,3.99E+00,7.24E+00,,,,,,,,,,,,,,,,,,,,,,,,,,,,,,,,,,,
AB_S26_O3,1,1.82E+00,1.77E+00,3.64E+00,4.04E+00,8.73E+00,,,,,,,,,,,,,,,,,,,,,,,,,,,,,,,,,,,
AB_S26_O3,1,1.83E+00,1.78E+00,3.72E+00,4.13E+00,1.02E+01,,,,,,,,,,,,,,,,,,,,,,,,,,,,,,,,,,,
AB_S26_O3,1,1.84E+00,1.79E+00,3.80E+00,4.21E+00,7.71E+00,,,,,,,,,,,,,,,,,,,,,,,,,,,,,,,,,,,
AB_S26_O3,1,1.84E+00,1.79E+00,3.85E+00,4.25E+00,7.24E+00,,,,,,,,,,,,,,,,,,,,,,,,,,,,,,,,,,,
AB_S26_O3,1,1.85E+00,1.81E+00,3.92E+00,4.32E+00,7.79E+00,,,,,,,,,,,,,,,,,,,,,,,,,,,,,,,,,,,
AB_S26_O3,1,1.86E+00,1.81E+00,3.98E+00,4.37E+00,8.19E+00,,,,,,,,,,,,,,,,,,,,,,,,,,,,,,,,,,,
AB_S26_O3,1,1.87E+00,1.82E+00,4.06E+00,4.45E+00,,,,,,,,,,,,,,,,,,,,,,,,,,,,,,,,,,,,
,,,,,,,,,,,,,,,,,,,,,,,,,,,,,,,,,,,,,,,,,
AB_S26_O3,2,1.38E+01,2.28E+00,1.08E+00,2.52E+00,,,,,,,,,,,,,,,,,,,,,,,,,,,,,,,,,,,,
AB_S26_O3,2,1.38E+01,2.28E+00,1.13E+00,2.54E+00,6.97E+00,,,,,,,,,,,,,,,,,,,,,,,,,,,,,,,,,,,
AB_S26_O3,2,1.38E+01,2.29E+00,1.20E+00,2.58E+00,6.85E+00,,,,,,,,,,,,,,,,,,,,,,,,,,,,,,,,,,,
AB_S26_O3,2,1.39E+01,2.30E+00,1.24E+00,2.61E+00,5.92E+00,,,,,,,,,,,,,,,,,,,,,,,,,,,,,,,,,,,
AB_S26_O3,2,1.39E+01,2.31E+00,1.30E+00,2.65E+00,6.38E+00,,,,,,,,,,,,,,,,,,,,,,,,,,,,,,,,,,,
AB_S26_O3,2,1.39E+01,2.32E+00,1.35E+00,2.68E+00,6.53E+00,,,,,,,,,,,,,,,,,,,,,,,,,,,,,,,,,,,
AB_S26_O3,2,1.39E+01,2.32E+00,1.40E+00,2.71E+00,6.53E+00,,,,,,,,,,,,,,,,,,,,,,,,,,,,,,,,,,,
AB_S26_O3,2,1.39E+01,2.33E+00,1.46E+00,2.75E+00,5.58E+00,,,,,,,,,,,,,,,,,,,,,,,,,,,,,,,,,,,
AB_S26_O3,2,1.39E+01,2.33E+00,1.50E+00,2.77E+00,7.04E+00,,,,,,,,,,,,,,,,,,,,,,,,,,,,,,,,,,,
AB_S26_O3,2,1.39E+01,2.36E+00,1.57E+00,2.84E+00,7.79E+00,,,,,,,,,,,,,,,,,,,,,,,,,,,,,,,,,,,
AB_S26_O3,2,1.39E+01,2.37E+00,1.62E+00,2.87E+00,5.86E+00,,,,,,,,,,,,,,,,,,,,,,,,,,,,,,,,,,,
AB_S26_O3,2,1.39E+01,2.38E+00,1.67E+00,2.90E+00,7.20E+00,,,,,,,,,,,,,,,,,,,,,,,,,,,,,,,,,,,
AB_S26_O3,2,1.39E+01,2.39E+00,1.74E+00,2.96E+00,9.81E+00,,,,,,,,,,,,,,,,,,,,,,,,,,,,,,,,,,,
AB_S26_O3,2,1.39E+01,2.41E+00,1.83E+00,3.02E+00,8.49E+00,,,,,,,,,,,,,,,,,,,,,,,,,,,,,,,,,,,
AB_S26_O3,2,1.39E+01,2.41E+00,1.88E+00,3.06E+00,7.28E+00,,,,,,,,,,,,,,,,,,,,,,,,,,,,,,,,,,,
AB_S26_O3,2,1.40E+01,2.42E+00,1.95E+00,3.11E+00,7.51E+00,,,,,,,,,,,,,,,,,,,,,,,,,,,,,,,,,,,
AB_S26_O3,2,1.40E+01,2.43E+00,2.00E+00,3.15E+00,6.97E+00,,,,,,,,,,,,,,,,,,,,,,,,,,,,,,,,,,,
AB_S26_O3,2,1.40E+01,2.43E+00,2.06E+00,3.19E+00,8.22E+00,,,,,,,,,,,,,,,,,,,,,,,,,,,,,,,,,,,
AB_S26_O3,2,1.40E+01,2.44E+00,2.14E+00,3.25E+00,9.29E+00,,,,,,,,,,,,,,,,,,,,,,,,,,,,,,,,,,,
AB_S26_O3,2,1.40E+01,2.45E+00,2.22E+00,3.31E+00,8.26E+00,,,,,,,,,,,,,,,,,,,,,,,,,,,,,,,,,,,
AB_S26_O3,2,1.40E+01,2.46E+00,2.28E+00,3.35E+00,8.02E+00,,,,,,,,,,,,,,,,,,,,,,,,,,,,,,,,,,,
AB_S26_O3,2,1.40E+01,2.47E+00,2.35E+00,3.41E+00,8.30E+00,,,,,,,,,,,,,,,,,,,,,,,,,,,,,,,,,,,
AB_S26_O3,2,1.40E+01,2.48E+00,2.41E+00,3.46E+00,8.30E+00,,,,,,,,,,,,,,,,,,,,,,,,,,,,,,,,,,,
AB_S26_O3,2,1.40E+01,2.49E+00,2.49E+00,3.52E+00,7.66E+00,,,,,,,,,,,,,,,,,,,,,,,,,,,,,,,,,,,
AB_S26_O3,2,1.40E+01,2.51E+00,2.54E+00,3.57E+00,9.06E+00,,,,,,,,,,,,,,,,,,,,,,,,,,,,,,,,,,,
AB_S26_O3,2,1.40E+01,2.52E+00,2.64E+00,3.65E+00,1.02E+01,,,,,,,,,,,,,,,,,,,,,,,,,,,,,,,,,,,
AB_S26_O3,2,1.40E+01,2.53E+00,2.71E+00,3.71E+00,8.26E+00,,,,,,,,,,,,,,,,,,,,,,,,,,,,,,,,,,,
AB_S26_O3,2,1.41E+01,2.54E+00,2.77E+00,3.76E+00,8.19E+00,,,,,,,,,,,,,,,,,,,,,,,,,,,,,,,,,,,
AB_S26_O3,2,1.41E+01,2.54E+00,2.84E+00,3.81E+00,8.40E+00,,,,,,,,,,,,,,,,,,,,,,,,,,,,,,,,,,,
AB_S26_O3,2,1.41E+01,2.55E+00,2.91E+00,3.87E+00,7.95E+00,,,,,,,,,,,,,,,,,,,,,,,,,,,,,,,,,,,
AB_S26_O3,2,1.41E+01,2.55E+00,2.98E+00,3.92E+00,7.95E+00,,,,,,,,,,,,,,,,,,,,,,,,,,,,,,,,,,,
AB_S26_O3,2,1.41E+01,2.56E+00,3.04E+00,3.97E+00,7.95E+00,,,,,,,,,,,,,,,,,,,,,,,,,,,,,,,,,,,
AB_S26_O3,2,1.41E+01,2.56E+00,3.11E+00,4.03E+00,7.95E+00,,,,,,,,,,,,,,,,,,,,,,,,,,,,,,,,,,,
AB_S26_O3,2,1.41E+01,2.57E+00,3.18E+00,4.08E+00,8.22E+00,,,,,,,,,,,,,,,,,,,,,,,,,,,,,,,,,,,
AB_S26_O3,2,1.41E+01,2.58E+00,3.24E+00,4.14E+00,9.69E+00,,,,,,,,,,,,,,,,,,,,,,,,,,,,,,,,,,,
AB_S26_O3,2,1.41E+01,2.62E+00,3.33E+00,4.23E+00,9.83E+00,,,,,,,,,,,,,,,,,,,,,,,,,,,,,,,,,,,
AB_S26_O3,2,1.41E+01,2.62E+00,3.40E+00,4.29E+00,8.16E+00,,,,,,,,,,,,,,,,,,,,,,,,,,,,,,,,,,,
AB_S26_O3,2,1.41E+01,2.62E+00,3.47E+00,4.35E+00,8.16E+00,,,,,,,,,,,,,,,,,,,,,,,,,,,,,,,,,,,
AB_S26_O3,2,1.41E+01,2.63E+00,3.54E+00,4.41E+00,8.93E+00,,,,,,,,,,,,,,,,,,,,,,,,,,,,,,,,,,,
AB_S26_O3,2,1.42E+01,2.64E+00,3.61E+00,4.47E+00,8.97E+00,,,,,,,,,,,,,,,,,,,,,,,,,,,,,,,,,,,
AB_S26_O3,2,1.42E+01,2.65E+00,3.69E+00,4.54E+00,9.24E+00,,,,,,,,,,,,,,,,,,,,,,,,,,,,,,,,,,,
AB_S26_O3,2,1.42E+01,2.66E+00,3.77E+00,4.61E+00,9.71E+00,,,,,,,,,,,,,,,,,,,,,,,,,,,,,,,,,,,
AB_S26_O3,2,1.42E+01,2.67E+00,3.85E+00,4.68E+00,9.83E+00,,,,,,,,,,,,,,,,,,,,,,,,,,,,,,,,,,,
AB_S26_O3,2,1.42E+01,2.70E+00,3.92E+00,4.77E+00,9.33E+00,,,,,,,,,,,,,,,,,,,,,,,,,,,,,,,,,,,
AB_S26_O3,2,1.42E+01,2.72E+00,3.99E+00,4.83E+00,9.17E+00,,,,,,,,,,,,,,,,,,,,,,,,,,,,,,,,,,,
AB_S26_O3,2,1.42E+01,2.74E+00,4.07E+00,4.91E+00,1.04E+01,,,,,,,,,,,,,,,,,,,,,,,,,,,,,,,,,,,
AB_S26_O3,2,1.42E+01,2.77E+00,4.16E+00,5.00E+00,1.01E+01,,,,,,,,,,,,,,,,,,,,,,,,,,,,,,,,,,,
AB_S26_O3,2,1.42E+01,2.79E+00,4.24E+00,5.07E+00,,,,,,,,,,,,,,,,,,,,,,,,,,,,,,,,,,,,
,,,,,,,,,,,,,,,,,,,,,,,,,,,,,,,,,,,,,,,,,
AB_S26_O3,3,2.36E+01,3.94E+00,6.08E-01,3.98E+00,,,,,,,,,,,,,,,,,,,,,,,,,,,,,,,,,,,,
AB_S26_O3,3,2.36E+01,3.94E+00,6.56E-01,3.99E+00,5.51E+00,,,,,,,,,,,,,,,,,,,,,,,,,,,,,,,,,,,
AB_S26_O3,3,2.36E+01,3.94E+00,7.00E-01,4.00E+00,4.55E+00,,,,,,,,,,,,,,,,,,,,,,,,,,,,,,,,,,,
AB_S26_O3,3,2.36E+01,3.94E+00,7.32E-01,4.00E+00,3.83E+00,,,,,,,,,,,,,,,,,,,,,,,,,,,,,,,,,,,
AB_S26_O3,3,2.36E+01,3.94E+00,7.64E-01,4.01E+00,5.05E+00,,,,,,,,,,,,,,,,,,,,,,,,,,,,,,,,,,,
AB_S26_O3,3,2.36E+01,3.94E+00,8.16E-01,4.02E+00,6.00E+00,,,,,,,,,,,,,,,,,,,,,,,,,,,,,,,,,,,
AB_S26_O3,3,2.36E+01,3.94E+00,8.64E-01,4.03E+00,5.50E+00,,,,,,,,,,,,,,,,,,,,,,,,,,,,,,,,,,,
AB_S26_O3,3,2.37E+01,3.94E+00,9.08E-01,4.04E+00,5.50E+00,,,,,,,,,,,,,,,,,,,,,,,,,,,,,,,,,,,
AB_S26_O3,3,2.37E+01,3.94E+00,9.55E-01,4.05E+00,5.75E+00,,,,,,,,,,,,,,,,,,,,,,,,,,,,,,,,,,,
AB_S26_O3,3,2.37E+01,3.94E+00,1.00E+00,4.06E+00,6.02E+00,,,,,,,,,,,,,,,,,,,,,,,,,,,,,,,,,,,
AB_S26_O3,3,2.37E+01,3.94E+00,1.06E+00,4.08E+00,6.24E+00,,,,,,,,,,,,,,,,,,,,,,,,,,,,,,,,,,,
AB_S26_O3,3,2.37E+01,3.94E+00,1.11E+00,4.09E+00,6.94E+00,,,,,,,,,,,,,,,,,,,,,,,,,,,,,,,,,,,
AB_S26_O3,3,2.37E+01,3.94E+00,1.17E+00,4.11E+00,6.97E+00,,,,,,,,,,,,,,,,,,,,,,,,,,,,,,,,,,,
AB_S26_O3,3,2.37E+01,3.95E+00,1.22E+00,4.13E+00,7.18E+00,,,,,,,,,,,,,,,,,,,,,,,,,,,,,,,,,,,
AB_S26_O3,3,2.37E+01,3.94E+00,1.29E+00,4.14E+00,6.24E+00,,,,,,,,,,,,,,,,,,,,,,,,,,,,,,,,,,,
AB_S26_O3,3,2.37E+01,3.94E+00,1.33E+00,4.15E+00,5.02E+00,,,,,,,,,,,,,,,,,,,,,,,,,,,,,,,,,,,
AB_S26_O3,3,2.37E+01,3.93E+00,1.37E+00,4.17E+00,6.22E+00,,,,,,,,,,,,,,,,,,,,,,,,,,,,,,,,,,,
AB_S26_O3,3,2.37E+01,3.94E+00,1.43E+00,4.19E+00,6.22E+00,,,,,,,,,,,,,,,,,,,,,,,,,,,,,,,,,,,
AB_S26_O3,3,2.37E+01,3.93E+00,1.48E+00,4.20E+00,7.65E+00,,,,,,,,,,,,,,,,,,,,,,,,,,,,,,,,,,,
AB_S26_O3,3,2.38E+01,3.93E+00,1.56E+00,4.23E+00,7.42E+00,,,,,,,,,,,,,,,,,,,,,,,,,,,,,,,,,,,
AB_S26_O3,3,2.38E+01,3.93E+00,1.60E+00,4.24E+00,6.70E+00,,,,,,,,,,,,,,,,,,,,,,,,,,,,,,,,,,,
AB_S26_O3,3,2.38E+01,3.93E+00,1.67E+00,4.27E+00,6.95E+00,,,,,,,,,,,,,,,,,,,,,,,,,,,,,,,,,,,
AB_S26_O3,3,2.38E+01,3.93E+00,1.72E+00,4.29E+00,6.94E+00,,,,,,,,,,,,,,,,,,,,,,,,,,,,,,,,,,,
AB_S26_O3,3,2.38E+01,3.93E+00,1.79E+00,4.32E+00,7.67E+00,,,,,,,,,,,,,,,,,,,,,,,,,,,,,,,,,,,
AB_S26_O3,3,2.38E+01,3.93E+00,1.85E+00,4.35E+00,6.95E+00,,,,,,,,,,,,,,,,,,,,,,,,,,,,,,,,,,,
AB_S26_O3,3,2.38E+01,3.93E+00,1.90E+00,4.37E+00,6.22E+00,,,,,,,,,,,,,,,,,,,,,,,,,,,,,,,,,,,
AB_S26_O3,3,2.38E+01,3.93E+00,1.95E+00,4.39E+00,6.70E+00,,,,,,,,,,,,,,,,,,,,,,,,,,,,,,,,,,,
AB_S26_O3,3,2.38E+01,3.93E+00,2.01E+00,4.41E+00,6.95E+00,,,,,,,,,,,,,,,,,,,,,,,,,,,,,,,,,,,
AB_S26_O3,3,2.38E+01,3.93E+00,2.07E+00,4.44E+00,7.21E+00,,,,,,,,,,,,,,,,,,,,,,,,,,,,,,,,,,,
AB_S26_O3,3,2.38E+01,3.94E+00,2.13E+00,4.48E+00,7.91E+00,,,,,,,,,,,,,,,,,,,,,,,,,,,,,,,,,,,
AB_S26_O3,3,2.38E+01,3.94E+00,2.20E+00,4.51E+00,7.66E+00,,,,,,,,,,,,,,,,,,,,,,,,,,,,,,,,,,,
AB_S26_O3,3,2.39E+01,3.93E+00,2.26E+00,4.54E+00,6.94E+00,,,,,,,,,,,,,,,,,,,,,,,,,,,,,,,,,,,
AB_S26_O3,3,2.39E+01,3.93E+00,2.31E+00,4.56E+00,6.70E+00,,,,,,,,,,,,,,,,,,,,,,,,,,,,,,,,,,,
AB_S26_O3,3,2.39E+01,3.93E+00,2.37E+00,4.59E+00,7.42E+00,,,,,,,,,,,,,,,,,,,,,,,,,,,,,,,,,,,
AB_S26_O3,3,2.39E+01,3.93E+00,2.44E+00,4.62E+00,7.42E+00,,,,,,,,,,,,,,,,,,,,,,,,,,,,,,,,,,,
AB_S26_O3,3,2.39E+01,3.92E+00,2.50E+00,4.65E+00,7.90E+00,,,,,,,,,,,,,,,,,,,,,,,,,,,,,,,,,,,
AB_S26_O3,3,2.39E+01,3.92E+00,2.57E+00,4.68E+00,7.66E+00,,,,,,,,,,,,,,,,,,,,,,,,,,,,,,,,,,,
AB_S26_O3,3,2.39E+01,3.92E+00,2.62E+00,4.71E+00,7.98E+00,,,,,,,,,,,,,,,,,,,,,,,,,,,,,,,,,,,
AB_S26_O3,3,2.39E+01,3.93E+00,2.70E+00,4.77E+00,9.57E+00,,,,,,,,,,,,,,,,,,,,,,,,,,,,,,,,,,,
AB_S26_O3,3,2.39E+01,3.91E+00,2.78E+00,4.80E+00,9.36E+00,,,,,,,,,,,,,,,,,,,,,,,,,,,,,,,,,,,
AB_S26_O3,3,2.39E+01,3.91E+00,2.86E+00,4.84E+00,8.15E+00,,,,,,,,,,,,,,,,,,,,,,,,,,,,,,,,,,,
AB_S26_O3,3,2.39E+01,3.92E+00,2.92E+00,4.88E+00,7.65E+00,,,,,,,,,,,,,,,,,,,,,,,,,,,,,,,,,,,
AB_S26_O3,3,2.39E+01,3.91E+00,2.98E+00,4.92E+00,7.93E+00,,,,,,,,,,,,,,,,,,,,,,,,,,,,,,,,,,,
AB_S26_O3,3,2.40E+01,3.90E+00,3.05E+00,4.95E+00,7.67E+00,,,,,,,,,,,,,,,,,,,,,,,,,,,,,,,,,,,
AB_S26_O3,3,2.40E+01,3.90E+00,3.11E+00,4.98E+00,7.18E+00,,,,,,,,,,,,,,,,,,,,,,,,,,,,,,,,,,,
AB_S26_O3,3,2.40E+01,3.89E+00,3.17E+00,5.02E+00,6.70E+00,,,,,,,,,,,,,,,,,,,,,,,,,,,,,,,,,,,
AB_S26_O3,3,2.40E+01,3.89E+00,3.22E+00,5.05E+00,6.72E+00,,,,,,,,,,,,,,,,,,,,,,,,,,,,,,,,,,,
AB_S26_O3,3,2.40E+01,3.88E+00,3.28E+00,5.08E+00,7.42E+00,,,,,,,,,,,,,,,,,,,,,,,,,,,,,,,,,,,
AB_S26_O3,3,2.40E+01,3.88E+00,3.35E+00,5.12E+00,7.42E+00,,,,,,,,,,,,,,,,,,,,,,,,,,,,,,,,,,,
AB_S26_O3,3,2.40E+01,3.88E+00,3.41E+00,5.16E+00,5.63E+00,,,,,,,,,,,,,,,,,,,,,,,,,,,,,,,,,,,
AB_S26_O3,3,2.40E+01,3.85E+00,3.44E+00,5.16E+00,7.60E+00,,,,,,,,,,,,,,,,,,,,,,,,,,,,,,,,,,,
AB_S26_O3,3,2.40E+01,3.84E+00,3.53E+00,5.22E+00,8.15E+00,,,,,,,,,,,,,,,,,,,,,,,,,,,,,,,,,,,
AB_S26_O3,3,2.40E+01,3.84E+00,3.57E+00,5.24E+00,6.22E+00,,,,,,,,,,,,,,,,,,,,,,,,,,,,,,,,,,,
AB_S26_O3,3,2.40E+01,3.84E+00,3.63E+00,5.29E+00,,,,,,,,,,,,,,,,,,,,,,,,,,,,,,,,,,,,
,,,,,,,,,,,,,,,,,,,,,,,,,,,,,,,,,,,,,,,,,
AB_S26_O3,4,2.78E+01,4.07E+00,1.03E+00,4.20E+00,,,,,,,,,,,,,,,,,,,,,,,,,,,,,,,,,,,,
AB_S26_O3,4,2.78E+01,4.07E+00,1.07E+00,4.21E+00,4.18E+00,,,,,,,,,,,,,,,,,,,,,,,,,,,,,,,,,,,
AB_S26_O3,4,2.78E+01,4.09E+00,1.10E+00,4.23E+00,3.95E+00,,,,,,,,,,,,,,,,,,,,,,,,,,,,,,,,,,,
AB_S26_O3,4,2.78E+01,4.09E+00,1.13E+00,4.24E+00,4.18E+00,,,,,,,,,,,,,,,,,,,,,,,,,,,,,,,,,,,
AB_S26_O3,4,2.79E+01,4.10E+00,1.17E+00,4.26E+00,5.16E+00,,,,,,,,,,,,,,,,,,,,,,,,,,,,,,,,,,,
AB_S26_O3,4,2.79E+01,4.10E+00,1.21E+00,4.28E+00,4.88E+00,,,,,,,,,,,,,,,,,,,,,,,,,,,,,,,,,,,
AB_S26_O3,4,2.79E+01,4.11E+00,1.25E+00,4.30E+00,5.07E+00,,,,,,,,,,,,,,,,,,,,,,,,,,,,,,,,,,,
AB_S26_O3,4,2.79E+01,4.11E+00,1.30E+00,4.31E+00,5.27E+00,,,,,,,,,,,,,,,,,,,,,,,,,,,,,,,,,,,
AB_S26_O3,4,2.79E+01,4.11E+00,1.33E+00,4.32E+00,3.59E+00,,,,,,,,,,,,,,,,,,,,,,,,,,,,,,,,,,,
AB_S26_O3,4,2.79E+01,4.11E+00,1.36E+00,4.33E+00,4.41E+00,,,,,,,,,,,,,,,,,,,,,,,,,,,,,,,,,,,
AB_S26_O3,4,2.79E+01,4.12E+00,1.41E+00,4.36E+00,6.00E+00,,,,,,,,,,,,,,,,,,,,,,,,,,,,,,,,,,,
AB_S26_O3,4,2.79E+01,4.15E+00,1.45E+00,4.39E+00,5.14E+00,,,,,,,,,,,,,,,,,,,,,,,,,,,,,,,,,,,
AB_S26_O3,4,2.79E+01,4.16E+00,1.48E+00,4.42E+00,4.62E+00,,,,,,,,,,,,,,,,,,,,,,,,,,,,,,,,,,,
AB_S26_O3,4,2.79E+01,4.17E+00,1.52E+00,4.44E+00,4.47E+00,,,,,,,,,,,,,,,,,,,,,,,,,,,,,,,,,,,
AB_S26_O3,4,2.79E+01,4.18E+00,1.56E+00,4.46E+00,4.40E+00,,,,,,,,,,,,,,,,,,,,,,,,,,,,,,,,,,,
AB_S26_O3,4,2.79E+01,4.20E+00,1.59E+00,4.49E+00,3.86E+00,,,,,,,,,,,,,,,,,,,,,,,,,,,,,,,,,,,
AB_S26_O3,4,2.80E+01,4.20E+00,1.62E+00,4.50E+00,3.71E+00,,,,,,,,,,,,,,,,,,,,,,,,,,,,,,,,,,,
AB_S26_O3,4,2.80E+01,4.21E+00,1.65E+00,4.52E+00,4.31E+00,,,,,,,,,,,,,,,,,,,,,,,,,,,,,,,,,,,
AB_S26_O3,4,2.80E+01,4.22E+00,1.69E+00,4.55E+00,3.11E+00,,,,,,,,,,,,,,,,,,,,,,,,,,,,,,,,,,,
AB_S26_O3,4,2.80E+01,4.23E+00,1.70E+00,4.56E+00,2.67E+00,,,,,,,,,,,,,,,,,,,,,,,,,,,,,,,,,,,
AB_S26_O3,4,2.80E+01,4.23E+00,1.73E+00,4.57E+00,3.86E+00,,,,,,,,,,,,,,,,,,,,,,,,,,,,,,,,,,,
AB_S26_O3,4,2.80E+01,4.23E+00,1.77E+00,4.59E+00,5.82E+00,,,,,,,,,,,,,,,,,,,,,,,,,,,,,,,,,,,
AB_S26_O3,4,2.80E+01,4.24E+00,1.83E+00,4.62E+00,5.07E+00,,,,,,,,,,,,,,,,,,,,,,,,,,,,,,,,,,,
AB_S26_O3,4,2.80E+01,4.24E+00,1.85E+00,4.63E+00,3.43E+00,,,,,,,,,,,,,,,,,,,,,,,,,,,,,,,,,,,
AB_S26_O3,4,2.80E+01,4.25E+00,1.88E+00,4.65E+00,3.66E+00,,,,,,,,,,,,,,,,,,,,,,,,,,,,,,,,,,,
AB_S26_O3,4,2.80E+01,4.25E+00,1.91E+00,4.66E+00,3.83E+00,,,,,,,,,,,,,,,,,,,,,,,,,,,,,,,,,,,
AB_S26_O3,4,2.80E+01,4.25E+00,1.95E+00,4.68E+00,3.86E+00,,,,,,,,,,,,,,,,,,,,,,,,,,,,,,,,,,,
AB_S26_O3,4,2.80E+01,4.26E+00,1.98E+00,4.69E+00,4.37E+00,,,,,,,,,,,,,,,,,,,,,,,,,,,,,,,,,,,
AB_S26_O3,4,2.81E+01,4.26E+00,2.02E+00,4.71E+00,5.27E+00,,,,,,,,,,,,,,,,,,,,,,,,,,,,,,,,,,,
AB_S26_O3,4,2.81E+01,4.26E+00,2.06E+00,4.73E+00,4.07E+00,,,,,,,,,,,,,,,,,,,,,,,,,,,,,,,,,,,
AB_S26_O3,4,2.81E+01,4.26E+00,2.09E+00,4.74E+00,4.31E+00,,,,,,,,,,,,,,,,,,,,,,,,,,,,,,,,,,,
AB_S26_O3,4,2.81E+01,4.26E+00,2.14E+00,4.76E+00,5.03E+00,,,,,,,,,,,,,,,,,,,,,,,,,,,,,,,,,,,
AB_S26_O3,4,2.81E+01,4.26E+00,2.17E+00,4.78E+00,2.67E+00,,,,,,,,,,,,,,,,,,,,,,,,,,,,,,,,,,,
AB_S26_O3,4,2.81E+01,4.25E+00,2.18E+00,4.77E+00,3.83E+00,,,,,,,,,,,,,,,,,,,,,,,,,,,,,,,,,,,
AB_S26_O3,4,2.81E+01,4.25E+00,2.23E+00,4.81E+00,5.31E+00,,,,,,,,,,,,,,,,,,,,,,,,,,,,,,,,,,,
AB_S26_O3,4,2.81E+01,4.26E+00,2.27E+00,4.82E+00,3.62E+00,,,,,,,,,,,,,,,,,,,,,,,,,,,,,,,,,,,
AB_S26_O3,4,2.81E+01,4.26E+00,2.29E+00,4.84E+00,3.86E+00,,,,,,,,,,,,,,,,,,,,,,,,,,,,,,,,,,,
AB_S26_O3,4,2.81E+01,4.26E+00,2.33E+00,4.86E+00,4.55E+00,,,,,,,,,,,,,,,,,,,,,,,,,,,,,,,,,,,
AB_S26_O3,4,2.81E+01,4.26E+00,2.37E+00,4.88E+00,4.31E+00,,,,,,,,,,,,,,,,,,,,,,,,,,,,,,,,,,,
AB_S26_O3,4,2.81E+01,4.26E+00,2.40E+00,4.89E+00,3.11E+00,,,,,,,,,,,,,,,,,,,,,,,,,,,,,,,,,,,
AB_S26_O3,4,2.82E+01,4.26E+00,2.42E+00,4.90E+00,3.56E+00,,,,,,,,,,,,,,,,,,,,,,,,,,,,,,,,,,,
AB_S26_O3,4,2.82E+01,4.28E+00,2.46E+00,4.93E+00,3.78E+00,,,,,,,,,,,,,,,,,,,,,,,,,,,,,,,,,,,
AB_S26_O3,4,2.82E+01,4.28E+00,2.48E+00,4.95E+00,4.07E+00,,,,,,,,,,,,,,,,,,,,,,,,,,,,,,,,,,,
AB_S26_O3,4,2.82E+01,4.27E+00,2.53E+00,4.97E+00,4.31E+00,,,,,,,,,,,,,,,,,,,,,,,,,,,,,,,,,,,
AB_S26_O3,4,2.82E+01,4.27E+00,2.56E+00,4.98E+00,3.35E+00,,,,,,,,,,,,,,,,,,,,,,,,,,,,,,,,,,,
AB_S26_O3,4,2.82E+01,4.27E+00,2.58E+00,4.99E+00,3.60E+00,,,,,,,,,,,,,,,,,,,,,,,,,,,,,,,,,,,
AB_S26_O3,4,2.82E+01,4.27E+00,2.61E+00,5.01E+00,3.89E+00,,,,,,,,,,,,,,,,,,,,,,,,,,,,,,,,,,,
AB_S26_O3,4,2.82E+01,4.28E+00,2.65E+00,5.03E+00,4.33E+00,,,,,,,,,,,,,,,,,,,,,,,,,,,,,,,,,,,
AB_S26_O3,4,2.82E+01,4.28E+00,2.69E+00,5.05E+00,4.55E+00,,,,,,,,,,,,,,,,,,,,,,,,,,,,,,,,,,,
AB_S26_O3,4,2.82E+01,4.27E+00,2.72E+00,5.07E+00,4.33E+00,,,,,,,,,,,,,,,,,,,,,,,,,,,,,,,,,,,
AB_S26_O3,4,2.82E+01,4.27E+00,2.76E+00,5.08E+00,4.31E+00,,,,,,,,,,,,,,,,,,,,,,,,,,,,,,,,,,,
AB_S26_O3,4,2.82E+01,4.27E+00,2.79E+00,5.10E+00,3.35E+00,,,,,,,,,,,,,,,,,,,,,,,,,,,,,,,,,,,
AB_S26_O3,4,2.83E+01,4.27E+00,2.81E+00,5.11E+00,3.11E+00,,,,,,,,,,,,,,,,,,,,,,,,,,,,,,,,,,,
AB_S26_O3,4,2.83E+01,4.27E+00,2.85E+00,5.13E+00,2.17E+00,,,,,,,,,,,,,,,,,,,,,,,,,,,,,,,,,,,
AB_S26_O3,4,2.83E+01,4.27E+00,2.85E+00,5.13E+00,2.88E+00,,,,,,,,,,,,,,,,,,,,,,,,,,,,,,,,,,,
AB_S26_O3,4,2.83E+01,4.27E+00,2.89E+00,5.16E+00,4.31E+00,,,,,,,,,,,,,,,,,,,,,,,,,,,,,,,,,,,
AB_S26_O3,4,2.83E+01,4.27E+00,2.92E+00,5.17E+00,3.59E+00,,,,,,,,,,,,,,,,,,,,,,,,,,,,,,,,,,,
AB_S26_O3,4,2.83E+01,4.27E+00,2.95E+00,5.19E+00,3.83E+00,,,,,,,,,,,,,,,,,,,,,,,,,,,,,,,,,,,
AB_S26_O3,4,2.83E+01,4.26E+00,2.99E+00,5.21E+00,3.35E+00,,,,,,,,,,,,,,,,,,,,,,,,,,,,,,,,,,,
AB_S26_O3,4,2.83E+01,4.26E+00,3.01E+00,5.22E+00,3.83E+00,,,,,,,,,,,,,,,,,,,,,,,,,,,,,,,,,,,
AB_S26_O3,4,2.83E+01,4.26E+00,3.05E+00,5.24E+00,4.79E+00,,,,,,,,,,,,,,,,,,,,,,,,,,,,,,,,,,,
AB_S26_O3,4,2.83E+01,4.26E+00,3.09E+00,5.26E+00,,,,,,,,,,,,,,,,,,,,,,,,,,,,,,,,,,,,
,,,,,,,,,,,,,,,,,,,,,,,,,,,,,,,,,,,,,,,,,
AB_S27_O1,1,0.125,0.418,0.176,0.454,,,,,,,,,,,,,,,,,,,,,,,,,,,,,,,,,,,,
AB_S27_O1,1,0.133,0.462,0.249,0.525,9.066,,,,,,,,,,,,,,,,,,,,,,,,,,,,,,,,,,,
AB_S27_O1,1,0.142,0.477,0.315,0.572,6.953,,,,,,,,,,,,,,,,,,,,,,,,,,,,,,,,,,,
AB_S27_O1,1,0.15,0.499,0.36,0.615,8.905,,,,,,,,,,,,,,,,,,,,,,,,,,,,,,,,,,,
AB_S27_O1,1,0.158,0.528,0.455,0.697,12.27,,,,,,,,,,,,,,,,,,,,,,,,,,,,,,,,,,,
AB_S27_O1,1,0.167,0.55,0.558,0.783,9.715,,,,,,,,,,,,,,,,,,,,,,,,,,,,,,,,,,,
AB_S27_O1,1,0.175,0.543,0.616,0.821,10.27,,,,,,,,,,,,,,,,,,,,,,,,,,,,,,,,,,,
AB_S27_O1,1,0.184,0.58,0.726,0.929,12.51,,,,,,,,,,,,,,,,,,,,,,,,,,,,,,,,,,,
AB_S27_O1,1,0.192,0.58,0.822,1.006,10.64,,,,,,,,,,,,,,,,,,,,,,,,,,,,,,,,,,,
AB_S27_O1,1,0.2,0.602,0.902,1.085,11.95,,,,,,,,,,,,,,,,,,,,,,,,,,,,,,,,,,,
AB_S27_O1,1,0.209,0.602,1.02,1.184,12.82,,,,,,,,,,,,,,,,,,,,,,,,,,,,,,,,,,,
AB_S27_O1,1,0.217,0.624,1.115,1.278,12.27,,,,,,,,,,,,,,,,,,,,,,,,,,,,,,,,,,,
AB_S27_O1,1,0.225,0.653,1.218,1.382,13.31,,,,,,,,,,,,,,,,,,,,,,,,,,,,,,,,,,,
AB_S27_O1,1,0.234,0.653,1.335,1.486,13.64,,,,,,,,,,,,,,,,,,,,,,,,,,,,,,,,,,,
AB_S27_O1,1,0.242,0.66,1.445,1.589,13.12,,,,,,,,,,,,,,,,,,,,,,,,,,,,,,,,,,,
AB_S27_O1,1,0.25,0.704,1.548,1.701,16.22,,,,,,,,,,,,,,,,,,,,,,,,,,,,,,,,,,,
AB_S27_O1,1,0.259,0.719,1.709,1.855,17.2,,,,,,,,,,,,,,,,,,,,,,,,,,,,,,,,,,,
AB_S27_O1,1,0.267,0.726,1.834,1.973,15.18,,,,,,,,,,,,,,,,,,,,,,,,,,,,,,,,,,,
AB_S27_O1,1,0.275,0.763,1.959,2.102,17.08,,,,,,,,,,,,,,,,,,,,,,,,,,,,,,,,,,,
AB_S27_O1,1,0.284,0.785,2.113,2.254,16.99,,,,,,,,,,,,,,,,,,,,,,,,,,,,,,,,,,,
AB_S27_O1,1,0.292,0.814,2.238,2.381,15.7,,,,,,,,,,,,,,,,,,,,,,,,,,,,,,,,,,,
AB_S27_O1,1,0.3,0.836,2.37,2.513,16.99,,,,,,,,,,,,,,,,,,,,,,,,,,,,,,,,,,,
AB_S27_O1,1,0.309,0.866,2.517,2.661,20.7,,,,,,,,,,,,,,,,,,,,,,,,,,,,,,,,,,,
AB_S27_O1,1,0.317,0.91,2.707,2.856,21.33,,,,,,,,,,,,,,,,,,,,,,,,,,,,,,,,,,,
AB_S27_O1,1,0.325,0.954,2.861,3.016,19.21,,,,,,,,,,,,,,,,,,,,,,,,,,,,,,,,,,,
AB_S27_O1,1,0.334,0.998,3.015,3.176,17.71,,,,,,,,,,,,,,,,,,,,,,,,,,,,,,,,,,,
AB_S27_O1,1,0.342,1.027,3.148,3.311,16.98,,,,,,,,,,,,,,,,,,,,,,,,,,,,,,,,,,,
AB_S27_O1,1,0.35,1.079,3.287,3.459,19.11,,,,,,,,,,,,,,,,,,,,,,,,,,,,,,,,,,,
AB_S27_O1,1,0.359,1.152,3.441,3.629,18.31,,,,,,,,,,,,,,,,,,,,,,,,,,,,,,,,,,,
AB_S27_O1,1,0.367,1.203,3.566,3.763,15.94,,,,,,,,,,,,,,,,,,,,,,,,,,,,,,,,,,,
AB_S27_O1,1,0.375,1.262,3.683,3.893,13.98,,,,,,,,,,,,,,,,,,,,,,,,,,,,,,,,,,,
AB_S27_O1,1,0.384,1.299,3.779,3.995,14.36,,,,,,,,,,,,,,,,,,,,,,,,,,,,,,,,,,,
AB_S27_O1,1,0.392,1.372,3.896,4.13,15.32,,,,,,,,,,,,,,,,,,,,,,,,,,,,,,,,,,,
AB_S27_O1,1,0.4,1.46,3.977,4.236,,,,,,,,,,,,,,,,,,,,,,,,,,,,,,,,,,,,
,,,,,,,,,,,,,,,,,,,,,,,,,,,,,,,,,,,,,,,,,
AB_S27_O2,1,8.3,-0.584,0.765,0.963,,,,,,,,,,,,,,,,,,,,,,,,,,,,,,,,,,,,
AB_S27_O2,1,8.308,-0.608,0.858,1.051,8.939,,,,,,,,,,,,,,,,,,,,,,,,,,,,,,,,,,,
AB_S27_O2,1,8.317,-0.638,0.904,1.107,11.83,,,,,,,,,,,,,,,,,,,,,,,,,,,,,,,,,,,
AB_S27_O2,1,8.325,-0.708,1.028,1.248,14.3,,,,,,,,,,,,,,,,,,,,,,,,,,,,,,,,,,,
AB_S27_O2,1,8.333,-0.754,1.113,1.344,12.46,,,,,,,,,,,,,,,,,,,,,,,,,,,,,,,,,,,
AB_S27_O2,1,8.342,-0.785,1.221,1.451,12.59,,,,,,,,,,,,,,,,,,,,,,,,,,,,,,,,,,,
AB_S27_O2,1,8.35,-0.816,1.313,1.546,11.27,,,,,,,,,,,,,,,,,,,,,,,,,,,,,,,,,,,
AB_S27_O2,1,8.358,-0.847,1.398,1.635,11,,,,,,,,,,,,,,,,,,,,,,,,,,,,,,,,,,,
AB_S27_O2,1,8.367,-0.862,1.491,1.722,12.25,,,,,,,,,,,,,,,,,,,,,,,,,,,,,,,,,,,
AB_S27_O2,1,8.375,-0.886,1.599,1.828,13.03,,,,,,,,,,,,,,,,,,,,,,,,,,,,,,,,,,,
AB_S27_O2,1,8.383,-0.886,1.707,1.923,11.12,,,,,,,,,,,,,,,,,,,,,,,,,,,,,,,,,,,
AB_S27_O2,1,8.392,-0.893,1.784,1.995,10.22,,,,,,,,,,,,,,,,,,,,,,,,,,,,,,,,,,,
AB_S27_O2,1,8.4,-0.901,1.877,2.082,11.15,,,,,,,,,,,,,,,,,,,,,,,,,,,,,,,,,,,
AB_S27_O2,1,8.408,-0.909,1.97,2.169,13.95,,,,,,,,,,,,,,,,,,,,,,,,,,,,,,,,,,,
AB_S27_O2,1,8.417,-0.924,2.109,2.302,14.88,,,,,,,,,,,,,,,,,,,,,,,,,,,,,,,,,,,
AB_S27_O2,1,8.425,-0.932,2.217,2.405,15.34,,,,,,,,,,,,,,,,,,,,,,,,,,,,,,,,,,,
AB_S27_O2,1,8.433,-0.947,2.364,2.546,13.09,,,,,,,,,,,,,,,,,,,,,,,,,,,,,,,,,,,
AB_S27_O2,1,8.442,-0.963,2.433,2.617,11.13,,,,,,,,,,,,,,,,,,,,,,,,,,,,,,,,,,,
AB_S27_O2,1,8.45,-1.001,2.541,2.731,15.82,,,,,,,,,,,,,,,,,,,,,,,,,,,,,,,,,,,
AB_S27_O2,1,8.458,-1.055,2.68,2.88,18.44,,,,,,,,,,,,,,,,,,,,,,,,,,,,,,,,,,,
AB_S27_O2,1,8.467,-1.094,2.835,3.038,16.72,,,,,,,,,,,,,,,,,,,,,,,,,,,,,,,,,,,
AB_S27_O2,1,8.475,-1.079,2.958,3.149,15.27,,,,,,,,,,,,,,,,,,,,,,,,,,,,,,,,,,,
AB_S27_O2,1,8.483,-1.156,3.082,3.291,14.2,,,,,,,,,,,,,,,,,,,,,,,,,,,,,,,,,,,
AB_S27_O2,1,8.492,-1.156,3.182,3.385,13.03,,,,,,,,,,,,,,,,,,,,,,,,,,,,,,,,,,,
AB_S27_O2,1,8.5,-1.218,3.29,3.508,15.52,,,,,,,,,,,,,,,,,,,,,,,,,,,,,,,,,,,
AB_S27_O2,1,8.509,-1.233,3.429,3.644,16.52,,,,,,,,,,,,,,,,,,,,,,,,,,,,,,,,,,,
AB_S27_O2,1,8.517,-1.272,3.56,3.781,,,,,,,,,,,,,,,,,,,,,,,,,,,,,,,,,,,,
,,,,,,,,,,,,,,,,,,,,,,,,,,,,,,,,,,,,,,,,,
AB_S27_O2,2,9.442766667,-0.561192359,0.765063655,0.948819931,,,,,,,,,,,,,,,,,,,,,,,,,,,,,,,,,,,,
AB_S27_O2,2,9.451108333,-0.58435821,0.888614858,1.063536968,13.49440158,,,,,,,,,,,,,,,,,,,,,,,,,,,,,,,,,,,
AB_S27_O2,2,9.45945,-0.58435821,0.98900021,1.148736668,11.19494851,,,,,,,,,,,,,,,,,,,,,,,,,,,,,,,,,,,
AB_S27_O2,2,9.467791667,-0.60752406,1.073941662,1.233870405,13.09149249,,,,,,,,,,,,,,,,,,,,,,,,,,,,,,,,,,,
AB_S27_O2,2,9.476133333,-0.61524601,1.205214815,1.3531705,13.45465363,,,,,,,,,,,,,,,,,,,,,,,,,,,,,,,,,,,
AB_S27_O2,2,9.484475,-0.62296796,1.297878217,1.439644729,15.33717375,,,,,,,,,,,,,,,,,,,,,,,,,,,,,,,,,,,
AB_S27_O2,2,9.492816667,-0.638411861,1.46003917,1.593513126,14.46743198,,,,,,,,,,,,,,,,,,,,,,,,,,,,,,,,,,,
AB_S27_O2,2,9.501158333,-0.653855761,1.537258672,1.670536315,10.10888735,,,,,,,,,,,,,,,,,,,,,,,,,,,,,,,,,,,
AB_S27_O2,2,9.5095,-0.684743562,1.622200124,1.760797259,12.11405255,,,,,,,,,,,,,,,,,,,,,,,,,,,,,,,,,,,
AB_S27_O2,2,9.517841667,-0.677021612,1.738029376,1.865235742,14.35594228,,,,,,,,,,,,,,,,,,,,,,,,,,,,,,,,,,,
AB_S27_O2,2,9.526183333,-0.692465512,1.861580579,1.986200075,14.81856332,,,,,,,,,,,,,,,,,,,,,,,,,,,,,,,,,,,
AB_S27_O2,2,9.534525,-0.684743562,1.985131781,2.099909983,13.88562467,,,,,,,,,,,,,,,,,,,,,,,,,,,,,,,,,,,
AB_S27_O2,2,9.542866667,-0.692465512,2.093239084,2.204803471,14.46743198,,,,,,,,,,,,,,,,,,,,,,,,,,,,,,,,,,,
AB_S27_O2,2,9.551208333,-0.715631362,2.224512237,2.336789023,16.72050628,,,,,,,,,,,,,,,,,,,,,,,,,,,,,,,,,,,
AB_S27_O2,2,9.55955,-0.715631362,2.37122929,2.476864266,14.84023317,,,,,,,,,,,,,,,,,,,,,,,,,,,,,,,,,,,
AB_S27_O2,2,9.567891667,-0.731075263,2.471614642,2.577469685,11.65436985,,,,,,,,,,,,,,,,,,,,,,,,,,,,,,,,,,,
AB_S27_O2,2,9.576233333,-0.738797213,2.564278044,2.668584495,11.60832317,,,,,,,,,,,,,,,,,,,,,,,,,,,,,,,,,,,
AB_S27_O2,2,9.584575,-0.746519163,2.664663396,2.76725891,12.50563064,,,,,,,,,,,,,,,,,,,,,,,,,,,,,,,,,,,
AB_S27_O2,2,9.592916667,-0.746519163,2.772770698,2.871506261,15.79818263,,,,,,,,,,,,,,,,,,,,,,,,,,,,,,,,,,,
AB_S27_O2,2,9.601258333,-0.769685014,2.927209702,3.026709708,18.10463955,,,,,,,,,,,,,,,,,,,,,,,,,,,,,,,,,,,
AB_S27_O2,2,9.6096,-0.769685014,3.073926755,3.168823238,12.5313008,,,,,,,,,,,,,,,,,,,,,,,,,,,,,,,,,,,
AB_S27_O2,2,9.617941667,-0.785128914,3.135702356,3.232500066,18.14600813,,,,,,,,,,,,,,,,,,,,,,,,,,,,,,,,,,,
AB_S27_O2,2,9.626283333,-0.800572814,3.375082811,3.468731874,19.95110812,,,,,,,,,,,,,,,,,,,,,,,,,,,,,,,,,,,
AB_S27_O2,2,9.634625,-0.808294764,3.467746213,3.560702771,13.6208156,,,,,,,,,,,,,,,,,,,,,,,,,,,,,,,,,,,
AB_S27_O2,2,9.642966667,-0.839182565,3.599019366,3.695560549,13.17306021,,,,,,,,,,,,,,,,,,,,,,,,,,,,,,,,,,,
AB_S27_O2,2,9.651308333,-0.877792316,3.676238868,3.779583517,11.12776862,,,,,,,,,,,,,,,,,,,,,,,,,,,,,,,,,,,
AB_S27_O2,2,9.65965,-0.893236216,3.77662422,3.880819686,,,,,,,,,,,,,,,,,,,,,,,,,,,,,,,,,,,,
,,,,,,,,,,,,,,,,,,,,,,,,,,,,,,,,,,,,,,,,,
AB_S27_O2,3,9.651,-5.21E-03,0.564,0.564,,,,,,,,,,,,,,,,,,,,,,,,,,,,,,,,,,,,
AB_S27_O2,3,9.66,1.80E-02,0.649,0.649,13.45,,,,,,,,,,,,,,,,,,,,,,,,,,,,,,,,,,,
AB_S27_O2,3,9.668,-2.07E-02,0.788,0.789,13.92,,,,,,,,,,,,,,,,,,,,,,,,,,,,,,,,,,,
AB_S27_O2,3,9.676,-4.38E-02,0.873,0.874,13.89,,,,,,,,,,,,,,,,,,,,,,,,,,,,,,,,,,,
AB_S27_O2,3,9.685,-2.84E-02,1.02,1.02,14.82,,,,,,,,,,,,,,,,,,,,,,,,,,,,,,,,,,,
AB_S27_O2,3,9.693,-3.61E-02,1.12,1.121,14.36,,,,,,,,,,,,,,,,,,,,,,,,,,,,,,,,,,,
AB_S27_O2,3,9.701,-3.61E-02,1.259,1.26,17.13,,,,,,,,,,,,,,,,,,,,,,,,,,,,,,,,,,,
AB_S27_O2,3,9.71,-2.84E-02,1.406,1.406,16.67,,,,,,,,,,,,,,,,,,,,,,,,,,,,,,,,,,,
AB_S27_O2,3,9.718,-2.84E-02,1.537,1.538,16.77,,,,,,,,,,,,,,,,,,,,,,,,,,,,,,,,,,,
AB_S27_O2,3,9.726,-5.93E-02,1.684,1.685,15.39,,,,,,,,,,,,,,,,,,,,,,,,,,,,,,,,,,,
AB_S27_O2,3,9.735,-5.93E-02,1.792,1.793,16.66,,,,,,,,,,,,,,,,,,,,,,,,,,,,,,,,,,,
AB_S27_O2,3,9.743,-5.93E-02,1.962,1.963,19.45,,,,,,,,,,,,,,,,,,,,,,,,,,,,,,,,,,,
AB_S27_O2,3,9.751,-6.70E-02,2.116,2.117,16.67,,,,,,,,,,,,,,,,,,,,,,,,,,,,,,,,,,,
AB_S27_O2,3,9.76,-6.70E-02,2.24,2.241,17.69,,,,,,,,,,,,,,,,,,,,,,,,,,,,,,,,,,,
AB_S27_O2,3,9.768,-9.79E-02,2.41,2.412,17.18,,,,,,,,,,,,,,,,,,,,,,,,,,,,,,,,,,,
AB_S27_O2,3,9.776,-9.02E-02,2.526,2.527,18.06,,,,,,,,,,,,,,,,,,,,,,,,,,,,,,,,,,,
AB_S27_O2,3,9.785,-9.02E-02,2.711,2.712,18.51,,,,,,,,,,,,,,,,,,,,,,,,,,,,,,,,,,,
AB_S27_O2,3,9.793,-9.02E-02,2.835,2.836,17.61,,,,,,,,,,,,,,,,,,,,,,,,,,,,,,,,,,,
AB_S27_O2,3,9.801,-0.106,3.004,3.006,18.52,,,,,,,,,,,,,,,,,,,,,,,,,,,,,,,,,,,
AB_S27_O2,3,9.81,-9.79E-02,3.143,3.145,15.74,,,,,,,,,,,,,,,,,,,,,,,,,,,,,,,,,,,
AB_S27_O2,3,9.818,-0.113,3.267,3.269,17.64,,,,,,,,,,,,,,,,,,,,,,,,,,,,,,,,,,,
AB_S27_O2,3,9.826,-0.121,3.437,3.439,18.98,,,,,,,,,,,,,,,,,,,,,,,,,,,,,,,,,,,
AB_S27_O2,3,9.835,-0.113,3.584,3.585,19.9,,,,,,,,,,,,,,,,,,,,,,,,,,,,,,,,,,,
AB_S27_O2,3,9.843,-0.121,3.769,3.771,18.52,,,,,,,,,,,,,,,,,,,,,,,,,,,,,,,,,,,
AB_S27_O2,3,9.852,-0.121,3.892,3.894,17.13,,,,,,,,,,,,,,,,,,,,,,,,,,,,,,,,,,,
AB_S27_O2,3,9.86,-0.129,4.055,4.057,18.08,,,,,,,,,,,,,,,,,,,,,,,,,,,,,,,,,,,
AB_S27_O2,3,9.868,-0.136,4.194,4.196,20.16,,,,,,,,,,,,,,,,,,,,,,,,,,,,,,,,,,,
AB_S27_O2,3,9.877,-0.183,4.387,4.39,,,,,,,,,,,,,,,,,,,,,,,,,,,,,,,,,,,,
,,,,,,,,,,,,,,,,,,,,,,,,,,,,,,,,,,,,,,,,,
AB_S27_O2,4,11.85,-9.02E-02,0.348,0.36,,,,,,,,,,,,,,,,,,,,,,,,,,,,,,,,,,,,
AB_S27_O2,4,11.85,-9.79E-02,0.433,0.444,7.42,,,,,,,,,,,,,,,,,,,,,,,,,,,,,,,,,,,
AB_S27_O2,4,11.86,-9.79E-02,0.472,0.482,7.869,,,,,,,,,,,,,,,,,,,,,,,,,,,,,,,,,,,
AB_S27_O2,4,11.87,-9.79E-02,0.564,0.573,10.65,,,,,,,,,,,,,,,,,,,,,,,,,,,,,,,,,,,
AB_S27_O2,4,11.88,-9.79E-02,0.649,0.657,8.383,,,,,,,,,,,,,,,,,,,,,,,,,,,,,,,,,,,
AB_S27_O2,4,11.89,-8.24E-02,0.703,0.708,10.66,,,,,,,,,,,,,,,,,,,,,,,,,,,,,,,,,,,
AB_S27_O2,4,11.9,-0.106,0.827,0.834,16.31,,,,,,,,,,,,,,,,,,,,,,,,,,,,,,,,,,,
AB_S27_O2,4,11.9,-0.113,0.974,0.98,13.89,,,,,,,,,,,,,,,,,,,,,,,,,,,,,,,,,,,
AB_S27_O2,4,11.91,-0.113,1.058,1.065,11.58,,,,,,,,,,,,,,,,,,,,,,,,,,,,,,,,,,,
AB_S27_O2,4,11.92,-0.106,1.167,1.171,11.15,,,,,,,,,,,,,,,,,,,,,,,,,,,,,,,,,,,
AB_S27_O2,4,11.93,-9.79E-02,1.244,1.248,8.806,,,,,,,,,,,,,,,,,,,,,,,,,,,,,,,,,,,
AB_S27_O2,4,11.94,-9.79E-02,1.313,1.317,8.344,,,,,,,,,,,,,,,,,,,,,,,,,,,,,,,,,,,
AB_S27_O2,4,11.95,-9.02E-02,1.383,1.386,13.03,,,,,,,,,,,,,,,,,,,,,,,,,,,,,,,,,,,
AB_S27_O2,4,11.95,-7.47E-02,1.53,1.531,15.74,,,,,,,,,,,,,,,,,,,,,,,,,,,,,,,,,,,
AB_S27_O2,4,11.96,-8.24E-02,1.645,1.647,12.53,,,,,,,,,,,,,,,,,,,,,,,,,,,,,,,,,,,
AB_S27_O2,4,11.97,-9.02E-02,1.738,1.74,13.43,,,,,,,,,,,,,,,,,,,,,,,,,,,,,,,,,,,
AB_S27_O2,4,11.98,-9.02E-02,1.869,1.871,12.5,,,,,,,,,,,,,,,,,,,,,,,,,,,,,,,,,,,
AB_S27_O2,4,11.99,-9.02E-02,1.947,1.949,11.12,,,,,,,,,,,,,,,,,,,,,,,,,,,,,,,,,,,
AB_S27_O2,4,12,-8.24E-02,2.055,2.056,12.51,,,,,,,,,,,,,,,,,,,,,,,,,,,,,,,,,,,
AB_S27_O2,4,12,-8.24E-02,2.155,2.157,10.65,,,,,,,,,,,,,,,,,,,,,,,,,,,,,,,,,,,
AB_S27_O2,4,12.01,-8.24E-02,2.232,2.234,9.72,,,,,,,,,,,,,,,,,,,,,,,,,,,,,,,,,,,
AB_S27_O2,4,12.02,-8.24E-02,2.317,2.319,11.58,,,,,,,,,,,,,,,,,,,,,,,,,,,,,,,,,,,
AB_S27_O2,4,12.03,-7.47E-02,2.425,2.426,12.97,,,,,,,,,,,,,,,,,,,,,,,,,,,,,,,,,,,
AB_S27_O2,4,12.04,-7.47E-02,2.533,2.534,12.5,,,,,,,,,,,,,,,,,,,,,,,,,,,,,,,,,,,
AB_S27_O2,4,12.05,-7.47E-02,2.634,2.635,12.04,,,,,,,,,,,,,,,,,,,,,,,,,,,,,,,,,,,
AB_S27_O2,4,12.05,-6.70E-02,2.734,2.735,12.04,,,,,,,,,,,,,,,,,,,,,,,,,,,,,,,,,,,
AB_S27_O2,4,12.06,-6.70E-02,2.835,2.835,11.58,,,,,,,,,,,,,,,,,,,,,,,,,,,,,,,,,,,
AB_S27_O2,4,12.07,-5.93E-02,2.927,2.928,12.11,,,,,,,,,,,,,,,,,,,,,,,,,,,,,,,,,,,
AB_S27_O2,4,12.08,-4.38E-02,3.035,3.036,12.18,,,,,,,,,,,,,,,,,,,,,,,,,,,,,,,,,,,
AB_S27_O2,4,12.09,-2.84E-02,3.128,3.128,11.65,,,,,,,,,,,,,,,,,,,,,,,,,,,,,,,,,,,
AB_S27_O2,4,12.1,-2.07E-02,3.228,3.228,11.65,,,,,,,,,,,,,,,,,,,,,,,,,,,,,,,,,,,
AB_S27_O2,4,12.1,-5.21E-03,3.321,3.321,11.19,,,,,,,,,,,,,,,,,,,,,,,,,,,,,,,,,,,
AB_S27_O2,4,12.11,2.51E-03,3.414,3.414,12.63,,,,,,,,,,,,,,,,,,,,,,,,,,,,,,,,,,,
AB_S27_O2,4,12.12,2.57E-02,3.53,3.53,14.53,,,,,,,,,,,,,,,,,,,,,,,,,,,,,,,,,,,
AB_S27_O2,4,12.13,4.11E-02,3.653,3.653,13.92,,,,,,,,,,,,,,,,,,,,,,,,,,,,,,,,,,,
AB_S27_O2,4,12.14,4.11E-02,3.761,3.761,13.03,,,,,,,,,,,,,,,,,,,,,,,,,,,,,,,,,,,
AB_S27_O2,4,12.15,6.43E-02,3.869,3.87,12.02,,,,,,,,,,,,,,,,,,,,,,,,,,,,,,,,,,,
AB_S27_O2,4,12.15,9.52E-02,3.954,3.955,12.46,,,,,,,,,,,,,,,,,,,,,,,,,,,,,,,,,,,
AB_S27_O2,4,12.16,0.118,4.07,4.072,13.92,,,,,,,,,,,,,,,,,,,,,,,,,,,,,,,,,,,
AB_S27_O2,4,12.17,0.157,4.178,4.181,14.79,,,,,,,,,,,,,,,,,,,,,,,,,,,,,,,,,,,
AB_S27_O2,4,12.18,0.203,4.302,4.307,,,,,,,,,,,,,,,,,,,,,,,,,,,,,,,,,,,,
,,,,,,,,,,,,,,,,,,,,,,,,,,,,,,,,,,,,,,,,,
AB_S27_O2,5,21.19,-0.245,0.294,0.382,,,,,,,,,,,,,,,,,,,,,,,,,,,,,,,,,,,,
AB_S27_O2,5,21.2,-0.245,0.371,0.445,10.18,,,,,,,,,,,,,,,,,,,,,,,,,,,,,,,,,,,
AB_S27_O2,5,21.2,-0.245,0.464,0.524,8.331,,,,,,,,,,,,,,,,,,,,,,,,,,,,,,,,,,,
AB_S27_O2,5,21.21,-0.245,0.51,0.566,6.48,,,,,,,,,,,,,,,,,,,,,,,,,,,,,,,,,,,
AB_S27_O2,5,21.22,-0.245,0.572,0.622,6.035,,,,,,,,,,,,,,,,,,,,,,,,,,,,,,,,,,,
AB_S27_O2,5,21.23,-0.237,0.611,0.655,6.496,,,,,,,,,,,,,,,,,,,,,,,,,,,,,,,,,,,
AB_S27_O2,5,21.24,-0.237,0.68,0.72,9.257,,,,,,,,,,,,,,,,,,,,,,,,,,,,,,,,,,,
AB_S27_O2,5,21.25,-0.237,0.765,0.801,8.331,,,,,,,,,,,,,,,,,,,,,,,,,,,,,,,,,,,
AB_S27_O2,5,21.25,-0.237,0.819,0.853,9.72,,,,,,,,,,,,,,,,,,,,,,,,,,,,,,,,,,,
AB_S27_O2,5,21.26,-0.237,0.927,0.957,11.11,,,,,,,,,,,,,,,,,,,,,,,,,,,,,,,,,,,
AB_S27_O2,5,21.27,-0.237,1.004,1.032,13.43,,,,,,,,,,,,,,,,,,,,,,,,,,,,,,,,,,,
AB_S27_O2,5,21.28,-0.229,1.151,1.174,13.43,,,,,,,,,,,,,,,,,,,,,,,,,,,,,,,,,,,
AB_S27_O2,5,21.29,-0.229,1.228,1.25,11.12,,,,,,,,,,,,,,,,,,,,,,,,,,,,,,,,,,,
AB_S27_O2,5,21.3,-0.221,1.336,1.355,12.04,,,,,,,,,,,,,,,,,,,,,,,,,,,,,,,,,,,
AB_S27_O2,5,21.3,-0.221,1.429,1.446,12.51,,,,,,,,,,,,,,,,,,,,,,,,,,,,,,,,,,,
AB_S27_O2,5,21.31,-0.214,1.545,1.56,12.51,,,,,,,,,,,,,,,,,,,,,,,,,,,,,,,,,,,
AB_S27_O2,5,21.32,-0.214,1.638,1.652,13.43,,,,,,,,,,,,,,,,,,,,,,,,,,,,,,,,,,,
AB_S27_O2,5,21.33,-0.206,1.769,1.781,17.13,,,,,,,,,,,,,,,,,,,,,,,,,,,,,,,,,,,
AB_S27_O2,5,21.34,-0.206,1.923,1.934,18.05,,,,,,,,,,,,,,,,,,,,,,,,,,,,,,,,,,,
AB_S27_O2,5,21.35,-0.206,2.07,2.08,12.96,,,,,,,,,,,,,,,,,,,,,,,,,,,,,,,,,,,
AB_S27_O2,5,21.35,-0.206,2.14,2.149,9.764,,,,,,,,,,,,,,,,,,,,,,,,,,,,,,,,,,,
AB_S27_O2,5,21.36,-0.191,2.232,2.24,14.84,,,,,,,,,,,,,,,,,,,,,,,,,,,,,,,,,,,
AB_S27_O2,5,21.37,-0.191,2.387,2.394,19.53,,,,,,,,,,,,,,,,,,,,,,,,,,,,,,,,,,,
AB_S27_O2,5,21.38,-0.16,2.557,2.562,16.52,,,,,,,,,,,,,,,,,,,,,,,,,,,,,,,,,,,
AB_S27_O2,5,21.39,-0.136,2.657,2.66,15.8,,,,,,,,,,,,,,,,,,,,,,,,,,,,,,,,,,,
AB_S27_O2,5,21.4,-0.136,2.819,2.822,16.77,,,,,,,,,,,,,,,,,,,,,,,,,,,,,,,,,,,
AB_S27_O2,5,21.4,-0.106,2.935,2.937,12.71,,,,,,,,,,,,,,,,,,,,,,,,,,,,,,,,,,,
AB_S27_O2,5,21.41,-9.79E-02,3.028,3.029,13.62,,,,,,,,,,,,,,,,,,,,,,,,,,,,,,,,,,,
AB_S27_O2,5,21.42,-6.70E-02,3.159,3.16,16.36,,,,,,,,,,,,,,,,,,,,,,,,,,,,,,,,,,,
AB_S27_O2,5,21.43,-5.93E-02,3.298,3.298,15.28,,,,,,,,,,,,,,,,,,,,,,,,,,,,,,,,,,,
AB_S27_O2,5,21.44,-5.93E-02,3.414,3.414,15.61,,,,,,,,,,,,,,,,,,,,,,,,,,,,,,,,,,,
AB_S27_O2,5,21.45,-5.21E-03,3.553,3.553,15.27,,,,,,,,,,,,,,,,,,,,,,,,,,,,,,,,,,,
AB_S27_O2,5,21.45,2.51E-03,3.661,3.661,12.97,,,,,,,,,,,,,,,,,,,,,,,,,,,,,,,,,,,
AB_S27_O2,5,21.46,2.51E-03,3.769,3.769,11.19,,,,,,,,,,,,,,,,,,,,,,,,,,,,,,,,,,,
AB_S27_O2,5,21.47,2.57E-02,3.846,3.846,13.25,,,,,,,,,,,,,,,,,,,,,,,,,,,,,,,,,,,
AB_S27_O2,5,21.48,4.88E-02,3.985,3.985,15.39,,,,,,,,,,,,,,,,,,,,,,,,,,,,,,,,,,,
AB_S27_O2,5,21.49,5.66E-02,4.101,4.101,11.72,,,,,,,,,,,,,,,,,,,,,,,,,,,,,,,,,,,
AB_S27_O2,5,21.5,7.97E-02,4.178,4.179,12.59,,,,,,,,,,,,,,,,,,,,,,,,,,,,,,,,,,,
AB_S27_O2,5,21.5,0.118,4.302,4.303,12.35,,,,,,,,,,,,,,,,,,,,,,,,,,,,,,,,,,,
AB_S27_O2,5,21.51,0.126,4.379,4.381,,,,,,,,,,,,,,,,,,,,,,,,,,,,,,,,,,,,
,,,,,,,,,,,,,,,,,,,,,,,,,,,,,,,,,,,,,,,,,
AB_S46_O1,1,1.50E+00,2.86E-01,6.53E-01,7.13E-01,,,,,,,,,,,,,,,,,,,,,,,,,,,,,,,,,,,,
AB_S46_O1,1,1.51E+00,3.55E-01,8.25E-01,8.98E-01,2.03E+01,,,,,,,,,,,,,,,,,,,,,,,,,,,,,,,,,,,
AB_S46_O1,1,1.52E+00,4.24E-01,9.62E-01,1.05E+00,1.89E+01,,,,,,,,,,,,,,,,,,,,,,,,,,,,,,,,,,,
AB_S46_O1,1,1.53E+00,4.58E-01,1.12E+00,1.21E+00,1.74E+01,,,,,,,,,,,,,,,,,,,,,,,,,,,,,,,,,,,
AB_S46_O1,1,1.53E+00,5.15E-01,1.24E+00,1.34E+00,1.44E+01,,,,,,,,,,,,,,,,,,,,,,,,,,,,,,,,,,,
AB_S46_O1,1,1.54E+00,5.61E-01,1.34E+00,1.45E+00,1.48E+01,,,,,,,,,,,,,,,,,,,,,,,,,,,,,,,,,,,
AB_S46_O1,1,1.55E+00,6.07E-01,1.47E+00,1.59E+00,1.39E+01,,,,,,,,,,,,,,,,,,,,,,,,,,,,,,,,,,,
AB_S46_O1,1,1.56E+00,6.41E-01,1.56E+00,1.68E+00,1.29E+01,,,,,,,,,,,,,,,,,,,,,,,,,,,,,,,,,,,
AB_S46_O1,1,1.57E+00,6.99E-01,1.66E+00,1.80E+00,1.61E+01,,,,,,,,,,,,,,,,,,,,,,,,,,,,,,,,,,,
AB_S46_O1,1,1.58E+00,7.33E-01,1.81E+00,1.95E+00,1.37E+01,,,,,,,,,,,,,,,,,,,,,,,,,,,,,,,,,,,
AB_S46_O1,1,1.58E+00,7.67E-01,1.88E+00,2.03E+00,1.24E+01,,,,,,,,,,,,,,,,,,,,,,,,,,,,,,,,,,,
AB_S46_O1,1,1.59E+00,8.02E-01,2.00E+00,2.16E+00,1.45E+01,,,,,,,,,,,,,,,,,,,,,,,,,,,,,,,,,,,
AB_S46_O1,1,1.60E+00,8.48E-01,2.11E+00,2.27E+00,1.30E+01,,,,,,,,,,,,,,,,,,,,,,,,,,,,,,,,,,,
AB_S46_O1,1,1.61E+00,8.70E-01,2.21E+00,2.38E+00,1.24E+01,,,,,,,,,,,,,,,,,,,,,,,,,,,,,,,,,,,
AB_S46_O1,1,1.62E+00,9.16E-01,2.30E+00,2.48E+00,1.09E+01,,,,,,,,,,,,,,,,,,,,,,,,,,,,,,,,,,,
AB_S46_O1,1,1.63E+00,9.28E-01,2.38E+00,2.56E+00,1.25E+01,,,,,,,,,,,,,,,,,,,,,,,,,,,,,,,,,,,
AB_S46_O1,1,1.63E+00,9.51E-01,2.51E+00,2.68E+00,1.54E+01,,,,,,,,,,,,,,,,,,,,,,,,,,,,,,,,,,,
AB_S46_O1,1,1.64E+00,1.02E+00,2.62E+00,2.81E+00,1.23E+01,,,,,,,,,,,,,,,,,,,,,,,,,,,,,,,,,,,
AB_S46_O1,1,1.65E+00,1.04E+00,2.69E+00,2.89E+00,1.02E+01,,,,,,,,,,,,,,,,,,,,,,,,,,,,,,,,,,,
AB_S46_O1,1,1.66E+00,1.08E+00,2.78E+00,2.98E+00,1.26E+01,,,,,,,,,,,,,,,,,,,,,,,,,,,,,,,,,,,
AB_S46_O1,1,1.67E+00,1.12E+00,2.89E+00,3.10E+00,1.30E+01,,,,,,,,,,,,,,,,,,,,,,,,,,,,,,,,,,,
AB_S46_O1,1,1.68E+00,1.15E+00,2.99E+00,3.20E+00,1.42E+01,,,,,,,,,,,,,,,,,,,,,,,,,,,,,,,,,,,
AB_S46_O1,1,1.69E+00,1.18E+00,3.12E+00,3.33E+00,,,,,,,,,,,,,,,,,,,,,,,,,,,,,,,,,,,,
,,,,,,,,,,,,,,,,,,,,,,,,,,,,,,,,,,,,,,,,,
AB_S46_O1,2,4.78E+00,8.70E-01,1.37E-01,8.81E-01,,,,,,,,,,,,,,,,,,,,,,,,,,,,,,,,,,,,
AB_S46_O1,2,4.79E+00,8.70E-01,2.18E-01,8.97E-01,1.44E+01,,,,,,,,,,,,,,,,,,,,,,,,,,,,,,,,,,,
AB_S46_O1,2,4.80E+00,8.70E-01,3.78E-01,9.49E-01,2.06E+01,,,,,,,,,,,,,,,,,,,,,,,,,,,,,,,,,,,
AB_S46_O1,2,4.80E+00,8.93E-01,5.61E-01,1.05E+00,1.72E+01,,,,,,,,,,,,,,,,,,,,,,,,,,,,,,,,,,,
AB_S46_O1,2,4.81E+00,8.93E-01,6.64E-01,1.11E+00,1.45E+01,,,,,,,,,,,,,,,,,,,,,,,,,,,,,,,,,,,
AB_S46_O1,2,4.82E+00,9.16E-01,8.02E-01,1.22E+00,1.59E+01,,,,,,,,,,,,,,,,,,,,,,,,,,,,,,,,,,,
AB_S46_O1,2,4.83E+00,9.28E-01,9.28E-01,1.31E+00,1.52E+01,,,,,,,,,,,,,,,,,,,,,,,,,,,,,,,,,,,
AB_S46_O1,2,4.84E+00,9.51E-01,1.05E+00,1.42E+00,1.35E+01,,,,,,,,,,,,,,,,,,,,,,,,,,,,,,,,,,,
AB_S46_O1,2,4.85E+00,9.85E-01,1.15E+00,1.51E+00,1.25E+01,,,,,,,,,,,,,,,,,,,,,,,,,,,,,,,,,,,
AB_S46_O1,2,4.85E+00,9.85E-01,1.26E+00,1.60E+00,1.31E+01,,,,,,,,,,,,,,,,,,,,,,,,,,,,,,,,,,,
AB_S46_O1,2,4.86E+00,9.96E-01,1.36E+00,1.69E+00,1.39E+01,,,,,,,,,,,,,,,,,,,,,,,,,,,,,,,,,,,
AB_S46_O1,2,4.87E+00,1.02E+00,1.49E+00,1.80E+00,1.46E+01,,,,,,,,,,,,,,,,,,,,,,,,,,,,,,,,,,,
AB_S46_O1,2,4.88E+00,1.03E+00,1.60E+00,1.91E+00,1.31E+01,,,,,,,,,,,,,,,,,,,,,,,,,,,,,,,,,,,
AB_S46_O1,2,4.89E+00,1.04E+00,1.71E+00,2.00E+00,1.46E+01,,,,,,,,,,,,,,,,,,,,,,,,,,,,,,,,,,,
AB_S46_O1,2,4.90E+00,1.07E+00,1.84E+00,2.13E+00,1.18E+01,,,,,,,,,,,,,,,,,,,,,,,,,,,,,,,,,,,
AB_S46_O1,2,4.90E+00,1.07E+00,1.90E+00,2.18E+00,1.31E+01,,,,,,,,,,,,,,,,,,,,,,,,,,,,,,,,,,,
AB_S46_O1,2,4.91E+00,1.09E+00,2.06E+00,2.33E+00,1.31E+01,,,,,,,,,,,,,,,,,,,,,,,,,,,,,,,,,,,
AB_S46_O1,2,4.92E+00,1.09E+00,2.12E+00,2.38E+00,1.10E+01,,,,,,,,,,,,,,,,,,,,,,,,,,,,,,,,,,,
AB_S46_O1,2,4.93E+00,1.10E+00,2.24E+00,2.50E+00,1.24E+01,,,,,,,,,,,,,,,,,,,,,,,,,,,,,,,,,,,
AB_S46_O1,2,4.94E+00,1.10E+00,2.32E+00,2.57E+00,1.10E+01,,,,,,,,,,,,,,,,,,,,,,,,,,,,,,,,,,,
AB_S46_O1,2,4.95E+00,1.10E+00,2.43E+00,2.67E+00,1.44E+01,,,,,,,,,,,,,,,,,,,,,,,,,,,,,,,,,,,
AB_S46_O1,2,4.95E+00,1.11E+00,2.57E+00,2.80E+00,1.31E+01,,,,,,,,,,,,,,,,,,,,,,,,,,,,,,,,,,,
AB_S46_O1,2,4.96E+00,1.12E+00,2.65E+00,2.87E+00,1.24E+01,,,,,,,,,,,,,,,,,,,,,,,,,,,,,,,,,,,
AB_S46_O1,2,4.97E+00,1.13E+00,2.77E+00,2.99E+00,1.52E+01,,,,,,,,,,,,,,,,,,,,,,,,,,,,,,,,,,,
AB_S46_O1,2,4.98E+00,1.15E+00,2.90E+00,3.12E+00,1.17E+01,,,,,,,,,,,,,,,,,,,,,,,,,,,,,,,,,,,
AB_S46_O1,2,4.99E+00,1.15E+00,2.97E+00,3.18E+00,7.55E+00,,,,,,,,,,,,,,,,,,,,,,,,,,,,,,,,,,,
AB_S46_O1,2,5.00E+00,1.15E+00,3.02E+00,3.23E+00,1.03E+01,,,,,,,,,,,,,,,,,,,,,,,,,,,,,,,,,,,
AB_S46_O1,2,5.01E+00,1.15E+00,3.14E+00,3.34E+00,1.51E+01,,,,,,,,,,,,,,,,,,,,,,,,,,,,,,,,,,,
AB_S46_O1,2,5.01E+00,1.15E+00,3.28E+00,3.47E+00,1.17E+01,,,,,,,,,,,,,,,,,,,,,,,,,,,,,,,,,,,
AB_S46_O1,2,5.02E+00,1.15E+00,3.33E+00,3.52E+00,9.34E+00,,,,,,,,,,,,,,,,,,,,,,,,,,,,,,,,,,,
AB_S46_O1,2,5.03E+00,1.19E+00,3.42E+00,3.63E+00,,,,,,,,,,,,,,,,,,,,,,,,,,,,,,,,,,,,
,,,,,,,,,,,,,,,,,,,,,,,,,,,,,,,,,,,,,,,,,
AB_S47_O1,1,1.39E+00,3.38E+00,8.59E-01,3.48E+00,,,,,,,,,,,,,,,,,,,,,,,,,,,,,,,,,,,,
AB_S47_O1,1,1.40E+00,3.40E+00,9.17E-01,3.52E+00,7.76E+00,,,,,,,,,,,,,,,,,,,,,,,,,,,,,,,,,,,
AB_S47_O1,1,1.41E+00,3.40E+00,9.86E-01,3.54E+00,7.91E+00,,,,,,,,,,,,,,,,,,,,,,,,,,,,,,,,,,,
AB_S47_O1,1,1.42E+00,3.40E+00,1.05E+00,3.56E+00,7.35E+00,,,,,,,,,,,,,,,,,,,,,,,,,,,,,,,,,,,
AB_S47_O1,1,1.43E+00,3.43E+00,1.11E+00,3.60E+00,7.08E+00,,,,,,,,,,,,,,,,,,,,,,,,,,,,,,,,,,,
AB_S47_O1,1,1.43E+00,3.46E+00,1.15E+00,3.64E+00,5.56E+00,,,,,,,,,,,,,,,,,,,,,,,,,,,,,,,,,,,
AB_S47_O1,1,1.44E+00,3.46E+00,1.19E+00,3.66E+00,5.55E+00,,,,,,,,,,,,,,,,,,,,,,,,,,,,,,,,,,,
AB_S47_O1,1,1.45E+00,3.44E+00,1.24E+00,3.66E+00,5.89E+00,,,,,,,,,,,,,,,,,,,,,,,,,,,,,,,,,,,
AB_S47_O1,1,1.46E+00,3.45E+00,1.29E+00,3.68E+00,7.26E+00,,,,,,,,,,,,,,,,,,,,,,,,,,,,,,,,,,,
AB_S47_O1,1,1.47E+00,3.46E+00,1.36E+00,3.72E+00,8.26E+00,,,,,,,,,,,,,,,,,,,,,,,,,,,,,,,,,,,
AB_S47_O1,1,1.48E+00,3.45E+00,1.43E+00,3.73E+00,8.63E+00,,,,,,,,,,,,,,,,,,,,,,,,,,,,,,,,,,,
AB_S47_O1,1,1.48E+00,3.44E+00,1.51E+00,3.76E+00,9.64E+00,,,,,,,,,,,,,,,,,,,,,,,,,,,,,,,,,,,
AB_S47_O1,1,1.49E+00,3.44E+00,1.59E+00,3.79E+00,8.94E+00,,,,,,,,,,,,,,,,,,,,,,,,,,,,,,,,,,,
AB_S47_O1,1,1.50E+00,3.44E+00,1.66E+00,3.82E+00,7.91E+00,,,,,,,,,,,,,,,,,,,,,,,,,,,,,,,,,,,
AB_S47_O1,1,1.51E+00,3.44E+00,1.72E+00,3.85E+00,7.57E+00,,,,,,,,,,,,,,,,,,,,,,,,,,,,,,,,,,,
AB_S47_O1,1,1.52E+00,3.45E+00,1.78E+00,3.88E+00,8.26E+00,,,,,,,,,,,,,,,,,,,,,,,,,,,,,,,,,,,
AB_S47_O1,1,1.53E+00,3.44E+00,1.86E+00,3.91E+00,8.61E+00,,,,,,,,,,,,,,,,,,,,,,,,,,,,,,,,,,,
AB_S47_O1,1,1.53E+00,3.46E+00,1.93E+00,3.96E+00,8.97E+00,,,,,,,,,,,,,,,,,,,,,,,,,,,,,,,,,,,
AB_S47_O1,1,1.54E+00,3.46E+00,2.01E+00,4.00E+00,8.95E+00,,,,,,,,,,,,,,,,,,,,,,,,,,,,,,,,,,,
AB_S47_O1,1,1.55E+00,3.46E+00,2.08E+00,4.04E+00,8.61E+00,,,,,,,,,,,,,,,,,,,,,,,,,,,,,,,,,,,
AB_S47_O1,1,1.56E+00,3.46E+00,2.15E+00,4.08E+00,7.94E+00,,,,,,,,,,,,,,,,,,,,,,,,,,,,,,,,,,,
AB_S47_O1,1,1.57E+00,3.47E+00,2.21E+00,4.12E+00,7.64E+00,,,,,,,,,,,,,,,,,,,,,,,,,,,,,,,,,,,
AB_S47_O1,1,1.58E+00,3.48E+00,2.28E+00,4.16E+00,7.92E+00,,,,,,,,,,,,,,,,,,,,,,,,,,,,,,,,,,,
AB_S47_O1,1,1.58E+00,3.48E+00,2.34E+00,4.19E+00,7.91E+00,,,,,,,,,,,,,,,,,,,,,,,,,,,,,,,,,,,
AB_S47_O1,1,1.59E+00,3.48E+00,2.41E+00,4.23E+00,7.57E+00,,,,,,,,,,,,,,,,,,,,,,,,,,,,,,,,,,,
AB_S47_O1,1,1.60E+00,3.48E+00,2.47E+00,4.27E+00,7.91E+00,,,,,,,,,,,,,,,,,,,,,,,,,,,,,,,,,,,
AB_S47_O1,1,1.61E+00,3.48E+00,2.54E+00,4.31E+00,7.57E+00,,,,,,,,,,,,,,,,,,,,,,,,,,,,,,,,,,,
AB_S47_O1,1,1.62E+00,3.48E+00,2.59E+00,4.34E+00,6.23E+00,,,,,,,,,,,,,,,,,,,,,,,,,,,,,,,,,,,
AB_S47_O1,1,1.63E+00,3.49E+00,2.64E+00,4.38E+00,7.94E+00,,,,,,,,,,,,,,,,,,,,,,,,,,,,,,,,,,,
AB_S47_O1,1,1.63E+00,3.49E+00,2.72E+00,4.43E+00,9.98E+00,,,,,,,,,,,,,,,,,,,,,,,,,,,,,,,,,,,
AB_S47_O1,1,1.64E+00,3.48E+00,2.81E+00,4.48E+00,9.29E+00,,,,,,,,,,,,,,,,,,,,,,,,,,,,,,,,,,,
AB_S47_O1,1,1.65E+00,3.50E+00,2.88E+00,4.53E+00,8.32E+00,,,,,,,,,,,,,,,,,,,,,,,,,,,,,,,,,,,
AB_S47_O1,1,1.66E+00,3.50E+00,2.95E+00,4.58E+00,8.28E+00,,,,,,,,,,,,,,,,,,,,,,,,,,,,,,,,,,,
AB_S47_O1,1,1.67E+00,3.51E+00,3.02E+00,4.63E+00,7.92E+00,,,,,,,,,,,,,,,,,,,,,,,,,,,,,,,,,,,
AB_S47_O1,1,1.68E+00,3.51E+00,3.08E+00,4.67E+00,7.92E+00,,,,,,,,,,,,,,,,,,,,,,,,,,,,,,,,,,,
AB_S47_O1,1,1.69E+00,3.51E+00,3.15E+00,4.72E+00,8.61E+00,,,,,,,,,,,,,,,,,,,,,,,,,,,,,,,,,,,
AB_S47_O1,1,1.69E+00,3.51E+00,3.22E+00,4.77E+00,7.92E+00,,,,,,,,,,,,,,,,,,,,,,,,,,,,,,,,,,,
AB_S47_O1,1,1.70E+00,3.52E+00,3.28E+00,4.81E+00,7.92E+00,,,,,,,,,,,,,,,,,,,,,,,,,,,,,,,,,,,
AB_S47_O1,1,1.71E+00,3.52E+00,3.36E+00,4.86E+00,8.63E+00,,,,,,,,,,,,,,,,,,,,,,,,,,,,,,,,,,,
AB_S47_O1,1,1.72E+00,3.53E+00,3.42E+00,4.92E+00,7.64E+00,,,,,,,,,,,,,,,,,,,,,,,,,,,,,,,,,,,
AB_S47_O1,1,1.73E+00,3.54E+00,3.48E+00,4.96E+00,6.89E+00,,,,,,,,,,,,,,,,,,,,,,,,,,,,,,,,,,,
AB_S47_O1,1,1.74E+00,3.54E+00,3.54E+00,5.00E+00,7.23E+00,,,,,,,,,,,,,,,,,,,,,,,,,,,,,,,,,,,
AB_S47_O1,1,1.74E+00,3.54E+00,3.60E+00,5.05E+00,7.60E+00,,,,,,,,,,,,,,,,,,,,,,,,,,,,,,,,,,,
AB_S47_O1,1,1.75E+00,3.55E+00,3.67E+00,5.10E+00,6.91E+00,,,,,,,,,,,,,,,,,,,,,,,,,,,,,,,,,,,
AB_S47_O1,1,1.76E+00,3.55E+00,3.72E+00,5.14E+00,7.60E+00,,,,,,,,,,,,,,,,,,,,,,,,,,,,,,,,,,,
AB_S47_O1,1,1.77E+00,3.56E+00,3.79E+00,5.20E+00,9.29E+00,,,,,,,,,,,,,,,,,,,,,,,,,,,,,,,,,,,
AB_S47_O1,1,1.78E+00,3.55E+00,3.87E+00,5.26E+00,7.91E+00,,,,,,,,,,,,,,,,,,,,,,,,,,,,,,,,,,,
AB_S47_O1,1,1.79E+00,3.56E+00,3.92E+00,5.30E+00,7.26E+00,,,,,,,,,,,,,,,,,,,,,,,,,,,,,,,,,,,
AB_S47_O1,1,1.79E+00,3.57E+00,3.99E+00,5.35E+00,,,,,,,,,,,,,,,,,,,,,,,,,,,,,,,,,,,,
,,,,,,,,,,,,,,,,,,,,,,,,,,,,,,,,,,,,,,,,,
AB_S47_O1,2,3.29E+00,2.78E+00,1.43E+00,3.13E+00,,,,,,,,,,,,,,,,,,,,,,,,,,,,,,,,,,,,
AB_S47_O1,2,3.30E+00,2.77E+00,1.53E+00,3.17E+00,9.98E+00,,,,,,,,,,,,,,,,,,,,,,,,,,,,,,,,,,,
AB_S47_O1,2,3.31E+00,2.79E+00,1.60E+00,3.22E+00,8.37E+00,,,,,,,,,,,,,,,,,,,,,,,,,,,,,,,,,,,
AB_S47_O1,2,3.32E+00,2.80E+00,1.66E+00,3.25E+00,9.59E+00,,,,,,,,,,,,,,,,,,,,,,,,,,,,,,,,,,,
AB_S47_O1,2,3.33E+00,2.83E+00,1.75E+00,3.33E+00,1.09E+01,,,,,,,,,,,,,,,,,,,,,,,,,,,,,,,,,,,
AB_S47_O1,2,3.34E+00,2.83E+00,1.84E+00,3.38E+00,8.94E+00,,,,,,,,,,,,,,,,,,,,,,,,,,,,,,,,,,,
AB_S47_O1,2,3.35E+00,2.83E+00,1.90E+00,3.41E+00,8.95E+00,,,,,,,,,,,,,,,,,,,,,,,,,,,,,,,,,,,
AB_S47_O1,2,3.35E+00,2.84E+00,1.99E+00,3.46E+00,9.98E+00,,,,,,,,,,,,,,,,,,,,,,,,,,,,,,,,,,,
AB_S47_O1,2,3.36E+00,2.84E+00,2.07E+00,3.51E+00,1.00E+01,,,,,,,,,,,,,,,,,,,,,,,,,,,,,,,,,,,
AB_S47_O1,2,3.37E+00,2.85E+00,2.16E+00,3.58E+00,1.00E+01,,,,,,,,,,,,,,,,,,,,,,,,,,,,,,,,,,,
AB_S47_O1,2,3.38E+00,2.85E+00,2.24E+00,3.63E+00,1.14E+01,,,,,,,,,,,,,,,,,,,,,,,,,,,,,,,,,,,
AB_S47_O1,2,3.39E+00,2.86E+00,2.35E+00,3.70E+00,1.11E+01,,,,,,,,,,,,,,,,,,,,,,,,,,,,,,,,,,,
AB_S47_O1,2,3.40E+00,2.88E+00,2.42E+00,3.76E+00,9.11E+00,,,,,,,,,,,,,,,,,,,,,,,,,,,,,,,,,,,
AB_S47_O1,2,3.40E+00,2.89E+00,2.49E+00,3.82E+00,1.01E+01,,,,,,,,,,,,,,,,,,,,,,,,,,,,,,,,,,,
AB_S47_O1,2,3.41E+00,2.91E+00,2.59E+00,3.89E+00,1.05E+01,,,,,,,,,,,,,,,,,,,,,,,,,,,,,,,,,,,
AB_S47_O1,2,3.42E+00,2.92E+00,2.67E+00,3.96E+00,1.14E+01,,,,,,,,,,,,,,,,,,,,,,,,,,,,,,,,,,,
AB_S47_O1,2,3.43E+00,2.93E+00,2.78E+00,4.04E+00,1.25E+01,,,,,,,,,,,,,,,,,,,,,,,,,,,,,,,,,,,
AB_S47_O1,2,3.44E+00,2.95E+00,2.87E+00,4.12E+00,1.03E+01,,,,,,,,,,,,,,,,,,,,,,,,,,,,,,,,,,,
AB_S47_O1,2,3.45E+00,2.97E+00,2.94E+00,4.18E+00,9.44E+00,,,,,,,,,,,,,,,,,,,,,,,,,,,,,,,,,,,
AB_S47_O1,2,3.45E+00,2.98E+00,3.03E+00,4.25E+00,1.11E+01,,,,,,,,,,,,,,,,,,,,,,,,,,,,,,,,,,,
AB_S47_O1,2,3.46E+00,2.99E+00,3.13E+00,4.33E+00,1.14E+01,,,,,,,,,,,,,,,,,,,,,,,,,,,,,,,,,,,
AB_S47_O1,2,3.47E+00,3.00E+00,3.22E+00,4.40E+00,1.18E+01,,,,,,,,,,,,,,,,,,,,,,,,,,,,,,,,,,,
AB_S47_O1,2,3.48E+00,3.01E+00,3.32E+00,4.49E+00,1.19E+01,,,,,,,,,,,,,,,,,,,,,,,,,,,,,,,,,,,
AB_S47_O1,2,3.49E+00,3.03E+00,3.41E+00,4.57E+00,1.18E+01,,,,,,,,,,,,,,,,,,,,,,,,,,,,,,,,,,,
AB_S47_O1,2,3.50E+00,3.04E+00,3.52E+00,4.65E+00,1.10E+01,,,,,,,,,,,,,,,,,,,,,,,,,,,,,,,,,,,
AB_S47_O1,2,3.50E+00,3.08E+00,3.59E+00,4.73E+00,1.01E+01,,,,,,,,,,,,,,,,,,,,,,,,,,,,,,,,,,,
AB_S47_O1,2,3.51E+00,3.09E+00,3.68E+00,4.80E+00,1.01E+01,,,,,,,,,,,,,,,,,,,,,,,,,,,,,,,,,,,
AB_S47_O1,2,3.52E+00,3.10E+00,3.76E+00,4.87E+00,1.03E+01,,,,,,,,,,,,,,,,,,,,,,,,,,,,,,,,,,,
AB_S47_O1,2,3.53E+00,3.13E+00,3.84E+00,4.96E+00,1.17E+01,,,,,,,,,,,,,,,,,,,,,,,,,,,,,,,,,,,
AB_S47_O1,2,3.54E+00,3.15E+00,3.95E+00,5.05E+00,1.14E+01,,,,,,,,,,,,,,,,,,,,,,,,,,,,,,,,,,,
AB_S47_O1,2,3.55E+00,3.15E+00,4.03E+00,5.12E+00,9.78E+00,,,,,,,,,,,,,,,,,,,,,,,,,,,,,,,,,,,
AB_S47_O1,2,3.55E+00,3.17E+00,4.11E+00,5.19E+00,1.09E+01,,,,,,,,,,,,,,,,,,,,,,,,,,,,,,,,,,,
AB_S47_O1,2,3.56E+00,3.19E+00,4.21E+00,5.28E+00,1.22E+01,,,,,,,,,,,,,,,,,,,,,,,,,,,,,,,,,,,
AB_S47_O1,2,3.57E+00,3.21E+00,4.31E+00,5.37E+00,1.22E+01,,,,,,,,,,,,,,,,,,,,,,,,,,,,,,,,,,,
AB_S47_O1,2,3.58E+00,3.25E+00,4.41E+00,5.47E+00,1.18E+01,,,,,,,,,,,,,,,,,,,,,,,,,,,,,,,,,,,
AB_S47_O1,2,3.59E+00,3.28E+00,4.49E+00,5.56E+00,1.08E+01,,,,,,,,,,,,,,,,,,,,,,,,,,,,,,,,,,,
AB_S47_O1,2,3.60E+00,3.30E+00,4.58E+00,5.64E+00,,,,,,,,,,,,,,,,,,,,,,,,,,,,,,,,,,,,
,,,,,,,,,,,,,,,,,,,,,,,,,,,,,,,,,,,,,,,,,
AB_S47_O1,3,5.18E+00,2.70E+00,1.39E+00,3.04E+00,,,,,,,,,,,,,,,,,,,,,,,,,,,,,,,,,,,,
AB_S47_O1,3,5.19E+00,2.69E+00,1.50E+00,3.08E+00,1.31E+01,,,,,,,,,,,,,,,,,,,,,,,,,,,,,,,,,,,
AB_S47_O1,3,5.20E+00,2.69E+00,1.61E+00,3.13E+00,1.35E+01,,,,,,,,,,,,,,,,,,,,,,,,,,,,,,,,,,,
AB_S47_O1,3,5.21E+00,2.71E+00,1.72E+00,3.21E+00,1.21E+01,,,,,,,,,,,,,,,,,,,,,,,,,,,,,,,,,,,
AB_S47_O1,3,5.21E+00,2.70E+00,1.81E+00,3.26E+00,1.24E+01,,,,,,,,,,,,,,,,,,,,,,,,,,,,,,,,,,,
AB_S47_O1,3,5.22E+00,2.71E+00,1.93E+00,3.33E+00,1.34E+01,,,,,,,,,,,,,,,,,,,,,,,,,,,,,,,,,,,
AB_S47_O1,3,5.23E+00,2.72E+00,2.04E+00,3.39E+00,1.31E+01,,,,,,,,,,,,,,,,,,,,,,,,,,,,,,,,,,,
AB_S47_O1,3,5.24E+00,2.72E+00,2.14E+00,3.47E+00,1.18E+01,,,,,,,,,,,,,,,,,,,,,,,,,,,,,,,,,,,
AB_S47_O1,3,5.25E+00,2.74E+00,2.23E+00,3.53E+00,1.05E+01,,,,,,,,,,,,,,,,,,,,,,,,,,,,,,,,,,,
AB_S47_O1,3,5.26E+00,2.75E+00,2.32E+00,3.60E+00,1.11E+01,,,,,,,,,,,,,,,,,,,,,,,,,,,,,,,,,,,
AB_S47_O1,3,5.26E+00,2.76E+00,2.41E+00,3.66E+00,1.17E+01,,,,,,,,,,,,,,,,,,,,,,,,,,,,,,,,,,,
AB_S47_O1,3,5.27E+00,2.77E+00,2.51E+00,3.74E+00,1.25E+01,,,,,,,,,,,,,,,,,,,,,,,,,,,,,,,,,,,
AB_S47_O1,3,5.28E+00,2.78E+00,2.62E+00,3.82E+00,1.04E+01,,,,,,,,,,,,,,,,,,,,,,,,,,,,,,,,,,,
AB_S47_O1,3,5.29E+00,2.79E+00,2.68E+00,3.87E+00,9.93E+00,,,,,,,,,,,,,,,,,,,,,,,,,,,,,,,,,,,
AB_S47_O1,3,5.30E+00,2.82E+00,2.78E+00,3.96E+00,1.16E+01,,,,,,,,,,,,,,,,,,,,,,,,,,,,,,,,,,,
AB_S47_O1,3,5.31E+00,2.83E+00,2.87E+00,4.03E+00,9.66E+00,,,,,,,,,,,,,,,,,,,,,,,,,,,,,,,,,,,
AB_S47_O1,3,5.31E+00,2.83E+00,2.94E+00,4.08E+00,9.78E+00,,,,,,,,,,,,,,,,,,,,,,,,,,,,,,,,,,,
AB_S47_O1,3,5.32E+00,2.86E+00,3.03E+00,4.17E+00,1.10E+01,,,,,,,,,,,,,,,,,,,,,,,,,,,,,,,,,,,
AB_S47_O1,3,5.33E+00,2.88E+00,3.12E+00,4.24E+00,1.09E+01,,,,,,,,,,,,,,,,,,,,,,,,,,,,,,,,,,,
AB_S47_O1,3,5.34E+00,2.90E+00,3.21E+00,4.33E+00,1.12E+01,,,,,,,,,,,,,,,,,,,,,,,,,,,,,,,,,,,
AB_S47_O1,3,5.35E+00,2.93E+00,3.30E+00,4.41E+00,1.03E+01,,,,,,,,,,,,,,,,,,,,,,,,,,,,,,,,,,,
AB_S47_O1,3,5.36E+00,2.94E+00,3.38E+00,4.48E+00,9.39E+00,,,,,,,,,,,,,,,,,,,,,,,,,,,,,,,,,,,
AB_S47_O1,3,5.36E+00,2.96E+00,3.45E+00,4.55E+00,1.04E+01,,,,,,,,,,,,,,,,,,,,,,,,,,,,,,,,,,,
AB_S47_O1,3,5.37E+00,2.99E+00,3.55E+00,4.64E+00,1.14E+01,,,,,,,,,,,,,,,,,,,,,,,,,,,,,,,,,,,
AB_S47_O1,3,5.38E+00,3.03E+00,3.63E+00,4.73E+00,1.17E+01,,,,,,,,,,,,,,,,,,,,,,,,,,,,,,,,,,,
AB_S47_O1,3,5.39E+00,3.07E+00,3.72E+00,4.83E+00,1.14E+01,,,,,,,,,,,,,,,,,,,,,,,,,,,,,,,,,,,
AB_S47_O1,3,5.40E+00,3.09E+00,3.81E+00,4.91E+00,1.03E+01,,,,,,,,,,,,,,,,,,,,,,,,,,,,,,,,,,,
AB_S47_O1,3,5.41E+00,3.13E+00,3.88E+00,4.99E+00,1.05E+01,,,,,,,,,,,,,,,,,,,,,,,,,,,,,,,,,,,
AB_S47_O1,3,5.41E+00,3.16E+00,3.97E+00,5.08E+00,1.10E+01,,,,,,,,,,,,,,,,,,,,,,,,,,,,,,,,,,,
AB_S47_O1,3,5.42E+00,3.18E+00,4.06E+00,5.16E+00,1.09E+01,,,,,,,,,,,,,,,,,,,,,,,,,,,,,,,,,,,
AB_S47_O1,3,5.43E+00,3.20E+00,4.15E+00,5.24E+00,1.03E+01,,,,,,,,,,,,,,,,,,,,,,,,,,,,,,,,,,,
AB_S47_O1,3,5.44E+00,3.23E+00,4.23E+00,5.32E+00,1.18E+01,,,,,,,,,,,,,,,,,,,,,,,,,,,,,,,,,,,
AB_S47_O1,3,5.45E+00,3.27E+00,4.33E+00,5.43E+00,1.23E+01,,,,,,,,,,,,,,,,,,,,,,,,,,,,,,,,,,,
AB_S47_O1,3,5.46E+00,3.27E+00,4.43E+00,5.51E+00,1.22E+01,,,,,,,,,,,,,,,,,,,,,,,,,,,,,,,,,,,
AB_S47_O1,3,5.46E+00,3.30E+00,4.53E+00,5.60E+00,,,,,,,,,,,,,,,,,,,,,,,,,,,,,,,,,,,,
,,,,,,,,,,,,,,,,,,,,,,,,,,,,,,,,,,,,,,,,,
AB_S47_O1,4,7.05E+00,2.91E+00,1.57E+00,3.31E+00,,,,,,,,,,,,,,,,,,,,,,,,,,,,,,,,,,,,
AB_S47_O1,4,7.06E+00,2.91E+00,1.65E+00,3.34E+00,9.98E+00,,,,,,,,,,,,,,,,,,,,,,,,,,,,,,,,,,,
AB_S47_O1,4,7.07E+00,2.91E+00,1.73E+00,3.38E+00,1.07E+01,,,,,,,,,,,,,,,,,,,,,,,,,,,,,,,,,,,
AB_S47_O1,4,7.07E+00,2.90E+00,1.82E+00,3.43E+00,1.07E+01,,,,,,,,,,,,,,,,,,,,,,,,,,,,,,,,,,,
AB_S47_O1,4,7.08E+00,2.91E+00,1.91E+00,3.48E+00,1.00E+01,,,,,,,,,,,,,,,,,,,,,,,,,,,,,,,,,,,
AB_S47_O1,4,7.09E+00,2.91E+00,1.99E+00,3.53E+00,9.98E+00,,,,,,,,,,,,,,,,,,,,,,,,,,,,,,,,,,,
AB_S47_O1,4,7.10E+00,2.91E+00,2.08E+00,3.58E+00,9.97E+00,,,,,,,,,,,,,,,,,,,,,,,,,,,,,,,,,,,
AB_S47_O1,4,7.11E+00,2.91E+00,2.16E+00,3.62E+00,1.03E+01,,,,,,,,,,,,,,,,,,,,,,,,,,,,,,,,,,,
AB_S47_O1,4,7.12E+00,2.91E+00,2.25E+00,3.68E+00,9.98E+00,,,,,,,,,,,,,,,,,,,,,,,,,,,,,,,,,,,
AB_S47_O1,4,7.12E+00,2.92E+00,2.32E+00,3.73E+00,9.69E+00,,,,,,,,,,,,,,,,,,,,,,,,,,,,,,,,,,,
AB_S47_O1,4,7.13E+00,2.93E+00,2.41E+00,3.79E+00,1.14E+01,,,,,,,,,,,,,,,,,,,,,,,,,,,,,,,,,,,
AB_S47_O1,4,7.14E+00,2.94E+00,2.51E+00,3.87E+00,1.14E+01,,,,,,,,,,,,,,,,,,,,,,,,,,,,,,,,,,,
AB_S47_O1,4,7.15E+00,2.94E+00,2.60E+00,3.92E+00,1.10E+01,,,,,,,,,,,,,,,,,,,,,,,,,,,,,,,,,,,
AB_S47_O1,4,7.16E+00,2.95E+00,2.70E+00,4.00E+00,1.14E+01,,,,,,,,,,,,,,,,,,,,,,,,,,,,,,,,,,,
AB_S47_O1,4,7.17E+00,2.96E+00,2.79E+00,4.06E+00,1.20E+01,,,,,,,,,,,,,,,,,,,,,,,,,,,,,,,,,,,
AB_S47_O1,4,7.17E+00,2.96E+00,2.90E+00,4.14E+00,1.17E+01,,,,,,,,,,,,,,,,,,,,,,,,,,,,,,,,,,,
AB_S47_O1,4,7.18E+00,2.96E+00,2.98E+00,4.20E+00,1.11E+01,,,,,,,,,,,,,,,,,,,,,,,,,,,,,,,,,,,
AB_S47_O1,4,7.19E+00,2.97E+00,3.08E+00,4.28E+00,1.18E+01,,,,,,,,,,,,,,,,,,,,,,,,,,,,,,,,,,,
AB_S47_O1,4,7.20E+00,2.99E+00,3.18E+00,4.36E+00,1.14E+01,,,,,,,,,,,,,,,,,,,,,,,,,,,,,,,,,,,
AB_S47_O1,4,7.21E+00,2.99E+00,3.27E+00,4.43E+00,1.11E+01,,,,,,,,,,,,,,,,,,,,,,,,,,,,,,,,,,,
AB_S47_O1,4,7.22E+00,3.02E+00,3.36E+00,4.52E+00,1.05E+01,,,,,,,,,,,,,,,,,,,,,,,,,,,,,,,,,,,
AB_S47_O1,4,7.22E+00,3.02E+00,3.44E+00,4.58E+00,1.07E+01,,,,,,,,,,,,,,,,,,,,,,,,,,,,,,,,,,,
AB_S47_O1,4,7.23E+00,3.04E+00,3.54E+00,4.66E+00,1.15E+01,,,,,,,,,,,,,,,,,,,,,,,,,,,,,,,,,,,
AB_S47_O1,4,7.24E+00,3.05E+00,3.63E+00,4.74E+00,1.07E+01,,,,,,,,,,,,,,,,,,,,,,,,,,,,,,,,,,,
AB_S47_O1,4,7.25E+00,3.05E+00,3.72E+00,4.81E+00,1.11E+01,,,,,,,,,,,,,,,,,,,,,,,,,,,,,,,,,,,
AB_S47_O1,4,7.26E+00,3.08E+00,3.81E+00,4.90E+00,1.11E+01,,,,,,,,,,,,,,,,,,,,,,,,,,,,,,,,,,,
AB_S47_O1,4,7.27E+00,3.08E+00,3.90E+00,4.97E+00,1.04E+01,,,,,,,,,,,,,,,,,,,,,,,,,,,,,,,,,,,
AB_S47_O1,4,7.27E+00,3.09E+00,3.99E+00,5.05E+00,1.18E+01,,,,,,,,,,,,,,,,,,,,,,,,,,,,,,,,,,,
AB_S47_O1,4,7.28E+00,3.11E+00,4.10E+00,5.14E+00,1.15E+01,,,,,,,,,,,,,,,,,,,,,,,,,,,,,,,,,,,
AB_S47_O1,4,7.29E+00,3.12E+00,4.18E+00,5.22E+00,1.01E+01,,,,,,,,,,,,,,,,,,,,,,,,,,,,,,,,,,,
AB_S47_O1,4,7.30E+00,3.16E+00,4.26E+00,5.30E+00,1.06E+01,,,,,,,,,,,,,,,,,,,,,,,,,,,,,,,,,,,
AB_S47_O1,4,7.31E+00,3.16E+00,4.35E+00,5.38E+00,1.08E+01,,,,,,,,,,,,,,,,,,,,,,,,,,,,,,,,,,,
AB_S47_O1,4,7.32E+00,3.18E+00,4.43E+00,5.46E+00,1.01E+01,,,,,,,,,,,,,,,,,,,,,,,,,,,,,,,,,,,
AB_S47_O1,4,7.32E+00,3.19E+00,4.51E+00,5.53E+00,1.15E+01,,,,,,,,,,,,,,,,,,,,,,,,,,,,,,,,,,,
AB_S47_O1,4,7.33E+00,3.21E+00,4.62E+00,5.63E+00,1.11E+01,,,,,,,,,,,,,,,,,,,,,,,,,,,,,,,,,,,
AB_S47_O1,4,7.34E+00,3.22E+00,4.70E+00,5.70E+00,,,,,,,,,,,,,,,,,,,,,,,,,,,,,,,,,,,,
,,,,,,,,,,,,,,,,,,,,,,,,,,,,,,,,,,,,,,,,,
AB_S47_O1,5,8.63E+00,3.09E+00,9.34E-01,3.23E+00,,,,,,,,,,,,,,,,,,,,,,,,,,,,,,,,,,,,
AB_S47_O1,5,8.64E+00,3.10E+00,9.86E-01,3.25E+00,6.28E+00,,,,,,,,,,,,,,,,,,,,,,,,,,,,,,,,,,,
AB_S47_O1,5,8.65E+00,3.11E+00,1.04E+00,3.28E+00,7.09E+00,,,,,,,,,,,,,,,,,,,,,,,,,,,,,,,,,,,
AB_S47_O1,5,8.66E+00,3.13E+00,1.10E+00,3.32E+00,8.43E+00,,,,,,,,,,,,,,,,,,,,,,,,,,,,,,,,,,,
AB_S47_O1,5,8.67E+00,3.14E+00,1.18E+00,3.35E+00,5.55E+00,,,,,,,,,,,,,,,,,,,,,,,,,,,,,,,,,,,
AB_S47_O1,5,8.68E+00,3.14E+00,1.19E+00,3.36E+00,5.94E+00,,,,,,,,,,,,,,,,,,,,,,,,,,,,,,,,,,,
AB_S47_O1,5,8.68E+00,3.16E+00,1.27E+00,3.40E+00,7.43E+00,,,,,,,,,,,,,,,,,,,,,,,,,,,,,,,,,,,
AB_S47_O1,5,8.69E+00,3.17E+00,1.31E+00,3.43E+00,6.01E+00,,,,,,,,,,,,,,,,,,,,,,,,,,,,,,,,,,,
AB_S47_O1,5,8.70E+00,3.18E+00,1.37E+00,3.46E+00,6.91E+00,,,,,,,,,,,,,,,,,,,,,,,,,,,,,,,,,,,
AB_S47_O1,5,8.71E+00,3.18E+00,1.43E+00,3.49E+00,7.57E+00,,,,,,,,,,,,,,,,,,,,,,,,,,,,,,,,,,,
AB_S47_O1,5,8.72E+00,3.19E+00,1.50E+00,3.52E+00,8.26E+00,,,,,,,,,,,,,,,,,,,,,,,,,,,,,,,,,,,
AB_S47_O1,5,8.73E+00,3.19E+00,1.57E+00,3.55E+00,8.95E+00,,,,,,,,,,,,,,,,,,,,,,,,,,,,,,,,,,,
AB_S47_O1,5,8.73E+00,3.18E+00,1.65E+00,3.58E+00,8.61E+00,,,,,,,,,,,,,,,,,,,,,,,,,,,,,,,,,,,
AB_S47_O1,5,8.74E+00,3.18E+00,1.71E+00,3.61E+00,8.26E+00,,,,,,,,,,,,,,,,,,,,,,,,,,,,,,,,,,,
AB_S47_O1,5,8.75E+00,3.19E+00,1.78E+00,3.65E+00,9.29E+00,,,,,,,,,,,,,,,,,,,,,,,,,,,,,,,,,,,
AB_S47_O1,5,8.76E+00,3.17E+00,1.86E+00,3.68E+00,8.28E+00,,,,,,,,,,,,,,,,,,,,,,,,,,,,,,,,,,,
AB_S47_O1,5,8.77E+00,3.17E+00,1.92E+00,3.71E+00,7.92E+00,,,,,,,,,,,,,,,,,,,,,,,,,,,,,,,,,,,
AB_S47_O1,5,8.78E+00,3.18E+00,2.00E+00,3.75E+00,8.66E+00,,,,,,,,,,,,,,,,,,,,,,,,,,,,,,,,,,,
AB_S47_O1,5,8.78E+00,3.19E+00,2.06E+00,3.80E+00,7.98E+00,,,,,,,,,,,,,,,,,,,,,,,,,,,,,,,,,,,
AB_S47_O1,5,8.79E+00,3.20E+00,2.13E+00,3.84E+00,8.63E+00,,,,,,,,,,,,,,,,,,,,,,,,,,,,,,,,,,,
AB_S47_O1,5,8.80E+00,3.20E+00,2.21E+00,3.89E+00,8.95E+00,,,,,,,,,,,,,,,,,,,,,,,,,,,,,,,,,,,
AB_S47_O1,5,8.81E+00,3.20E+00,2.28E+00,3.93E+00,8.26E+00,,,,,,,,,,,,,,,,,,,,,,,,,,,,,,,,,,,
AB_S47_O1,5,8.82E+00,3.21E+00,2.35E+00,3.98E+00,8.61E+00,,,,,,,,,,,,,,,,,,,,,,,,,,,,,,,,,,,
AB_S47_O1,5,8.83E+00,3.21E+00,2.42E+00,4.02E+00,8.60E+00,,,,,,,,,,,,,,,,,,,,,,,,,,,,,,,,,,,
AB_S47_O1,5,8.83E+00,3.21E+00,2.49E+00,4.06E+00,8.60E+00,,,,,,,,,,,,,,,,,,,,,,,,,,,,,,,,,,,
AB_S47_O1,5,8.84E+00,3.21E+00,2.56E+00,4.11E+00,8.61E+00,,,,,,,,,,,,,,,,,,,,,,,,,,,,,,,,,,,
AB_S47_O1,5,8.85E+00,3.22E+00,2.63E+00,4.16E+00,8.32E+00,,,,,,,,,,,,,,,,,,,,,,,,,,,,,,,,,,,
AB_S47_O1,5,8.86E+00,3.23E+00,2.70E+00,4.21E+00,7.60E+00,,,,,,,,,,,,,,,,,,,,,,,,,,,,,,,,,,,
AB_S47_O1,5,8.87E+00,3.23E+00,2.76E+00,4.25E+00,7.92E+00,,,,,,,,,,,,,,,,,,,,,,,,,,,,,,,,,,,
AB_S47_O1,5,8.88E+00,3.23E+00,2.83E+00,4.30E+00,8.95E+00,,,,,,,,,,,,,,,,,,,,,,,,,,,,,,,,,,,
AB_S47_O1,5,8.88E+00,3.23E+00,2.91E+00,4.35E+00,8.95E+00,,,,,,,,,,,,,,,,,,,,,,,,,,,,,,,,,,,
AB_S47_O1,5,8.89E+00,3.24E+00,2.98E+00,4.40E+00,7.57E+00,,,,,,,,,,,,,,,,,,,,,,,,,,,,,,,,,,,
AB_S47_O1,5,8.90E+00,3.24E+00,3.03E+00,4.44E+00,7.60E+00,,,,,,,,,,,,,,,,,,,,,,,,,,,,,,,,,,,
AB_S47_O1,5,8.91E+00,3.25E+00,3.11E+00,4.50E+00,8.28E+00,,,,,,,,,,,,,,,,,,,,,,,,,,,,,,,,,,,
AB_S47_O1,5,8.92E+00,3.25E+00,3.17E+00,4.54E+00,8.26E+00,,,,,,,,,,,,,,,,,,,,,,,,,,,,,,,,,,,
AB_S47_O1,5,8.93E+00,3.25E+00,3.25E+00,4.59E+00,8.63E+00,,,,,,,,,,,,,,,,,,,,,,,,,,,,,,,,,,,
AB_S47_O1,5,8.93E+00,3.26E+00,3.32E+00,4.65E+00,8.66E+00,,,,,,,,,,,,,,,,,,,,,,,,,,,,,,,,,,,
AB_S47_O1,5,8.94E+00,3.27E+00,3.39E+00,4.71E+00,8.26E+00,,,,,,,,,,,,,,,,,,,,,,,,,,,,,,,,,,,
AB_S47_O1,5,8.95E+00,3.27E+00,3.45E+00,4.75E+00,7.91E+00,,,,,,,,,,,,,,,,,,,,,,,,,,,,,,,,,,,
AB_S47_O1,5,8.96E+00,3.27E+00,3.52E+00,4.80E+00,7.98E+00,,,,,,,,,,,,,,,,,,,,,,,,,,,,,,,,,,,
AB_S47_O1,5,8.97E+00,3.28E+00,3.59E+00,4.86E+00,7.98E+00,,,,,,,,,,,,,,,,,,,,,,,,,,,,,,,,,,,
AB_S47_O1,5,8.98E+00,3.28E+00,3.65E+00,4.91E+00,7.91E+00,,,,,,,,,,,,,,,,,,,,,,,,,,,,,,,,,,,
AB_S47_O1,5,8.98E+00,3.28E+00,3.72E+00,4.96E+00,7.92E+00,,,,,,,,,,,,,,,,,,,,,,,,,,,,,,,,,,,
AB_S47_O1,5,8.99E+00,3.29E+00,3.79E+00,5.02E+00,8.97E+00,,,,,,,,,,,,,,,,,,,,,,,,,,,,,,,,,,,
AB_S47_O1,5,9.00E+00,3.30E+00,3.87E+00,5.08E+00,8.03E+00,,,,,,,,,,,,,,,,,,,,,,,,,,,,,,,,,,,
AB_S47_O1,5,9.01E+00,3.31E+00,3.92E+00,5.13E+00,7.69E+00,,,,,,,,,,,,,,,,,,,,,,,,,,,,,,,,,,,
AB_S47_O1,5,9.02E+00,3.32E+00,3.99E+00,5.19E+00,7.94E+00,,,,,,,,,,,,,,,,,,,,,,,,,,,,,,,,,,,
AB_S47_O1,5,9.03E+00,3.32E+00,4.05E+00,5.24E+00,,,,,,,,,,,,,,,,,,,,,,,,,,,,,,,,,,,,
,,,,,,,,,,,,,,,,,,,,,,,,,,,,,,,,,,,,,,,,,
AB_S48_O1,1,1.293,0.695,5.97E-02,0.698,,,,,,,,,,,,,,,,,,,,,,,,,,,,,,,,,,,,
AB_S48_O1,1,1.301,0.695,0.118,0.705,7.667,,,,,,,,,,,,,,,,,,,,,,,,,,,,,,,,,,,
AB_S48_O1,1,1.31,0.695,0.188,0.72,8.364,,,,,,,,,,,,,,,,,,,,,,,,,,,,,,,,,,,
AB_S48_O1,1,1.318,0.695,0.257,0.741,9.758,,,,,,,,,,,,,,,,,,,,,,,,,,,,,,,,,,,
AB_S48_O1,1,1.326,0.695,0.35,0.778,10.45,,,,,,,,,,,,,,,,,,,,,,,,,,,,,,,,,,,
AB_S48_O1,1,1.335,0.695,0.432,0.818,9.061,,,,,,,,,,,,,,,,,,,,,,,,,,,,,,,,,,,
AB_S48_O1,1,1.343,0.695,0.502,0.857,7.667,,,,,,,,,,,,,,,,,,,,,,,,,,,,,,,,,,,
AB_S48_O1,1,1.351,0.695,0.56,0.892,8.393,,,,,,,,,,,,,,,,,,,,,,,,,,,,,,,,,,,
AB_S48_O1,1,1.36,0.683,0.641,0.937,10.45,,,,,,,,,,,,,,,,,,,,,,,,,,,,,,,,,,,
AB_S48_O1,1,1.368,0.695,0.734,1.011,11.17,,,,,,,,,,,,,,,,,,,,,,,,,,,,,,,,,,,
AB_S48_O1,1,1.376,0.695,0.827,1.08,8.364,,,,,,,,,,,,,,,,,,,,,,,,,,,,,,,,,,,
AB_S48_O1,1,1.385,0.695,0.874,1.116,8.364,,,,,,,,,,,,,,,,,,,,,,,,,,,,,,,,,,,
AB_S48_O1,1,1.393,0.695,0.967,1.191,9.061,,,,,,,,,,,,,,,,,,,,,,,,,,,,,,,,,,,
AB_S48_O1,1,1.401,0.695,1.025,1.238,9.087,,,,,,,,,,,,,,,,,,,,,,,,,,,,,,,,,,,
AB_S48_O1,1,1.41,0.707,1.118,1.323,13.24,,,,,,,,,,,,,,,,,,,,,,,,,,,,,,,,,,,
AB_S48_O1,1,1.418,0.695,1.246,1.427,12.56,,,,,,,,,,,,,,,,,,,,,,,,,,,,,,,,,,,
AB_S48_O1,1,1.426,0.695,1.327,1.498,8.364,,,,,,,,,,,,,,,,,,,,,,,,,,,,,,,,,,,
AB_S48_O1,1,1.435,0.695,1.385,1.55,9.061,,,,,,,,,,,,,,,,,,,,,,,,,,,,,,,,,,,
AB_S48_O1,1,1.443,0.695,1.478,1.634,10.45,,,,,,,,,,,,,,,,,,,,,,,,,,,,,,,,,,,
AB_S48_O1,1,1.451,0.695,1.56,1.708,12.55,,,,,,,,,,,,,,,,,,,,,,,,,,,,,,,,,,,
AB_S48_O1,1,1.46,0.695,1.688,1.825,11.85,,,,,,,,,,,,,,,,,,,,,,,,,,,,,,,,,,,
AB_S48_O1,1,1.468,0.695,1.757,1.89,9.758,,,,,,,,,,,,,,,,,,,,,,,,,,,,,,,,,,,
AB_S48_O1,1,1.476,0.695,1.85,1.977,10.45,,,,,,,,,,,,,,,,,,,,,,,,,,,,,,,,,,,
AB_S48_O1,1,1.485,0.695,1.932,2.053,9.783,,,,,,,,,,,,,,,,,,,,,,,,,,,,,,,,,,,
AB_S48_O1,1,1.493,0.707,2.013,2.134,9.061,,,,,,,,,,,,,,,,,,,,,,,,,,,,,,,,,,,
AB_S48_O1,1,1.502,0.695,2.083,2.196,9.758,,,,,,,,,,,,,,,,,,,,,,,,,,,,,,,,,,,
AB_S48_O1,1,1.51,0.707,2.176,2.288,11.17,,,,,,,,,,,,,,,,,,,,,,,,,,,,,,,,,,,
AB_S48_O1,1,1.518,0.707,2.269,2.377,11.15,,,,,,,,,,,,,,,,,,,,,,,,,,,,,,,,,,,
AB_S48_O1,1,1.527,0.707,2.362,2.465,11.87,,,,,,,,,,,,,,,,,,,,,,,,,,,,,,,,,,,
AB_S48_O1,1,1.535,0.695,2.467,2.563,14.1,,,,,,,,,,,,,,,,,,,,,,,,,,,,,,,,,,,
AB_S48_O1,1,1.543,0.672,2.595,2.68,12.62,,,,,,,,,,,,,,,,,,,,,,,,,,,,,,,,,,,
AB_S48_O1,1,1.552,0.672,2.676,2.759,9.061,,,,,,,,,,,,,,,,,,,,,,,,,,,,,,,,,,,
AB_S48_O1,1,1.56,0.672,2.746,2.827,10.48,,,,,,,,,,,,,,,,,,,,,,,,,,,,,,,,,,,
AB_S48_O1,1,1.568,0.683,2.85,2.931,11.85,,,,,,,,,,,,,,,,,,,,,,,,,,,,,,,,,,,
AB_S48_O1,1,1.577,0.672,2.943,3.019,11.17,,,,,,,,,,,,,,,,,,,,,,,,,,,,,,,,,,,
AB_S48_O1,1,1.585,0.672,3.036,3.11,10.45,,,,,,,,,,,,,,,,,,,,,,,,,,,,,,,,,,,
AB_S48_O1,1,1.593,0.672,3.118,3.189,9.061,,,,,,,,,,,,,,,,,,,,,,,,,,,,,,,,,,,
AB_S48_O1,1,1.602,0.672,3.188,3.258,10.45,,,,,,,,,,,,,,,,,,,,,,,,,,,,,,,,,,,
AB_S48_O1,1,1.61,0.672,3.292,3.36,,,,,,,,,,,,,,,,,,,,,,,,,,,,,,,,,,,,
,,,,,,,,,,,,,,,,,,,,,,,,,,,,,,,,,,,,,,,,,
AB_S48_O1,2,3.312,0.544,0.269,0.607,,,,,,,,,,,,,,,,,,,,,,,,,,,,,,,,,,,,
AB_S48_O1,2,3.32,0.544,0.327,0.635,8.393,,,,,,,,,,,,,,,,,,,,,,,,,,,,,,,,,,,
AB_S48_O1,2,3.328,0.556,0.409,0.69,9.783,,,,,,,,,,,,,,,,,,,,,,,,,,,,,,,,,,,
AB_S48_O1,2,3.337,0.556,0.49,0.741,9.087,,,,,,,,,,,,,,,,,,,,,,,,,,,,,,,,,,,
AB_S48_O1,2,3.345,0.544,0.56,0.78,9.783,,,,,,,,,,,,,,,,,,,,,,,,,,,,,,,,,,,
AB_S48_O1,2,3.353,0.544,0.653,0.85,9.758,,,,,,,,,,,,,,,,,,,,,,,,,,,,,,,,,,,
AB_S48_O1,2,3.362,0.544,0.723,0.904,9.061,,,,,,,,,,,,,,,,,,,,,,,,,,,,,,,,,,,
AB_S48_O1,2,3.37,0.544,0.804,0.971,10.45,,,,,,,,,,,,,,,,,,,,,,,,,,,,,,,,,,,
AB_S48_O1,2,3.378,0.544,0.897,1.049,10.45,,,,,,,,,,,,,,,,,,,,,,,,,,,,,,,,,,,
AB_S48_O1,2,3.387,0.544,0.978,1.119,11.15,,,,,,,,,,,,,,,,,,,,,,,,,,,,,,,,,,,
AB_S48_O1,2,3.395,0.544,1.083,1.212,11.87,,,,,,,,,,,,,,,,,,,,,,,,,,,,,,,,,,,
AB_S48_O1,2,3.403,0.532,1.176,1.291,10.48,,,,,,,,,,,,,,,,,,,,,,,,,,,,,,,,,,,
AB_S48_O1,2,3.412,0.532,1.257,1.365,9.758,,,,,,,,,,,,,,,,,,,,,,,,,,,,,,,,,,,
AB_S48_O1,2,3.42,0.532,1.339,1.441,9.758,,,,,,,,,,,,,,,,,,,,,,,,,,,,,,,,,,,
AB_S48_O1,2,3.428,0.532,1.42,1.517,11.85,,,,,,,,,,,,,,,,,,,,,,,,,,,,,,,,,,,
AB_S48_O1,2,3.437,0.532,1.536,1.626,10.48,,,,,,,,,,,,,,,,,,,,,,,,,,,,,,,,,,,
AB_S48_O1,2,3.445,0.521,1.595,1.677,7.698,,,,,,,,,,,,,,,,,,,,,,,,,,,,,,,,,,,
AB_S48_O1,2,3.453,0.521,1.664,1.744,9.758,,,,,,,,,,,,,,,,,,,,,,,,,,,,,,,,,,,
AB_S48_O1,2,3.462,0.521,1.757,1.833,9.758,,,,,,,,,,,,,,,,,,,,,,,,,,,,,,,,,,,
AB_S48_O1,2,3.47,0.521,1.827,1.9,9.061,,,,,,,,,,,,,,,,,,,,,,,,,,,,,,,,,,,
AB_S48_O1,2,3.478,0.521,1.909,1.978,9.783,,,,,,,,,,,,,,,,,,,,,,,,,,,,,,,,,,,
AB_S48_O1,2,3.487,0.509,1.99,2.054,9.783,,,,,,,,,,,,,,,,,,,,,,,,,,,,,,,,,,,
AB_S48_O1,2,3.495,0.509,2.071,2.133,9.061,,,,,,,,,,,,,,,,,,,,,,,,,,,,,,,,,,,
AB_S48_O1,2,3.504,0.509,2.141,2.201,9.061,,,,,,,,,,,,,,,,,,,,,,,,,,,,,,,,,,,
AB_S48_O1,2,3.512,0.509,2.223,2.28,10.48,,,,,,,,,,,,,,,,,,,,,,,,,,,,,,,,,,,
AB_S48_O1,2,3.52,0.497,2.316,2.368,8.393,,,,,,,,,,,,,,,,,,,,,,,,,,,,,,,,,,,
AB_S48_O1,2,3.529,0.497,2.362,2.414,8.479,,,,,,,,,,,,,,,,,,,,,,,,,,,,,,,,,,,
AB_S48_O1,2,3.537,0.474,2.455,2.5,9.857,,,,,,,,,,,,,,,,,,,,,,,,,,,,,,,,,,,
AB_S48_O1,2,3.545,0.474,2.525,2.569,9.087,,,,,,,,,,,,,,,,,,,,,,,,,,,,,,,,,,,
AB_S48_O1,2,3.554,0.462,2.606,2.647,10.48,,,,,,,,,,,,,,,,,,,,,,,,,,,,,,,,,,,
AB_S48_O1,2,3.562,0.462,2.699,2.739,10.55,,,,,,,,,,,,,,,,,,,,,,,,,,,,,,,,,,,
AB_S48_O1,2,3.57,0.439,2.781,2.815,9.167,,,,,,,,,,,,,,,,,,,,,,,,,,,,,,,,,,,
AB_S48_O1,2,3.579,0.439,2.85,2.884,8.393,,,,,,,,,,,,,,,,,,,,,,,,,,,,,,,,,,,
AB_S48_O1,2,3.587,0.428,2.92,2.951,9.087,,,,,,,,,,,,,,,,,,,,,,,,,,,,,,,,,,,
AB_S48_O1,2,3.595,0.428,3.002,3.032,9.061,,,,,,,,,,,,,,,,,,,,,,,,,,,,,,,,,,,
AB_S48_O1,2,3.604,0.428,3.071,3.101,7.005,,,,,,,,,,,,,,,,,,,,,,,,,,,,,,,,,,,
AB_S48_O1,2,3.612,0.416,3.118,3.145,8.621,,,,,,,,,,,,,,,,,,,,,,,,,,,,,,,,,,,
AB_S48_O1,2,3.62,0.393,3.211,3.235,,,,,,,,,,,,,,,,,,,,,,,,,,,,,,,,,,,,
,,,,,,,,,,,,,,,,,,,,,,,,,,,,,,,,,,,,,,,,,
AB_S48_O1,3,7.833,-2.59E-02,9.46E-02,9.81E-02,,,,,,,,,,,,,,,,,,,,,,,,,,,,,,,,,,,,
AB_S48_O1,3,7.841,-2.63E-03,0.199,0.199,10.66,,,,,,,,,,,,,,,,,,,,,,,,,,,,,,,,,,,
AB_S48_O1,3,7.85,-6.08E-02,0.269,0.276,9.708,,,,,,,,,,,,,,,,,,,,,,,,,,,,,,,,,,,
AB_S48_O1,3,7.858,-6.08E-02,0.35,0.356,11.87,,,,,,,,,,,,,,,,,,,,,,,,,,,,,,,,,,,
AB_S48_O1,3,7.866,-7.24E-02,0.467,0.472,12.56,,,,,,,,,,,,,,,,,,,,,,,,,,,,,,,,,,,
AB_S48_O1,3,7.875,-7.24E-02,0.56,0.564,8.479,,,,,,,,,,,,,,,,,,,,,,,,,,,,,,,,,,,
AB_S48_O1,3,7.883,-9.57E-02,0.606,0.614,9.48,,,,,,,,,,,,,,,,,,,,,,,,,,,,,,,,,,,
AB_S48_O1,3,7.891,-0.119,0.711,0.721,12.72,,,,,,,,,,,,,,,,,,,,,,,,,,,,,,,,,,,
AB_S48_O1,3,7.9,-0.131,0.816,0.826,13.26,,,,,,,,,,,,,,,,,,,,,,,,,,,,,,,,,,,
AB_S48_O1,3,7.908,-0.131,0.932,0.941,12.62,,,,,,,,,,,,,,,,,,,,,,,,,,,,,,,,,,,
AB_S48_O1,3,7.916,-0.154,1.025,1.036,12.62,,,,,,,,,,,,,,,,,,,,,,,,,,,,,,,,,,,
AB_S48_O1,3,7.925,-0.154,1.141,1.151,11.85,,,,,,,,,,,,,,,,,,,,,,,,,,,,,,,,,,,
AB_S48_O1,3,7.933,-0.154,1.223,1.232,10.48,,,,,,,,,,,,,,,,,,,,,,,,,,,,,,,,,,,
AB_S48_O1,3,7.941,-0.142,1.316,1.323,9.087,,,,,,,,,,,,,,,,,,,,,,,,,,,,,,,,,,,
AB_S48_O1,3,7.95,-0.142,1.374,1.381,8.364,,,,,,,,,,,,,,,,,,,,,,,,,,,,,,,,,,,
AB_S48_O1,3,7.958,-0.142,1.455,1.462,12.55,,,,,,,,,,,,,,,,,,,,,,,,,,,,,,,,,,,
AB_S48_O1,3,7.966,-0.142,1.583,1.589,12.55,,,,,,,,,,,,,,,,,,,,,,,,,,,,,,,,,,,
AB_S48_O1,3,7.975,-0.142,1.664,1.67,12.55,,,,,,,,,,,,,,,,,,,,,,,,,,,,,,,,,,,
AB_S48_O1,3,7.983,-0.142,1.792,1.798,9.758,,,,,,,,,,,,,,,,,,,,,,,,,,,,,,,,,,,
AB_S48_O1,3,7.991,-0.142,1.827,1.833,6.311,,,,,,,,,,,,,,,,,,,,,,,,,,,,,,,,,,,
AB_S48_O1,3,8,-0.154,1.897,1.903,11.24,,,,,,,,,,,,,,,,,,,,,,,,,,,,,,,,,,,
AB_S48_O1,3,8.008,-0.165,2.013,2.02,11.17,,,,,,,,,,,,,,,,,,,,,,,,,,,,,,,,,,,
AB_S48_O1,3,8.016,-0.165,2.083,2.09,8.364,,,,,,,,,,,,,,,,,,,,,,,,,,,,,,,,,,,
AB_S48_O1,3,8.025,-0.165,2.153,2.159,11.85,,,,,,,,,,,,,,,,,,,,,,,,,,,,,,,,,,,
AB_S48_O1,3,8.033,-0.165,2.281,2.287,10.45,,,,,,,,,,,,,,,,,,,,,,,,,,,,,,,,,,,
AB_S48_O1,3,8.041,-0.165,2.327,2.333,10.45,,,,,,,,,,,,,,,,,,,,,,,,,,,,,,,,,,,
AB_S48_O1,3,8.05,-0.165,2.455,2.461,13.24,,,,,,,,,,,,,,,,,,,,,,,,,,,,,,,,,,,
AB_S48_O1,3,8.058,-0.165,2.548,2.553,10.45,,,,,,,,,,,,,,,,,,,,,,,,,,,,,,,,,,,
AB_S48_O1,3,8.066,-0.165,2.629,2.635,9.783,,,,,,,,,,,,,,,,,,,,,,,,,,,,,,,,,,,
AB_S48_O1,3,8.075,-0.154,2.711,2.715,8.393,,,,,,,,,,,,,,,,,,,,,,,,,,,,,,,,,,,
AB_S48_O1,3,8.083,-0.154,2.769,2.773,9.758,,,,,,,,,,,,,,,,,,,,,,,,,,,,,,,,,,,
AB_S48_O1,3,8.091,-0.154,2.874,2.878,8.364,,,,,,,,,,,,,,,,,,,,,,,,,,,,,,,,,,,
AB_S48_O1,3,8.1,-0.154,2.909,2.913,11.15,,,,,,,,,,,,,,,,,,,,,,,,,,,,,,,,,,,
AB_S48_O1,3,8.108,-0.154,3.06,3.064,13.26,,,,,,,,,,,,,,,,,,,,,,,,,,,,,,,,,,,
AB_S48_O1,3,8.116,-0.165,3.129,3.134,7.792,,,,,,,,,,,,,,,,,,,,,,,,,,,,,,,,,,,
AB_S48_O1,3,8.125,-0.177,3.188,3.193,7.005,,,,,,,,,,,,,,,,,,,,,,,,,,,,,,,,,,,
AB_S48_O1,3,8.133,-0.177,3.246,3.251,9.087,,,,,,,,,,,,,,,,,,,,,,,,,,,,,,,,,,,
AB_S48_O1,3,8.141,-0.189,3.339,3.344,,,,,,,,,,,,,,,,,,,,,,,,,,,,,,,,,,,,
,,,,,,,,,,,,,,,,,,,,,,,,,,,,,,,,,,,,,,,,,
AB_S48_O1,4,10.11,0.218,2.48E-02,0.22,,,,,,,,,,,,,,,,,,,,,,,,,,,,,,,,,,,,
AB_S48_O1,4,10.12,0.183,9.46E-02,0.206,11.35,,,,,,,,,,,,,,,,,,,,,,,,,,,,,,,,,,,
AB_S48_O1,4,10.13,0.183,0.211,0.279,15.35,,,,,,,,,,,,,,,,,,,,,,,,,,,,,,,,,,,
AB_S48_O1,4,10.14,0.172,0.35,0.39,15.33,,,,,,,,,,,,,,,,,,,,,,,,,,,,,,,,,,,
AB_S48_O1,4,10.14,0.183,0.467,0.501,13.94,,,,,,,,,,,,,,,,,,,,,,,,,,,,,,,,,,,
AB_S48_O1,4,10.15,0.172,0.583,0.608,12.56,,,,,,,,,,,,,,,,,,,,,,,,,,,,,,,,,,,
AB_S48_O1,4,10.16,0.172,0.676,0.697,12.56,,,,,,,,,,,,,,,,,,,,,,,,,,,,,,,,,,,
AB_S48_O1,4,10.17,0.16,0.792,0.808,13.26,,,,,,,,,,,,,,,,,,,,,,,,,,,,,,,,,,,
AB_S48_O1,4,10.18,0.16,0.897,0.911,13.24,,,,,,,,,,,,,,,,,,,,,,,,,,,,,,,,,,,
AB_S48_O1,4,10.19,0.16,1.013,1.026,12.55,,,,,,,,,,,,,,,,,,,,,,,,,,,,,,,,,,,
AB_S48_O1,4,10.19,0.16,1.106,1.118,13.94,,,,,,,,,,,,,,,,,,,,,,,,,,,,,,,,,,,
AB_S48_O1,4,10.2,0.16,1.246,1.256,13.94,,,,,,,,,,,,,,,,,,,,,,,,,,,,,,,,,,,
AB_S48_O1,4,10.21,0.16,1.339,1.348,11.15,,,,,,,,,,,,,,,,,,,,,,,,,,,,,,,,,,,
AB_S48_O1,4,10.22,0.16,1.432,1.441,11.15,,,,,,,,,,,,,,,,,,,,,,,,,,,,,,,,,,,
AB_S48_O1,4,10.23,0.16,1.525,1.533,13.96,,,,,,,,,,,,,,,,,,,,,,,,,,,,,,,,,,,
AB_S48_O1,4,10.24,0.172,1.664,1.673,14.7,,,,,,,,,,,,,,,,,,,,,,,,,,,,,,,,,,,
AB_S48_O1,4,10.24,0.183,1.769,1.779,11.85,,,,,,,,,,,,,,,,,,,,,,,,,,,,,,,,,,,
AB_S48_O1,4,10.25,0.172,1.862,1.87,12.55,,,,,,,,,,,,,,,,,,,,,,,,,,,,,,,,,,,
AB_S48_O1,4,10.26,0.183,1.978,1.987,11.87,,,,,,,,,,,,,,,,,,,,,,,,,,,,,,,,,,,
AB_S48_O1,4,10.27,0.183,2.06,2.068,13.96,,,,,,,,,,,,,,,,,,,,,,,,,,,,,,,,,,,
AB_S48_O1,4,10.28,0.195,2.211,2.219,13.26,,,,,,,,,,,,,,,,,,,,,,,,,,,,,,,,,,,
AB_S48_O1,4,10.29,0.195,2.281,2.289,9.758,,,,,,,,,,,,,,,,,,,,,,,,,,,,,,,,,,,
AB_S48_O1,4,10.29,0.195,2.374,2.382,12.56,,,,,,,,,,,,,,,,,,,,,,,,,,,,,,,,,,,
AB_S48_O1,4,10.3,0.207,2.49,2.499,11.93,,,,,,,,,,,,,,,,,,,,,,,,,,,,,,,,,,,
AB_S48_O1,4,10.31,0.218,2.571,2.581,10.82,,,,,,,,,,,,,,,,,,,,,,,,,,,,,,,,,,,
AB_S48_O1,4,10.32,0.253,2.664,2.676,12.03,,,,,,,,,,,,,,,,,,,,,,,,,,,,,,,,,,,
AB_S48_O1,4,10.33,0.253,2.769,2.781,11.85,,,,,,,,,,,,,,,,,,,,,,,,,,,,,,,,,,,
AB_S48_O1,4,10.34,0.253,2.862,2.873,12.56,,,,,,,,,,,,,,,,,,,,,,,,,,,,,,,,,,,
AB_S48_O1,4,10.34,0.265,2.978,2.99,12.56,,,,,,,,,,,,,,,,,,,,,,,,,,,,,,,,,,,
AB_S48_O1,4,10.35,0.265,3.071,3.083,,,,,,,,,,,,,,,,,,,,,,,,,,,,,,,,,,,,
,,,,,,,,,,,,,,,,,,,,,,,,,,,,,,,,,,,,,,,,,
AB_S48_O1,5,14.21,0.393,0.281,0.483,,,,,,,,,,,,,,,,,,,,,,,,,,,,,,,,,,,,
AB_S48_O1,5,14.22,0.393,0.35,0.526,10.48,,,,,,,,,,,,,,,,,,,,,,,,,,,,,,,,,,,
AB_S48_O1,5,14.23,0.404,0.455,0.609,11.87,,,,,,,,,,,,,,,,,,,,,,,,,,,,,,,,,,,
AB_S48_O1,5,14.24,0.404,0.548,0.681,11.15,,,,,,,,,,,,,,,,,,,,,,,,,,,,,,,,,,,
AB_S48_O1,5,14.25,0.404,0.641,0.758,12.55,,,,,,,,,,,,,,,,,,,,,,,,,,,,,,,,,,,
AB_S48_O1,5,14.26,0.404,0.757,0.859,13.24,,,,,,,,,,,,,,,,,,,,,,,,,,,,,,,,,,,
AB_S48_O1,5,14.26,0.404,0.862,0.952,12.55,,,,,,,,,,,,,,,,,,,,,,,,,,,,,,,,,,,
AB_S48_O1,5,14.27,0.404,0.967,1.048,11.85,,,,,,,,,,,,,,,,,,,,,,,,,,,,,,,,,,,
AB_S48_O1,5,14.28,0.404,1.06,1.134,11.85,,,,,,,,,,,,,,,,,,,,,,,,,,,,,,,,,,,
AB_S48_O1,5,14.29,0.404,1.164,1.233,10.48,,,,,,,,,,,,,,,,,,,,,,,,,,,,,,,,,,,
AB_S48_O1,5,14.3,0.393,1.234,1.295,11.93,,,,,,,,,,,,,,,,,,,,,,,,,,,,,,,,,,,
AB_S48_O1,5,14.31,0.381,1.362,1.414,16.03,,,,,,,,,,,,,,,,,,,,,,,,,,,,,,,,,,,
AB_S48_O1,5,14.31,0.393,1.502,1.552,13.94,,,,,,,,,,,,,,,,,,,,,,,,,,,,,,,,,,,
AB_S48_O1,5,14.32,0.381,1.595,1.64,11.87,,,,,,,,,,,,,,,,,,,,,,,,,,,,,,,,,,,
AB_S48_O1,5,14.33,0.381,1.699,1.741,13.96,,,,,,,,,,,,,,,,,,,,,,,,,,,,,,,,,,,
AB_S48_O1,5,14.34,0.369,1.827,1.864,14.01,,,,,,,,,,,,,,,,,,,,,,,,,,,,,,,,,,,
AB_S48_O1,5,14.35,0.358,1.932,1.965,14.65,,,,,,,,,,,,,,,,,,,,,,,,,,,,,,,,,,,
AB_S48_O1,5,14.36,0.358,2.071,2.102,16.05,,,,,,,,,,,,,,,,,,,,,,,,,,,,,,,,,,,
AB_S48_O1,5,14.36,0.346,2.199,2.226,13.94,,,,,,,,,,,,,,,,,,,,,,,,,,,,,,,,,,,
AB_S48_O1,5,14.37,0.358,2.304,2.332,12.56,,,,,,,,,,,,,,,,,,,,,,,,,,,,,,,,,,,
AB_S48_O1,5,14.38,0.358,2.409,2.435,12.55,,,,,,,,,,,,,,,,,,,,,,,,,,,,,,,,,,,
AB_S48_O1,5,14.39,0.358,2.513,2.539,13.24,,,,,,,,,,,,,,,,,,,,,,,,,,,,,,,,,,,
AB_S48_O1,5,14.4,0.358,2.629,2.654,13.96,,,,,,,,,,,,,,,,,,,,,,,,,,,,,,,,,,,
AB_S48_O1,5,14.41,0.346,2.746,2.768,13.26,,,,,,,,,,,,,,,,,,,,,,,,,,,,,,,,,,,
AB_S48_O1,5,14.41,0.346,2.85,2.871,13.24,,,,,,,,,,,,,,,,,,,,,,,,,,,,,,,,,,,
AB_S48_O1,5,14.42,0.346,2.967,2.987,13.94,,,,,,,,,,,,,,,,,,,,,,,,,,,,,,,,,,,
AB_S48_O1,5,14.43,0.346,3.083,3.102,13.94,,,,,,,,,,,,,,,,,,,,,,,,,,,,,,,,,,,
AB_S48_O1,5,14.44,0.346,3.199,3.218,,,,,,,,,,,,,,,,,,,,,,,,,,,,,,,,,,,,
,,,,,,,,,,,,,,,,,,,,,,,,,,,,,,,,,,,,,,,,,
AB_S49_O1,1,1.318,-0.299,8.83E-02,0.312,,,,,,,,,,,,,,,,,,,,,,,,,,,,,,,,,,,,
AB_S49_O1,1,1.326,-0.299,0.129,0.326,3.701,,,,,,,,,,,,,,,,,,,,,,,,,,,,,,,,,,,
AB_S49_O1,1,1.335,-0.299,0.15,0.335,4.49,,,,,,,,,,,,,,,,,,,,,,,,,,,,,,,,,,,
AB_S49_O1,1,1.343,-0.32,0.202,0.378,5.686,,,,,,,,,,,,,,,,,,,,,,,,,,,,,,,,,,,
AB_S49_O1,1,1.351,-0.32,0.243,0.402,6.168,,,,,,,,,,,,,,,,,,,,,,,,,,,,,,,,,,,
AB_S49_O1,1,1.36,-0.32,0.304,0.442,9.887,,,,,,,,,,,,,,,,,,,,,,,,,,,,,,,,,,,
AB_S49_O1,1,1.368,-0.33,0.407,0.524,9.887,,,,,,,,,,,,,,,,,,,,,,,,,,,,,,,,,,,
AB_S49_O1,1,1.376,-0.33,0.469,0.574,8.018,,,,,,,,,,,,,,,,,,,,,,,,,,,,,,,,,,,
AB_S49_O1,1,1.385,-0.33,0.541,0.634,8.635,,,,,,,,,,,,,,,,,,,,,,,,,,,,,,,,,,,
AB_S49_O1,1,1.393,-0.33,0.613,0.696,7.401,,,,,,,,,,,,,,,,,,,,,,,,,,,,,,,,,,,
AB_S49_O1,1,1.401,-0.33,0.665,0.742,6.812,,,,,,,,,,,,,,,,,,,,,,,,,,,,,,,,,,,
AB_S49_O1,1,1.41,-0.341,0.726,0.802,6.198,,,,,,,,,,,,,,,,,,,,,,,,,,,,,,,,,,,
AB_S49_O1,1,1.418,-0.341,0.767,0.84,6.784,,,,,,,,,,,,,,,,,,,,,,,,,,,,,,,,,,,
AB_S49_O1,1,1.426,-0.341,0.839,0.906,8.635,,,,,,,,,,,,,,,,,,,,,,,,,,,,,,,,,,,
AB_S49_O1,1,1.435,-0.341,0.911,0.973,8.018,,,,,,,,,,,,,,,,,,,,,,,,,,,,,,,,,,,
AB_S49_O1,1,1.443,-0.341,0.973,1.031,8.635,,,,,,,,,,,,,,,,,,,,,,,,,,,,,,,,,,,
AB_S49_O1,1,1.451,-0.341,1.056,1.109,9.251,,,,,,,,,,,,,,,,,,,,,,,,,,,,,,,,,,,
AB_S49_O1,1,1.46,-0.341,1.128,1.178,8.635,,,,,,,,,,,,,,,,,,,,,,,,,,,,,,,,,,,
AB_S49_O1,1,1.468,-0.341,1.2,1.247,8.657,,,,,,,,,,,,,,,,,,,,,,,,,,,,,,,,,,,
AB_S49_O1,1,1.476,-0.351,1.272,1.319,7.427,,,,,,,,,,,,,,,,,,,,,,,,,,,,,,,,,,,
AB_S49_O1,1,1.485,-0.351,1.323,1.369,8.657,,,,,,,,,,,,,,,,,,,,,,,,,,,,,,,,,,,
AB_S49_O1,1,1.493,-0.361,1.416,1.461,8.657,,,,,,,,,,,,,,,,,,,,,,,,,,,,,,,,,,,
AB_S49_O1,1,1.502,-0.361,1.467,1.511,7.401,,,,,,,,,,,,,,,,,,,,,,,,,,,,,,,,,,,
AB_S49_O1,1,1.51,-0.361,1.539,1.581,10.48,,,,,,,,,,,,,,,,,,,,,,,,,,,,,,,,,,,
AB_S49_O1,1,1.518,-0.361,1.642,1.681,8.635,,,,,,,,,,,,,,,,,,,,,,,,,,,,,,,,,,,
AB_S49_O1,1,1.527,-0.361,1.683,1.722,5.551,,,,,,,,,,,,,,,,,,,,,,,,,,,,,,,,,,,
AB_S49_O1,1,1.535,-0.361,1.735,1.772,8.018,,,,,,,,,,,,,,,,,,,,,,,,,,,,,,,,,,,
AB_S49_O1,1,1.543,-0.361,1.817,1.853,9.251,,,,,,,,,,,,,,,,,,,,,,,,,,,,,,,,,,,
AB_S49_O1,1,1.552,-0.361,1.889,1.923,7.401,,,,,,,,,,,,,,,,,,,,,,,,,,,,,,,,,,,
AB_S49_O1,1,1.56,-0.361,1.94,1.974,6.168,,,,,,,,,,,,,,,,,,,,,,,,,,,,,,,,,,,
AB_S49_O1,1,1.568,-0.361,1.992,2.024,8.635,,,,,,,,,,,,,,,,,,,,,,,,,,,,,,,,,,,
AB_S49_O1,1,1.577,-0.361,2.085,2.116,8.018,,,,,,,,,,,,,,,,,,,,,,,,,,,,,,,,,,,
AB_S49_O1,1,1.585,-0.361,2.126,2.156,6.168,,,,,,,,,,,,,,,,,,,,,,,,,,,,,,,,,,,
AB_S49_O1,1,1.593,-0.361,2.187,2.217,9.868,,,,,,,,,,,,,,,,,,,,,,,,,,,,,,,,,,,
AB_S49_O1,1,1.602,-0.361,2.29,2.319,11.12,,,,,,,,,,,,,,,,,,,,,,,,,,,,,,,,,,,
AB_S49_O1,1,1.61,-0.351,2.373,2.398,8.042,,,,,,,,,,,,,,,,,,,,,,,,,,,,,,,,,,,
AB_S49_O1,1,1.618,-0.351,2.424,2.449,7.401,,,,,,,,,,,,,,,,,,,,,,,,,,,,,,,,,,,
AB_S49_O1,1,1.627,-0.351,2.496,2.521,7.401,,,,,,,,,,,,,,,,,,,,,,,,,,,,,,,,,,,
AB_S49_O1,1,1.635,-0.351,2.548,2.572,8.042,,,,,,,,,,,,,,,,,,,,,,,,,,,,,,,,,,,
AB_S49_O1,1,1.643,-0.361,2.63,2.655,9.887,,,,,,,,,,,,,,,,,,,,,,,,,,,,,,,,,,,
AB_S49_O1,1,1.652,-0.361,2.712,2.736,9.251,,,,,,,,,,,,,,,,,,,,,,,,,,,,,,,,,,,
AB_S49_O1,1,1.66,-0.361,2.784,2.808,8.635,,,,,,,,,,,,,,,,,,,,,,,,,,,,,,,,,,,
AB_S49_O1,1,1.668,-0.361,2.856,2.879,8.635,,,,,,,,,,,,,,,,,,,,,,,,,,,,,,,,,,,
AB_S49_O1,1,1.677,-0.361,2.928,2.95,10.48,,,,,,,,,,,,,,,,,,,,,,,,,,,,,,,,,,,
AB_S49_O1,1,1.685,-0.361,3.031,3.053,8.635,,,,,,,,,,,,,,,,,,,,,,,,,,,,,,,,,,,
AB_S49_O1,1,1.693,-0.361,3.072,3.093,7.401,,,,,,,,,,,,,,,,,,,,,,,,,,,,,,,,,,,
AB_S49_O1,1,1.702,-0.361,3.155,3.175,9.868,,,,,,,,,,,,,,,,,,,,,,,,,,,,,,,,,,,
AB_S49_O1,1,1.71,-0.361,3.237,3.257,8.635,,,,,,,,,,,,,,,,,,,,,,,,,,,,,,,,,,,
AB_S49_O1,1,1.718,-0.361,3.299,3.318,7.401,,,,,,,,,,,,,,,,,,,,,,,,,,,,,,,,,,,
AB_S49_O1,1,1.727,-0.361,3.36,3.38,8.018,,,,,,,,,,,,,,,,,,,,,,,,,,,,,,,,,,,
AB_S49_O1,1,1.735,-0.361,3.432,3.451,,,,,,,,,,,,,,,,,,,,,,,,,,,,,,,,,,,,
,,,,,,,,,,,,,,,,,,,,,,,,,,,,,,,,,,,,,,,,,
AB_S49_O1,2,3.337,9.34E-03,0.284,0.284,,,,,,,,,,,,,,,,,,,,,,,,,,,,,,,,,,,,
AB_S49_O1,2,3.345,9.34E-03,0.325,0.325,4.317,,,,,,,,,,,,,,,,,,,,,,,,,,,,,,,,,,,
AB_S49_O1,2,3.353,9.34E-03,0.356,0.356,6.168,,,,,,,,,,,,,,,,,,,,,,,,,,,,,,,,,,,
AB_S49_O1,2,3.362,9.34E-03,0.428,0.428,6.784,,,,,,,,,,,,,,,,,,,,,,,,,,,,,,,,,,,
AB_S49_O1,2,3.37,9.34E-03,0.469,0.469,8.112,,,,,,,,,,,,,,,,,,,,,,,,,,,,,,,,,,,
AB_S49_O1,2,3.378,-1.12E-02,0.562,0.562,9.333,,,,,,,,,,,,,,,,,,,,,,,,,,,,,,,,,,,
AB_S49_O1,2,3.387,-1.12E-02,0.623,0.623,6.784,,,,,,,,,,,,,,,,,,,,,,,,,,,,,,,,,,,
AB_S49_O1,2,3.395,-1.12E-02,0.675,0.675,6.29,,,,,,,,,,,,,,,,,,,,,,,,,,,,,,,,,,,
AB_S49_O1,2,3.403,-3.18E-02,0.726,0.727,5.686,,,,,,,,,,,,,,,,,,,,,,,,,,,,,,,,,,,
AB_S49_O1,2,3.412,-3.18E-02,0.767,0.768,6.198,,,,,,,,,,,,,,,,,,,,,,,,,,,,,,,,,,,
AB_S49_O1,2,3.42,-4.21E-02,0.829,0.83,7.503,,,,,,,,,,,,,,,,,,,,,,,,,,,,,,,,,,,
AB_S49_O1,2,3.428,-5.24E-02,0.891,0.892,6.198,,,,,,,,,,,,,,,,,,,,,,,,,,,,,,,,,,,
AB_S49_O1,2,3.437,-5.24E-02,0.932,0.934,5.551,,,,,,,,,,,,,,,,,,,,,,,,,,,,,,,,,,,
AB_S49_O1,2,3.445,-5.24E-02,0.984,0.985,6.896,,,,,,,,,,,,,,,,,,,,,,,,,,,,,,,,,,,
AB_S49_O1,2,3.453,-7.30E-02,1.045,1.048,8.112,,,,,,,,,,,,,,,,,,,,,,,,,,,,,,,,,,,
AB_S49_O1,2,3.462,-7.30E-02,1.117,1.12,8.112,,,,,,,,,,,,,,,,,,,,,,,,,,,,,,,,,,,
AB_S49_O1,2,3.47,-9.36E-02,1.179,1.183,7.219,,,,,,,,,,,,,,,,,,,,,,,,,,,,,,,,,,,
AB_S49_O1,2,3.478,-0.114,1.23,1.236,8.112,,,,,,,,,,,,,,,,,,,,,,,,,,,,,,,,,,,
AB_S49_O1,2,3.487,-0.114,1.313,1.318,9.272,,,,,,,,,,,,,,,,,,,,,,,,,,,,,,,,,,,
AB_S49_O1,2,3.495,-0.124,1.385,1.39,10.04,,,,,,,,,,,,,,,,,,,,,,,,,,,,,,,,,,,
AB_S49_O1,2,3.504,-0.145,1.477,1.485,10.65,,,,,,,,,,,,,,,,,,,,,,,,,,,,,,,,,,,
AB_S49_O1,2,3.512,-0.155,1.56,1.567,10.77,,,,,,,,,,,,,,,,,,,,,,,,,,,,,,,,,,,
AB_S49_O1,2,3.52,-0.186,1.652,1.663,10.04,,,,,,,,,,,,,,,,,,,,,,,,,,,,,,,,,,,
AB_S49_O1,2,3.529,-0.186,1.724,1.734,9.251,,,,,,,,,,,,,,,,,,,,,,,,,,,,,,,,,,,
AB_S49_O1,2,3.537,-0.186,1.807,1.816,8.657,,,,,,,,,,,,,,,,,,,,,,,,,,,,,,,,,,,
AB_S49_O1,2,3.545,-0.196,1.868,1.879,9.333,,,,,,,,,,,,,,,,,,,,,,,,,,,,,,,,,,,
AB_S49_O1,2,3.554,-0.207,1.961,1.972,11.73,,,,,,,,,,,,,,,,,,,,,,,,,,,,,,,,,,,
AB_S49_O1,2,3.562,-0.207,2.064,2.074,9.868,,,,,,,,,,,,,,,,,,,,,,,,,,,,,,,,,,,
AB_S49_O1,2,3.57,-0.207,2.126,2.136,7.427,,,,,,,,,,,,,,,,,,,,,,,,,,,,,,,,,,,
AB_S49_O1,2,3.579,-0.217,2.187,2.198,8.722,,,,,,,,,,,,,,,,,,,,,,,,,,,,,,,,,,,
AB_S49_O1,2,3.587,-0.227,2.27,2.281,11.12,,,,,,,,,,,,,,,,,,,,,,,,,,,,,,,,,,,
AB_S49_O1,2,3.595,-0.227,2.373,2.383,10.48,,,,,,,,,,,,,,,,,,,,,,,,,,,,,,,,,,,
AB_S49_O1,2,3.604,-0.227,2.445,2.455,8.635,,,,,,,,,,,,,,,,,,,,,,,,,,,,,,,,,,,
AB_S49_O1,2,3.612,-0.227,2.517,2.527,9.887,,,,,,,,,,,,,,,,,,,,,,,,,,,,,,,,,,,
AB_S49_O1,2,3.62,-0.238,2.609,2.62,9.272,,,,,,,,,,,,,,,,,,,,,,,,,,,,,,,,,,,
AB_S49_O1,2,3.629,-0.238,2.671,2.682,8.635,,,,,,,,,,,,,,,,,,,,,,,,,,,,,,,,,,,
AB_S49_O1,2,3.637,-0.238,2.753,2.764,9.251,,,,,,,,,,,,,,,,,,,,,,,,,,,,,,,,,,,
AB_S49_O1,2,3.645,-0.238,2.825,2.835,11.72,,,,,,,,,,,,,,,,,,,,,,,,,,,,,,,,,,,
AB_S49_O1,2,3.654,-0.238,2.949,2.958,12.97,,,,,,,,,,,,,,,,,,,,,,,,,,,,,,,,,,,
AB_S49_O1,2,3.662,-0.248,3.041,3.052,10.5,,,,,,,,,,,,,,,,,,,,,,,,,,,,,,,,,,,
AB_S49_O1,2,3.67,-0.248,3.124,3.134,9.272,,,,,,,,,,,,,,,,,,,,,,,,,,,,,,,,,,,
AB_S49_O1,2,3.679,-0.238,3.196,3.205,10.5,,,,,,,,,,,,,,,,,,,,,,,,,,,,,,,,,,,
AB_S49_O1,2,3.687,-0.238,3.299,3.307,11.17,,,,,,,,,,,,,,,,,,,,,,,,,,,,,,,,,,,
AB_S49_O1,2,3.695,-0.217,3.381,3.388,12.4,,,,,,,,,,,,,,,,,,,,,,,,,,,,,,,,,,,
AB_S49_O1,2,3.704,-0.217,3.504,3.511,,,,,,,,,,,,,,,,,,,,,,,,,,,,,,,,,,,,
,,,,,,,,,,,,,,,,,,,,,,,,,,,,,,,,,,,,,,,,,
AB_S49_O1,3,6.081,-0.217,0.315,0.382,,,,,,,,,,,,,,,,,,,,,,,,,,,,,,,,,,,,
AB_S49_O1,3,6.089,-0.217,0.376,0.435,7.427,,,,,,,,,,,,,,,,,,,,,,,,,,,,,,,,,,,
AB_S49_O1,3,6.098,-0.227,0.438,0.494,8.112,,,,,,,,,,,,,,,,,,,,,,,,,,,,,,,,,,,
AB_S49_O1,3,6.106,-0.238,0.51,0.563,7.503,,,,,,,,,,,,,,,,,,,,,,,,,,,,,,,,,,,
AB_S49_O1,3,6.114,-0.248,0.562,0.614,6.439,,,,,,,,,,,,,,,,,,,,,,,,,,,,,,,,,,,
AB_S49_O1,3,6.123,-0.268,0.613,0.669,5.686,,,,,,,,,,,,,,,,,,,,,,,,,,,,,,,,,,,
AB_S49_O1,3,6.131,-0.268,0.654,0.707,8.229,,,,,,,,,,,,,,,,,,,,,,,,,,,,,,,,,,,
AB_S49_O1,3,6.139,-0.299,0.747,0.805,8.112,,,,,,,,,,,,,,,,,,,,,,,,,,,,,,,,,,,
AB_S49_O1,3,6.148,-0.289,0.788,0.839,4.361,,,,,,,,,,,,,,,,,,,,,,,,,,,,,,,,,,,
AB_S49_O1,3,6.156,-0.289,0.819,0.868,4.934,,,,,,,,,,,,,,,,,,,,,,,,,,,,,,,,,,,
AB_S49_O1,3,6.164,-0.289,0.87,0.917,6.168,,,,,,,,,,,,,,,,,,,,,,,,,,,,,,,,,,,
AB_S49_O1,3,6.173,-0.289,0.922,0.966,5.551,,,,,,,,,,,,,,,,,,,,,,,,,,,,,,,,,,,
AB_S49_O1,3,6.181,-0.289,0.963,1.005,5.551,,,,,,,,,,,,,,,,,,,,,,,,,,,,,,,,,,,
AB_S49_O1,3,6.19,-0.289,1.014,1.055,6.168,,,,,,,,,,,,,,,,,,,,,,,,,,,,,,,,,,,
AB_S49_O1,3,6.198,-0.289,1.066,1.104,6.198,,,,,,,,,,,,,,,,,,,,,,,,,,,,,,,,,,,
AB_S49_O1,3,6.206,-0.299,1.117,1.157,6.812,,,,,,,,,,,,,,,,,,,,,,,,,,,,,,,,,,,
AB_S49_O1,3,6.215,-0.299,1.179,1.216,5.551,,,,,,,,,,,,,,,,,,,,,,,,,,,,,,,,,,,
AB_S49_O1,3,6.223,-0.299,1.21,1.246,6.198,,,,,,,,,,,,,,,,,,,,,,,,,,,,,,,,,,,
AB_S49_O1,3,6.231,-0.31,1.282,1.319,8.112,,,,,,,,,,,,,,,,,,,,,,,,,,,,,,,,,,,
AB_S49_O1,3,6.24,-0.32,1.344,1.381,8.042,,,,,,,,,,,,,,,,,,,,,,,,,,,,,,,,,,,
AB_S49_O1,3,6.248,-0.32,1.416,1.451,8.635,,,,,,,,,,,,,,,,,,,,,,,,,,,,,,,,,,,
AB_S49_O1,3,6.256,-0.32,1.488,1.522,8.042,,,,,,,,,,,,,,,,,,,,,,,,,,,,,,,,,,,
AB_S49_O1,3,6.265,-0.33,1.549,1.584,8.042,,,,,,,,,,,,,,,,,,,,,,,,,,,,,,,,,,,
AB_S49_O1,3,6.273,-0.33,1.621,1.655,7.401,,,,,,,,,,,,,,,,,,,,,,,,,,,,,,,,,,,
AB_S49_O1,3,6.281,-0.33,1.673,1.705,7.401,,,,,,,,,,,,,,,,,,,,,,,,,,,,,,,,,,,
AB_S49_O1,3,6.29,-0.33,1.745,1.776,8.657,,,,,,,,,,,,,,,,,,,,,,,,,,,,,,,,,,,
AB_S49_O1,3,6.298,-0.341,1.817,1.849,7.427,,,,,,,,,,,,,,,,,,,,,,,,,,,,,,,,,,,
AB_S49_O1,3,6.306,-0.341,1.868,1.899,7.427,,,,,,,,,,,,,,,,,,,,,,,,,,,,,,,,,,,
AB_S49_O1,3,6.315,-0.351,1.94,1.972,8.657,,,,,,,,,,,,,,,,,,,,,,,,,,,,,,,,,,,
AB_S49_O1,3,6.323,-0.351,2.012,2.043,7.401,,,,,,,,,,,,,,,,,,,,,,,,,,,,,,,,,,,
AB_S49_O1,3,6.331,-0.351,2.064,2.094,7.401,,,,,,,,,,,,,,,,,,,,,,,,,,,,,,,,,,,
AB_S49_O1,3,6.34,-0.351,2.136,2.165,7.427,,,,,,,,,,,,,,,,,,,,,,,,,,,,,,,,,,,
AB_S49_O1,3,6.348,-0.361,2.187,2.217,8.112,,,,,,,,,,,,,,,,,,,,,,,,,,,,,,,,,,,
AB_S49_O1,3,6.356,-0.371,2.27,2.3,9.333,,,,,,,,,,,,,,,,,,,,,,,,,,,,,,,,,,,
AB_S49_O1,3,6.365,-0.382,2.342,2.373,8.657,,,,,,,,,,,,,,,,,,,,,,,,,,,,,,,,,,,
AB_S49_O1,3,6.373,-0.382,2.414,2.444,8.635,,,,,,,,,,,,,,,,,,,,,,,,,,,,,,,,,,,
AB_S49_O1,3,6.381,-0.382,2.486,2.515,8.657,,,,,,,,,,,,,,,,,,,,,,,,,,,,,,,,,,,
AB_S49_O1,3,6.39,-0.392,2.558,2.588,10.56,,,,,,,,,,,,,,,,,,,,,,,,,,,,,,,,,,,
AB_S49_O1,3,6.398,-0.402,2.661,2.691,9.272,,,,,,,,,,,,,,,,,,,,,,,,,,,,,,,,,,,
AB_S49_O1,3,6.406,-0.402,2.712,2.742,8.042,,,,,,,,,,,,,,,,,,,,,,,,,,,,,,,,,,,
AB_S49_O1,3,6.415,-0.413,2.794,2.825,8.657,,,,,,,,,,,,,,,,,,,,,,,,,,,,,,,,,,,
AB_S49_O1,3,6.423,-0.413,2.856,2.886,8.635,,,,,,,,,,,,,,,,,,,,,,,,,,,,,,,,,,,
AB_S49_O1,3,6.431,-0.413,2.939,2.967,9.868,,,,,,,,,,,,,,,,,,,,,,,,,,,,,,,,,,,
AB_S49_O1,3,6.44,-0.413,3.021,3.049,8.635,,,,,,,,,,,,,,,,,,,,,,,,,,,,,,,,,,,
AB_S49_O1,3,6.448,-0.413,3.083,3.11,8.657,,,,,,,,,,,,,,,,,,,,,,,,,,,,,,,,,,,
AB_S49_O1,3,6.456,-0.423,3.165,3.193,8.657,,,,,,,,,,,,,,,,,,,,,,,,,,,,,,,,,,,
AB_S49_O1,3,6.465,-0.423,3.227,3.254,6.812,,,,,,,,,,,,,,,,,,,,,,,,,,,,,,,,,,,
AB_S49_O1,3,6.473,-0.413,3.278,3.304,7.427,,,,,,,,,,,,,,,,,,,,,,,,,,,,,,,,,,,
AB_S49_O1,3,6.481,-0.413,3.35,3.375,8.018,,,,,,,,,,,,,,,,,,,,,,,,,,,,,,,,,,,
AB_S49_O1,3,6.49,-0.413,3.412,3.437,,,,,,,,,,,,,,,,,,,,,,,,,,,,,,,,,,,,
,,,,,,,,,,,,,,,,,,,,,,,,,,,,,,,,,,,,,,,,,
AB_S49_O1,4,6.698,-0.31,0.253,0.4,,,,,,,,,,,,,,,,,,,,,,,,,,,,,,,,,,,,
AB_S49_O1,4,6.707,-0.32,0.294,0.435,5.585,,,,,,,,,,,,,,,,,,,,,,,,,,,,,,,,,,,
AB_S49_O1,4,6.715,-0.32,0.346,0.471,5.551,,,,,,,,,,,,,,,,,,,,,,,,,,,,,,,,,,,
AB_S49_O1,4,6.723,-0.32,0.387,0.502,6.784,,,,,,,,,,,,,,,,,,,,,,,,,,,,,,,,,,,
AB_S49_O1,4,6.732,-0.32,0.459,0.559,8.042,,,,,,,,,,,,,,,,,,,,,,,,,,,,,,,,,,,
AB_S49_O1,4,6.74,-0.33,0.52,0.616,6.812,,,,,,,,,,,,,,,,,,,,,,,,,,,,,,,,,,,
AB_S49_O1,4,6.748,-0.33,0.572,0.66,5.551,,,,,,,,,,,,,,,,,,,,,,,,,,,,,,,,,,,
AB_S49_O1,4,6.757,-0.33,0.613,0.696,6.168,,,,,,,,,,,,,,,,,,,,,,,,,,,,,,,,,,,
AB_S49_O1,4,6.765,-0.33,0.675,0.751,8.018,,,,,,,,,,,,,,,,,,,,,,,,,,,,,,,,,,,
AB_S49_O1,4,6.773,-0.33,0.747,0.817,8.635,,,,,,,,,,,,,,,,,,,,,,,,,,,,,,,,,,,
AB_S49_O1,4,6.782,-0.33,0.819,0.883,6.168,,,,,,,,,,,,,,,,,,,,,,,,,,,,,,,,,,,
AB_S49_O1,4,6.79,-0.33,0.85,0.912,4.934,,,,,,,,,,,,,,,,,,,,,,,,,,,,,,,,,,,
AB_S49_O1,4,6.798,-0.33,0.901,0.96,6.784,,,,,,,,,,,,,,,,,,,,,,,,,,,,,,,,,,,
AB_S49_O1,4,6.807,-0.33,0.963,1.018,7.401,,,,,,,,,,,,,,,,,,,,,,,,,,,,,,,,,,,
AB_S49_O1,4,6.815,-0.33,1.025,1.077,7.401,,,,,,,,,,,,,,,,,,,,,,,,,,,,,,,,,,,
AB_S49_O1,4,6.823,-0.33,1.086,1.135,8.018,,,,,,,,,,,,,,,,,,,,,,,,,,,,,,,,,,,
AB_S49_O1,4,6.832,-0.33,1.158,1.205,7.401,,,,,,,,,,,,,,,,,,,,,,,,,,,,,,,,,,,
AB_S49_O1,4,6.84,-0.33,1.21,1.254,6.784,,,,,,,,,,,,,,,,,,,,,,,,,,,,,,,,,,,
AB_S49_O1,4,6.849,-0.33,1.272,1.314,8.635,,,,,,,,,,,,,,,,,,,,,,,,,,,,,,,,,,,
AB_S49_O1,4,6.857,-0.33,1.354,1.394,8.018,,,,,,,,,,,,,,,,,,,,,,,,,,,,,,,,,,,
AB_S49_O1,4,6.865,-0.33,1.405,1.444,6.168,,,,,,,,,,,,,,,,,,,,,,,,,,,,,,,,,,,
AB_S49_O1,4,6.874,-0.33,1.457,1.494,8.018,,,,,,,,,,,,,,,,,,,,,,,,,,,,,,,,,,,
AB_S49_O1,4,6.882,-0.33,1.539,1.574,8.018,,,,,,,,,,,,,,,,,,,,,,,,,,,,,,,,,,,
AB_S49_O1,4,6.89,-0.33,1.591,1.625,7.401,,,,,,,,,,,,,,,,,,,,,,,,,,,,,,,,,,,
AB_S49_O1,4,6.899,-0.33,1.663,1.695,9.272,,,,,,,,,,,,,,,,,,,,,,,,,,,,,,,,,,,
AB_S49_O1,4,6.907,-0.32,1.745,1.774,9.272,,,,,,,,,,,,,,,,,,,,,,,,,,,,,,,,,,,
AB_S49_O1,4,6.915,-0.32,1.817,1.845,8.635,,,,,,,,,,,,,,,,,,,,,,,,,,,,,,,,,,,
AB_S49_O1,4,6.924,-0.32,1.889,1.916,9.251,,,,,,,,,,,,,,,,,,,,,,,,,,,,,,,,,,,
AB_S49_O1,4,6.932,-0.32,1.971,1.997,9.887,,,,,,,,,,,,,,,,,,,,,,,,,,,,,,,,,,,
AB_S49_O1,4,6.94,-0.31,2.054,2.077,11.12,,,,,,,,,,,,,,,,,,,,,,,,,,,,,,,,,,,
AB_S49_O1,4,6.949,-0.31,2.157,2.179,9.868,,,,,,,,,,,,,,,,,,,,,,,,,,,,,,,,,,,
AB_S49_O1,4,6.957,-0.31,2.218,2.24,6.784,,,,,,,,,,,,,,,,,,,,,,,,,,,,,,,,,,,
AB_S49_O1,4,6.965,-0.31,2.27,2.291,9.333,,,,,,,,,,,,,,,,,,,,,,,,,,,,,,,,,,,
AB_S49_O1,4,6.974,-0.33,2.373,2.395,10.48,,,,,,,,,,,,,,,,,,,,,,,,,,,,,,,,,,,
AB_S49_O1,4,6.982,-0.31,2.445,2.464,9.333,,,,,,,,,,,,,,,,,,,,,,,,,,,,,,,,,,,
AB_S49_O1,4,6.99,-0.31,2.527,2.546,9.868,,,,,,,,,,,,,,,,,,,,,,,,,,,,,,,,,,,
AB_S49_O1,4,6.999,-0.31,2.609,2.628,9.251,,,,,,,,,,,,,,,,,,,,,,,,,,,,,,,,,,,
AB_S49_O1,4,7.007,-0.31,2.681,2.699,9.333,,,,,,,,,,,,,,,,,,,,,,,,,,,,,,,,,,,
AB_S49_O1,4,7.015,-0.33,2.764,2.783,9.272,,,,,,,,,,,,,,,,,,,,,,,,,,,,,,,,,,,
AB_S49_O1,4,7.024,-0.32,2.836,2.854,8.042,,,,,,,,,,,,,,,,,,,,,,,,,,,,,,,,,,,
AB_S49_O1,4,7.032,-0.32,2.897,2.915,8.635,,,,,,,,,,,,,,,,,,,,,,,,,,,,,,,,,,,
AB_S49_O1,4,7.04,-0.32,2.98,2.997,10.48,,,,,,,,,,,,,,,,,,,,,,,,,,,,,,,,,,,
AB_S49_O1,4,7.049,-0.32,3.072,3.089,9.868,,,,,,,,,,,,,,,,,,,,,,,,,,,,,,,,,,,
AB_S49_O1,4,7.057,-0.32,3.144,3.161,9.868,,,,,,,,,,,,,,,,,,,,,,,,,,,,,,,,,,,
AB_S49_O1,4,7.065,-0.32,3.237,3.253,11.72,,,,,,,,,,,,,,,,,,,,,,,,,,,,,,,,,,,
AB_S49_O1,4,7.074,-0.32,3.34,3.355,9.868,,,,,,,,,,,,,,,,,,,,,,,,,,,,,,,,,,,
AB_S49_O1,4,7.082,-0.32,3.402,3.417,,,,,,,,,,,,,,,,,,,,,,,,,,,,,,,,,,,,
,,,,,,,,,,,,,,,,,,,,,,,,,,,,,,,,,,,,,,,,,
AB_S49_O1,5,8.659,-0.135,0.222,0.26,,,,,,,,,,,,,,,,,,,,,,,,,,,,,,,,,,,,
AB_S49_O1,5,8.667,-0.145,0.284,0.319,6.198,,,,,,,,,,,,,,,,,,,,,,,,,,,,,,,,,,,
AB_S49_O1,5,8.675,-0.145,0.325,0.356,4.934,,,,,,,,,,,,,,,,,,,,,,,,,,,,,,,,,,,
AB_S49_O1,5,8.684,-0.145,0.366,0.394,4.934,,,,,,,,,,,,,,,,,,,,,,,,,,,,,,,,,,,
AB_S49_O1,5,8.692,-0.145,0.407,0.432,3.701,,,,,,,,,,,,,,,,,,,,,,,,,,,,,,,,,,,
AB_S49_O1,5,8.7,-0.145,0.428,0.452,4.972,,,,,,,,,,,,,,,,,,,,,,,,,,,,,,,,,,,
AB_S49_O1,5,8.709,-0.155,0.49,0.514,7.503,,,,,,,,,,,,,,,,,,,,,,,,,,,,,,,,,,,
AB_S49_O1,5,8.717,-0.166,0.551,0.576,6.198,,,,,,,,,,,,,,,,,,,,,,,,,,,,,,,,,,,
AB_S49_O1,5,8.725,-0.166,0.593,0.615,4.934,,,,,,,,,,,,,,,,,,,,,,,,,,,,,,,,,,,
AB_S49_O1,5,8.734,-0.166,0.634,0.655,4.317,,,,,,,,,,,,,,,,,,,,,,,,,,,,,,,,,,,
AB_S49_O1,5,8.742,-0.166,0.665,0.685,6.896,,,,,,,,,,,,,,,,,,,,,,,,,,,,,,,,,,,
AB_S49_O1,5,8.75,-0.186,0.747,0.77,9.333,,,,,,,,,,,,,,,,,,,,,,,,,,,,,,,,,,,
AB_S49_O1,5,8.759,-0.186,0.819,0.84,6.168,,,,,,,,,,,,,,,,,,,,,,,,,,,,,,,,,,,
AB_S49_O1,5,8.767,-0.186,0.85,0.87,5.551,,,,,,,,,,,,,,,,,,,,,,,,,,,,,,,,,,,
AB_S49_O1,5,8.775,-0.186,0.911,0.93,6.812,,,,,,,,,,,,,,,,,,,,,,,,,,,,,,,,,,,
AB_S49_O1,5,8.784,-0.196,0.963,0.983,6.29,,,,,,,,,,,,,,,,,,,,,,,,,,,,,,,,,,,
AB_S49_O1,5,8.792,-0.207,1.014,1.035,6.198,,,,,,,,,,,,,,,,,,,,,,,,,,,,,,,,,,,
AB_S49_O1,5,8.8,-0.207,1.066,1.086,6.812,,,,,,,,,,,,,,,,,,,,,,,,,,,,,,,,,,,
AB_S49_O1,5,8.809,-0.217,1.128,1.148,6.896,,,,,,,,,,,,,,,,,,,,,,,,,,,,,,,,,,,
AB_S49_O1,5,8.817,-0.227,1.179,1.201,4.972,,,,,,,,,,,,,,,,,,,,,,,,,,,,,,,,,,,
AB_S49_O1,5,8.825,-0.227,1.21,1.231,5.585,,,,,,,,,,,,,,,,,,,,,,,,,,,,,,,,,,,
AB_S49_O1,5,8.834,-0.238,1.272,1.294,6.198,,,,,,,,,,,,,,,,,,,,,,,,,,,,,,,,,,,
AB_S49_O1,5,8.842,-0.238,1.313,1.334,6.198,,,,,,,,,,,,,,,,,,,,,,,,,,,,,,,,,,,
AB_S49_O1,5,8.851,-0.248,1.375,1.397,6.198,,,,,,,,,,,,,,,,,,,,,,,,,,,,,,,,,,,
AB_S49_O1,5,8.859,-0.248,1.416,1.437,6.198,,,,,,,,,,,,,,,,,,,,,,,,,,,,,,,,,,,
AB_S49_O1,5,8.867,-0.258,1.477,1.5,7.503,,,,,,,,,,,,,,,,,,,,,,,,,,,,,,,,,,,
AB_S49_O1,5,8.876,-0.268,1.539,1.562,8.831,,,,,,,,,,,,,,,,,,,,,,,,,,,,,,,,,,,
AB_S49_O1,5,8.884,-0.289,1.621,1.647,10.77,,,,,,,,,,,,,,,,,,,,,,,,,,,,,,,,,,,
AB_S49_O1,5,8.892,-0.31,1.714,1.742,9.435,,,,,,,,,,,,,,,,,,,,,,,,,,,,,,,,,,,
AB_S49_O1,5,8.901,-0.32,1.776,1.804,9.333,,,,,,,,,,,,,,,,,,,,,,,,,,,,,,,,,,,
AB_S49_O1,5,8.909,-0.33,1.868,1.897,8.657,,,,,,,,,,,,,,,,,,,,,,,,,,,,,,,,,,,
AB_S49_O1,5,8.917,-0.33,1.92,1.948,6.784,,,,,,,,,,,,,,,,,,,,,,,,,,,,,,,,,,,
AB_S49_O1,5,8.926,-0.33,1.982,2.009,9.868,,,,,,,,,,,,,,,,,,,,,,,,,,,,,,,,,,,
AB_S49_O1,5,8.934,-0.33,2.085,2.111,9.868,,,,,,,,,,,,,,,,,,,,,,,,,,,,,,,,,,,
AB_S49_O1,5,8.942,-0.33,2.146,2.172,8.657,,,,,,,,,,,,,,,,,,,,,,,,,,,,,,,,,,,
AB_S49_O1,5,8.951,-0.341,2.229,2.254,9.887,,,,,,,,,,,,,,,,,,,,,,,,,,,,,,,,,,,
AB_S49_O1,5,8.959,-0.341,2.311,2.336,9.868,,,,,,,,,,,,,,,,,,,,,,,,,,,,,,,,,,,
AB_S49_O1,5,8.967,-0.341,2.393,2.417,10.48,,,,,,,,,,,,,,,,,,,,,,,,,,,,,,,,,,,
AB_S49_O1,5,8.976,-0.341,2.486,2.509,10.56,,,,,,,,,,,,,,,,,,,,,,,,,,,,,,,,,,,
AB_S49_O1,5,8.984,-0.361,2.568,2.593,8.112,,,,,,,,,,,,,,,,,,,,,,,,,,,,,,,,,,,
AB_S49_O1,5,8.992,-0.361,2.62,2.644,9.945,,,,,,,,,,,,,,,,,,,,,,,,,,,,,,,,,,,
AB_S49_O1,5,9.001,-0.382,2.733,2.759,10.56,,,,,,,,,,,,,,,,,,,,,,,,,,,,,,,,,,,
AB_S49_O1,5,9.009,-0.382,2.794,2.82,9.868,,,,,,,,,,,,,,,,,,,,,,,,,,,,,,,,,,,
AB_S49_O1,5,9.017,-0.382,2.897,2.922,12.34,,,,,,,,,,,,,,,,,,,,,,,,,,,,,,,,,,,
AB_S49_O1,5,9.026,-0.382,3,3.024,10.48,,,,,,,,,,,,,,,,,,,,,,,,,,,,,,,,,,,
AB_S49_O1,5,9.034,-0.382,3.072,3.096,8.635,,,,,,,,,,,,,,,,,,,,,,,,,,,,,,,,,,,
AB_S49_O1,5,9.042,-0.382,3.144,3.167,11.1,,,,,,,,,,,,,,,,,,,,,,,,,,,,,,,,,,,
AB_S49_O1,5,9.051,-0.382,3.258,3.28,11.73,,,,,,,,,,,,,,,,,,,,,,,,,,,,,,,,,,,
AB_S49_O1,5,9.059,-0.392,3.34,3.363,9.887,,,,,,,,,,,,,,,,,,,,,,,,,,,,,,,,,,,
AB_S49_O1,5,9.067,-0.392,3.422,3.445,,,,,,,,,,,,,,,,,,,,,,,,,,,,,,,,,,,,
,,,,,,,,,,,,,,,,,,,,,,,,,,,,,,,,,,,,,,,,,
AB_S50_O1,1,8.34E-02,8.31E-01,1.50E-01,8.44E-01,,,,,,,,,,,,,,,,,,,,,,,,,,,,,,,,,,,,
AB_S50_O1,1,9.18E-02,8.57E-01,2.08E-01,8.82E-01,7.85E+00,,,,,,,,,,,,,,,,,,,,,,,,,,,,,,,,,,,
AB_S50_O1,1,1.00E-01,8.54E-01,2.79E-01,8.98E-01,6.63E+00,,,,,,,,,,,,,,,,,,,,,,,,,,,,,,,,,,,
AB_S50_O1,1,1.08E-01,8.63E-01,3.18E-01,9.20E-01,5.57E+00,,,,,,,,,,,,,,,,,,,,,,,,,,,,,,,,,,,
AB_S50_O1,1,1.17E-01,8.61E-01,3.72E-01,9.38E-01,7.25E+00,,,,,,,,,,,,,,,,,,,,,,,,,,,,,,,,,,,
AB_S50_O1,1,1.25E-01,8.65E-01,4.39E-01,9.70E-01,8.43E+00,,,,,,,,,,,,,,,,,,,,,,,,,,,,,,,,,,,
AB_S50_O1,1,1.33E-01,8.80E-01,5.11E-01,1.02E+00,7.28E+00,,,,,,,,,,,,,,,,,,,,,,,,,,,,,,,,,,,
AB_S50_O1,1,1.42E-01,8.92E-01,5.58E-01,1.05E+00,6.35E+00,,,,,,,,,,,,,,,,,,,,,,,,,,,,,,,,,,,
AB_S50_O1,1,1.50E-01,9.01E-01,6.15E-01,1.09E+00,5.89E+00,,,,,,,,,,,,,,,,,,,,,,,,,,,,,,,,,,,
AB_S50_O1,1,1.58E-01,9.10E-01,6.54E-01,1.12E+00,5.79E+00,,,,,,,,,,,,,,,,,,,,,,,,,,,,,,,,,,,
AB_S50_O1,1,1.67E-01,9.25E-01,7.08E-01,1.17E+00,7.08E+00,,,,,,,,,,,,,,,,,,,,,,,,,,,,,,,,,,,
AB_S50_O1,1,1.75E-01,9.19E-01,7.72E-01,1.20E+00,6.82E+00,,,,,,,,,,,,,,,,,,,,,,,,,,,,,,,,,,,
AB_S50_O1,1,1.84E-01,9.24E-01,8.22E-01,1.24E+00,6.63E+00,,,,,,,,,,,,,,,,,,,,,,,,,,,,,,,,,,,
AB_S50_O1,1,1.92E-01,9.25E-01,8.83E-01,1.28E+00,6.63E+00,,,,,,,,,,,,,,,,,,,,,,,,,,,,,,,,,,,
AB_S50_O1,1,2.00E-01,9.30E-01,9.33E-01,1.32E+00,5.57E+00,,,,,,,,,,,,,,,,,,,,,,,,,,,,,,,,,,,
AB_S50_O1,1,2.09E-01,9.32E-01,9.75E-01,1.35E+00,6.93E+00,,,,,,,,,,,,,,,,,,,,,,,,,,,,,,,,,,,
AB_S50_O1,1,2.17E-01,9.46E-01,1.05E+00,1.41E+00,6.82E+00,,,,,,,,,,,,,,,,,,,,,,,,,,,,,,,,,,,
AB_S50_O1,1,2.25E-01,9.56E-01,1.09E+00,1.45E+00,5.89E+00,,,,,,,,,,,,,,,,,,,,,,,,,,,,,,,,,,,
AB_S50_O1,1,2.34E-01,9.64E-01,1.14E+00,1.50E+00,6.02E+00,,,,,,,,,,,,,,,,,,,,,,,,,,,,,,,,,,,
AB_S50_O1,1,2.42E-01,9.66E-01,1.19E+00,1.53E+00,6.02E+00,,,,,,,,,,,,,,,,,,,,,,,,,,,,,,,,,,,
AB_S50_O1,1,2.50E-01,9.74E-01,1.24E+00,1.58E+00,6.02E+00,,,,,,,,,,,,,,,,,,,,,,,,,,,,,,,,,,,
AB_S50_O1,1,2.59E-01,9.76E-01,1.29E+00,1.61E+00,6.63E+00,,,,,,,,,,,,,,,,,,,,,,,,,,,,,,,,,,,
AB_S50_O1,1,2.67E-01,9.80E-01,1.35E+00,1.67E+00,8.58E+00,,,,,,,,,,,,,,,,,,,,,,,,,,,,,,,,,,,
AB_S50_O1,1,2.75E-01,9.87E-01,1.43E+00,1.74E+00,1.03E+01,,,,,,,,,,,,,,,,,,,,,,,,,,,,,,,,,,,
AB_S50_O1,1,2.84E-01,1.01E+00,1.52E+00,1.83E+00,8.78E+00,,,,,,,,,,,,,,,,,,,,,,,,,,,,,,,,,,,
AB_S50_O1,1,2.92E-01,1.02E+00,1.57E+00,1.87E+00,6.93E+00,,,,,,,,,,,,,,,,,,,,,,,,,,,,,,,,,,,
AB_S50_O1,1,3.00E-01,1.03E+00,1.64E+00,1.93E+00,9.48E+00,,,,,,,,,,,,,,,,,,,,,,,,,,,,,,,,,,,
AB_S50_O1,1,3.09E-01,1.04E+00,1.73E+00,2.02E+00,1.04E+01,,,,,,,,,,,,,,,,,,,,,,,,,,,,,,,,,,,
AB_S50_O1,1,3.17E-01,1.05E+00,1.81E+00,2.09E+00,1.05E+01,,,,,,,,,,,,,,,,,,,,,,,,,,,,,,,,,,,
AB_S50_O1,1,3.25E-01,1.05E+00,1.90E+00,2.18E+00,1.03E+01,,,,,,,,,,,,,,,,,,,,,,,,,,,,,,,,,,,
AB_S50_O1,1,3.34E-01,1.06E+00,1.98E+00,2.25E+00,9.35E+00,,,,,,,,,,,,,,,,,,,,,,,,,,,,,,,,,,,
AB_S50_O1,1,3.42E-01,1.08E+00,2.06E+00,2.32E+00,7.39E+00,,,,,,,,,,,,,,,,,,,,,,,,,,,,,,,,,,,
AB_S50_O1,1,3.50E-01,1.08E+00,2.10E+00,2.36E+00,5.75E+00,,,,,,,,,,,,,,,,,,,,,,,,,,,,,,,,,,,
AB_S50_O1,1,3.59E-01,1.08E+00,2.15E+00,2.41E+00,7.98E+00,,,,,,,,,,,,,,,,,,,,,,,,,,,,,,,,,,,
AB_S50_O1,1,3.67E-01,1.10E+00,2.23E+00,2.49E+00,1.10E+01,,,,,,,,,,,,,,,,,,,,,,,,,,,,,,,,,,,
AB_S50_O1,1,3.75E-01,1.10E+00,2.34E+00,2.58E+00,1.13E+01,,,,,,,,,,,,,,,,,,,,,,,,,,,,,,,,,,,
AB_S50_O1,1,3.84E-01,1.10E+00,2.42E+00,2.66E+00,1.05E+01,,,,,,,,,,,,,,,,,,,,,,,,,,,,,,,,,,,
AB_S50_O1,1,3.92E-01,1.12E+00,2.51E+00,2.75E+00,9.94E+00,,,,,,,,,,,,,,,,,,,,,,,,,,,,,,,,,,,
AB_S50_O1,1,4.00E-01,1.12E+00,2.59E+00,2.82E+00,1.18E+01,,,,,,,,,,,,,,,,,,,,,,,,,,,,,,,,,,,
AB_S50_O1,1,4.09E-01,1.13E+00,2.71E+00,2.93E+00,1.07E+01,,,,,,,,,,,,,,,,,,,,,,,,,,,,,,,,,,,
AB_S50_O1,1,4.17E-01,1.13E+00,2.76E+00,2.99E+00,8.89E+00,,,,,,,,,,,,,,,,,,,,,,,,,,,,,,,,,,,
AB_S50_O1,1,4.25E-01,1.15E+00,2.85E+00,3.08E+00,1.04E+01,,,,,,,,,,,,,,,,,,,,,,,,,,,,,,,,,,,
AB_S50_O1,1,4.34E-01,1.16E+00,2.94E+00,3.16E+00,9.48E+00,,,,,,,,,,,,,,,,,,,,,,,,,,,,,,,,,,,
AB_S50_O1,1,4.42E-01,1.17E+00,3.01E+00,3.23E+00,1.09E+01,,,,,,,,,,,,,,,,,,,,,,,,,,,,,,,,,,,
AB_S50_O1,1,4.50E-01,1.19E+00,3.12E+00,3.33E+00,9.94E+00,,,,,,,,,,,,,,,,,,,,,,,,,,,,,,,,,,,
AB_S50_O1,1,4.59E-01,1.19E+00,3.18E+00,3.39E+00,8.75E+00,,,,,,,,,,,,,,,,,,,,,,,,,,,,,,,,,,,
AB_S50_O1,1,4.67E-01,1.19E+00,3.26E+00,3.47E+00,8.89E+00,,,,,,,,,,,,,,,,,,,,,,,,,,,,,,,,,,,
AB_S50_O1,1,4.75E-01,1.21E+00,3.32E+00,3.54E+00,7.85E+00,,,,,,,,,,,,,,,,,,,,,,,,,,,,,,,,,,,
AB_S50_O1,1,4.84E-01,1.21E+00,3.39E+00,3.60E+00,8.58E+00,,,,,,,,,,,,,,,,,,,,,,,,,,,,,,,,,,,
AB_S50_O1,1,4.92E-01,1.22E+00,3.46E+00,3.67E+00,1.18E+01,,,,,,,,,,,,,,,,,,,,,,,,,,,,,,,,,,,
AB_S50_O1,1,5.01E-01,1.22E+00,3.59E+00,3.79E+00,1.37E+01,,,,,,,,,,,,,,,,,,,,,,,,,,,,,,,,,,,
AB_S50_O1,1,5.09E-01,1.24E+00,3.69E+00,3.89E+00,1.22E+01,,,,,,,,,,,,,,,,,,,,,,,,,,,,,,,,,,,
AB_S50_O1,1,5.17E-01,1.24E+00,3.79E+00,3.99E+00,,,,,,,,,,,,,,,,,,,,,,,,,,,,,,,,,,,,
,,,,,,,,,,,,,,,,,,,,,,,,,,,,,,,,,,,,,,,,,
AB_S50_O1,2,1.20E+00,6.79E-01,2.18E-01,7.13E-01,,,,,,,,,,,,,,,,,,,,,,,,,,,,,,,,,,,,
AB_S50_O1,2,1.21E+00,6.89E-01,3.18E-01,7.59E-01,1.06E+01,,,,,,,,,,,,,,,,,,,,,,,,,,,,,,,,,,,
AB_S50_O1,2,1.22E+00,6.71E-01,3.96E-01,7.79E-01,8.13E+00,,,,,,,,,,,,,,,,,,,,,,,,,,,,,,,,,,,
AB_S50_O1,2,1.23E+00,6.98E-01,4.54E-01,8.32E-01,8.13E+00,,,,,,,,,,,,,,,,,,,,,,,,,,,,,,,,,,,
AB_S50_O1,2,1.23E+00,6.80E-01,5.31E-01,8.63E-01,6.86E+00,,,,,,,,,,,,,,,,,,,,,,,,,,,,,,,,,,,
AB_S50_O1,2,1.24E+00,6.79E-01,5.67E-01,8.84E-01,6.39E+00,,,,,,,,,,,,,,,,,,,,,,,,,,,,,,,,,,,
AB_S50_O1,2,1.25E+00,6.76E-01,6.38E-01,9.29E-01,8.08E+00,,,,,,,,,,,,,,,,,,,,,,,,,,,,,,,,,,,
AB_S50_O1,2,1.26E+00,6.31E-01,6.93E-01,9.37E-01,9.42E+00,,,,,,,,,,,,,,,,,,,,,,,,,,,,,,,,,,,
AB_S50_O1,2,1.27E+00,6.20E-01,7.85E-01,1.00E+00,8.98E+00,,,,,,,,,,,,,,,,,,,,,,,,,,,,,,,,,,,
AB_S50_O1,2,1.28E+00,6.10E-01,8.41E-01,1.04E+00,9.80E+00,,,,,,,,,,,,,,,,,,,,,,,,,,,,,,,,,,,
AB_S50_O1,2,1.28E+00,6.06E-01,9.47E-01,1.12E+00,9.80E+00,,,,,,,,,,,,,,,,,,,,,,,,,,,,,,,,,,,
AB_S50_O1,2,1.29E+00,5.96E-01,1.00E+00,1.17E+00,8.08E+00,,,,,,,,,,,,,,,,,,,,,,,,,,,,,,,,,,,
AB_S50_O1,2,1.30E+00,5.58E-01,1.07E+00,1.21E+00,6.86E+00,,,,,,,,,,,,,,,,,,,,,,,,,,,,,,,,,,,
AB_S50_O1,2,1.31E+00,5.77E-01,1.12E+00,1.26E+00,6.93E+00,,,,,,,,,,,,,,,,,,,,,,,,,,,,,,,,,,,
AB_S50_O1,2,1.32E+00,5.74E-01,1.19E+00,1.32E+00,8.51E+00,,,,,,,,,,,,,,,,,,,,,,,,,,,,,,,,,,,
AB_S50_O1,2,1.33E+00,5.72E-01,1.26E+00,1.38E+00,6.86E+00,,,,,,,,,,,,,,,,,,,,,,,,,,,,,,,,,,,
AB_S50_O1,2,1.33E+00,5.56E-01,1.30E+00,1.41E+00,6.86E+00,,,,,,,,,,,,,,,,,,,,,,,,,,,,,,,,,,,
AB_S50_O1,2,1.34E+00,5.53E-01,1.37E+00,1.48E+00,8.51E+00,,,,,,,,,,,,,,,,,,,,,,,,,,,,,,,,,,,
AB_S50_O1,2,1.35E+00,5.50E-01,1.44E+00,1.54E+00,9.80E+00,,,,,,,,,,,,,,,,,,,,,,,,,,,,,,,,,,,
AB_S50_O1,2,1.36E+00,5.39E-01,1.53E+00,1.63E+00,9.38E+00,,,,,,,,,,,,,,,,,,,,,,,,,,,,,,,,,,,
AB_S50_O1,2,1.37E+00,5.50E-01,1.60E+00,1.69E+00,8.13E+00,,,,,,,,,,,,,,,,,,,,,,,,,,,,,,,,,,,
AB_S50_O1,2,1.38E+00,5.47E-01,1.67E+00,1.76E+00,9.38E+00,,,,,,,,,,,,,,,,,,,,,,,,,,,,,,,,,,,
AB_S50_O1,2,1.38E+00,5.51E-01,1.76E+00,1.84E+00,8.13E+00,,,,,,,,,,,,,,,,,,,,,,,,,,,,,,,,,,,
AB_S50_O1,2,1.39E+00,5.56E-01,1.81E+00,1.89E+00,8.19E+00,,,,,,,,,,,,,,,,,,,,,,,,,,,,,,,,,,,
AB_S50_O1,2,1.40E+00,5.24E-01,1.89E+00,1.96E+00,1.11E+01,,,,,,,,,,,,,,,,,,,,,,,,,,,,,,,,,,,
AB_S50_O1,2,1.41E+00,5.34E-01,1.99E+00,2.06E+00,9.38E+00,,,,,,,,,,,,,,,,,,,,,,,,,,,,,,,,,,,
AB_S50_O1,2,1.42E+00,5.25E-01,2.05E+00,2.11E+00,7.25E+00,,,,,,,,,,,,,,,,,,,,,,,,,,,,,,,,,,,
AB_S50_O1,2,1.43E+00,5.36E-01,2.11E+00,2.18E+00,6.93E+00,,,,,,,,,,,,,,,,,,,,,,,,,,,,,,,,,,,
AB_S50_O1,2,1.43E+00,5.41E-01,2.16E+00,2.23E+00,7.68E+00,,,,,,,,,,,,,,,,,,,,,,,,,,,,,,,,,,,
AB_S50_O1,2,1.44E+00,5.24E-01,2.24E+00,2.30E+00,9.52E+00,,,,,,,,,,,,,,,,,,,,,,,,,,,,,,,,,,,
AB_S50_O1,2,1.45E+00,5.06E-01,2.32E+00,2.37E+00,1.03E+01,,,,,,,,,,,,,,,,,,,,,,,,,,,,,,,,,,,
AB_S50_O1,2,1.46E+00,4.95E-01,2.41E+00,2.46E+00,8.51E+00,,,,,,,,,,,,,,,,,,,,,,,,,,,,,,,,,,,
AB_S50_O1,2,1.47E+00,5.00E-01,2.46E+00,2.51E+00,6.93E+00,,,,,,,,,,,,,,,,,,,,,,,,,,,,,,,,,,,
AB_S50_O1,2,1.48E+00,5.12E-01,2.52E+00,2.57E+00,9.03E+00,,,,,,,,,,,,,,,,,,,,,,,,,,,,,,,,,,,
AB_S50_O1,2,1.48E+00,5.15E-01,2.61E+00,2.66E+00,8.51E+00,,,,,,,,,,,,,,,,,,,,,,,,,,,,,,,,,,,
AB_S50_O1,2,1.49E+00,5.06E-01,2.66E+00,2.71E+00,6.86E+00,,,,,,,,,,,,,,,,,,,,,,,,,,,,,,,,,,,
AB_S50_O1,2,1.50E+00,4.96E-01,2.72E+00,2.77E+00,6.10E+00,,,,,,,,,,,,,,,,,,,,,,,,,,,,,,,,,,,
AB_S50_O1,2,1.51E+00,4.80E-01,2.76E+00,2.80E+00,7.44E+00,,,,,,,,,,,,,,,,,,,,,,,,,,,,,,,,,,,
AB_S50_O1,2,1.52E+00,4.63E-01,2.84E+00,2.88E+00,8.19E+00,,,,,,,,,,,,,,,,,,,,,,,,,,,,,,,,,,,
AB_S50_O1,2,1.53E+00,4.54E-01,2.90E+00,2.93E+00,7.68E+00,,,,,,,,,,,,,,,,,,,,,,,,,,,,,,,,,,,
AB_S50_O1,2,1.53E+00,4.51E-01,2.97E+00,3.00E+00,9.38E+00,,,,,,,,,,,,,,,,,,,,,,,,,,,,,,,,,,,
AB_S50_O1,2,1.54E+00,4.54E-01,3.05E+00,3.09E+00,1.06E+01,,,,,,,,,,,,,,,,,,,,,,,,,,,,,,,,,,,
AB_S50_O1,2,1.55E+00,4.43E-01,3.14E+00,3.18E+00,8.13E+00,,,,,,,,,,,,,,,,,,,,,,,,,,,,,,,,,,,
AB_S50_O1,2,1.56E+00,4.63E-01,3.19E+00,3.22E+00,7.25E+00,,,,,,,,,,,,,,,,,,,,,,,,,,,,,,,,,,,
AB_S50_O1,2,1.57E+00,4.45E-01,3.27E+00,3.30E+00,7.68E+00,,,,,,,,,,,,,,,,,,,,,,,,,,,,,,,,,,,
AB_S50_O1,2,1.58E+00,4.50E-01,3.32E+00,3.35E+00,7.25E+00,,,,,,,,,,,,,,,,,,,,,,,,,,,,,,,,,,,
AB_S50_O1,2,1.58E+00,4.47E-01,3.39E+00,3.42E+00,7.68E+00,,,,,,,,,,,,,,,,,,,,,,,,,,,,,,,,,,,
AB_S50_O1,2,1.59E+00,4.38E-01,3.44E+00,3.47E+00,9.03E+00,,,,,,,,,,,,,,,,,,,,,,,,,,,,,,,,,,,
AB_S50_O1,2,1.60E+00,4.62E-01,3.54E+00,3.57E+00,,,,,,,,,,,,,,,,,,,,,,,,,,,,,,,,,,,,
,,,,,,,,,,,,,,,,,,,,,,,,,,,,,,,,,,,,,,,,,
AB_S50_O1,3,3.35E+00,2.06E-01,1.35E-01,2.46E-01,,,,,,,,,,,,,,,,,,,,,,,,,,,,,,,,,,,,
AB_S50_O1,3,3.36E+00,2.26E-01,1.78E-01,2.87E-01,7.25E+00,,,,,,,,,,,,,,,,,,,,,,,,,,,,,,,,,,,
AB_S50_O1,3,3.37E+00,2.08E-01,2.56E-01,3.30E-01,6.86E+00,,,,,,,,,,,,,,,,,,,,,,,,,,,,,,,,,,,
AB_S50_O1,3,3.38E+00,2.07E-01,2.91E-01,3.57E-01,7.68E+00,,,,,,,,,,,,,,,,,,,,,,,,,,,,,,,,,,,
AB_S50_O1,3,3.39E+00,1.96E-01,3.83E-01,4.30E-01,9.38E+00,,,,,,,,,,,,,,,,,,,,,,,,,,,,,,,,,,,
AB_S50_O1,3,3.40E+00,2.07E-01,4.47E-01,4.93E-01,1.06E+01,,,,,,,,,,,,,,,,,,,,,,,,,,,,,,,,,,,
AB_S50_O1,3,3.40E+00,2.38E-01,5.55E-01,6.04E-01,1.09E+01,,,,,,,,,,,,,,,,,,,,,,,,,,,,,,,,,,,
AB_S50_O1,3,3.41E+00,2.35E-01,6.26E-01,6.69E-01,8.13E+00,,,,,,,,,,,,,,,,,,,,,,,,,,,,,,,,,,,
AB_S50_O1,3,3.42E+00,2.47E-01,6.91E-01,7.34E-01,9.03E+00,,,,,,,,,,,,,,,,,,,,,,,,,,,,,,,,,,,
AB_S50_O1,3,3.43E+00,2.50E-01,7.76E-01,8.16E-01,7.68E+00,,,,,,,,,,,,,,,,,,,,,,,,,,,,,,,,,,,
AB_S50_O1,3,3.44E+00,2.34E-01,8.18E-01,8.51E-01,6.39E+00,,,,,,,,,,,,,,,,,,,,,,,,,,,,,,,,,,,
AB_S50_O1,3,3.45E+00,2.46E-01,8.83E-01,9.16E-01,8.13E+00,,,,,,,,,,,,,,,,,,,,,,,,,,,,,,,,,,,
AB_S50_O1,3,3.45E+00,2.43E-01,9.54E-01,9.84E-01,7.68E+00,,,,,,,,,,,,,,,,,,,,,,,,,,,,,,,,,,,
AB_S50_O1,3,3.46E+00,2.34E-01,1.01E+00,1.04E+00,6.39E+00,,,,,,,,,,,,,,,,,,,,,,,,,,,,,,,,,,,
AB_S50_O1,3,3.47E+00,2.39E-01,1.06E+00,1.09E+00,6.02E+00,,,,,,,,,,,,,,,,,,,,,,,,,,,,,,,,,,,
AB_S50_O1,3,3.48E+00,2.44E-01,1.11E+00,1.14E+00,6.39E+00,,,,,,,,,,,,,,,,,,,,,,,,,,,,,,,,,,,
AB_S50_O1,3,3.49E+00,2.34E-01,1.17E+00,1.19E+00,8.13E+00,,,,,,,,,,,,,,,,,,,,,,,,,,,,,,,,,,,
AB_S50_O1,3,3.50E+00,2.52E-01,1.25E+00,1.27E+00,9.03E+00,,,,,,,,,,,,,,,,,,,,,,,,,,,,,,,,,,,
AB_S50_O1,3,3.50E+00,2.49E-01,1.32E+00,1.34E+00,7.68E+00,,,,,,,,,,,,,,,,,,,,,,,,,,,,,,,,,,,
AB_S50_O1,3,3.51E+00,2.40E-01,1.37E+00,1.39E+00,5.55E+00,,,,,,,,,,,,,,,,,,,,,,,,,,,,,,,,,,,
AB_S50_O1,3,3.52E+00,2.38E-01,1.41E+00,1.43E+00,5.55E+00,,,,,,,,,,,,,,,,,,,,,,,,,,,,,,,,,,,
AB_S50_O1,3,3.53E+00,2.29E-01,1.46E+00,1.48E+00,6.02E+00,,,,,,,,,,,,,,,,,,,,,,,,,,,,,,,,,,,
AB_S50_O1,3,3.54E+00,2.48E-01,1.51E+00,1.53E+00,7.25E+00,,,,,,,,,,,,,,,,,,,,,,,,,,,,,,,,,,,
AB_S50_O1,3,3.55E+00,2.31E-01,1.59E+00,1.60E+00,8.98E+00,,,,,,,,,,,,,,,,,,,,,,,,,,,,,,,,,,,
AB_S50_O1,3,3.55E+00,2.28E-01,1.66E+00,1.67E+00,8.51E+00,,,,,,,,,,,,,,,,,,,,,,,,,,,,,,,,,,,
AB_S50_O1,3,3.56E+00,2.25E-01,1.73E+00,1.74E+00,8.13E+00,,,,,,,,,,,,,,,,,,,,,,,,,,,,,,,,,,,
AB_S50_O1,3,3.57E+00,2.37E-01,1.79E+00,1.81E+00,7.68E+00,,,,,,,,,,,,,,,,,,,,,,,,,,,,,,,,,,,
AB_S50_O1,3,3.58E+00,2.13E-01,1.86E+00,1.87E+00,6.86E+00,,,,,,,,,,,,,,,,,,,,,,,,,,,,,,,,,,,
AB_S50_O1,3,3.59E+00,2.18E-01,1.91E+00,1.92E+00,6.02E+00,,,,,,,,,,,,,,,,,,,,,,,,,,,,,,,,,,,
AB_S50_O1,3,3.60E+00,2.23E-01,1.96E+00,1.97E+00,5.55E+00,,,,,,,,,,,,,,,,,,,,,,,,,,,,,,,,,,,
AB_S50_O1,3,3.60E+00,2.07E-01,2.00E+00,2.01E+00,7.68E+00,,,,,,,,,,,,,,,,,,,,,,,,,,,,,,,,,,,
AB_S50_O1,3,3.61E+00,2.10E-01,2.08E+00,2.09E+00,9.38E+00,,,,,,,,,,,,,,,,,,,,,,,,,,,,,,,,,,,
AB_S50_O1,3,3.62E+00,2.07E-01,2.15E+00,2.16E+00,8.98E+00,,,,,,,,,,,,,,,,,,,,,,,,,,,,,,,,,,,
AB_S50_O1,3,3.63E+00,1.90E-01,2.23E+00,2.24E+00,7.68E+00,,,,,,,,,,,,,,,,,,,,,,,,,,,,,,,,,,,
AB_S50_O1,3,3.64E+00,1.95E-01,2.28E+00,2.29E+00,8.51E+00,,,,,,,,,,,,,,,,,,,,,,,,,,,,,,,,,,,
AB_S50_O1,3,3.65E+00,1.84E-01,2.37E+00,2.38E+00,7.68E+00,,,,,,,,,,,,,,,,,,,,,,,,,,,,,,,,,,,
AB_S50_O1,3,3.65E+00,1.82E-01,2.41E+00,2.42E+00,4.26E+00,,,,,,,,,,,,,,,,,,,,,,,,,,,,,,,,,,,
AB_S50_O1,3,3.66E+00,1.81E-01,2.44E+00,2.45E+00,6.93E+00,,,,,,,,,,,,,,,,,,,,,,,,,,,,,,,,,,,
AB_S50_O1,3,3.67E+00,1.99E-01,2.52E+00,2.53E+00,7.25E+00,,,,,,,,,,,,,,,,,,,,,,,,,,,,,,,,,,,
AB_S50_O1,3,3.68E+00,1.83E-01,2.56E+00,2.57E+00,9.52E+00,,,,,,,,,,,,,,,,,,,,,,,,,,,,,,,,,,,
AB_S50_O1,3,3.69E+00,1.64E-01,2.68E+00,2.68E+00,8.19E+00,,,,,,,,,,,,,,,,,,,,,,,,,,,,,,,,,,,
AB_S50_O1,3,3.70E+00,1.56E-01,2.70E+00,2.70E+00,4.76E+00,,,,,,,,,,,,,,,,,,,,,,,,,,,,,,,,,,,
AB_S50_O1,3,3.70E+00,1.47E-01,2.76E+00,2.76E+00,7.68E+00,,,,,,,,,,,,,,,,,,,,,,,,,,,,,,,,,,,
AB_S50_O1,3,3.71E+00,1.44E-01,2.83E+00,2.83E+00,9.38E+00,,,,,,,,,,,,,,,,,,,,,,,,,,,,,,,,,,,
AB_S50_O1,3,3.72E+00,1.47E-01,2.91E+00,2.92E+00,1.06E+01,,,,,,,,,,,,,,,,,,,,,,,,,,,,,,,,,,,
AB_S50_O1,3,3.73E+00,1.36E-01,3.00E+00,3.01E+00,8.19E+00,,,,,,,,,,,,,,,,,,,,,,,,,,,,,,,,,,,
AB_S50_O1,3,3.74E+00,1.20E-01,3.05E+00,3.05E+00,8.19E+00,,,,,,,,,,,,,,,,,,,,,,,,,,,,,,,,,,,
AB_S50_O1,3,3.75E+00,6.74E-02,3.12E+00,3.12E+00,1.01E+01,,,,,,,,,,,,,,,,,,,,,,,,,,,,,,,,,,,
AB_S50_O1,3,3.75E+00,4.99E-02,3.20E+00,3.20E+00,1.03E+01,,,,,,,,,,,,,,,,,,,,,,,,,,,,,,,,,,,
AB_S50_O1,3,3.76E+00,7.45E-02,3.29E+00,3.29E+00,8.13E+00,,,,,,,,,,,,,,,,,,,,,,,,,,,,,,,,,,,
AB_S50_O1,3,3.77E+00,5.85E-02,3.33E+00,3.34E+00,5.55E+00,,,,,,,,,,,,,,,,,,,,,,,,,,,,,,,,,,,
AB_S50_O1,3,3.78E+00,6.35E-02,3.38E+00,3.39E+00,8.78E+00,,,,,,,,,,,,,,,,,,,,,,,,,,,,,,,,,,,
AB_S50_O1,3,3.79E+00,-3.89E-03,3.47E+00,3.47E+00,8.19E+00,,,,,,,,,,,,,,,,,,,,,,,,,,,,,,,,,,,
AB_S50_O1,3,3.80E+00,-5.36E-03,3.50E+00,3.50E+00,,,,,,,,,,,,,,,,,,,,,,,,,,,,,,,,,,,,
,,,,,,,,,,,,,,,,,,,,,,,,,,,,,,,,,,,,,,,,,
AB_S50_O1,4,4.64E+00,-6.46E-01,2.91E-01,7.09E-01,,,,,,,,,,,,,,,,,,,,,,,,,,,,,,,,,,,,
AB_S50_O1,4,4.65E+00,-6.48E-01,3.27E-01,7.26E-01,7.25E+00,,,,,,,,,,,,,,,,,,,,,,,,,,,,,,,,,,,
AB_S50_O1,4,4.65E+00,-6.44E-01,4.12E-01,7.65E-01,7.85E+00,,,,,,,,,,,,,,,,,,,,,,,,,,,,,,,,,,,
AB_S50_O1,4,4.66E+00,-6.25E-01,4.55E-01,7.73E-01,6.39E+00,,,,,,,,,,,,,,,,,,,,,,,,,,,,,,,,,,,
AB_S50_O1,4,4.67E+00,-6.49E-01,5.18E-01,8.30E-01,8.98E+00,,,,,,,,,,,,,,,,,,,,,,,,,,,,,,,,,,,
AB_S50_O1,4,4.68E+00,-6.45E-01,6.04E-01,8.84E-01,7.25E+00,,,,,,,,,,,,,,,,,,,,,,,,,,,,,,,,,,,
AB_S50_O1,4,4.69E+00,-6.47E-01,6.39E-01,9.09E-01,7.25E+00,,,,,,,,,,,,,,,,,,,,,,,,,,,,,,,,,,,
AB_S50_O1,4,4.70E+00,-6.43E-01,7.25E-01,9.69E-01,8.51E+00,,,,,,,,,,,,,,,,,,,,,,,,,,,,,,,,,,,
AB_S50_O1,4,4.70E+00,-6.53E-01,7.81E-01,1.02E+00,7.68E+00,,,,,,,,,,,,,,,,,,,,,,,,,,,,,,,,,,,
AB_S50_O1,4,4.71E+00,-6.56E-01,8.52E-01,1.08E+00,8.51E+00,,,,,,,,,,,,,,,,,,,,,,,,,,,,,,,,,,,
AB_S50_O1,4,4.72E+00,-6.59E-01,9.23E-01,1.13E+00,9.38E+00,,,,,,,,,,,,,,,,,,,,,,,,,,,,,,,,,,,
AB_S50_O1,4,4.73E+00,-6.55E-01,1.01E+00,1.20E+00,9.03E+00,,,,,,,,,,,,,,,,,,,,,,,,,,,,,,,,,,,
AB_S50_O1,4,4.74E+00,-6.43E-01,1.07E+00,1.25E+00,9.71E+00,,,,,,,,,,,,,,,,,,,,,,,,,,,,,,,,,,,
AB_S50_O1,4,4.75E+00,-6.19E-01,1.17E+00,1.32E+00,9.03E+00,,,,,,,,,,,,,,,,,,,,,,,,,,,,,,,,,,,
AB_S50_O1,4,4.75E+00,-6.28E-01,1.22E+00,1.38E+00,5.55E+00,,,,,,,,,,,,,,,,,,,,,,,,,,,,,,,,,,,
AB_S50_O1,4,4.76E+00,-6.30E-01,1.26E+00,1.41E+00,6.39E+00,,,,,,,,,,,,,,,,,,,,,,,,,,,,,,,,,,,
AB_S50_O1,4,4.77E+00,-6.33E-01,1.33E+00,1.47E+00,7.68E+00,,,,,,,,,,,,,,,,,,,,,,,,,,,,,,,,,,,
AB_S50_O1,4,4.78E+00,-6.42E-01,1.39E+00,1.53E+00,8.51E+00,,,,,,,,,,,,,,,,,,,,,,,,,,,,,,,,,,,
AB_S50_O1,4,4.79E+00,-6.39E-01,1.47E+00,1.60E+00,1.29E+01,,,,,,,,,,,,,,,,,,,,,,,,,,,,,,,,,,,
AB_S50_O1,4,4.80E+00,-6.16E-01,1.60E+00,1.71E+00,1.36E+01,,,,,,,,,,,,,,,,,,,,,,,,,,,,,,,,,,,
AB_S50_O1,4,4.80E+00,-6.41E-01,1.70E+00,1.82E+00,8.98E+00,,,,,,,,,,,,,,,,,,,,,,,,,,,,,,,,,,,
AB_S50_O1,4,4.81E+00,-6.36E-01,1.75E+00,1.86E+00,6.02E+00,,,,,,,,,,,,,,,,,,,,,,,,,,,,,,,,,,,
AB_S50_O1,4,4.82E+00,-6.31E-01,1.80E+00,1.91E+00,6.02E+00,,,,,,,,,,,,,,,,,,,,,,,,,,,,,,,,,,,
AB_S50_O1,4,4.83E+00,-6.26E-01,1.85E+00,1.95E+00,8.98E+00,,,,,,,,,,,,,,,,,,,,,,,,,,,,,,,,,,,
AB_S50_O1,4,4.84E+00,-6.51E-01,1.95E+00,2.05E+00,1.19E+01,,,,,,,,,,,,,,,,,,,,,,,,,,,,,,,,,,,
AB_S50_O1,4,4.85E+00,-6.41E-01,2.05E+00,2.15E+00,1.39E+01,,,,,,,,,,,,,,,,,,,,,,,,,,,,,,,,,,,
AB_S50_O1,4,4.85E+00,-6.18E-01,2.18E+00,2.26E+00,1.24E+01,,,,,,,,,,,,,,,,,,,,,,,,,,,,,,,,,,,
AB_S50_O1,4,4.86E+00,-6.36E-01,2.25E+00,2.34E+00,6.10E+00,,,,,,,,,,,,,,,,,,,,,,,,,,,,,,,,,,,
AB_S50_O1,4,4.87E+00,-6.44E-01,2.27E+00,2.36E+00,4.26E+00,,,,,,,,,,,,,,,,,,,,,,,,,,,,,,,,,,,
AB_S50_O1,4,4.88E+00,-6.39E-01,2.32E+00,2.41E+00,9.03E+00,,,,,,,,,,,,,,,,,,,,,,,,,,,,,,,,,,,
AB_S50_O1,4,4.89E+00,-6.29E-01,2.42E+00,2.50E+00,8.13E+00,,,,,,,,,,,,,,,,,,,,,,,,,,,,,,,,,,,
AB_S50_O1,4,4.90E+00,-6.30E-01,2.46E+00,2.54E+00,6.39E+00,,,,,,,,,,,,,,,,,,,,,,,,,,,,,,,,,,,
AB_S50_O1,4,4.90E+00,-6.33E-01,2.53E+00,2.61E+00,8.13E+00,,,,,,,,,,,,,,,,,,,,,,,,,,,,,,,,,,,
AB_S50_O1,4,4.91E+00,-6.22E-01,2.60E+00,2.67E+00,9.38E+00,,,,,,,,,,,,,,,,,,,,,,,,,,,,,,,,,,,
AB_S50_O1,4,4.92E+00,-6.33E-01,2.69E+00,2.76E+00,1.24E+01,,,,,,,,,,,,,,,,,,,,,,,,,,,,,,,,,,,
AB_S50_O1,4,4.93E+00,-6.16E-01,2.80E+00,2.87E+00,9.94E+00,,,,,,,,,,,,,,,,,,,,,,,,,,,,,,,,,,,
AB_S50_O1,4,4.94E+00,-6.11E-01,2.85E+00,2.92E+00,8.51E+00,,,,,,,,,,,,,,,,,,,,,,,,,,,,,,,,,,,
AB_S50_O1,4,4.95E+00,-6.22E-01,2.94E+00,3.01E+00,8.51E+00,,,,,,,,,,,,,,,,,,,,,,,,,,,,,,,,,,,
AB_S50_O1,4,4.95E+00,-6.17E-01,2.99E+00,3.06E+00,8.51E+00,,,,,,,,,,,,,,,,,,,,,,,,,,,,,,,,,,,
AB_S50_O1,4,4.96E+00,-6.28E-01,3.09E+00,3.15E+00,1.03E+01,,,,,,,,,,,,,,,,,,,,,,,,,,,,,,,,,,,
AB_S50_O1,4,4.97E+00,-6.45E-01,3.16E+00,3.23E+00,9.52E+00,,,,,,,,,,,,,,,,,,,,,,,,,,,,,,,,,,,
AB_S50_O1,4,4.98E+00,-6.63E-01,3.24E+00,3.31E+00,1.19E+01,,,,,,,,,,,,,,,,,,,,,,,,,,,,,,,,,,,
AB_S50_O1,4,4.99E+00,-6.61E-01,3.36E+00,3.43E+00,1.03E+01,,,,,,,,,,,,,,,,,,,,,,,,,,,,,,,,,,,
AB_S50_O1,4,5.00E+00,-6.56E-01,3.41E+00,3.47E+00,6.39E+00,,,,,,,,,,,,,,,,,,,,,,,,,,,,,,,,,,,
AB_S50_O1,4,5.01E+00,-6.65E-01,3.47E+00,3.53E+00,7.68E+00,,,,,,,,,,,,,,,,,,,,,,,,,,,,,,,,,,,
AB_S50_O1,4,5.01E+00,-6.68E-01,3.54E+00,3.60E+00,,,,,,,,,,,,,,,,,,,,,,,,,,,,,,,,,,,,
,,,,,,,,,,,,,,,,,,,,,,,,,,,,,,,,,,,,,,,,,
AB_S50_O1,5,5.91E+00,-3.88E-01,4.01E-01,5.58E-01,,,,,,,,,,,,,,,,,,,,,,,,,,,,,,,,,,,,
AB_S50_O1,5,5.92E+00,-3.89E-01,4.37E-01,5.85E-01,6.86E+00,,,,,,,,,,,,,,,,,,,,,,,,,,,,,,,,,,,
AB_S50_O1,5,5.93E+00,-4.07E-01,5.14E-01,6.56E-01,7.68E+00,,,,,,,,,,,,,,,,,,,,,,,,,,,,,,,,,,,
AB_S50_O1,5,5.94E+00,-4.02E-01,5.64E-01,6.93E-01,6.93E+00,,,,,,,,,,,,,,,,,,,,,,,,,,,,,,,,,,,
AB_S50_O1,5,5.95E+00,-3.90E-01,6.29E-01,7.40E-01,8.13E+00,,,,,,,,,,,,,,,,,,,,,,,,,,,,,,,,,,,
AB_S50_O1,5,5.96E+00,-3.93E-01,7.00E-01,8.03E-01,7.25E+00,,,,,,,,,,,,,,,,,,,,,,,,,,,,,,,,,,,
AB_S50_O1,5,5.96E+00,-3.88E-01,7.50E-01,8.44E-01,7.25E+00,,,,,,,,,,,,,,,,,,,,,,,,,,,,,,,,,,,
AB_S50_O1,5,5.97E+00,-3.91E-01,8.21E-01,9.09E-01,9.03E+00,,,,,,,,,,,,,,,,,,,,,,,,,,,,,,,,,,,
AB_S50_O1,5,5.98E+00,-3.73E-01,9.00E-01,9.74E-01,9.03E+00,,,,,,,,,,,,,,,,,,,,,,,,,,,,,,,,,,,
AB_S50_O1,5,5.99E+00,-3.76E-01,9.71E-01,1.04E+00,9.80E+00,,,,,,,,,,,,,,,,,,,,,,,,,,,,,,,,,,,
AB_S50_O1,5,6.00E+00,-3.87E-01,1.06E+00,1.13E+00,9.38E+00,,,,,,,,,,,,,,,,,,,,,,,,,,,,,,,,,,,
AB_S50_O1,5,6.01E+00,-3.76E-01,1.13E+00,1.19E+00,8.98E+00,,,,,,,,,,,,,,,,,,,,,,,,,,,,,,,,,,,
AB_S50_O1,5,6.01E+00,-4.08E-01,1.21E+00,1.28E+00,1.06E+01,,,,,,,,,,,,,,,,,,,,,,,,,,,,,,,,,,,
AB_S50_O1,5,6.02E+00,-3.83E-01,1.30E+00,1.36E+00,9.94E+00,,,,,,,,,,,,,,,,,,,,,,,,,,,,,,,,,,,
AB_S50_O1,5,6.03E+00,-3.86E-01,1.38E+00,1.43E+00,8.13E+00,,,,,,,,,,,,,,,,,,,,,,,,,,,,,,,,,,,
AB_S50_O1,5,6.04E+00,-3.74E-01,1.44E+00,1.49E+00,9.03E+00,,,,,,,,,,,,,,,,,,,,,,,,,,,,,,,,,,,
AB_S50_O1,5,6.05E+00,-3.71E-01,1.53E+00,1.57E+00,9.03E+00,,,,,,,,,,,,,,,,,,,,,,,,,,,,,,,,,,,
AB_S50_O1,5,6.06E+00,-3.59E-01,1.59E+00,1.63E+00,7.85E+00,,,,,,,,,,,,,,,,,,,,,,,,,,,,,,,,,,,
AB_S50_O1,5,6.06E+00,-3.48E-01,1.65E+00,1.69E+00,8.13E+00,,,,,,,,,,,,,,,,,,,,,,,,,,,,,,,,,,,
AB_S50_O1,5,6.07E+00,-3.51E-01,1.73E+00,1.76E+00,1.03E+01,,,,,,,,,,,,,,,,,,,,,,,,,,,,,,,,,,,
AB_S50_O1,5,6.08E+00,-3.41E-01,1.83E+00,1.86E+00,9.03E+00,,,,,,,,,,,,,,,,,,,,,,,,,,,,,,,,,,,
AB_S50_O1,5,6.09E+00,-3.36E-01,1.88E+00,1.90E+00,6.02E+00,,,,,,,,,,,,,,,,,,,,,,,,,,,,,,,,,,,
AB_S50_O1,5,6.10E+00,-3.31E-01,1.93E+00,1.95E+00,7.85E+00,,,,,,,,,,,,,,,,,,,,,,,,,,,,,,,,,,,
AB_S50_O1,5,6.11E+00,-3.13E-01,2.00E+00,2.03E+00,7.85E+00,,,,,,,,,,,,,,,,,,,,,,,,,,,,,,,,,,,
AB_S50_O1,5,6.11E+00,-3.08E-01,2.05E+00,2.08E+00,9.03E+00,,,,,,,,,,,,,,,,,,,,,,,,,,,,,,,,,,,
AB_S50_O1,5,6.12E+00,-2.98E-01,2.15E+00,2.17E+00,9.94E+00,,,,,,,,,,,,,,,,,,,,,,,,,,,,,,,,,,,
AB_S50_O1,5,6.13E+00,-2.86E-01,2.22E+00,2.24E+00,9.94E+00,,,,,,,,,,,,,,,,,,,,,,,,,,,,,,,,,,,
AB_S50_O1,5,6.14E+00,-2.76E-01,2.32E+00,2.33E+00,1.03E+01,,,,,,,,,,,,,,,,,,,,,,,,,,,,,,,,,,,
AB_S50_O1,5,6.15E+00,-2.79E-01,2.39E+00,2.41E+00,6.93E+00,,,,,,,,,,,,,,,,,,,,,,,,,,,,,,,,,,,
AB_S50_O1,5,6.16E+00,-2.59E-01,2.43E+00,2.45E+00,9.03E+00,,,,,,,,,,,,,,,,,,,,,,,,,,,,,,,,,,,
AB_S50_O1,5,6.16E+00,-2.64E-01,2.54E+00,2.55E+00,9.38E+00,,,,,,,,,,,,,,,,,,,,,,,,,,,,,,,,,,,
AB_S50_O1,5,6.17E+00,-2.59E-01,2.59E+00,2.60E+00,6.93E+00,,,,,,,,,,,,,,,,,,,,,,,,,,,,,,,,,,,
AB_S50_O1,5,6.18E+00,-2.47E-01,2.65E+00,2.67E+00,7.85E+00,,,,,,,,,,,,,,,,,,,,,,,,,,,,,,,,,,,
AB_S50_O1,5,6.19E+00,-2.36E-01,2.72E+00,2.73E+00,8.13E+00,,,,,,,,,,,,,,,,,,,,,,,,,,,,,,,,,,,
AB_S50_O1,5,6.20E+00,-2.39E-01,2.79E+00,2.80E+00,8.51E+00,,,,,,,,,,,,,,,,,,,,,,,,,,,,,,,,,,,
AB_S50_O1,5,6.21E+00,-2.42E-01,2.86E+00,2.87E+00,8.13E+00,,,,,,,,,,,,,,,,,,,,,,,,,,,,,,,,,,,
AB_S50_O1,5,6.21E+00,-2.30E-01,2.92E+00,2.93E+00,6.93E+00,,,,,,,,,,,,,,,,,,,,,,,,,,,,,,,,,,,
AB_S50_O1,5,6.22E+00,-2.25E-01,2.97E+00,2.98E+00,6.93E+00,,,,,,,,,,,,,,,,,,,,,,,,,,,,,,,,,,,
AB_S50_O1,5,6.23E+00,-2.14E-01,3.04E+00,3.05E+00,8.62E+00,,,,,,,,,,,,,,,,,,,,,,,,,,,,,,,,,,,
AB_S50_O1,5,6.24E+00,-1.81E-01,3.11E+00,3.12E+00,7.85E+00,,,,,,,,,,,,,,,,,,,,,,,,,,,,,,,,,,,
AB_S50_O1,5,6.25E+00,-1.90E-01,3.17E+00,3.17E+00,6.39E+00,,,,,,,,,,,,,,,,,,,,,,,,,,,,,,,,,,,
AB_S50_O1,5,6.26E+00,-1.85E-01,3.22E+00,3.22E+00,6.93E+00,,,,,,,,,,,,,,,,,,,,,,,,,,,,,,,,,,,
AB_S50_O1,5,6.26E+00,-1.74E-01,3.28E+00,3.29E+00,9.03E+00,,,,,,,,,,,,,,,,,,,,,,,,,,,,,,,,,,,
AB_S50_O1,5,6.27E+00,-1.70E-01,3.37E+00,3.37E+00,,,,,,,,,,,,,,,,,,,,,,,,,,,,,,,,,,,,
,,,,,,,,,,,,,,,,,,,,,,,,,,,,,,,,,,,,,,,,,
AB_S50_O2,3,4.09E-01,1.43E+00,5.33E-01,1.53E+00,,,,,,,,,,,,,,,,,,,,,,,,,,,,,,,,,,,,
AB_S50_O2,3,4.17E-01,1.43E+00,5.85E-01,1.54E+00,7.41E+00,,,,,,,,,,,,,,,,,,,,,,,,,,,,,,,,,,,
AB_S50_O2,3,4.25E-01,1.43E+00,6.57E-01,1.57E+00,8.64E+00,,,,,,,,,,,,,,,,,,,,,,,,,,,,,,,,,,,
AB_S50_O2,3,4.34E-01,1.42E+00,7.29E-01,1.60E+00,9.89E+00,,,,,,,,,,,,,,,,,,,,,,,,,,,,,,,,,,,
AB_S50_O2,3,4.42E-01,1.43E+00,8.22E-01,1.65E+00,8.64E+00,,,,,,,,,,,,,,,,,,,,,,,,,,,,,,,,,,,
AB_S50_O2,3,4.50E-01,1.42E+00,8.73E-01,1.67E+00,6.20E+00,,,,,,,,,,,,,,,,,,,,,,,,,,,,,,,,,,,
AB_S50_O2,3,4.59E-01,1.42E+00,9.24E-01,1.69E+00,5.55E+00,,,,,,,,,,,,,,,,,,,,,,,,,,,,,,,,,,,
AB_S50_O2,3,4.67E-01,1.42E+00,9.65E-01,1.71E+00,7.43E+00,,,,,,,,,,,,,,,,,,,,,,,,,,,,,,,,,,,
AB_S50_O2,3,4.75E-01,1.40E+00,1.05E+00,1.75E+00,8.23E+00,,,,,,,,,,,,,,,,,,,,,,,,,,,,,,,,,,,
AB_S50_O2,3,4.84E-01,1.38E+00,1.10E+00,1.76E+00,7.43E+00,,,,,,,,,,,,,,,,,,,,,,,,,,,,,,,,,,,
AB_S50_O2,3,4.92E-01,1.39E+00,1.17E+00,1.82E+00,6.82E+00,,,,,,,,,,,,,,,,,,,,,,,,,,,,,,,,,,,
AB_S50_O2,3,5.01E-01,1.39E+00,1.21E+00,1.84E+00,5.55E+00,,,,,,,,,,,,,,,,,,,,,,,,,,,,,,,,,,,
AB_S50_O2,3,5.09E-01,1.38E+00,1.26E+00,1.87E+00,6.20E+00,,,,,,,,,,,,,,,,,,,,,,,,,,,,,,,,,,,
AB_S50_O2,3,5.17E-01,1.37E+00,1.31E+00,1.90E+00,7.51E+00,,,,,,,,,,,,,,,,,,,,,,,,,,,,,,,,,,,
AB_S50_O2,3,5.26E-01,1.36E+00,1.39E+00,1.94E+00,8.12E+00,,,,,,,,,,,,,,,,,,,,,,,,,,,,,,,,,,,
AB_S50_O2,3,5.34E-01,1.35E+00,1.45E+00,1.98E+00,7.43E+00,,,,,,,,,,,,,,,,,,,,,,,,,,,,,,,,,,,
AB_S50_O2,3,5.42E-01,1.34E+00,1.51E+00,2.02E+00,7.43E+00,,,,,,,,,,,,,,,,,,,,,,,,,,,,,,,,,,,
AB_S50_O2,3,5.51E-01,1.33E+00,1.57E+00,2.06E+00,6.20E+00,,,,,,,,,,,,,,,,,,,,,,,,,,,,,,,,,,,
AB_S50_O2,3,5.59E-01,1.33E+00,1.61E+00,2.09E+00,6.79E+00,,,,,,,,,,,,,,,,,,,,,,,,,,,,,,,,,,,
AB_S50_O2,3,5.67E-01,1.33E+00,1.68E+00,2.14E+00,6.17E+00,,,,,,,,,,,,,,,,,,,,,,,,,,,,,,,,,,,
AB_S50_O2,3,5.76E-01,1.33E+00,1.71E+00,2.17E+00,5.55E+00,,,,,,,,,,,,,,,,,,,,,,,,,,,,,,,,,,,
AB_S50_O2,3,5.84E-01,1.33E+00,1.78E+00,2.22E+00,7.41E+00,,,,,,,,,,,,,,,,,,,,,,,,,,,,,,,,,,,
AB_S50_O2,3,5.92E-01,1.32E+00,1.84E+00,2.26E+00,8.02E+00,,,,,,,,,,,,,,,,,,,,,,,,,,,,,,,,,,,
AB_S50_O2,3,6.01E-01,1.32E+00,1.91E+00,2.32E+00,6.79E+00,,,,,,,,,,,,,,,,,,,,,,,,,,,,,,,,,,,
AB_S50_O2,3,6.09E-01,1.32E+00,1.95E+00,2.36E+00,6.17E+00,,,,,,,,,,,,,,,,,,,,,,,,,,,,,,,,,,,
AB_S50_O2,3,6.17E-01,1.32E+00,2.01E+00,2.41E+00,8.02E+00,,,,,,,,,,,,,,,,,,,,,,,,,,,,,,,,,,,
AB_S50_O2,3,6.26E-01,1.31E+00,2.08E+00,2.46E+00,7.41E+00,,,,,,,,,,,,,,,,,,,,,,,,,,,,,,,,,,,
AB_S50_O2,3,6.34E-01,1.31E+00,2.14E+00,2.51E+00,7.41E+00,,,,,,,,,,,,,,,,,,,,,,,,,,,,,,,,,,,
AB_S50_O2,3,6.42E-01,1.31E+00,2.21E+00,2.57E+00,8.64E+00,,,,,,,,,,,,,,,,,,,,,,,,,,,,,,,,,,,
AB_S50_O2,3,6.51E-01,1.31E+00,2.28E+00,2.63E+00,7.41E+00,,,,,,,,,,,,,,,,,,,,,,,,,,,,,,,,,,,
AB_S50_O2,3,6.59E-01,1.31E+00,2.33E+00,2.67E+00,5.55E+00,,,,,,,,,,,,,,,,,,,,,,,,,,,,,,,,,,,
AB_S50_O2,3,6.67E-01,1.30E+00,2.37E+00,2.71E+00,7.41E+00,,,,,,,,,,,,,,,,,,,,,,,,,,,,,,,,,,,
AB_S50_O2,3,6.76E-01,1.30E+00,2.46E+00,2.78E+00,6.79E+00,,,,,,,,,,,,,,,,,,,,,,,,,,,,,,,,,,,
AB_S50_O2,3,6.84E-01,1.30E+00,2.49E+00,2.81E+00,6.20E+00,,,,,,,,,,,,,,,,,,,,,,,,,,,,,,,,,,,
AB_S50_O2,3,6.92E-01,1.31E+00,2.56E+00,2.87E+00,9.26E+00,,,,,,,,,,,,,,,,,,,,,,,,,,,,,,,,,,,
AB_S50_O2,3,7.01E-01,1.30E+00,2.64E+00,2.94E+00,9.28E+00,,,,,,,,,,,,,,,,,,,,,,,,,,,,,,,,,,,
AB_S50_O2,3,7.09E-01,1.29E+00,2.71E+00,3.00E+00,7.41E+00,,,,,,,,,,,,,,,,,,,,,,,,,,,,,,,,,,,
AB_S50_O2,3,7.17E-01,1.29E+00,2.76E+00,3.05E+00,6.79E+00,,,,,,,,,,,,,,,,,,,,,,,,,,,,,,,,,,,
AB_S50_O2,3,7.26E-01,1.29E+00,2.83E+00,3.11E+00,7.41E+00,,,,,,,,,,,,,,,,,,,,,,,,,,,,,,,,,,,
AB_S50_O2,3,7.34E-01,1.29E+00,2.89E+00,3.16E+00,6.79E+00,,,,,,,,,,,,,,,,,,,,,,,,,,,,,,,,,,,
AB_S50_O2,3,7.42E-01,1.29E+00,2.94E+00,3.21E+00,8.64E+00,,,,,,,,,,,,,,,,,,,,,,,,,,,,,,,,,,,
AB_S50_O2,3,7.51E-01,1.28E+00,3.03E+00,3.29E+00,8.02E+00,,,,,,,,,,,,,,,,,,,,,,,,,,,,,,,,,,,
AB_S50_O2,3,7.59E-01,1.28E+00,3.07E+00,3.33E+00,6.82E+00,,,,,,,,,,,,,,,,,,,,,,,,,,,,,,,,,,,
AB_S50_O2,3,7.67E-01,1.29E+00,3.14E+00,3.40E+00,9.89E+00,,,,,,,,,,,,,,,,,,,,,,,,,,,,,,,,,,,
AB_S50_O2,3,7.76E-01,1.29E+00,3.24E+00,3.48E+00,8.64E+00,,,,,,,,,,,,,,,,,,,,,,,,,,,,,,,,,,,
AB_S50_O2,3,7.84E-01,1.28E+00,3.29E+00,3.53E+00,6.17E+00,,,,,,,,,,,,,,,,,,,,,,,,,,,,,,,,,,,
AB_S50_O2,3,7.92E-01,1.28E+00,3.34E+00,3.58E+00,6.79E+00,,,,,,,,,,,,,,,,,,,,,,,,,,,,,,,,,,,
AB_S50_O2,3,8.01E-01,1.28E+00,3.40E+00,3.63E+00,8.64E+00,,,,,,,,,,,,,,,,,,,,,,,,,,,,,,,,,,,
AB_S50_O2,3,8.09E-01,1.28E+00,3.48E+00,3.71E+00,8.64E+00,,,,,,,,,,,,,,,,,,,,,,,,,,,,,,,,,,,
AB_S50_O2,3,8.17E-01,1.27E+00,3.55E+00,3.77E+00,7.43E+00,,,,,,,,,,,,,,,,,,,,,,,,,,,,,,,,,,,
AB_S50_O2,3,8.26E-01,1.28E+00,3.61E+00,3.83E+00,7.43E+00,,,,,,,,,,,,,,,,,,,,,,,,,,,,,,,,,,,
AB_S50_O2,3,8.34E-01,1.28E+00,3.67E+00,3.89E+00,8.64E+00,,,,,,,,,,,,,,,,,,,,,,,,,,,,,,,,,,,
AB_S50_O2,3,8.43E-01,1.28E+00,3.75E+00,3.96E+00,,,,,,,,,,,,,,,,,,,,,,,,,,,,,,,,,,,,
,,,,,,,,,,,,,,,,,,,,,,,,,,,,,,,,,,,,,,,,,
AB_S50_O2,4,1.89E+00,1.20E+00,2.78E-01,1.23E+00,,,,,,,,,,,,,,,,,,,,,,,,,,,,,,,,,,,,
AB_S50_O2,4,1.90E+00,1.19E+00,2.98E-01,1.23E+00,3.15E+00,,,,,,,,,,,,,,,,,,,,,,,,,,,,,,,,,,,
AB_S50_O2,4,1.91E+00,1.19E+00,3.29E-01,1.23E+00,3.75E+00,,,,,,,,,,,,,,,,,,,,,,,,,,,,,,,,,,,
AB_S50_O2,4,1.92E+00,1.18E+00,3.60E-01,1.23E+00,4.49E+00,,,,,,,,,,,,,,,,,,,,,,,,,,,,,,,,,,,
AB_S50_O2,4,1.93E+00,1.17E+00,4.00E-01,1.23E+00,3.75E+00,,,,,,,,,,,,,,,,,,,,,,,,,,,,,,,,,,,
AB_S50_O2,4,1.94E+00,1.17E+00,4.21E-01,1.24E+00,3.70E+00,,,,,,,,,,,,,,,,,,,,,,,,,,,,,,,,,,,
AB_S50_O2,4,1.94E+00,1.16E+00,4.62E-01,1.25E+00,4.32E+00,,,,,,,,,,,,,,,,,,,,,,,,,,,,,,,,,,,
AB_S50_O2,4,1.95E+00,1.16E+00,4.93E-01,1.26E+00,4.98E+00,,,,,,,,,,,,,,,,,,,,,,,,,,,,,,,,,,,
AB_S50_O2,4,1.96E+00,1.15E+00,5.44E-01,1.27E+00,4.36E+00,,,,,,,,,,,,,,,,,,,,,,,,,,,,,,,,,,,
AB_S50_O2,4,1.97E+00,1.15E+00,5.65E-01,1.28E+00,2.54E+00,,,,,,,,,,,,,,,,,,,,,,,,,,,,,,,,,,,
AB_S50_O2,4,1.98E+00,1.16E+00,5.86E-01,1.30E+00,3.15E+00,,,,,,,,,,,,,,,,,,,,,,,,,,,,,,,,,,,
AB_S50_O2,4,1.99E+00,1.16E+00,6.16E-01,1.31E+00,4.32E+00,,,,,,,,,,,,,,,,,,,,,,,,,,,,,,,,,,,
AB_S50_O2,4,1.99E+00,1.16E+00,6.58E-01,1.33E+00,4.32E+00,,,,,,,,,,,,,,,,,,,,,,,,,,,,,,,,,,,
AB_S50_O2,4,2.00E+00,1.16E+00,6.88E-01,1.35E+00,4.94E+00,,,,,,,,,,,,,,,,,,,,,,,,,,,,,,,,,,,
AB_S50_O2,4,2.01E+00,1.16E+00,7.40E-01,1.37E+00,5.55E+00,,,,,,,,,,,,,,,,,,,,,,,,,,,,,,,,,,,
AB_S50_O2,4,2.02E+00,1.15E+00,7.81E-01,1.39E+00,4.94E+00,,,,,,,,,,,,,,,,,,,,,,,,,,,,,,,,,,,
AB_S50_O2,4,2.03E+00,1.15E+00,8.22E-01,1.42E+00,3.70E+00,,,,,,,,,,,,,,,,,,,,,,,,,,,,,,,,,,,
AB_S50_O2,4,2.04E+00,1.15E+00,8.43E-01,1.43E+00,3.75E+00,,,,,,,,,,,,,,,,,,,,,,,,,,,,,,,,,,,
AB_S50_O2,4,2.04E+00,1.14E+00,8.84E-01,1.44E+00,4.36E+00,,,,,,,,,,,,,,,,,,,,,,,,,,,,,,,,,,,
AB_S50_O2,4,2.05E+00,1.14E+00,9.14E-01,1.46E+00,3.09E+00,,,,,,,,,,,,,,,,,,,,,,,,,,,,,,,,,,,
AB_S50_O2,4,2.06E+00,1.14E+00,9.35E-01,1.47E+00,2.47E+00,,,,,,,,,,,,,,,,,,,,,,,,,,,,,,,,,,,
AB_S50_O2,4,2.07E+00,1.14E+00,9.56E-01,1.49E+00,4.32E+00,,,,,,,,,,,,,,,,,,,,,,,,,,,,,,,,,,,
AB_S50_O2,4,2.08E+00,1.14E+00,1.01E+00,1.52E+00,4.94E+00,,,,,,,,,,,,,,,,,,,,,,,,,,,,,,,,,,,
AB_S50_O2,4,2.09E+00,1.13E+00,1.04E+00,1.54E+00,4.98E+00,,,,,,,,,,,,,,,,,,,,,,,,,,,,,,,,,,,
AB_S50_O2,4,2.09E+00,1.12E+00,1.09E+00,1.56E+00,6.82E+00,,,,,,,,,,,,,,,,,,,,,,,,,,,,,,,,,,,
AB_S50_O2,4,2.10E+00,1.12E+00,1.15E+00,1.61E+00,5.55E+00,,,,,,,,,,,,,,,,,,,,,,,,,,,,,,,,,,,
AB_S50_O2,4,2.11E+00,1.12E+00,1.18E+00,1.63E+00,3.70E+00,,,,,,,,,,,,,,,,,,,,,,,,,,,,,,,,,,,
AB_S50_O2,4,2.12E+00,1.12E+00,1.21E+00,1.65E+00,4.32E+00,,,,,,,,,,,,,,,,,,,,,,,,,,,,,,,,,,,
AB_S50_O2,4,2.13E+00,1.12E+00,1.25E+00,1.68E+00,6.17E+00,,,,,,,,,,,,,,,,,,,,,,,,,,,,,,,,,,,
AB_S50_O2,4,2.14E+00,1.11E+00,1.32E+00,1.72E+00,6.17E+00,,,,,,,,,,,,,,,,,,,,,,,,,,,,,,,,,,,
AB_S50_O2,4,2.14E+00,1.11E+00,1.36E+00,1.75E+00,4.32E+00,,,,,,,,,,,,,,,,,,,,,,,,,,,,,,,,,,,
AB_S50_O2,4,2.15E+00,1.11E+00,1.39E+00,1.78E+00,4.94E+00,,,,,,,,,,,,,,,,,,,,,,,,,,,,,,,,,,,
AB_S50_O2,4,2.16E+00,1.11E+00,1.44E+00,1.82E+00,6.17E+00,,,,,,,,,,,,,,,,,,,,,,,,,,,,,,,,,,,
AB_S50_O2,4,2.17E+00,1.11E+00,1.49E+00,1.86E+00,4.32E+00,,,,,,,,,,,,,,,,,,,,,,,,,,,,,,,,,,,
AB_S50_O2,4,2.18E+00,1.11E+00,1.51E+00,1.87E+00,4.32E+00,,,,,,,,,,,,,,,,,,,,,,,,,,,,,,,,,,,
AB_S50_O2,4,2.19E+00,1.11E+00,1.56E+00,1.91E+00,6.17E+00,,,,,,,,,,,,,,,,,,,,,,,,,,,,,,,,,,,
AB_S50_O2,4,2.19E+00,1.10E+00,1.61E+00,1.96E+00,6.17E+00,,,,,,,,,,,,,,,,,,,,,,,,,,,,,,,,,,,
AB_S50_O2,4,2.20E+00,1.10E+00,1.67E+00,2.00E+00,6.79E+00,,,,,,,,,,,,,,,,,,,,,,,,,,,,,,,,,,,
AB_S50_O2,4,2.21E+00,1.10E+00,1.73E+00,2.05E+00,6.17E+00,,,,,,,,,,,,,,,,,,,,,,,,,,,,,,,,,,,
AB_S50_O2,4,2.22E+00,1.10E+00,1.77E+00,2.08E+00,6.79E+00,,,,,,,,,,,,,,,,,,,,,,,,,,,,,,,,,,,
AB_S50_O2,4,2.23E+00,1.10E+00,1.84E+00,2.14E+00,8.02E+00,,,,,,,,,,,,,,,,,,,,,,,,,,,,,,,,,,,
AB_S50_O2,4,2.24E+00,1.09E+00,1.90E+00,2.19E+00,7.41E+00,,,,,,,,,,,,,,,,,,,,,,,,,,,,,,,,,,,
AB_S50_O2,4,2.24E+00,1.09E+00,1.96E+00,2.25E+00,6.79E+00,,,,,,,,,,,,,,,,,,,,,,,,,,,,,,,,,,,
AB_S50_O2,4,2.25E+00,1.09E+00,2.02E+00,2.29E+00,6.17E+00,,,,,,,,,,,,,,,,,,,,,,,,,,,,,,,,,,,
AB_S50_O2,4,2.26E+00,1.09E+00,2.07E+00,2.34E+00,6.17E+00,,,,,,,,,,,,,,,,,,,,,,,,,,,,,,,,,,,
AB_S50_O2,4,2.27E+00,1.09E+00,2.12E+00,2.38E+00,6.79E+00,,,,,,,,,,,,,,,,,,,,,,,,,,,,,,,,,,,
AB_S50_O2,4,2.28E+00,1.08E+00,2.18E+00,2.43E+00,8.02E+00,,,,,,,,,,,,,,,,,,,,,,,,,,,,,,,,,,,
AB_S50_O2,4,2.29E+00,1.08E+00,2.25E+00,2.50E+00,8.02E+00,,,,,,,,,,,,,,,,,,,,,,,,,,,,,,,,,,,
AB_S50_O2,4,2.29E+00,1.08E+00,2.31E+00,2.55E+00,7.41E+00,,,,,,,,,,,,,,,,,,,,,,,,,,,,,,,,,,,
AB_S50_O2,4,2.30E+00,1.08E+00,2.38E+00,2.61E+00,7.41E+00,,,,,,,,,,,,,,,,,,,,,,,,,,,,,,,,,,,
AB_S50_O2,4,2.31E+00,1.08E+00,2.44E+00,2.66E+00,8.05E+00,,,,,,,,,,,,,,,,,,,,,,,,,,,,,,,,,,,
AB_S50_O2,4,2.32E+00,1.08E+00,2.51E+00,2.73E+00,9.95E+00,,,,,,,,,,,,,,,,,,,,,,,,,,,,,,,,,,,
AB_S50_O2,4,2.33E+00,1.09E+00,2.60E+00,2.82E+00,8.64E+00,,,,,,,,,,,,,,,,,,,,,,,,,,,,,,,,,,,
AB_S50_O2,4,2.34E+00,1.08E+00,2.65E+00,2.86E+00,6.20E+00,,,,,,,,,,,,,,,,,,,,,,,,,,,,,,,,,,,
AB_S50_O2,4,2.34E+00,1.08E+00,2.70E+00,2.91E+00,6.79E+00,,,,,,,,,,,,,,,,,,,,,,,,,,,,,,,,,,,
AB_S50_O2,4,2.35E+00,1.07E+00,2.77E+00,2.97E+00,8.64E+00,,,,,,,,,,,,,,,,,,,,,,,,,,,,,,,,,,,
AB_S50_O2,4,2.36E+00,1.07E+00,2.85E+00,3.04E+00,8.66E+00,,,,,,,,,,,,,,,,,,,,,,,,,,,,,,,,,,,
AB_S50_O2,4,2.37E+00,1.08E+00,2.91E+00,3.10E+00,5.59E+00,,,,,,,,,,,,,,,,,,,,,,,,,,,,,,,,,,,
AB_S50_O2,4,2.38E+00,1.08E+00,2.94E+00,3.13E+00,3.75E+00,,,,,,,,,,,,,,,,,,,,,,,,,,,,,,,,,,,
AB_S50_O2,4,2.39E+00,1.09E+00,2.97E+00,3.17E+00,6.20E+00,,,,,,,,,,,,,,,,,,,,,,,,,,,,,,,,,,,
AB_S50_O2,4,2.39E+00,1.09E+00,3.05E+00,3.23E+00,9.26E+00,,,,,,,,,,,,,,,,,,,,,,,,,,,,,,,,,,,
AB_S50_O2,4,2.40E+00,1.08E+00,3.13E+00,3.31E+00,8.64E+00,,,,,,,,,,,,,,,,,,,,,,,,,,,,,,,,,,,
AB_S50_O2,4,2.41E+00,1.08E+00,3.19E+00,3.37E+00,6.79E+00,,,,,,,,,,,,,,,,,,,,,,,,,,,,,,,,,,,
AB_S50_O2,4,2.42E+00,1.08E+00,3.24E+00,3.42E+00,8.05E+00,,,,,,,,,,,,,,,,,,,,,,,,,,,,,,,,,,,
AB_S50_O2,4,2.43E+00,1.09E+00,3.32E+00,3.50E+00,6.82E+00,,,,,,,,,,,,,,,,,,,,,,,,,,,,,,,,,,,
AB_S50_O2,4,2.44E+00,1.09E+00,3.35E+00,3.53E+00,4.94E+00,,,,,,,,,,,,,,,,,,,,,,,,,,,,,,,,,,,
AB_S50_O2,4,2.44E+00,1.08E+00,3.41E+00,3.57E+00,6.17E+00,,,,,,,,,,,,,,,,,,,,,,,,,,,,,,,,,,,
AB_S50_O2,4,2.45E+00,1.08E+00,3.46E+00,3.62E+00,8.05E+00,,,,,,,,,,,,,,,,,,,,,,,,,,,,,,,,,,,
AB_S50_O2,4,2.46E+00,1.09E+00,3.54E+00,3.70E+00,8.66E+00,,,,,,,,,,,,,,,,,,,,,,,,,,,,,,,,,,,
AB_S50_O2,4,2.47E+00,1.09E+00,3.60E+00,3.76E+00,9.87E+00,,,,,,,,,,,,,,,,,,,,,,,,,,,,,,,,,,,
AB_S50_O2,4,2.48E+00,1.08E+00,3.70E+00,3.86E+00,,,,,,,,,,,,,,,,,,,,,,,,,,,,,,,,,,,,
,,,,,,,,,,,,,,,,,,,,,,,,,,,,,,,,,,,,,,,,,
AB_S50_O2,5,2.519,0.406,0.663,0.777,,,,,,,,,,,,,,,,,,,,,,,,,,,,,,,,,,,,
AB_S50_O2,5,2.528,0.403,0.745,0.847,9.257,,,,,,,,,,,,,,,,,,,,,,,,,,,,,,,,,,,
AB_S50_O2,5,2.536,0.4,0.817,0.91,11.13,,,,,,,,,,,,,,,,,,,,,,,,,,,,,,,,,,,
AB_S50_O2,5,2.544,0.386,0.93,1.007,11.74,,,,,,,,,,,,,,,,,,,,,,,,,,,,,,,,,,,
AB_S50_O2,5,2.553,0.383,1.012,1.082,10.65,,,,,,,,,,,,,,,,,,,,,,,,,,,,,,,,,,,
AB_S50_O2,5,2.561,0.349,1.104,1.158,11.26,,,,,,,,,,,,,,,,,,,,,,,,,,,,,,,,,,,
AB_S50_O2,5,2.569,0.346,1.196,1.245,11.73,,,,,,,,,,,,,,,,,,,,,,,,,,,,,,,,,,,
AB_S50_O2,5,2.578,0.343,1.299,1.344,11.13,,,,,,,,,,,,,,,,,,,,,,,,,,,,,,,,,,,
AB_S50_O2,5,2.586,0.35,1.382,1.425,11.13,,,,,,,,,,,,,,,,,,,,,,,,,,,,,,,,,,,
AB_S50_O2,5,2.594,0.346,1.485,1.525,10.49,,,,,,,,,,,,,,,,,,,,,,,,,,,,,,,,,,,
AB_S50_O2,5,2.603,0.344,1.557,1.594,9.257,,,,,,,,,,,,,,,,,,,,,,,,,,,,,,,,,,,
AB_S50_O2,5,2.611,0.341,1.639,1.674,9.257,,,,,,,,,,,,,,,,,,,,,,,,,,,,,,,,,,,
AB_S50_O2,5,2.619,0.339,1.711,1.744,9.257,,,,,,,,,,,,,,,,,,,,,,,,,,,,,,,,,,,
AB_S50_O2,5,2.628,0.336,1.793,1.825,9.874,,,,,,,,,,,,,,,,,,,,,,,,,,,,,,,,,,,
AB_S50_O2,5,2.636,0.333,1.876,1.905,9.257,,,,,,,,,,,,,,,,,,,,,,,,,,,,,,,,,,,
AB_S50_O2,5,2.644,0.33,1.948,1.976,9.257,,,,,,,,,,,,,,,,,,,,,,,,,,,,,,,,,,,
AB_S50_O2,5,2.653,0.328,2.03,2.056,8.64,,,,,,,,,,,,,,,,,,,,,,,,,,,,,,,,,,,
AB_S50_O2,5,2.661,0.326,2.092,2.117,8.023,,,,,,,,,,,,,,,,,,,,,,,,,,,,,,,,,,,
AB_S50_O2,5,2.669,0.323,2.164,2.188,7.405,,,,,,,,,,,,,,,,,,,,,,,,,,,,,,,,,,,
AB_S50_O2,5,2.678,0.321,2.215,2.238,6.788,,,,,,,,,,,,,,,,,,,,,,,,,,,,,,,,,,,
AB_S50_O2,5,2.686,0.319,2.277,2.299,9.257,,,,,,,,,,,,,,,,,,,,,,,,,,,,,,,,,,,
AB_S50_O2,5,2.694,0.316,2.37,2.391,8.64,,,,,,,,,,,,,,,,,,,,,,,,,,,,,,,,,,,
AB_S50_O2,5,2.703,0.314,2.421,2.441,6.171,,,,,,,,,,,,,,,,,,,,,,,,,,,,,,,,,,,
AB_S50_O2,5,2.711,0.312,2.472,2.492,6.171,,,,,,,,,,,,,,,,,,,,,,,,,,,,,,,,,,,
AB_S50_O2,5,2.719,0.311,2.524,2.543,6.171,,,,,,,,,,,,,,,,,,,,,,,,,,,,,,,,,,,
AB_S50_O2,5,2.728,0.309,2.575,2.594,8.023,,,,,,,,,,,,,,,,,,,,,,,,,,,,,,,,,,,
AB_S50_O2,5,2.736,0.306,2.658,2.675,9.257,,,,,,,,,,,,,,,,,,,,,,,,,,,,,,,,,,,
AB_S50_O2,5,2.744,0.304,2.73,2.747,8.023,,,,,,,,,,,,,,,,,,,,,,,,,,,,,,,,,,,
AB_S50_O2,5,2.753,0.301,2.791,2.808,5.554,,,,,,,,,,,,,,,,,,,,,,,,,,,,,,,,,,,
AB_S50_O2,5,2.761,0.3,2.822,2.838,6.171,,,,,,,,,,,,,,,,,,,,,,,,,,,,,,,,,,,
AB_S50_O2,5,2.769,0.298,2.894,2.91,7.405,,,,,,,,,,,,,,,,,,,,,,,,,,,,,,,,,,,
AB_S50_O2,5,2.778,0.296,2.946,2.961,4.32,,,,,,,,,,,,,,,,,,,,,,,,,,,,,,,,,,,
AB_S50_O2,5,2.786,0.295,2.966,2.981,4.32,,,,,,,,,,,,,,,,,,,,,,,,,,,,,,,,,,,
AB_S50_O2,5,2.794,0.294,3.018,3.032,4.937,,,,,,,,,,,,,,,,,,,,,,,,,,,,,,,,,,,
AB_S50_O2,5,2.803,0.293,3.049,3.063,5.588,,,,,,,,,,,,,,,,,,,,,,,,,,,,,,,,,,,
AB_S50_O2,5,2.811,0.301,3.111,3.125,6.9,,,,,,,,,,,,,,,,,,,,,,,,,,,,,,,,,,,
AB_S50_O2,5,2.819,0.309,3.163,3.178,5.588,,,,,,,,,,,,,,,,,,,,,,,,,,,,,,,,,,,
AB_S50_O2,5,2.828,0.308,3.204,3.218,6.171,,,,,,,,,,,,,,,,,,,,,,,,,,,,,,,,,,,
AB_S50_O2,5,2.836,0.306,3.265,3.28,6.788,,,,,,,,,,,,,,,,,,,,,,,,,,,,,,,,,,,
AB_S50_O2,5,2.845,0.304,3.317,3.331,5.69,,,,,,,,,,,,,,,,,,,,,,,,,,,,,,,,,,,
AB_S50_O2,5,2.853,0.323,3.359,3.374,5.089,,,,,,,,,,,,,,,,,,,,,,,,,,,,,,,,,,,
AB_S50_O2,5,2.861,0.322,3.4,3.415,6.202,,,,,,,,,,,,,,,,,,,,,,,,,,,,,,,,,,,
AB_S50_O2,5,2.87,0.33,3.462,3.478,5.588,,,,,,,,,,,,,,,,,,,,,,,,,,,,,,,,,,,
AB_S50_O2,5,2.878,0.329,3.493,3.508,5.554,,,,,,,,,,,,,,,,,,,,,,,,,,,,,,,,,,,
AB_S50_O2,5,2.886,0.327,3.555,3.57,5.588,,,,,,,,,,,,,,,,,,,,,,,,,,,,,,,,,,,
AB_S50_O2,5,2.895,0.336,3.586,3.602,3.754,,,,,,,,,,,,,,,,,,,,,,,,,,,,,,,,,,,
AB_S50_O2,5,2.903,0.335,3.617,3.632,4.364,,,,,,,,,,,,,,,,,,,,,,,,,,,,,,,,,,,
AB_S50_O2,5,2.911,0.344,3.658,3.674,5.855,,,,,,,,,,,,,,,,,,,,,,,,,,,,,,,,,,,
AB_S50_O2,5,2.92,0.362,3.71,3.728,4.493,,,,,,,,,,,,,,,,,,,,,,,,,,,,,,,,,,,
AB_S50_O2,5,2.928,0.362,3.731,3.748,,,,,,,,,,,,,,,,,,,,,,,,,,,,,,,,,,,,
,,,,,,,,,,,,,,,,,,,,,,,,,,,,,,,,,,,,,,,,,
AB_S50_O2,1,3.25E-01,1.45E-01,7.71E-01,7.85E-01,,,,,,,,,,,,,,,,,,,,,,,,,,,,,,,,,,,,
AB_S50_O2,1,3.34E-01,1.35E-01,8.33E-01,8.43E-01,6.75E+00,,,,,,,,,,,,,,,,,,,,,,,,,,,,,,,,,,,
AB_S50_O2,1,3.42E-01,1.35E-01,8.84E-01,8.94E-01,6.12E+00,,,,,,,,,,,,,,,,,,,,,,,,,,,,,,,,,,,
AB_S50_O2,1,3.50E-01,1.35E-01,9.35E-01,9.44E-01,7.34E+00,,,,,,,,,,,,,,,,,,,,,,,,,,,,,,,,,,,
AB_S50_O2,1,3.59E-01,1.35E-01,1.01E+00,1.02E+00,9.17E+00,,,,,,,,,,,,,,,,,,,,,,,,,,,,,,,,,,,
AB_S50_O2,1,3.67E-01,1.35E-01,1.09E+00,1.10E+00,7.34E+00,,,,,,,,,,,,,,,,,,,,,,,,,,,,,,,,,,,
AB_S50_O2,1,3.75E-01,1.35E-01,1.13E+00,1.14E+00,7.34E+00,,,,,,,,,,,,,,,,,,,,,,,,,,,,,,,,,,,
AB_S50_O2,1,3.84E-01,1.35E-01,1.21E+00,1.22E+00,7.95E+00,,,,,,,,,,,,,,,,,,,,,,,,,,,,,,,,,,,
AB_S50_O2,1,3.92E-01,1.35E-01,1.26E+00,1.27E+00,9.17E+00,,,,,,,,,,,,,,,,,,,,,,,,,,,,,,,,,,,
AB_S50_O2,1,4.00E-01,1.35E-01,1.36E+00,1.37E+00,1.04E+01,,,,,,,,,,,,,,,,,,,,,,,,,,,,,,,,,,,
AB_S50_O2,1,4.09E-01,1.35E-01,1.43E+00,1.44E+00,6.73E+00,,,,,,,,,,,,,,,,,,,,,,,,,,,,,,,,,,,
AB_S50_O2,1,4.17E-01,1.35E-01,1.48E+00,1.48E+00,7.97E+00,,,,,,,,,,,,,,,,,,,,,,,,,,,,,,,,,,,
AB_S50_O2,1,4.25E-01,1.25E-01,1.57E+00,1.57E+00,9.78E+00,,,,,,,,,,,,,,,,,,,,,,,,,,,,,,,,,,,
AB_S50_O2,1,4.34E-01,1.35E-01,1.64E+00,1.64E+00,8.04E+00,,,,,,,,,,,,,,,,,,,,,,,,,,,,,,,,,,,
AB_S50_O2,1,4.42E-01,1.45E-01,1.70E+00,1.71E+00,9.80E+00,,,,,,,,,,,,,,,,,,,,,,,,,,,,,,,,,,,
AB_S50_O2,1,4.50E-01,1.45E-01,1.80E+00,1.81E+00,1.04E+01,,,,,,,,,,,,,,,,,,,,,,,,,,,,,,,,,,,
AB_S50_O2,1,4.59E-01,1.45E-01,1.87E+00,1.88E+00,7.36E+00,,,,,,,,,,,,,,,,,,,,,,,,,,,,,,,,,,,
AB_S50_O2,1,4.67E-01,1.55E-01,1.92E+00,1.93E+00,8.16E+00,,,,,,,,,,,,,,,,,,,,,,,,,,,,,,,,,,,
AB_S50_O2,1,4.75E-01,1.76E-01,2.01E+00,2.01E+00,1.01E+01,,,,,,,,,,,,,,,,,,,,,,,,,,,,,,,,,,,
AB_S50_O2,1,4.84E-01,1.96E-01,2.09E+00,2.10E+00,8.65E+00,,,,,,,,,,,,,,,,,,,,,,,,,,,,,,,,,,,
AB_S50_O2,1,4.92E-01,1.96E-01,2.15E+00,2.16E+00,9.25E+00,,,,,,,,,,,,,,,,,,,,,,,,,,,,,,,,,,,
AB_S50_O2,1,5.01E-01,2.17E-01,2.24E+00,2.25E+00,1.12E+01,,,,,,,,,,,,,,,,,,,,,,,,,,,,,,,,,,,
AB_S50_O2,1,5.09E-01,2.27E-01,2.33E+00,2.34E+00,9.25E+00,,,,,,,,,,,,,,,,,,,,,,,,,,,,,,,,,,,
AB_S50_O2,1,5.17E-01,2.37E-01,2.39E+00,2.41E+00,8.16E+00,,,,,,,,,,,,,,,,,,,,,,,,,,,,,,,,,,,
AB_S50_O2,1,5.26E-01,2.57E-01,2.46E+00,2.48E+00,1.03E+01,,,,,,,,,,,,,,,,,,,,,,,,,,,,,,,,,,,
AB_S50_O2,1,5.34E-01,2.88E-01,2.56E+00,2.57E+00,1.20E+01,,,,,,,,,,,,,,,,,,,,,,,,,,,,,,,,,,,
AB_S50_O2,1,5.42E-01,3.08E-01,2.66E+00,2.68E+00,1.13E+01,,,,,,,,,,,,,,,,,,,,,,,,,,,,,,,,,,,
AB_S50_O2,1,5.51E-01,3.29E-01,2.74E+00,2.76E+00,1.19E+01,,,,,,,,,,,,,,,,,,,,,,,,,,,,,,,,,,,
AB_S50_O2,1,5.59E-01,3.49E-01,2.85E+00,2.87E+00,1.20E+01,,,,,,,,,,,,,,,,,,,,,,,,,,,,,,,,,,,
AB_S50_O2,1,5.67E-01,3.80E-01,2.93E+00,2.96E+00,1.03E+01,,,,,,,,,,,,,,,,,,,,,,,,,,,,,,,,,,,
AB_S50_O2,1,5.76E-01,4.00E-01,3.02E+00,3.04E+00,9.35E+00,,,,,,,,,,,,,,,,,,,,,,,,,,,,,,,,,,,
AB_S50_O2,1,5.84E-01,4.10E-01,3.09E+00,3.11E+00,1.14E+01,,,,,,,,,,,,,,,,,,,,,,,,,,,,,,,,,,,
AB_S50_O2,1,5.92E-01,4.51E-01,3.20E+00,3.23E+00,1.41E+01,,,,,,,,,,,,,,,,,,,,,,,,,,,,,,,,,,,
AB_S50_O2,1,6.01E-01,4.82E-01,3.31E+00,3.35E+00,1.32E+01,,,,,,,,,,,,,,,,,,,,,,,,,,,,,,,,,,,
AB_S50_O2,1,6.09E-01,5.33E-01,3.40E+00,3.44E+00,1.12E+01,,,,,,,,,,,,,,,,,,,,,,,,,,,,,,,,,,,
AB_S50_O2,1,6.17E-01,5.53E-01,3.49E+00,3.53E+00,1.08E+01,,,,,,,,,,,,,,,,,,,,,,,,,,,,,,,,,,,
AB_S50_O2,1,6.26E-01,5.84E-01,3.58E+00,3.62E+00,1.53E+01,,,,,,,,,,,,,,,,,,,,,,,,,,,,,,,,,,,
AB_S50_O2,1,6.34E-01,6.25E-01,3.73E+00,3.78E+00,1.41E+01,,,,,,,,,,,,,,,,,,,,,,,,,,,,,,,,,,,
AB_S50_O2,1,6.42E-01,6.55E-01,3.80E+00,3.86E+00,1.04E+01,,,,,,,,,,,,,,,,,,,,,,,,,,,,,,,,,,,
AB_S50_O2,1,6.51E-01,6.86E-01,3.89E+00,3.95E+00,9.88E+00,,,,,,,,,,,,,,,,,,,,,,,,,,,,,,,,,,,
AB_S50_O2,1,6.59E-01,7.16E-01,3.95E+00,4.02E+00,1.04E+01,,,,,,,,,,,,,,,,,,,,,,,,,,,,,,,,,,,
AB_S50_O2,1,6.67E-01,7.47E-01,4.06E+00,4.12E+00,1.20E+01,,,,,,,,,,,,,,,,,,,,,,,,,,,,,,,,,,,
AB_S50_O2,1,6.76E-01,7.68E-01,4.15E+00,4.22E+00,1.26E+01,,,,,,,,,,,,,,,,,,,,,,,,,,,,,,,,,,,
AB_S50_O2,1,6.84E-01,7.98E-01,4.26E+00,4.33E+00,,,,,,,,,,,,,,,,,,,,,,,,,,,,,,,,,,,,
,,,,,,,,,,,,,,,,,,,,,,,,,,,,,,,,,,,,,,,,,
AB_S50_O2,2,3.45E+00,1.76E-01,7.31E-01,7.51E-01,,,,,,,,,,,,,,,,,,,,,,,,,,,,,,,,,,,,
AB_S50_O2,2,3.45E+00,1.76E-01,7.61E-01,7.81E-01,4.28E+00,,,,,,,,,,,,,,,,,,,,,,,,,,,,,,,,,,,
AB_S50_O2,2,3.46E+00,1.76E-01,8.02E-01,8.21E-01,4.89E+00,,,,,,,,,,,,,,,,,,,,,,,,,,,,,,,,,,,
AB_S50_O2,2,3.47E+00,1.76E-01,8.43E-01,8.61E-01,6.75E+00,,,,,,,,,,,,,,,,,,,,,,,,,,,,,,,,,,,
AB_S50_O2,2,3.48E+00,1.86E-01,9.14E-01,9.33E-01,6.24E+00,,,,,,,,,,,,,,,,,,,,,,,,,,,,,,,,,,,
AB_S50_O2,2,3.49E+00,1.96E-01,9.45E-01,9.65E-01,4.32E+00,,,,,,,,,,,,,,,,,,,,,,,,,,,,,,,,,,,
AB_S50_O2,2,3.50E+00,1.96E-01,9.86E-01,1.00E+00,4.89E+00,,,,,,,,,,,,,,,,,,,,,,,,,,,,,,,,,,,
AB_S50_O2,2,3.50E+00,1.96E-01,1.03E+00,1.04E+00,6.12E+00,,,,,,,,,,,,,,,,,,,,,,,,,,,,,,,,,,,
AB_S50_O2,2,3.51E+00,1.96E-01,1.09E+00,1.11E+00,6.75E+00,,,,,,,,,,,,,,,,,,,,,,,,,,,,,,,,,,,
AB_S50_O2,2,3.52E+00,2.06E-01,1.14E+00,1.16E+00,6.75E+00,,,,,,,,,,,,,,,,,,,,,,,,,,,,,,,,,,,
AB_S50_O2,2,3.53E+00,2.06E-01,1.20E+00,1.22E+00,6.15E+00,,,,,,,,,,,,,,,,,,,,,,,,,,,,,,,,,,,
AB_S50_O2,2,3.54E+00,2.17E-01,1.24E+00,1.26E+00,4.93E+00,,,,,,,,,,,,,,,,,,,,,,,,,,,,,,,,,,,
AB_S50_O2,2,3.55E+00,2.17E-01,1.28E+00,1.30E+00,5.54E+00,,,,,,,,,,,,,,,,,,,,,,,,,,,,,,,,,,,
AB_S50_O2,2,3.55E+00,2.27E-01,1.33E+00,1.35E+00,7.36E+00,,,,,,,,,,,,,,,,,,,,,,,,,,,,,,,,,,,
AB_S50_O2,2,3.56E+00,2.27E-01,1.40E+00,1.42E+00,6.73E+00,,,,,,,,,,,,,,,,,,,,,,,,,,,,,,,,,,,
AB_S50_O2,2,3.57E+00,2.27E-01,1.44E+00,1.46E+00,5.50E+00,,,,,,,,,,,,,,,,,,,,,,,,,,,,,,,,,,,
AB_S50_O2,2,3.58E+00,2.27E-01,1.50E+00,1.51E+00,5.50E+00,,,,,,,,,,,,,,,,,,,,,,,,,,,,,,,,,,,
AB_S50_O2,2,3.59E+00,2.27E-01,1.54E+00,1.55E+00,7.95E+00,,,,,,,,,,,,,,,,,,,,,,,,,,,,,,,,,,,
AB_S50_O2,2,3.60E+00,2.27E-01,1.63E+00,1.64E+00,8.56E+00,,,,,,,,,,,,,,,,,,,,,,,,,,,,,,,,,,,
AB_S50_O2,2,3.60E+00,2.27E-01,1.68E+00,1.69E+00,6.73E+00,,,,,,,,,,,,,,,,,,,,,,,,,,,,,,,,,,,
AB_S50_O2,2,3.61E+00,2.27E-01,1.74E+00,1.76E+00,7.34E+00,,,,,,,,,,,,,,,,,,,,,,,,,,,,,,,,,,,
AB_S50_O2,2,3.62E+00,2.27E-01,1.80E+00,1.82E+00,6.73E+00,,,,,,,,,,,,,,,,,,,,,,,,,,,,,,,,,,,
AB_S50_O2,2,3.63E+00,2.27E-01,1.85E+00,1.87E+00,6.15E+00,,,,,,,,,,,,,,,,,,,,,,,,,,,,,,,,,,,
AB_S50_O2,2,3.64E+00,2.37E-01,1.90E+00,1.92E+00,7.36E+00,,,,,,,,,,,,,,,,,,,,,,,,,,,,,,,,,,,
AB_S50_O2,2,3.65E+00,2.37E-01,1.98E+00,1.99E+00,7.97E+00,,,,,,,,,,,,,,,,,,,,,,,,,,,,,,,,,,,
AB_S50_O2,2,3.65E+00,2.47E-01,2.04E+00,2.05E+00,7.36E+00,,,,,,,,,,,,,,,,,,,,,,,,,,,,,,,,,,,
AB_S50_O2,2,3.66E+00,2.47E-01,2.10E+00,2.11E+00,7.34E+00,,,,,,,,,,,,,,,,,,,,,,,,,,,,,,,,,,,
AB_S50_O2,2,3.67E+00,2.47E-01,2.16E+00,2.17E+00,7.36E+00,,,,,,,,,,,,,,,,,,,,,,,,,,,,,,,,,,,
AB_S50_O2,2,3.68E+00,2.57E-01,2.22E+00,2.23E+00,7.44E+00,,,,,,,,,,,,,,,,,,,,,,,,,,,,,,,,,,,
AB_S50_O2,2,3.69E+00,2.68E-01,2.28E+00,2.30E+00,8.58E+00,,,,,,,,,,,,,,,,,,,,,,,,,,,,,,,,,,,
AB_S50_O2,2,3.70E+00,2.68E-01,2.36E+00,2.38E+00,7.97E+00,,,,,,,,,,,,,,,,,,,,,,,,,,,,,,,,,,,
AB_S50_O2,2,3.70E+00,2.78E-01,2.41E+00,2.43E+00,5.54E+00,,,,,,,,,,,,,,,,,,,,,,,,,,,,,,,,,,,
AB_S50_O2,2,3.71E+00,2.78E-01,2.45E+00,2.47E+00,7.36E+00,,,,,,,,,,,,,,,,,,,,,,,,,,,,,,,,,,,
AB_S50_O2,2,3.72E+00,2.88E-01,2.54E+00,2.55E+00,7.97E+00,,,,,,,,,,,,,,,,,,,,,,,,,,,,,,,,,,,
AB_S50_O2,2,3.73E+00,2.88E-01,2.59E+00,2.60E+00,6.12E+00,,,,,,,,,,,,,,,,,,,,,,,,,,,,,,,,,,,
AB_S50_O2,2,3.74E+00,2.88E-01,2.64E+00,2.65E+00,8.04E+00,,,,,,,,,,,,,,,,,,,,,,,,,,,,,,,,,,,
AB_S50_O2,2,3.75E+00,3.08E-01,2.72E+00,2.74E+00,9.35E+00,,,,,,,,,,,,,,,,,,,,,,,,,,,,,,,,,,,
AB_S50_O2,2,3.75E+00,3.19E-01,2.79E+00,2.81E+00,7.36E+00,,,,,,,,,,,,,,,,,,,,,,,,,,,,,,,,,,,
AB_S50_O2,2,3.76E+00,3.19E-01,2.84E+00,2.86E+00,6.75E+00,,,,,,,,,,,,,,,,,,,,,,,,,,,,,,,,,,,
AB_S50_O2,2,3.77E+00,3.29E-01,2.90E+00,2.92E+00,7.97E+00,,,,,,,,,,,,,,,,,,,,,,,,,,,,,,,,,,,
AB_S50_O2,2,3.78E+00,3.29E-01,2.97E+00,2.99E+00,7.97E+00,,,,,,,,,,,,,,,,,,,,,,,,,,,,,,,,,,,
AB_S50_O2,2,3.79E+00,3.39E-01,3.04E+00,3.06E+00,8.76E+00,,,,,,,,,,,,,,,,,,,,,,,,,,,,,,,,,,,
AB_S50_O2,2,3.80E+00,3.59E-01,3.12E+00,3.14E+00,1.16E+01,,,,,,,,,,,,,,,,,,,,,,,,,,,,,,,,,,,
AB_S50_O2,2,3.80E+00,4.00E-01,3.22E+00,3.24E+00,1.01E+01,,,,,,,,,,,,,,,,,,,,,,,,,,,,,,,,,,,
AB_S50_O2,2,3.81E+00,4.00E-01,3.28E+00,3.31E+00,8.04E+00,,,,,,,,,,,,,,,,,,,,,,,,,,,,,,,,,,,
AB_S50_O2,2,3.82E+00,4.21E-01,3.35E+00,3.38E+00,9.49E+00,,,,,,,,,,,,,,,,,,,,,,,,,,,,,,,,,,,
AB_S50_O2,2,3.83E+00,4.41E-01,3.43E+00,3.46E+00,8.76E+00,,,,,,,,,,,,,,,,,,,,,,,,,,,,,,,,,,,
AB_S50_O2,2,3.84E+00,4.51E-01,3.50E+00,3.52E+00,1.01E+01,,,,,,,,,,,,,,,,,,,,,,,,,,,,,,,,,,,
AB_S50_O2,2,3.85E+00,4.82E-01,3.60E+00,3.63E+00,1.08E+01,,,,,,,,,,,,,,,,,,,,,,,,,,,,,,,,,,,
AB_S50_O2,2,3.85E+00,5.02E-01,3.67E+00,3.70E+00,9.95E+00,,,,,,,,,,,,,,,,,,,,,,,,,,,,,,,,,,,
AB_S50_O2,2,3.86E+00,5.12E-01,3.76E+00,3.80E+00,1.18E+01,,,,,,,,,,,,,,,,,,,,,,,,,,,,,,,,,,,
AB_S50_O2,2,3.87E+00,5.33E-01,3.86E+00,3.90E+00,1.25E+01,,,,,,,,,,,,,,,,,,,,,,,,,,,,,,,,,,,
AB_S50_O2,2,3.88E+00,5.53E-01,3.96E+00,4.00E+00,1.13E+01,,,,,,,,,,,,,,,,,,,,,,,,,,,,,,,,,,,
AB_S50_O2,2,3.89E+00,5.74E-01,4.05E+00,4.09E+00,9.35E+00,,,,,,,,,,,,,,,,,,,,,,,,,,,,,,,,,,,
AB_S50_O2,2,3.90E+00,5.84E-01,4.12E+00,4.16E+00,1.06E+01,,,,,,,,,,,,,,,,,,,,,,,,,,,,,,,,,,,
AB_S50_O2,2,3.90E+00,6.04E-01,4.22E+00,4.26E+00,,,,,,,,,,,,,,,,,,,,,,,,,,,,,,,,,,,,
,,,,,,,,,,,,,,,,,,,,,,,,,,,,,,,,,,,,,,,,,
AB_S51_O1,1,1.79E+00,1.77E-01,5.49E-01,5.77E-01,,,,,,,,,,,,,,,,,,,,,,,,,,,,,,,,,,,,
AB_S51_O1,1,1.80E+00,1.51E-01,5.87E-01,6.06E-01,7.00E+00,,,,,,,,,,,,,,,,,,,,,,,,,,,,,,,,,,,
AB_S51_O1,1,1.81E+00,1.10E-01,6.45E-01,6.54E-01,8.11E+00,,,,,,,,,,,,,,,,,,,,,,,,,,,,,,,,,,,
AB_S51_O1,1,1.82E+00,7.48E-02,6.98E-01,7.02E-01,7.24E+00,,,,,,,,,,,,,,,,,,,,,,,,,,,,,,,,,,,
AB_S51_O1,1,1.83E+00,6.34E-02,7.56E-01,7.59E-01,9.95E+00,,,,,,,,,,,,,,,,,,,,,,,,,,,,,,,,,,,
AB_S51_O1,1,1.84E+00,4.27E-02,8.61E-01,8.62E-01,1.14E+01,,,,,,,,,,,,,,,,,,,,,,,,,,,,,,,,,,,
AB_S51_O1,1,1.84E+00,2.67E-02,9.42E-01,9.43E-01,8.89E+00,,,,,,,,,,,,,,,,,,,,,,,,,,,,,,,,,,,
AB_S51_O1,1,1.85E+00,8.30E-03,1.01E+00,1.01E+00,7.53E+00,,,,,,,,,,,,,,,,,,,,,,,,,,,,,,,,,,,
AB_S51_O1,1,1.86E+00,-1.48E-02,1.06E+00,1.06E+00,8.55E+00,,,,,,,,,,,,,,,,,,,,,,,,,,,,,,,,,,,
AB_S51_O1,1,1.87E+00,-3.08E-02,1.14E+00,1.14E+00,1.18E+01,,,,,,,,,,,,,,,,,,,,,,,,,,,,,,,,,,,
AB_S51_O1,1,1.88E+00,-3.51E-02,1.26E+00,1.26E+00,1.22E+01,,,,,,,,,,,,,,,,,,,,,,,,,,,,,,,,,,,
AB_S51_O1,1,1.89E+00,-4.65E-02,1.34E+00,1.35E+00,9.06E+00,,,,,,,,,,,,,,,,,,,,,,,,,,,,,,,,,,,
AB_S51_O1,1,1.89E+00,-3.47E-02,1.41E+00,1.41E+00,7.86E+00,,,,,,,,,,,,,,,,,,,,,,,,,,,,,,,,,,,
AB_S51_O1,1,1.90E+00,-2.98E-02,1.47E+00,1.48E+00,8.77E+00,,,,,,,,,,,,,,,,,,,,,,,,,,,,,,,,,,,
AB_S51_O1,1,1.91E+00,-8.70E-03,1.55E+00,1.55E+00,9.44E+00,,,,,,,,,,,,,,,,,,,,,,,,,,,,,,,,,,,
AB_S51_O1,1,1.92E+00,-6.14E-03,1.63E+00,1.63E+00,9.22E+00,,,,,,,,,,,,,,,,,,,,,,,,,,,,,,,,,,,
AB_S51_O1,1,1.93E+00,3.37E-03,1.70E+00,1.70E+00,1.04E+01,,,,,,,,,,,,,,,,,,,,,,,,,,,,,,,,,,,
AB_S51_O1,1,1.94E+00,2.69E-02,1.80E+00,1.80E+00,1.04E+01,,,,,,,,,,,,,,,,,,,,,,,,,,,,,,,,,,,
AB_S51_O1,1,1.94E+00,3.64E-02,1.87E+00,1.87E+00,7.86E+00,,,,,,,,,,,,,,,,,,,,,,,,,,,,,,,,,,,
AB_S51_O1,1,1.95E+00,4.35E-02,1.93E+00,1.93E+00,8.99E+00,,,,,,,,,,,,,,,,,,,,,,,,,,,,,,,,,,,
AB_S51_O1,1,1.96E+00,5.54E-02,2.02E+00,2.02E+00,9.89E+00,,,,,,,,,,,,,,,,,,,,,,,,,,,,,,,,,,,
AB_S51_O1,1,1.97E+00,7.19E-02,2.09E+00,2.09E+00,1.15E+01,,,,,,,,,,,,,,,,,,,,,,,,,,,,,,,,,,,
AB_S51_O1,1,1.98E+00,1.16E-01,2.20E+00,2.21E+00,1.08E+01,,,,,,,,,,,,,,,,,,,,,,,,,,,,,,,,,,,
AB_S51_O1,1,1.99E+00,1.35E-01,2.26E+00,2.27E+00,9.10E+00,,,,,,,,,,,,,,,,,,,,,,,,,,,,,,,,,,,
AB_S51_O1,1,1.99E+00,1.87E-01,2.34E+00,2.35E+00,8.60E+00,,,,,,,,,,,,,,,,,,,,,,,,,,,,,,,,,,,
AB_S51_O1,1,2.00E+00,2.01E-01,2.39E+00,2.40E+00,7.00E+00,,,,,,,,,,,,,,,,,,,,,,,,,,,,,,,,,,,
AB_S51_O1,1,2.01E+00,2.12E-01,2.45E+00,2.46E+00,8.42E+00,,,,,,,,,,,,,,,,,,,,,,,,,,,,,,,,,,,
AB_S51_O1,1,2.02E+00,2.41E-01,2.52E+00,2.54E+00,1.07E+01,,,,,,,,,,,,,,,,,,,,,,,,,,,,,,,,,,,
AB_S51_O1,1,2.03E+00,2.83E-01,2.62E+00,2.63E+00,1.23E+01,,,,,,,,,,,,,,,,,,,,,,,,,,,,,,,,,,,
AB_S51_O1,1,2.04E+00,3.18E-01,2.72E+00,2.73E+00,1.19E+01,,,,,,,,,,,,,,,,,,,,,,,,,,,,,,,,,,,
AB_S51_O1,1,2.04E+00,3.48E-01,2.81E+00,2.83E+00,1.15E+01,,,,,,,,,,,,,,,,,,,,,,,,,,,,,,,,,,,
AB_S51_O1,1,2.05E+00,3.53E-01,2.90E+00,2.92E+00,1.17E+01,,,,,,,,,,,,,,,,,,,,,,,,,,,,,,,,,,,
AB_S51_O1,1,2.06E+00,3.77E-01,3.00E+00,3.02E+00,1.01E+01,,,,,,,,,,,,,,,,,,,,,,,,,,,,,,,,,,,
AB_S51_O1,1,2.07E+00,3.75E-01,3.07E+00,3.09E+00,9.89E+00,,,,,,,,,,,,,,,,,,,,,,,,,,,,,,,,,,,
AB_S51_O1,1,2.08E+00,4.05E-01,3.16E+00,3.19E+00,1.04E+01,,,,,,,,,,,,,,,,,,,,,,,,,,,,,,,,,,,
AB_S51_O1,1,2.09E+00,4.08E-01,3.24E+00,3.27E+00,7.94E+00,,,,,,,,,,,,,,,,,,,,,,,,,,,,,,,,,,,
AB_S51_O1,1,2.09E+00,4.03E-01,3.29E+00,3.32E+00,8.10E+00,,,,,,,,,,,,,,,,,,,,,,,,,,,,,,,,,,,
AB_S51_O1,1,2.10E+00,4.17E-01,3.37E+00,3.40E+00,1.12E+01,,,,,,,,,,,,,,,,,,,,,,,,,,,,,,,,,,,
AB_S51_O1,1,2.11E+00,4.27E-01,3.48E+00,3.51E+00,9.91E+00,,,,,,,,,,,,,,,,,,,,,,,,,,,,,,,,,,,
AB_S51_O1,1,2.12E+00,4.27E-01,3.54E+00,3.57E+00,9.89E+00,,,,,,,,,,,,,,,,,,,,,,,,,,,,,,,,,,,
AB_S51_O1,1,2.13E+00,4.55E-01,3.64E+00,3.67E+00,1.13E+01,,,,,,,,,,,,,,,,,,,,,,,,,,,,,,,,,,,
AB_S51_O1,1,2.14E+00,4.69E-01,3.72E+00,3.75E+00,1.10E+01,,,,,,,,,,,,,,,,,,,,,,,,,,,,,,,,,,,
AB_S51_O1,1,2.14E+00,4.86E-01,3.82E+00,3.85E+00,,,,,,,,,,,,,,,,,,,,,,,,,,,,,,,,,,,,
,,,,,,,,,,,,,,,,,,,,,,,,,,,,,,,,,,,,,,,,,
AB_S51_O1,2,3.36E+00,1.44E-01,6.52E-01,6.67E-01,,,,,,,,,,,,,,,,,,,,,,,,,,,,,,,,,,,,
AB_S51_O1,2,3.37E+00,1.26E-01,7.14E-01,7.25E-01,6.76E+00,,,,,,,,,,,,,,,,,,,,,,,,,,,,,,,,,,,
AB_S51_O1,2,3.38E+00,1.28E-01,7.63E-01,7.74E-01,8.24E+00,,,,,,,,,,,,,,,,,,,,,,,,,,,,,,,,,,,
AB_S51_O1,2,3.39E+00,1.17E-01,8.52E-01,8.60E-01,8.55E+00,,,,,,,,,,,,,,,,,,,,,,,,,,,,,,,,,,,
AB_S51_O1,2,3.40E+00,8.93E-02,9.00E-01,9.05E-01,8.18E+00,,,,,,,,,,,,,,,,,,,,,,,,,,,,,,,,,,,
AB_S51_O1,2,3.40E+00,8.49E-02,9.84E-01,9.88E-01,9.65E+00,,,,,,,,,,,,,,,,,,,,,,,,,,,,,,,,,,,
AB_S51_O1,2,3.41E+00,7.59E-02,1.06E+00,1.06E+00,8.52E+00,,,,,,,,,,,,,,,,,,,,,,,,,,,,,,,,,,,
AB_S51_O1,2,3.42E+00,5.75E-02,1.12E+00,1.13E+00,8.55E+00,,,,,,,,,,,,,,,,,,,,,,,,,,,,,,,,,,,
AB_S51_O1,2,3.43E+00,3.68E-02,1.20E+00,1.20E+00,1.03E+01,,,,,,,,,,,,,,,,,,,,,,,,,,,,,,,,,,,
AB_S51_O1,2,3.44E+00,1.84E-02,1.29E+00,1.29E+00,9.95E+00,,,,,,,,,,,,,,,,,,,,,,,,,,,,,,,,,,,
AB_S51_O1,2,3.45E+00,4.69E-03,1.36E+00,1.36E+00,8.52E+00,,,,,,,,,,,,,,,,,,,,,,,,,,,,,,,,,,,
AB_S51_O1,2,3.45E+00,-9.05E-03,1.43E+00,1.43E+00,8.64E+00,,,,,,,,,,,,,,,,,,,,,,,,,,,,,,,,,,,
AB_S51_O1,2,3.46E+00,-4.60E-02,1.50E+00,1.50E+00,1.13E+01,,,,,,,,,,,,,,,,,,,,,,,,,,,,,,,,,,,
AB_S51_O1,2,3.47E+00,-8.52E-02,1.60E+00,1.61E+00,1.21E+01,,,,,,,,,,,,,,,,,,,,,,,,,,,,,,,,,,,
AB_S51_O1,2,3.48E+00,-1.36E-01,1.68E+00,1.68E+00,9.34E+00,,,,,,,,,,,,,,,,,,,,,,,,,,,,,,,,,,,
AB_S51_O1,2,3.49E+00,-1.38E-01,1.75E+00,1.75E+00,8.52E+00,,,,,,,,,,,,,,,,,,,,,,,,,,,,,,,,,,,
AB_S51_O1,2,3.50E+00,-1.64E-01,1.82E+00,1.82E+00,8.54E+00,,,,,,,,,,,,,,,,,,,,,,,,,,,,,,,,,,,
AB_S51_O1,2,3.50E+00,-2.05E-01,1.88E+00,1.89E+00,1.01E+01,,,,,,,,,,,,,,,,,,,,,,,,,,,,,,,,,,,
AB_S51_O1,2,3.51E+00,-2.47E-01,1.96E+00,1.98E+00,1.17E+01,,,,,,,,,,,,,,,,,,,,,,,,,,,,,,,,,,,
AB_S51_O1,2,3.52E+00,-2.88E-01,2.05E+00,2.07E+00,9.75E+00,,,,,,,,,,,,,,,,,,,,,,,,,,,,,,,,,,,
AB_S51_O1,2,3.53E+00,-3.07E-01,2.11E+00,2.14E+00,8.55E+00,,,,,,,,,,,,,,,,,,,,,,,,,,,,,,,,,,,
AB_S51_O1,2,3.54E+00,-3.28E-01,2.19E+00,2.21E+00,9.60E+00,,,,,,,,,,,,,,,,,,,,,,,,,,,,,,,,,,,
AB_S51_O1,2,3.55E+00,-3.44E-01,2.27E+00,2.30E+00,9.95E+00,,,,,,,,,,,,,,,,,,,,,,,,,,,,,,,,,,,
AB_S51_O1,2,3.55E+00,-3.60E-01,2.35E+00,2.38E+00,1.14E+01,,,,,,,,,,,,,,,,,,,,,,,,,,,,,,,,,,,
AB_S51_O1,2,3.56E+00,-3.80E-01,2.46E+00,2.49E+00,1.17E+01,,,,,,,,,,,,,,,,,,,,,,,,,,,,,,,,,,,
AB_S51_O1,2,3.57E+00,-4.03E-01,2.54E+00,2.57E+00,1.03E+01,,,,,,,,,,,,,,,,,,,,,,,,,,,,,,,,,,,
AB_S51_O1,2,3.58E+00,-4.19E-01,2.62E+00,2.66E+00,1.10E+01,,,,,,,,,,,,,,,,,,,,,,,,,,,,,,,,,,,
AB_S51_O1,2,3.59E+00,-4.33E-01,2.72E+00,2.76E+00,1.15E+01,,,,,,,,,,,,,,,,,,,,,,,,,,,,,,,,,,,
AB_S51_O1,2,3.60E+00,-4.33E-01,2.81E+00,2.85E+00,1.13E+01,,,,,,,,,,,,,,,,,,,,,,,,,,,,,,,,,,,
AB_S51_O1,2,3.60E+00,-4.28E-01,2.91E+00,2.94E+00,1.06E+01,,,,,,,,,,,,,,,,,,,,,,,,,,,,,,,,,,,
AB_S51_O1,2,3.61E+00,-4.25E-01,2.99E+00,3.02E+00,1.10E+01,,,,,,,,,,,,,,,,,,,,,,,,,,,,,,,,,,,
AB_S51_O1,2,3.62E+00,-3.97E-01,3.09E+00,3.12E+00,1.08E+01,,,,,,,,,,,,,,,,,,,,,,,,,,,,,,,,,,,
AB_S51_O1,2,3.63E+00,-4.06E-01,3.17E+00,3.20E+00,1.02E+01,,,,,,,,,,,,,,,,,,,,,,,,,,,,,,,,,,,
AB_S51_O1,2,3.64E+00,-3.57E-01,3.26E+00,3.28E+00,1.00E+01,,,,,,,,,,,,,,,,,,,,,,,,,,,,,,,,,,,
AB_S51_O1,2,3.65E+00,-3.59E-01,3.33E+00,3.35E+00,8.24E+00,,,,,,,,,,,,,,,,,,,,,,,,,,,,,,,,,,,
AB_S51_O1,2,3.65E+00,-3.66E-01,3.40E+00,3.42E+00,9.34E+00,,,,,,,,,,,,,,,,,,,,,,,,,,,,,,,,,,,
AB_S51_O1,2,3.66E+00,-3.66E-01,3.49E+00,3.51E+00,9.48E+00,,,,,,,,,,,,,,,,,,,,,,,,,,,,,,,,,,,
AB_S51_O1,2,3.67E+00,-3.61E-01,3.55E+00,3.57E+00,7.86E+00,,,,,,,,,,,,,,,,,,,,,,,,,,,,,,,,,,,
AB_S51_O1,2,3.68E+00,-3.49E-01,3.62E+00,3.63E+00,7.65E+00,,,,,,,,,,,,,,,,,,,,,,,,,,,,,,,,,,,
AB_S51_O1,2,3.69E+00,-3.37E-01,3.68E+00,3.69E+00,8.36E+00,,,,,,,,,,,,,,,,,,,,,,,,,,,,,,,,,,,
AB_S51_O1,2,3.70E+00,-3.46E-01,3.76E+00,3.77E+00,8.79E+00,,,,,,,,,,,,,,,,,,,,,,,,,,,,,,,,,,,
AB_S51_O1,2,3.70E+00,-3.30E-01,3.83E+00,3.84E+00,1.06E+01,,,,,,,,,,,,,,,,,,,,,,,,,,,,,,,,,,,
AB_S51_O1,2,3.71E+00,-3.20E-01,3.93E+00,3.94E+00,1.24E+01,,,,,,,,,,,,,,,,,,,,,,,,,,,,,,,,,,,
AB_S51_O1,2,3.72E+00,-2.85E-01,4.03E+00,4.04E+00,9.38E+00,,,,,,,,,,,,,,,,,,,,,,,,,,,,,,,,,,,
AB_S51_O1,2,3.73E+00,-2.71E-01,4.08E+00,4.09E+00,,,,,,,,,,,,,,,,,,,,,,,,,,,,,,,,,,,,
,,,,,,,,,,,,,,,,,,,,,,,,,,,,,,,,,,,,,,,,,
AB_S51_O1,3,4.94E+00,2.66E-01,8.33E-01,8.74E-01,,,,,,,,,,,,,,,,,,,,,,,,,,,,,,,,,,,,
AB_S51_O1,3,4.95E+00,2.38E-01,9.12E-01,9.42E-01,1.07E+01,,,,,,,,,,,,,,,,,,,,,,,,,,,,,,,,,,,
AB_S51_O1,3,4.95E+00,2.31E-01,1.01E+00,1.03E+00,1.05E+01,,,,,,,,,,,,,,,,,,,,,,,,,,,,,,,,,,,
AB_S51_O1,3,4.96E+00,2.34E-01,1.09E+00,1.11E+00,9.44E+00,,,,,,,,,,,,,,,,,,,,,,,,,,,,,,,,,,,
AB_S51_O1,3,4.97E+00,2.55E-01,1.16E+00,1.19E+00,9.44E+00,,,,,,,,,,,,,,,,,,,,,,,,,,,,,,,,,,,
AB_S51_O1,3,4.98E+00,2.58E-01,1.24E+00,1.27E+00,8.94E+00,,,,,,,,,,,,,,,,,,,,,,,,,,,,,,,,,,,
AB_S51_O1,3,4.99E+00,2.44E-01,1.31E+00,1.33E+00,9.65E+00,,,,,,,,,,,,,,,,,,,,,,,,,,,,,,,,,,,
AB_S51_O1,3,5.00E+00,2.44E-01,1.40E+00,1.42E+00,1.15E+01,,,,,,,,,,,,,,,,,,,,,,,,,,,,,,,,,,,
AB_S51_O1,3,5.01E+00,2.31E-01,1.50E+00,1.52E+00,1.04E+01,,,,,,,,,,,,,,,,,,,,,,,,,,,,,,,,,,,
AB_S51_O1,3,5.01E+00,2.28E-01,1.57E+00,1.59E+00,9.34E+00,,,,,,,,,,,,,,,,,,,,,,,,,,,,,,,,,,,
AB_S51_O1,3,5.02E+00,2.24E-01,1.66E+00,1.67E+00,1.04E+01,,,,,,,,,,,,,,,,,,,,,,,,,,,,,,,,,,,
AB_S51_O1,3,5.03E+00,2.13E-01,1.75E+00,1.76E+00,9.06E+00,,,,,,,,,,,,,,,,,,,,,,,,,,,,,,,,,,,
AB_S51_O1,3,5.04E+00,2.24E-01,1.81E+00,1.82E+00,8.79E+00,,,,,,,,,,,,,,,,,,,,,,,,,,,,,,,,,,,
AB_S51_O1,3,5.05E+00,2.20E-01,1.89E+00,1.91E+00,1.01E+01,,,,,,,,,,,,,,,,,,,,,,,,,,,,,,,,,,,
AB_S51_O1,3,5.06E+00,2.46E-01,1.98E+00,1.99E+00,9.70E+00,,,,,,,,,,,,,,,,,,,,,,,,,,,,,,,,,,,
AB_S51_O1,3,5.06E+00,2.55E-01,2.05E+00,2.07E+00,9.48E+00,,,,,,,,,,,,,,,,,,,,,,,,,,,,,,,,,,,
AB_S51_O1,3,5.07E+00,2.51E-01,2.13E+00,2.15E+00,1.12E+01,,,,,,,,,,,,,,,,,,,,,,,,,,,,,,,,,,,
AB_S51_O1,3,5.08E+00,2.49E-01,2.24E+00,2.25E+00,1.17E+01,,,,,,,,,,,,,,,,,,,,,,,,,,,,,,,,,,,
AB_S51_O1,3,5.09E+00,2.79E-01,2.33E+00,2.34E+00,9.89E+00,,,,,,,,,,,,,,,,,,,,,,,,,,,,,,,,,,,
AB_S51_O1,3,5.10E+00,2.77E-01,2.40E+00,2.42E+00,9.66E+00,,,,,,,,,,,,,,,,,,,,,,,,,,,,,,,,,,,
AB_S51_O1,3,5.11E+00,2.96E-01,2.49E+00,2.50E+00,9.22E+00,,,,,,,,,,,,,,,,,,,,,,,,,,,,,,,,,,,
AB_S51_O1,3,5.11E+00,2.89E-01,2.55E+00,2.57E+00,9.06E+00,,,,,,,,,,,,,,,,,,,,,,,,,,,,,,,,,,,
AB_S51_O1,3,5.12E+00,2.97E-01,2.64E+00,2.65E+00,1.02E+01,,,,,,,,,,,,,,,,,,,,,,,,,,,,,,,,,,,
AB_S51_O1,3,5.13E+00,3.29E-01,2.72E+00,2.74E+00,9.38E+00,,,,,,,,,,,,,,,,,,,,,,,,,,,,,,,,,,,
AB_S51_O1,3,5.14E+00,3.46E-01,2.79E+00,2.81E+00,7.94E+00,,,,,,,,,,,,,,,,,,,,,,,,,,,,,,,,,,,
AB_S51_O1,3,5.15E+00,3.65E-01,2.85E+00,2.87E+00,9.06E+00,,,,,,,,,,,,,,,,,,,,,,,,,,,,,,,,,,,
AB_S51_O1,3,5.16E+00,3.83E-01,2.93E+00,2.96E+00,1.02E+01,,,,,,,,,,,,,,,,,,,,,,,,,,,,,,,,,,,
AB_S51_O1,3,5.16E+00,4.05E-01,3.01E+00,3.04E+00,9.38E+00,,,,,,,,,,,,,,,,,,,,,,,,,,,,,,,,,,,
AB_S51_O1,3,5.17E+00,4.33E-01,3.08E+00,3.11E+00,7.94E+00,,,,,,,,,,,,,,,,,,,,,,,,,,,,,,,,,,,
AB_S51_O1,3,5.18E+00,4.40E-01,3.14E+00,3.17E+00,7.00E+00,,,,,,,,,,,,,,,,,,,,,,,,,,,,,,,,,,,
AB_S51_O1,3,5.19E+00,4.59E-01,3.20E+00,3.23E+00,8.10E+00,,,,,,,,,,,,,,,,,,,,,,,,,,,,,,,,,,,
AB_S51_O1,3,5.20E+00,5.01E-01,3.26E+00,3.30E+00,9.26E+00,,,,,,,,,,,,,,,,,,,,,,,,,,,,,,,,,,,
AB_S51_O1,3,5.21E+00,5.15E-01,3.34E+00,3.38E+00,7.94E+00,,,,,,,,,,,,,,,,,,,,,,,,,,,,,,,,,,,
AB_S51_O1,3,5.21E+00,5.36E-01,3.39E+00,3.43E+00,6.35E+00,,,,,,,,,,,,,,,,,,,,,,,,,,,,,,,,,,,
AB_S51_O1,3,5.22E+00,5.43E-01,3.44E+00,3.48E+00,7.47E+00,,,,,,,,,,,,,,,,,,,,,,,,,,,,,,,,,,,
AB_S51_O1,3,5.23E+00,5.66E-01,3.51E+00,3.55E+00,7.47E+00,,,,,,,,,,,,,,,,,,,,,,,,,,,,,,,,,,,
AB_S51_O1,3,5.24E+00,5.74E-01,3.56E+00,3.61E+00,7.00E+00,,,,,,,,,,,,,,,,,,,,,,,,,,,,,,,,,,,
AB_S51_O1,3,5.25E+00,5.92E-01,3.62E+00,3.67E+00,7.31E+00,,,,,,,,,,,,,,,,,,,,,,,,,,,,,,,,,,,
AB_S51_O1,3,5.26E+00,6.11E-01,3.68E+00,3.73E+00,7.65E+00,,,,,,,,,,,,,,,,,,,,,,,,,,,,,,,,,,,
AB_S51_O1,3,5.26E+00,6.16E-01,3.75E+00,3.80E+00,8.11E+00,,,,,,,,,,,,,,,,,,,,,,,,,,,,,,,,,,,
AB_S51_O1,3,5.27E+00,6.39E-01,3.81E+00,3.86E+00,6.21E+00,,,,,,,,,,,,,,,,,,,,,,,,,,,,,,,,,,,
AB_S51_O1,3,5.28E+00,6.51E-01,3.84E+00,3.90E+00,,,,,,,,,,,,,,,,,,,,,,,,,,,,,,,,,,,,
,,,,,,,,,,,,,,,,,,,,,,,,,,,,,,,,,,,,,,,,,
AB_S51_O1,4,6.67E+00,2.39E-01,3.86E-01,4.54E-01,,,,,,,,,,,,,,,,,,,,,,,,,,,,,,,,,,,,
AB_S51_O1,4,6.68E+00,2.32E-01,4.21E-01,4.81E-01,5.43E+00,,,,,,,,,,,,,,,,,,,,,,,,,,,,,,,,,,,
AB_S51_O1,4,6.69E+00,2.04E-01,4.70E-01,5.13E-01,6.55E+00,,,,,,,,,,,,,,,,,,,,,,,,,,,,,,,,,,,
AB_S51_O1,4,6.70E+00,1.88E-01,5.21E-01,5.54E-01,7.81E+00,,,,,,,,,,,,,,,,,,,,,,,,,,,,,,,,,,,
AB_S51_O1,4,6.71E+00,1.79E-01,5.98E-01,6.24E-01,7.85E+00,,,,,,,,,,,,,,,,,,,,,,,,,,,,,,,,,,,
AB_S51_O1,4,6.72E+00,1.75E-01,6.52E-01,6.75E-01,6.05E+00,,,,,,,,,,,,,,,,,,,,,,,,,,,,,,,,,,,
AB_S51_O1,4,6.72E+00,1.65E-01,6.98E-01,7.17E-01,6.05E+00,,,,,,,,,,,,,,,,,,,,,,,,,,,,,,,,,,,
AB_S51_O1,4,6.73E+00,1.61E-01,7.52E-01,7.69E-01,5.34E+00,,,,,,,,,,,,,,,,,,,,,,,,,,,,,,,,,,,
AB_S51_O1,4,6.74E+00,1.42E-01,7.84E-01,7.97E-01,6.05E+00,,,,,,,,,,,,,,,,,,,,,,,,,,,,,,,,,,,
AB_S51_O1,4,6.75E+00,1.36E-01,8.49E-01,8.60E-01,7.85E+00,,,,,,,,,,,,,,,,,,,,,,,,,,,,,,,,,,,
AB_S51_O1,4,6.76E+00,1.29E-01,9.14E-01,9.23E-01,8.10E+00,,,,,,,,,,,,,,,,,,,,,,,,,,,,,,,,,,,
AB_S51_O1,4,6.77E+00,1.45E-01,9.84E-01,9.95E-01,7.94E+00,,,,,,,,,,,,,,,,,,,,,,,,,,,,,,,,,,,
AB_S51_O1,4,6.77E+00,1.27E-01,1.05E+00,1.05E+00,6.76E+00,,,,,,,,,,,,,,,,,,,,,,,,,,,,,,,,,,,
AB_S51_O1,4,6.78E+00,1.18E-01,1.09E+00,1.10E+00,6.13E+00,,,,,,,,,,,,,,,,,,,,,,,,,,,,,,,,,,,
AB_S51_O1,4,6.79E+00,1.25E-01,1.15E+00,1.16E+00,7.94E+00,,,,,,,,,,,,,,,,,,,,,,,,,,,,,,,,,,,
AB_S51_O1,4,6.80E+00,1.16E-01,1.23E+00,1.23E+00,8.52E+00,,,,,,,,,,,,,,,,,,,,,,,,,,,,,,,,,,,
AB_S51_O1,4,6.81E+00,9.75E-02,1.29E+00,1.29E+00,8.55E+00,,,,,,,,,,,,,,,,,,,,,,,,,,,,,,,,,,,
AB_S51_O1,4,6.82E+00,1.00E-01,1.37E+00,1.37E+00,6.98E+00,,,,,,,,,,,,,,,,,,,,,,,,,,,,,,,,,,,
AB_S51_O1,4,6.82E+00,1.05E-01,1.40E+00,1.41E+00,7.85E+00,,,,,,,,,,,,,,,,,,,,,,,,,,,,,,,,,,,
AB_S51_O1,4,6.83E+00,8.64E-02,1.50E+00,1.50E+00,8.52E+00,,,,,,,,,,,,,,,,,,,,,,,,,,,,,,,,,,,
AB_S51_O1,4,6.84E+00,7.73E-02,1.54E+00,1.55E+00,6.76E+00,,,,,,,,,,,,,,,,,,,,,,,,,,,,,,,,,,,
AB_S51_O1,4,6.85E+00,7.05E-02,1.61E+00,1.61E+00,9.06E+00,,,,,,,,,,,,,,,,,,,,,,,,,,,,,,,,,,,
AB_S51_O1,4,6.86E+00,7.77E-02,1.70E+00,1.70E+00,1.04E+01,,,,,,,,,,,,,,,,,,,,,,,,,,,,,,,,,,,
AB_S51_O1,4,6.87E+00,5.47E-02,1.78E+00,1.78E+00,1.07E+01,,,,,,,,,,,,,,,,,,,,,,,,,,,,,,,,,,,
AB_S51_O1,4,6.87E+00,4.34E-02,1.87E+00,1.87E+00,9.65E+00,,,,,,,,,,,,,,,,,,,,,,,,,,,,,,,,,,,
AB_S51_O1,4,6.88E+00,4.13E-02,1.94E+00,1.94E+00,7.94E+00,,,,,,,,,,,,,,,,,,,,,,,,,,,,,,,,,,,
AB_S51_O1,4,6.89E+00,4.14E-02,2.00E+00,2.00E+00,7.53E+00,,,,,,,,,,,,,,,,,,,,,,,,,,,,,,,,,,,
AB_S51_O1,4,6.90E+00,3.46E-02,2.07E+00,2.07E+00,1.07E+01,,,,,,,,,,,,,,,,,,,,,,,,,,,,,,,,,,,
AB_S51_O1,4,6.91E+00,3.03E-02,2.18E+00,2.18E+00,1.13E+01,,,,,,,,,,,,,,,,,,,,,,,,,,,,,,,,,,,
AB_S51_O1,4,6.92E+00,3.98E-02,2.26E+00,2.26E+00,9.75E+00,,,,,,,,,,,,,,,,,,,,,,,,,,,,,,,,,,,
AB_S51_O1,4,6.92E+00,2.85E-02,2.34E+00,2.34E+00,8.64E+00,,,,,,,,,,,,,,,,,,,,,,,,,,,,,,,,,,,
AB_S51_O1,4,6.93E+00,3.56E-02,2.40E+00,2.40E+00,9.06E+00,,,,,,,,,,,,,,,,,,,,,,,,,,,,,,,,,,,
AB_S51_O1,4,6.94E+00,2.89E-02,2.50E+00,2.50E+00,1.13E+01,,,,,,,,,,,,,,,,,,,,,,,,,,,,,,,,,,,
AB_S51_O1,4,6.95E+00,4.08E-02,2.59E+00,2.59E+00,1.09E+01,,,,,,,,,,,,,,,,,,,,,,,,,,,,,,,,,,,
AB_S51_O1,4,6.96E+00,2.94E-02,2.68E+00,2.68E+00,1.07E+01,,,,,,,,,,,,,,,,,,,,,,,,,,,,,,,,,,,
AB_S51_O1,4,6.97E+00,1.81E-02,2.76E+00,2.76E+00,1.04E+01,,,,,,,,,,,,,,,,,,,,,,,,,,,,,,,,,,,
AB_S51_O1,4,6.97E+00,1.37E-02,2.85E+00,2.85E+00,1.10E+01,,,,,,,,,,,,,,,,,,,,,,,,,,,,,,,,,,,
AB_S51_O1,4,6.98E+00,3.02E-02,2.95E+00,2.95E+00,9.66E+00,,,,,,,,,,,,,,,,,,,,,,,,,,,,,,,,,,,
AB_S51_O1,4,6.99E+00,3.04E-02,3.01E+00,3.01E+00,9.06E+00,,,,,,,,,,,,,,,,,,,,,,,,,,,,,,,,,,,
AB_S51_O1,4,7.00E+00,3.07E-02,3.10E+00,3.10E+00,9.75E+00,,,,,,,,,,,,,,,,,,,,,,,,,,,,,,,,,,,
AB_S51_O1,4,7.01E+00,2.86E-02,3.17E+00,3.17E+00,1.02E+01,,,,,,,,,,,,,,,,,,,,,,,,,,,,,,,,,,,
AB_S51_O1,4,7.02E+00,7.07E-02,3.26E+00,3.27E+00,1.12E+01,,,,,,,,,,,,,,,,,,,,,,,,,,,,,,,,,,,
AB_S51_O1,4,7.02E+00,5.23E-02,3.36E+00,3.36E+00,1.18E+01,,,,,,,,,,,,,,,,,,,,,,,,,,,,,,,,,,,
AB_S51_O1,4,7.03E+00,5.03E-02,3.46E+00,3.46E+00,1.07E+01,,,,,,,,,,,,,,,,,,,,,,,,,,,,,,,,,,,
AB_S51_O1,4,7.04E+00,4.13E-02,3.54E+00,3.54E+00,1.16E+01,,,,,,,,,,,,,,,,,,,,,,,,,,,,,,,,,,,
AB_S51_O1,4,7.05E+00,4.86E-02,3.65E+00,3.65E+00,1.17E+01,,,,,,,,,,,,,,,,,,,,,,,,,,,,,,,,,,,
AB_S51_O1,4,7.06E+00,5.11E-02,3.73E+00,3.73E+00,1.15E+01,,,,,,,,,,,,,,,,,,,,,,,,,,,,,,,,,,,
AB_S51_O1,4,7.07E+00,6.54E-02,3.84E+00,3.84E+00,1.10E+01,,,,,,,,,,,,,,,,,,,,,,,,,,,,,,,,,,,
AB_S51_O1,4,7.07E+00,6.33E-02,3.92E+00,3.92E+00,,,,,,,,,,,,,,,,,,,,,,,,,,,,,,,,,,,,
,,,,,,,,,,,,,,,,,,,,,,,,,,,,,,,,,,,,,,,,,
AB_S51_O1,5,1.03E+01,2.97E-01,3.68E-01,4.73E-01,,,,,,,,,,,,,,,,,,,,,,,,,,,,,,,,,,,,
AB_S51_O1,5,1.03E+01,2.86E-01,4.26E-01,5.13E-01,7.10E+00,,,,,,,,,,,,,,,,,,,,,,,,,,,,,,,,,,,
AB_S51_O1,5,1.03E+01,2.74E-01,4.84E-01,5.56E-01,7.53E+00,,,,,,,,,,,,,,,,,,,,,,,,,,,,,,,,,,,
AB_S51_O1,5,1.03E+01,2.79E-01,5.51E-01,6.18E-01,7.24E+00,,,,,,,,,,,,,,,,,,,,,,,,,,,,,,,,,,,
AB_S51_O1,5,1.03E+01,2.74E-01,6.05E-01,6.64E-01,5.43E+00,,,,,,,,,,,,,,,,,,,,,,,,,,,,,,,,,,,
AB_S51_O1,5,1.03E+01,2.79E-01,6.42E-01,7.00E-01,6.13E+00,,,,,,,,,,,,,,,,,,,,,,,,,,,,,,,,,,,
AB_S51_O1,5,1.03E+01,2.72E-01,7.07E-01,7.58E-01,7.85E+00,,,,,,,,,,,,,,,,,,,,,,,,,,,,,,,,,,,
AB_S51_O1,5,1.03E+01,2.66E-01,7.72E-01,8.17E-01,8.36E+00,,,,,,,,,,,,,,,,,,,,,,,,,,,,,,,,,,,
AB_S51_O1,5,1.03E+01,2.75E-01,8.46E-01,8.90E-01,7.42E+00,,,,,,,,,,,,,,,,,,,,,,,,,,,,,,,,,,,
AB_S51_O1,5,1.03E+01,2.78E-01,8.95E-01,9.37E-01,5.02E+00,,,,,,,,,,,,,,,,,,,,,,,,,,,,,,,,,,,
AB_S51_O1,5,1.03E+01,2.71E-01,9.30E-01,9.69E-01,5.34E+00,,,,,,,,,,,,,,,,,,,,,,,,,,,,,,,,,,,
AB_S51_O1,5,1.03E+01,2.55E-01,9.81E-01,1.01E+00,6.43E+00,,,,,,,,,,,,,,,,,,,,,,,,,,,,,,,,,,,
AB_S51_O1,5,1.04E+01,2.62E-01,1.04E+00,1.07E+00,6.13E+00,,,,,,,,,,,,,,,,,,,,,,,,,,,,,,,,,,,
AB_S51_O1,5,1.04E+01,2.53E-01,1.08E+00,1.11E+00,7.14E+00,,,,,,,,,,,,,,,,,,,,,,,,,,,,,,,,,,,
AB_S51_O1,5,1.04E+01,2.50E-01,1.16E+00,1.18E+00,6.43E+00,,,,,,,,,,,,,,,,,,,,,,,,,,,,,,,,,,,
AB_S51_O1,5,1.04E+01,2.44E-01,1.19E+00,1.22E+00,5.34E+00,,,,,,,,,,,,,,,,,,,,,,,,,,,,,,,,,,,
AB_S51_O1,5,1.04E+01,2.39E-01,1.24E+00,1.27E+00,6.13E+00,,,,,,,,,,,,,,,,,,,,,,,,,,,,,,,,,,,
AB_S51_O1,5,1.04E+01,2.42E-01,1.29E+00,1.32E+00,5.02E+00,,,,,,,,,,,,,,,,,,,,,,,,,,,,,,,,,,,
AB_S51_O1,5,1.04E+01,2.35E-01,1.33E+00,1.35E+00,5.34E+00,,,,,,,,,,,,,,,,,,,,,,,,,,,,,,,,,,,
AB_S51_O1,5,1.04E+01,2.19E-01,1.38E+00,1.40E+00,7.14E+00,,,,,,,,,,,,,,,,,,,,,,,,,,,,,,,,,,,
AB_S51_O1,5,1.04E+01,2.00E-01,1.44E+00,1.46E+00,6.13E+00,,,,,,,,,,,,,,,,,,,,,,,,,,,,,,,,,,,
AB_S51_O1,5,1.04E+01,1.82E-01,1.47E+00,1.49E+00,5.02E+00,,,,,,,,,,,,,,,,,,,,,,,,,,,,,,,,,,,
AB_S51_O1,5,1.04E+01,1.73E-01,1.52E+00,1.53E+00,5.34E+00,,,,,,,,,,,,,,,,,,,,,,,,,,,,,,,,,,,
AB_S51_O1,5,1.04E+01,1.59E-01,1.56E+00,1.57E+00,6.39E+00,,,,,,,,,,,,,,,,,,,,,,,,,,,,,,,,,,,
AB_S51_O1,5,1.05E+01,1.52E-01,1.63E+00,1.63E+00,7.47E+00,,,,,,,,,,,,,,,,,,,,,,,,,,,,,,,,,,,
AB_S51_O1,5,1.05E+01,1.29E-01,1.68E+00,1.69E+00,6.83E+00,,,,,,,,,,,,,,,,,,,,,,,,,,,,,,,,,,,
AB_S51_O1,5,1.05E+01,1.13E-01,1.73E+00,1.74E+00,6.43E+00,,,,,,,,,,,,,,,,,,,,,,,,,,,,,,,,,,,
AB_S51_O1,5,1.05E+01,9.66E-02,1.78E+00,1.79E+00,6.39E+00,,,,,,,,,,,,,,,,,,,,,,,,,,,,,,,,,,,
AB_S51_O1,5,1.05E+01,9.21E-02,1.84E+00,1.84E+00,5.73E+00,,,,,,,,,,,,,,,,,,,,,,,,,,,,,,,,,,,
AB_S51_O1,5,1.05E+01,6.66E-02,1.87E+00,1.88E+00,7.42E+00,,,,,,,,,,,,,,,,,,,,,,,,,,,,,,,,,,,
AB_S51_O1,5,1.05E+01,3.43E-02,1.95E+00,1.95E+00,8.36E+00,,,,,,,,,,,,,,,,,,,,,,,,,,,,,,,,,,,
AB_S51_O1,5,1.05E+01,1.12E-02,2.00E+00,2.00E+00,5.02E+00,,,,,,,,,,,,,,,,,,,,,,,,,,,,,,,,,,,
AB_S51_O1,5,1.05E+01,6.63E-03,2.03E+00,2.03E+00,4.32E+00,,,,,,,,,,,,,,,,,,,,,,,,,,,,,,,,,,,
AB_S51_O1,5,1.05E+01,9.10E-03,2.07E+00,2.07E+00,6.39E+00,,,,,,,,,,,,,,,,,,,,,,,,,,,,,,,,,,,
AB_S51_O1,5,1.05E+01,-1.40E-02,2.13E+00,2.13E+00,6.76E+00,,,,,,,,,,,,,,,,,,,,,,,,,,,,,,,,,,,
AB_S51_O1,5,1.05E+01,-1.85E-02,2.18E+00,2.18E+00,6.43E+00,,,,,,,,,,,,,,,,,,,,,,,,,,,,,,,,,,,
AB_S51_O1,5,1.06E+01,-2.30E-02,2.24E+00,2.24E+00,5.68E+00,,,,,,,,,,,,,,,,,,,,,,,,,,,,,,,,,,,
AB_S51_O1,5,1.06E+01,-3.68E-02,2.28E+00,2.28E+00,4.32E+00,,,,,,,,,,,,,,,,,,,,,,,,,,,,,,,,,,,
AB_S51_O1,5,1.06E+01,-2.51E-02,2.31E+00,2.31E+00,3.37E+00,,,,,,,,,,,,,,,,,,,,,,,,,,,,,,,,,,,
AB_S51_O1,5,1.06E+01,-2.97E-02,2.33E+00,2.33E+00,3.22E+00,,,,,,,,,,,,,,,,,,,,,,,,,,,,,,,,,,,
AB_S51_O1,5,1.06E+01,-2.96E-02,2.36E+00,2.36E+00,4.63E+00,,,,,,,,,,,,,,,,,,,,,,,,,,,,,,,,,,,
AB_S51_O1,5,1.06E+01,-5.04E-02,2.41E+00,2.41E+00,6.05E+00,,,,,,,,,,,,,,,,,,,,,,,,,,,,,,,,,,,
AB_S51_O1,5,1.06E+01,-5.49E-02,2.46E+00,2.46E+00,6.83E+00,,,,,,,,,,,,,,,,,,,,,,,,,,,,,,,,,,,
AB_S51_O1,5,1.06E+01,-5.47E-02,2.52E+00,2.52E+00,5.43E+00,,,,,,,,,,,,,,,,,,,,,,,,,,,,,,,,,,,
AB_S51_O1,5,1.06E+01,-5.46E-02,2.55E+00,2.55E+00,4.05E+00,,,,,,,,,,,,,,,,,,,,,,,,,,,,,,,,,,,
AB_S51_O1,5,1.06E+01,-4.98E-02,2.59E+00,2.59E+00,3.62E+00,,,,,,,,,,,,,,,,,,,,,,,,,,,,,,,,,,,
AB_S51_O1,5,1.06E+01,-5.44E-02,2.61E+00,2.61E+00,2.84E+00,,,,,,,,,,,,,,,,,,,,,,,,,,,,,,,,,,,
AB_S51_O1,5,1.06E+01,-5.90E-02,2.63E+00,2.64E+00,3.22E+00,,,,,,,,,,,,,,,,,,,,,,,,,,,,,,,,,,,
AB_S51_O1,5,1.07E+01,-5.89E-02,2.66E+00,2.67E+00,5.02E+00,,,,,,,,,,,,,,,,,,,,,,,,,,,,,,,,,,,
AB_S51_O1,5,1.07E+01,-8.67E-02,2.71E+00,2.72E+00,4.63E+00,,,,,,,,,,,,,,,,,,,,,,,,,,,,,,,,,,,
AB_S51_O1,5,1.07E+01,-6.80E-02,2.74E+00,2.74E+00,4.49E+00,,,,,,,,,,,,,,,,,,,,,,,,,,,,,,,,,,,
AB_S51_O1,5,1.07E+01,-7.71E-02,2.79E+00,2.79E+00,4.63E+00,,,,,,,,,,,,,,,,,,,,,,,,,,,,,,,,,,,
AB_S51_O1,5,1.07E+01,-7.71E-02,2.82E+00,2.82E+00,3.62E+00,,,,,,,,,,,,,,,,,,,,,,,,,,,,,,,,,,,
AB_S51_O1,5,1.07E+01,-7.70E-02,2.85E+00,2.85E+00,3.83E+00,,,,,,,,,,,,,,,,,,,,,,,,,,,,,,,,,,,
AB_S51_O1,5,1.07E+01,-6.52E-02,2.88E+00,2.88E+00,4.29E+00,,,,,,,,,,,,,,,,,,,,,,,,,,,,,,,,,,,
AB_S51_O1,5,1.07E+01,-6.05E-02,2.92E+00,2.92E+00,3.83E+00,,,,,,,,,,,,,,,,,,,,,,,,,,,,,,,,,,,
AB_S51_O1,5,1.07E+01,-5.34E-02,2.94E+00,2.94E+00,3.62E+00,,,,,,,,,,,,,,,,,,,,,,,,,,,,,,,,,,,
AB_S51_O1,5,1.07E+01,-6.03E-02,2.98E+00,2.98E+00,3.62E+00,,,,,,,,,,,,,,,,,,,,,,,,,,,,,,,,,,,
AB_S51_O1,5,1.07E+01,-5.33E-02,3.00E+00,3.00E+00,3.37E+00,,,,,,,,,,,,,,,,,,,,,,,,,,,,,,,,,,,
AB_S51_O1,5,1.07E+01,-5.32E-02,3.03E+00,3.03E+00,3.62E+00,,,,,,,,,,,,,,,,,,,,,,,,,,,,,,,,,,,
AB_S51_O1,5,1.08E+01,-5.31E-02,3.06E+00,3.07E+00,,,,,,,,,,,,,,,,,,,,,,,,,,,,,,,,,,,,
,,,,,,,,,,,,,,,,,,,,,,,,,,,,,,,,,,,,,,,,,
AB_S52_O1,1,2.50E-01,1.85E+00,1.75E+00,2.55E+00,,,,,,,,,,,,,,,,,,,,,,,,,,,,,,,,,,,,
AB_S52_O1,1,2.59E-01,1.87E+00,1.84E+00,2.62E+00,1.50E+01,,,,,,,,,,,,,,,,,,,,,,,,,,,,,,,,,,,
AB_S52_O1,1,2.67E-01,1.91E+00,2.00E+00,2.76E+00,1.78E+01,,,,,,,,,,,,,,,,,,,,,,,,,,,,,,,,,,,
AB_S52_O1,1,2.75E-01,1.91E+00,2.13E+00,2.86E+00,1.50E+01,,,,,,,,,,,,,,,,,,,,,,,,,,,,,,,,,,,
AB_S52_O1,1,2.84E-01,1.91E+00,2.25E+00,2.95E+00,1.59E+01,,,,,,,,,,,,,,,,,,,,,,,,,,,,,,,,,,,
AB_S52_O1,1,2.92E-01,1.93E+00,2.40E+00,3.08E+00,1.87E+01,,,,,,,,,,,,,,,,,,,,,,,,,,,,,,,,,,,
AB_S52_O1,1,3.00E-01,1.93E+00,2.56E+00,3.20E+00,1.96E+01,,,,,,,,,,,,,,,,,,,,,,,,,,,,,,,,,,,
AB_S52_O1,1,3.09E-01,1.94E+00,2.73E+00,3.34E+00,1.79E+01,,,,,,,,,,,,,,,,,,,,,,,,,,,,,,,,,,,
AB_S52_O1,1,3.17E-01,1.93E+00,2.85E+00,3.45E+00,1.76E+01,,,,,,,,,,,,,,,,,,,,,,,,,,,,,,,,,,,
AB_S52_O1,1,3.25E-01,1.92E+00,3.02E+00,3.58E+00,1.92E+01,,,,,,,,,,,,,,,,,,,,,,,,,,,,,,,,,,,
AB_S52_O1,1,3.34E-01,1.91E+00,3.17E+00,3.70E+00,1.92E+01,,,,,,,,,,,,,,,,,,,,,,,,,,,,,,,,,,,
AB_S52_O1,1,3.42E-01,1.90E+00,3.34E+00,3.84E+00,2.09E+01,,,,,,,,,,,,,,,,,,,,,,,,,,,,,,,,,,,
AB_S52_O1,1,3.50E-01,1.89E+00,3.52E+00,4.00E+00,2.19E+01,,,,,,,,,,,,,,,,,,,,,,,,,,,,,,,,,,,
AB_S52_O1,1,3.59E-01,1.87E+00,3.70E+00,4.15E+00,1.98E+01,,,,,,,,,,,,,,,,,,,,,,,,,,,,,,,,,,,
AB_S52_O1,1,3.67E-01,1.87E+00,3.85E+00,4.28E+00,1.82E+01,,,,,,,,,,,,,,,,,,,,,,,,,,,,,,,,,,,
AB_S52_O1,1,3.75E-01,1.85E+00,4.01E+00,4.41E+00,1.76E+01,,,,,,,,,,,,,,,,,,,,,,,,,,,,,,,,,,,
AB_S52_O1,1,3.84E-01,1.86E+00,4.15E+00,4.54E+00,1.65E+01,,,,,,,,,,,,,,,,,,,,,,,,,,,,,,,,,,,
AB_S52_O1,1,3.92E-01,1.87E+00,4.28E+00,4.67E+00,1.68E+01,,,,,,,,,,,,,,,,,,,,,,,,,,,,,,,,,,,
AB_S52_O1,1,4.00E-01,1.90E+00,4.42E+00,4.81E+00,1.92E+01,,,,,,,,,,,,,,,,,,,,,,,,,,,,,,,,,,,
AB_S52_O1,1,4.09E-01,1.92E+00,4.60E+00,4.98E+00,1.80E+01,,,,,,,,,,,,,,,,,,,,,,,,,,,,,,,,,,,
AB_S52_O1,1,4.17E-01,1.94E+00,4.72E+00,5.10E+00,1.66E+01,,,,,,,,,,,,,,,,,,,,,,,,,,,,,,,,,,,
AB_S52_O1,1,4.25E-01,1.95E+00,4.87E+00,5.25E+00,,,,,,,,,,,,,,,,,,,,,,,,,,,,,,,,,,,,
,,,,,,,,,,,,,,,,,,,,,,,,,,,,,,,,,,,,,,,,,
AB_S52_O1,2,1.97E+00,1.79E+00,1.87E+00,2.59E+00,,,,,,,,,,,,,,,,,,,,,,,,,,,,,,,,,,,,
AB_S52_O1,2,1.98E+00,1.80E+00,1.99E+00,2.68E+00,1.56E+01,,,,,,,,,,,,,,,,,,,,,,,,,,,,,,,,,,,
AB_S52_O1,2,1.99E+00,1.79E+00,2.14E+00,2.79E+00,1.99E+01,,,,,,,,,,,,,,,,,,,,,,,,,,,,,,,,,,,
AB_S52_O1,2,1.99E+00,1.79E+00,2.32E+00,2.93E+00,1.98E+01,,,,,,,,,,,,,,,,,,,,,,,,,,,,,,,,,,,
AB_S52_O1,2,2.00E+00,1.77E+00,2.46E+00,3.04E+00,1.63E+01,,,,,,,,,,,,,,,,,,,,,,,,,,,,,,,,,,,
AB_S52_O1,2,2.01E+00,1.74E+00,2.59E+00,3.12E+00,1.52E+01,,,,,,,,,,,,,,,,,,,,,,,,,,,,,,,,,,,
AB_S52_O1,2,2.02E+00,1.72E+00,2.71E+00,3.22E+00,1.76E+01,,,,,,,,,,,,,,,,,,,,,,,,,,,,,,,,,,,
AB_S52_O1,2,2.03E+00,1.72E+00,2.88E+00,3.36E+00,1.87E+01,,,,,,,,,,,,,,,,,,,,,,,,,,,,,,,,,,,
AB_S52_O1,2,2.04E+00,1.71E+00,3.03E+00,3.47E+00,1.74E+01,,,,,,,,,,,,,,,,,,,,,,,,,,,,,,,,,,,
AB_S52_O1,2,2.04E+00,1.73E+00,3.17E+00,3.61E+00,1.78E+01,,,,,,,,,,,,,,,,,,,,,,,,,,,,,,,,,,,
AB_S52_O1,2,2.05E+00,1.74E+00,3.32E+00,3.75E+00,1.83E+01,,,,,,,,,,,,,,,,,,,,,,,,,,,,,,,,,,,
AB_S52_O1,2,2.06E+00,1.73E+00,3.47E+00,3.88E+00,1.75E+01,,,,,,,,,,,,,,,,,,,,,,,,,,,,,,,,,,,
AB_S52_O1,2,2.07E+00,1.71E+00,3.61E+00,4.00E+00,1.68E+01,,,,,,,,,,,,,,,,,,,,,,,,,,,,,,,,,,,
AB_S52_O1,2,2.08E+00,1.68E+00,3.75E+00,4.11E+00,1.79E+01,,,,,,,,,,,,,,,,,,,,,,,,,,,,,,,,,,,
AB_S52_O1,2,2.09E+00,1.65E+00,3.90E+00,4.24E+00,1.85E+01,,,,,,,,,,,,,,,,,,,,,,,,,,,,,,,,,,,
AB_S52_O1,2,2.09E+00,1.63E+00,4.06E+00,4.37E+00,1.80E+01,,,,,,,,,,,,,,,,,,,,,,,,,,,,,,,,,,,
AB_S52_O1,2,2.10E+00,1.61E+00,4.20E+00,4.50E+00,1.85E+01,,,,,,,,,,,,,,,,,,,,,,,,,,,,,,,,,,,
AB_S52_O1,2,2.11E+00,1.59E+00,4.36E+00,4.64E+00,1.90E+01,,,,,,,,,,,,,,,,,,,,,,,,,,,,,,,,,,,
AB_S52_O1,2,2.12E+00,1.57E+00,4.51E+00,4.78E+00,1.74E+01,,,,,,,,,,,,,,,,,,,,,,,,,,,,,,,,,,,
AB_S52_O1,2,2.13E+00,1.54E+00,4.65E+00,4.89E+00,1.68E+01,,,,,,,,,,,,,,,,,,,,,,,,,,,,,,,,,,,
AB_S52_O1,2,2.14E+00,1.51E+00,4.79E+00,5.02E+00,1.68E+01,,,,,,,,,,,,,,,,,,,,,,,,,,,,,,,,,,,
AB_S52_O1,2,2.14E+00,1.49E+00,4.92E+00,5.15E+00,1.74E+01,,,,,,,,,,,,,,,,,,,,,,,,,,,,,,,,,,,
AB_S52_O1,2,2.15E+00,1.46E+00,5.07E+00,5.28E+00,1.90E+01,,,,,,,,,,,,,,,,,,,,,,,,,,,,,,,,,,,
AB_S52_O1,2,2.16E+00,1.43E+00,5.23E+00,5.43E+00,,,,,,,,,,,,,,,,,,,,,,,,,,,,,,,,,,,,
,,,,,,,,,,,,,,,,,,,,,,,,,,,,,,,,,,,,,,,,,
AB_S52_O1,3,3.77E+00,2.19E+00,1.82E+00,2.85E+00,,,,,,,,,,,,,,,,,,,,,,,,,,,,,,,,,,,,
AB_S52_O1,3,3.78E+00,2.15E+00,2.02E+00,2.95E+00,2.42E+01,,,,,,,,,,,,,,,,,,,,,,,,,,,,,,,,,,,
AB_S52_O1,3,3.79E+00,2.17E+00,2.22E+00,3.11E+00,2.37E+01,,,,,,,,,,,,,,,,,,,,,,,,,,,,,,,,,,,
AB_S52_O1,3,3.80E+00,2.20E+00,2.42E+00,3.27E+00,2.47E+01,,,,,,,,,,,,,,,,,,,,,,,,,,,,,,,,,,,
AB_S52_O1,3,3.80E+00,2.19E+00,2.63E+00,3.43E+00,2.35E+01,,,,,,,,,,,,,,,,,,,,,,,,,,,,,,,,,,,
AB_S52_O1,3,3.81E+00,2.21E+00,2.81E+00,3.58E+00,2.18E+01,,,,,,,,,,,,,,,,,,,,,,,,,,,,,,,,,,,
AB_S52_O1,3,3.82E+00,2.25E+00,2.99E+00,3.75E+00,2.25E+01,,,,,,,,,,,,,,,,,,,,,,,,,,,,,,,,,,,
AB_S52_O1,3,3.83E+00,2.26E+00,3.18E+00,3.90E+00,2.13E+01,,,,,,,,,,,,,,,,,,,,,,,,,,,,,,,,,,,
AB_S52_O1,3,3.84E+00,2.26E+00,3.35E+00,4.04E+00,2.09E+01,,,,,,,,,,,,,,,,,,,,,,,,,,,,,,,,,,,
AB_S52_O1,3,3.85E+00,2.28E+00,3.53E+00,4.20E+00,2.09E+01,,,,,,,,,,,,,,,,,,,,,,,,,,,,,,,,,,,
AB_S52_O1,3,3.85E+00,2.29E+00,3.70E+00,4.35E+00,2.11E+01,,,,,,,,,,,,,,,,,,,,,,,,,,,,,,,,,,,
AB_S52_O1,3,3.86E+00,2.31E+00,3.88E+00,4.51E+00,2.25E+01,,,,,,,,,,,,,,,,,,,,,,,,,,,,,,,,,,,
AB_S52_O1,3,3.87E+00,2.33E+00,4.07E+00,4.69E+00,2.23E+01,,,,,,,,,,,,,,,,,,,,,,,,,,,,,,,,,,,
AB_S52_O1,3,3.88E+00,2.34E+00,4.25E+00,4.85E+00,2.14E+01,,,,,,,,,,,,,,,,,,,,,,,,,,,,,,,,,,,
AB_S52_O1,3,3.89E+00,2.38E+00,4.42E+00,5.02E+00,2.07E+01,,,,,,,,,,,,,,,,,,,,,,,,,,,,,,,,,,,
AB_S52_O1,3,3.90E+00,2.39E+00,4.59E+00,5.18E+00,2.28E+01,,,,,,,,,,,,,,,,,,,,,,,,,,,,,,,,,,,
AB_S52_O1,3,3.90E+00,2.46E+00,4.79E+00,5.39E+00,2.28E+01,,,,,,,,,,,,,,,,,,,,,,,,,,,,,,,,,,,
AB_S52_O1,3,3.91E+00,2.47E+00,4.96E+00,5.54E+00,,,,,,,,,,,,,,,,,,,,,,,,,,,,,,,,,,,,
,,,,,,,,,,,,,,,,,,,,,,,,,,,,,,,,,,,,,,,,,
AB_S52_O1,4,8.22E+00,1.99E+00,1.72E+00,2.63E+00,,,,,,,,,,,,,,,,,,,,,,,,,,,,,,,,,,,,
AB_S52_O1,4,8.22E+00,2.00E+00,1.87E+00,2.74E+00,1.54E+01,,,,,,,,,,,,,,,,,,,,,,,,,,,,,,,,,,,
AB_S52_O1,4,8.23E+00,2.02E+00,1.97E+00,2.82E+00,1.46E+01,,,,,,,,,,,,,,,,,,,,,,,,,,,,,,,,,,,
AB_S52_O1,4,8.24E+00,2.04E+00,2.11E+00,2.93E+00,1.80E+01,,,,,,,,,,,,,,,,,,,,,,,,,,,,,,,,,,,
AB_S52_O1,4,8.25E+00,2.06E+00,2.27E+00,3.07E+00,1.89E+01,,,,,,,,,,,,,,,,,,,,,,,,,,,,,,,,,,,
AB_S52_O1,4,8.26E+00,2.07E+00,2.42E+00,3.19E+00,1.94E+01,,,,,,,,,,,,,,,,,,,,,,,,,,,,,,,,,,,
AB_S52_O1,4,8.27E+00,2.09E+00,2.59E+00,3.33E+00,1.95E+01,,,,,,,,,,,,,,,,,,,,,,,,,,,,,,,,,,,
AB_S52_O1,4,8.27E+00,2.11E+00,2.75E+00,3.46E+00,2.01E+01,,,,,,,,,,,,,,,,,,,,,,,,,,,,,,,,,,,
AB_S52_O1,4,8.28E+00,2.15E+00,2.92E+00,3.63E+00,2.30E+01,,,,,,,,,,,,,,,,,,,,,,,,,,,,,,,,,,,
AB_S52_O1,4,8.29E+00,2.20E+00,3.12E+00,3.82E+00,2.18E+01,,,,,,,,,,,,,,,,,,,,,,,,,,,,,,,,,,,
AB_S52_O1,4,8.30E+00,2.22E+00,3.28E+00,3.96E+00,2.13E+01,,,,,,,,,,,,,,,,,,,,,,,,,,,,,,,,,,,
AB_S52_O1,4,8.31E+00,2.24E+00,3.47E+00,4.13E+00,2.21E+01,,,,,,,,,,,,,,,,,,,,,,,,,,,,,,,,,,,
AB_S52_O1,4,8.32E+00,2.24E+00,3.65E+00,4.28E+00,2.02E+01,,,,,,,,,,,,,,,,,,,,,,,,,,,,,,,,,,,
AB_S52_O1,4,8.32E+00,2.25E+00,3.81E+00,4.42E+00,2.11E+01,,,,,,,,,,,,,,,,,,,,,,,,,,,,,,,,,,,
AB_S52_O1,4,8.33E+00,2.32E+00,3.99E+00,4.62E+00,2.26E+01,,,,,,,,,,,,,,,,,,,,,,,,,,,,,,,,,,,
AB_S52_O1,4,8.34E+00,2.36E+00,4.17E+00,4.79E+00,2.09E+01,,,,,,,,,,,,,,,,,,,,,,,,,,,,,,,,,,,
AB_S52_O1,4,8.35E+00,2.43E+00,4.32E+00,4.96E+00,1.95E+01,,,,,,,,,,,,,,,,,,,,,,,,,,,,,,,,,,,
AB_S52_O1,4,8.36E+00,2.48E+00,4.47E+00,5.11E+00,2.02E+01,,,,,,,,,,,,,,,,,,,,,,,,,,,,,,,,,,,
AB_S52_O1,4,8.37E+00,2.56E+00,4.63E+00,5.29E+00,2.12E+01,,,,,,,,,,,,,,,,,,,,,,,,,,,,,,,,,,,
AB_S52_O1,4,8.38E+00,2.63E+00,4.80E+00,5.47E+00,1.84E+01,,,,,,,,,,,,,,,,,,,,,,,,,,,,,,,,,,,
AB_S52_O1,4,8.38E+00,2.64E+00,4.93E+00,5.59E+00,,,,,,,,,,,,,,,,,,,,,,,,,,,,,,,,,,,,
,,,,,,,,,,,,,,,,,,,,,,,,,,,,,,,,,,,,,,,,,
AB_S52_O1,5,1.17E+01,1.96E+00,1.82E+00,2.67E+00,,,,,,,,,,,,,,,,,,,,,,,,,,,,,,,,,,,,
AB_S52_O1,5,1.17E+01,1.98E+00,1.96E+00,2.79E+00,1.68E+01,,,,,,,,,,,,,,,,,,,,,,,,,,,,,,,,,,,
AB_S52_O1,5,1.17E+01,2.00E+00,2.10E+00,2.90E+00,1.79E+01,,,,,,,,,,,,,,,,,,,,,,,,,,,,,,,,,,,
AB_S52_O1,5,1.17E+01,1.99E+00,2.25E+00,3.01E+00,1.93E+01,,,,,,,,,,,,,,,,,,,,,,,,,,,,,,,,,,,
AB_S52_O1,5,1.17E+01,1.99E+00,2.42E+00,3.13E+00,1.94E+01,,,,,,,,,,,,,,,,,,,,,,,,,,,,,,,,,,,
AB_S52_O1,5,1.17E+01,2.02E+00,2.58E+00,3.27E+00,1.85E+01,,,,,,,,,,,,,,,,,,,,,,,,,,,,,,,,,,,
AB_S52_O1,5,1.17E+01,2.03E+00,2.73E+00,3.40E+00,1.95E+01,,,,,,,,,,,,,,,,,,,,,,,,,,,,,,,,,,,
AB_S52_O1,5,1.17E+01,2.05E+00,2.90E+00,3.55E+00,2.01E+01,,,,,,,,,,,,,,,,,,,,,,,,,,,,,,,,,,,
AB_S52_O1,5,1.17E+01,2.06E+00,3.06E+00,3.69E+00,1.97E+01,,,,,,,,,,,,,,,,,,,,,,,,,,,,,,,,,,,
AB_S52_O1,5,1.18E+01,2.10E+00,3.23E+00,3.85E+00,1.85E+01,,,,,,,,,,,,,,,,,,,,,,,,,,,,,,,,,,,
AB_S52_O1,5,1.18E+01,2.10E+00,3.37E+00,3.97E+00,1.71E+01,,,,,,,,,,,,,,,,,,,,,,,,,,,,,,,,,,,
AB_S52_O1,5,1.18E+01,2.13E+00,3.51E+00,4.10E+00,1.80E+01,,,,,,,,,,,,,,,,,,,,,,,,,,,,,,,,,,,
AB_S52_O1,5,1.18E+01,2.15E+00,3.66E+00,4.25E+00,1.83E+01,,,,,,,,,,,,,,,,,,,,,,,,,,,,,,,,,,,
AB_S52_O1,5,1.18E+01,2.16E+00,3.82E+00,4.38E+00,1.77E+01,,,,,,,,,,,,,,,,,,,,,,,,,,,,,,,,,,,
AB_S52_O1,5,1.18E+01,2.17E+00,3.96E+00,4.51E+00,1.89E+01,,,,,,,,,,,,,,,,,,,,,,,,,,,,,,,,,,,
AB_S52_O1,5,1.18E+01,2.19E+00,4.13E+00,4.67E+00,2.06E+01,,,,,,,,,,,,,,,,,,,,,,,,,,,,,,,,,,,
AB_S52_O1,5,1.18E+01,2.20E+00,4.30E+00,4.83E+00,1.92E+01,,,,,,,,,,,,,,,,,,,,,,,,,,,,,,,,,,,
AB_S52_O1,5,1.18E+01,2.21E+00,4.45E+00,4.97E+00,1.91E+01,,,,,,,,,,,,,,,,,,,,,,,,,,,,,,,,,,,
AB_S52_O1,5,1.18E+01,2.21E+00,4.62E+00,5.12E+00,2.43E+01,,,,,,,,,,,,,,,,,,,,,,,,,,,,,,,,,,,
AB_S52_O1,5,1.18E+01,2.28E+00,4.85E+00,5.36E+00,2.60E+01,,,,,,,,,,,,,,,,,,,,,,,,,,,,,,,,,,,
AB_S52_O1,5,1.18E+01,2.29E+00,5.04E+00,5.54E+00,,,,,,,,,,,,,,,,,,,,,,,,,,,,,,,,,,,,
,,,,,,,,,,,,,,,,,,,,,,,,,,,,,,,,,,,,,,,,,
AB_S53_O1,1,7.26E-01,3.08E-01,6.15E-01,6.88E-01,,,,,,,,,,,,,,,,,,,,,,,,,,,,,,,,,,,,
AB_S53_O1,1,7.34E-01,2.92E-01,6.77E-01,7.37E-01,1.03E+01,,,,,,,,,,,,,,,,,,,,,,,,,,,,,,,,,,,
AB_S53_O1,1,7.42E-01,2.77E-01,7.84E-01,8.32E-01,1.30E+01,,,,,,,,,,,,,,,,,,,,,,,,,,,,,,,,,,,
AB_S53_O1,1,7.51E-01,2.61E-01,8.92E-01,9.29E-01,1.11E+01,,,,,,,,,,,,,,,,,,,,,,,,,,,,,,,,,,,
AB_S53_O1,1,7.59E-01,2.61E-01,9.69E-01,1.00E+00,1.11E+01,,,,,,,,,,,,,,,,,,,,,,,,,,,,,,,,,,,
AB_S53_O1,1,7.67E-01,2.61E-01,1.08E+00,1.11E+00,1.14E+01,,,,,,,,,,,,,,,,,,,,,,,,,,,,,,,,,,,
AB_S53_O1,1,7.76E-01,2.15E-01,1.15E+00,1.17E+00,1.43E+01,,,,,,,,,,,,,,,,,,,,,,,,,,,,,,,,,,,
AB_S53_O1,1,7.84E-01,2.00E-01,1.31E+00,1.32E+00,1.48E+01,,,,,,,,,,,,,,,,,,,,,,,,,,,,,,,,,,,
AB_S53_O1,1,7.92E-01,2.00E-01,1.40E+00,1.41E+00,1.20E+01,,,,,,,,,,,,,,,,,,,,,,,,,,,,,,,,,,,
AB_S53_O1,1,8.01E-01,1.85E-01,1.51E+00,1.52E+00,1.59E+01,,,,,,,,,,,,,,,,,,,,,,,,,,,,,,,,,,,
AB_S53_O1,1,8.09E-01,1.54E-01,1.66E+00,1.67E+00,1.68E+01,,,,,,,,,,,,,,,,,,,,,,,,,,,,,,,,,,,
AB_S53_O1,1,8.17E-01,1.38E-01,1.78E+00,1.79E+00,1.48E+01,,,,,,,,,,,,,,,,,,,,,,,,,,,,,,,,,,,
AB_S53_O1,1,8.26E-01,1.38E-01,1.91E+00,1.91E+00,1.57E+01,,,,,,,,,,,,,,,,,,,,,,,,,,,,,,,,,,,
AB_S53_O1,1,8.34E-01,1.23E-01,2.05E+00,2.05E+00,1.57E+01,,,,,,,,,,,,,,,,,,,,,,,,,,,,,,,,,,,
AB_S53_O1,1,8.43E-01,1.23E-01,2.17E+00,2.17E+00,1.75E+01,,,,,,,,,,,,,,,,,,,,,,,,,,,,,,,,,,,
AB_S53_O1,1,8.51E-01,1.08E-01,2.34E+00,2.34E+00,2.04E+01,,,,,,,,,,,,,,,,,,,,,,,,,,,,,,,,,,,
AB_S53_O1,1,8.59E-01,9.23E-02,2.51E+00,2.51E+00,1.94E+01,,,,,,,,,,,,,,,,,,,,,,,,,,,,,,,,,,,
AB_S53_O1,1,8.68E-01,7.69E-02,2.66E+00,2.66E+00,1.58E+01,,,,,,,,,,,,,,,,,,,,,,,,,,,,,,,,,,,
AB_S53_O1,1,8.76E-01,6.15E-02,2.77E+00,2.77E+00,1.39E+01,,,,,,,,,,,,,,,,,,,,,,,,,,,,,,,,,,,
AB_S53_O1,1,8.84E-01,6.15E-02,2.89E+00,2.89E+00,1.57E+01,,,,,,,,,,,,,,,,,,,,,,,,,,,,,,,,,,,
AB_S53_O1,1,8.93E-01,4.61E-02,3.03E+00,3.03E+00,1.85E+01,,,,,,,,,,,,,,,,,,,,,,,,,,,,,,,,,,,
AB_S53_O1,1,9.01E-01,4.61E-02,3.20E+00,3.20E+00,,,,,,,,,,,,,,,,,,,,,,,,,,,,,,,,,,,,
,,,,,,,,,,,,,,,,,,,,,,,,,,,,,,,,,,,,,,,,,
AB_S53_O1,2,1.33E+00,4.61E-02,1.18E+00,1.18E+00,,,,,,,,,,,,,,,,,,,,,,,,,,,,,,,,,,,,
AB_S53_O1,2,1.33E+00,4.61E-02,1.26E+00,1.26E+00,1.20E+01,,,,,,,,,,,,,,,,,,,,,,,,,,,,,,,,,,,
AB_S53_O1,2,1.34E+00,3.08E-02,1.38E+00,1.38E+00,1.32E+01,,,,,,,,,,,,,,,,,,,,,,,,,,,,,,,,,,,
AB_S53_O1,2,1.35E+00,0.00E+00,1.48E+00,1.48E+00,1.30E+01,,,,,,,,,,,,,,,,,,,,,,,,,,,,,,,,,,,
AB_S53_O1,2,1.36E+00,0.00E+00,1.60E+00,1.60E+00,1.48E+01,,,,,,,,,,,,,,,,,,,,,,,,,,,,,,,,,,,
AB_S53_O1,2,1.37E+00,-1.54E-02,1.72E+00,1.72E+00,1.20E+01,,,,,,,,,,,,,,,,,,,,,,,,,,,,,,,,,,,
AB_S53_O1,2,1.38E+00,-1.54E-02,1.80E+00,1.80E+00,1.21E+01,,,,,,,,,,,,,,,,,,,,,,,,,,,,,,,,,,,
AB_S53_O1,2,1.38E+00,-4.61E-02,1.92E+00,1.92E+00,1.41E+01,,,,,,,,,,,,,,,,,,,,,,,,,,,,,,,,,,,
AB_S53_O1,2,1.39E+00,-6.15E-02,2.03E+00,2.03E+00,1.59E+01,,,,,,,,,,,,,,,,,,,,,,,,,,,,,,,,,,,
AB_S53_O1,2,1.40E+00,-9.23E-02,2.18E+00,2.19E+00,1.67E+01,,,,,,,,,,,,,,,,,,,,,,,,,,,,,,,,,,,
AB_S53_O1,2,1.41E+00,-9.23E-02,2.31E+00,2.31E+00,1.39E+01,,,,,,,,,,,,,,,,,,,,,,,,,,,,,,,,,,,
AB_S53_O1,2,1.42E+00,-1.23E-01,2.41E+00,2.42E+00,1.50E+01,,,,,,,,,,,,,,,,,,,,,,,,,,,,,,,,,,,
AB_S53_O1,2,1.43E+00,-1.38E-01,2.55E+00,2.56E+00,1.32E+01,,,,,,,,,,,,,,,,,,,,,,,,,,,,,,,,,,,
AB_S53_O1,2,1.43E+00,-1.69E-01,2.63E+00,2.63E+00,1.25E+01,,,,,,,,,,,,,,,,,,,,,,,,,,,,,,,,,,,
AB_S53_O1,2,1.44E+00,-2.00E-01,2.75E+00,2.76E+00,1.34E+01,,,,,,,,,,,,,,,,,,,,,,,,,,,,,,,,,,,
AB_S53_O1,2,1.45E+00,-2.31E-01,2.84E+00,2.85E+00,1.03E+01,,,,,,,,,,,,,,,,,,,,,,,,,,,,,,,,,,,
AB_S53_O1,2,1.46E+00,-2.31E-01,2.92E+00,2.93E+00,1.02E+01,,,,,,,,,,,,,,,,,,,,,,,,,,,,,,,,,,,
AB_S53_O1,2,1.47E+00,-2.46E-01,3.01E+00,3.02E+00,1.39E+01,,,,,,,,,,,,,,,,,,,,,,,,,,,,,,,,,,,
AB_S53_O1,2,1.48E+00,-2.61E-01,3.15E+00,3.16E+00,,,,,,,,,,,,,,,,,,,,,,,,,,,,,,,,,,,,
,,,,,,,,,,,,,,,,,,,,,,,,,,,,,,,,,,,,,,,,,
AB_S53_O1,3,4.09E-01,5.69E-01,1.28E+00,1.40E+00,,,,,,,,,,,,,,,,,,,,,,,,,,,,,,,,,,,,
AB_S53_O1,3,4.17E-01,5.69E-01,1.34E+00,1.45E+00,1.14E+01,,,,,,,,,,,,,,,,,,,,,,,,,,,,,,,,,,,
AB_S53_O1,3,4.25E-01,5.23E-01,1.46E+00,1.55E+00,1.49E+01,,,,,,,,,,,,,,,,,,,,,,,,,,,,,,,,,,,
AB_S53_O1,3,4.34E-01,4.77E-01,1.57E+00,1.64E+00,1.32E+01,,,,,,,,,,,,,,,,,,,,,,,,,,,,,,,,,,,
AB_S53_O1,3,4.42E-01,4.77E-01,1.68E+00,1.74E+00,1.30E+01,,,,,,,,,,,,,,,,,,,,,,,,,,,,,,,,,,,
AB_S53_O1,3,4.50E-01,4.46E-01,1.78E+00,1.84E+00,1.59E+01,,,,,,,,,,,,,,,,,,,,,,,,,,,,,,,,,,,
AB_S53_O1,3,4.59E-01,4.31E-01,1.94E+00,1.98E+00,1.57E+01,,,,,,,,,,,,,,,,,,,,,,,,,,,,,,,,,,,
AB_S53_O1,3,4.67E-01,4.31E-01,2.05E+00,2.09E+00,1.38E+01,,,,,,,,,,,,,,,,,,,,,,,,,,,,,,,,,,,
AB_S53_O1,3,4.75E-01,4.31E-01,2.17E+00,2.21E+00,1.38E+01,,,,,,,,,,,,,,,,,,,,,,,,,,,,,,,,,,,
AB_S53_O1,3,4.84E-01,4.31E-01,2.28E+00,2.32E+00,1.58E+01,,,,,,,,,,,,,,,,,,,,,,,,,,,,,,,,,,,
AB_S53_O1,3,4.92E-01,4.00E-01,2.43E+00,2.46E+00,1.49E+01,,,,,,,,,,,,,,,,,,,,,,,,,,,,,,,,,,,
AB_S53_O1,3,5.01E-01,4.00E-01,2.52E+00,2.55E+00,1.20E+01,,,,,,,,,,,,,,,,,,,,,,,,,,,,,,,,,,,
AB_S53_O1,3,5.09E-01,4.00E-01,2.63E+00,2.66E+00,1.11E+01,,,,,,,,,,,,,,,,,,,,,,,,,,,,,,,,,,,
AB_S53_O1,3,5.17E-01,4.00E-01,2.71E+00,2.74E+00,1.29E+01,,,,,,,,,,,,,,,,,,,,,,,,,,,,,,,,,,,
AB_S53_O1,3,5.26E-01,4.00E-01,2.84E+00,2.87E+00,1.29E+01,,,,,,,,,,,,,,,,,,,,,,,,,,,,,,,,,,,
AB_S53_O1,3,5.34E-01,4.00E-01,2.92E+00,2.95E+00,1.11E+01,,,,,,,,,,,,,,,,,,,,,,,,,,,,,,,,,,,
AB_S53_O1,3,5.42E-01,4.00E-01,3.03E+00,3.06E+00,1.21E+01,,,,,,,,,,,,,,,,,,,,,,,,,,,,,,,,,,,
AB_S53_O1,3,5.51E-01,3.69E-01,3.12E+00,3.14E+00,,,,,,,,,,,,,,,,,,,,,,,,,,,,,,,,,,,,
,,,,,,,,,,,,,,,,,,,,,,,,,,,,,,,,,,,,,,,,,
AB_S53_O1,4,1.22E+00,2.92E-01,1.29E+00,1.32E+00,,,,,,,,,,,,,,,,,,,,,,,,,,,,,,,,,,,,
AB_S53_O1,4,1.23E+00,2.77E-01,1.38E+00,1.41E+00,1.11E+01,,,,,,,,,,,,,,,,,,,,,,,,,,,,,,,,,,,
AB_S53_O1,4,1.23E+00,3.08E-01,1.48E+00,1.51E+00,1.03E+01,,,,,,,,,,,,,,,,,,,,,,,,,,,,,,,,,,,
AB_S53_O1,4,1.24E+00,3.08E-01,1.55E+00,1.58E+00,1.12E+01,,,,,,,,,,,,,,,,,,,,,,,,,,,,,,,,,,,
AB_S53_O1,4,1.25E+00,2.77E-01,1.66E+00,1.68E+00,1.12E+01,,,,,,,,,,,,,,,,,,,,,,,,,,,,,,,,,,,
AB_S53_O1,4,1.26E+00,2.77E-01,1.74E+00,1.76E+00,1.29E+01,,,,,,,,,,,,,,,,,,,,,,,,,,,,,,,,,,,
AB_S53_O1,4,1.27E+00,2.77E-01,1.88E+00,1.90E+00,1.29E+01,,,,,,,,,,,,,,,,,,,,,,,,,,,,,,,,,,,
AB_S53_O1,4,1.28E+00,2.61E-01,1.95E+00,1.97E+00,1.29E+01,,,,,,,,,,,,,,,,,,,,,,,,,,,,,,,,,,,
AB_S53_O1,4,1.28E+00,2.61E-01,2.09E+00,2.11E+00,1.39E+01,,,,,,,,,,,,,,,,,,,,,,,,,,,,,,,,,,,
AB_S53_O1,4,1.29E+00,2.31E-01,2.18E+00,2.20E+00,1.14E+01,,,,,,,,,,,,,,,,,,,,,,,,,,,,,,,,,,,
AB_S53_O1,4,1.30E+00,2.15E-01,2.28E+00,2.29E+00,1.11E+01,,,,,,,,,,,,,,,,,,,,,,,,,,,,,,,,,,,
AB_S53_O1,4,1.31E+00,2.15E-01,2.37E+00,2.38E+00,1.08E+01,,,,,,,,,,,,,,,,,,,,,,,,,,,,,,,,,,,
AB_S53_O1,4,1.32E+00,1.54E-01,2.44E+00,2.45E+00,1.20E+01,,,,,,,,,,,,,,,,,,,,,,,,,,,,,,,,,,,
AB_S53_O1,4,1.33E+00,1.38E-01,2.55E+00,2.56E+00,1.68E+01,,,,,,,,,,,,,,,,,,,,,,,,,,,,,,,,,,,
AB_S53_O1,4,1.33E+00,1.08E-01,2.72E+00,2.72E+00,1.70E+01,,,,,,,,,,,,,,,,,,,,,,,,,,,,,,,,,,,
AB_S53_O1,4,1.34E+00,7.69E-02,2.83E+00,2.83E+00,1.87E+01,,,,,,,,,,,,,,,,,,,,,,,,,,,,,,,,,,,
AB_S53_O1,4,1.35E+00,0.00E+00,3.01E+00,3.01E+00,1.95E+01,,,,,,,,,,,,,,,,,,,,,,,,,,,,,,,,,,,
AB_S53_O1,4,1.36E+00,-3.08E-02,3.14E+00,3.14E+00,,,,,,,,,,,,,,,,,,,,,,,,,,,,,,,,,,,,
,,,,,,,,,,,,,,,,,,,,,,,,,,,,,,,,,,,,,,,,,
AB_S53_O1,5,1.74E+00,1.69E-01,1.18E+00,1.20E+00,,,,,,,,,,,,,,,,,,,,,,,,,,,,,,,,,,,,
AB_S53_O1,5,1.74E+00,1.69E-01,1.26E+00,1.27E+00,1.03E+01,,,,,,,,,,,,,,,,,,,,,,,,,,,,,,,,,,,
AB_S53_O1,5,1.75E+00,1.38E-01,1.35E+00,1.36E+00,1.30E+01,,,,,,,,,,,,,,,,,,,,,,,,,,,,,,,,,,,
AB_S53_O1,5,1.76E+00,1.38E-01,1.48E+00,1.48E+00,1.47E+01,,,,,,,,,,,,,,,,,,,,,,,,,,,,,,,,,,,
AB_S53_O1,5,1.77E+00,1.38E-01,1.60E+00,1.61E+00,1.75E+01,,,,,,,,,,,,,,,,,,,,,,,,,,,,,,,,,,,
AB_S53_O1,5,1.78E+00,1.23E-01,1.77E+00,1.77E+00,1.85E+01,,,,,,,,,,,,,,,,,,,,,,,,,,,,,,,,,,,
AB_S53_O1,5,1.79E+00,1.23E-01,1.91E+00,1.91E+00,1.75E+01,,,,,,,,,,,,,,,,,,,,,,,,,,,,,,,,,,,
AB_S53_O1,5,1.79E+00,1.23E-01,2.06E+00,2.06E+00,1.75E+01,,,,,,,,,,,,,,,,,,,,,,,,,,,,,,,,,,,
AB_S53_O1,5,1.80E+00,1.23E-01,2.20E+00,2.20E+00,1.75E+01,,,,,,,,,,,,,,,,,,,,,,,,,,,,,,,,,,,
AB_S53_O1,5,1.81E+00,1.23E-01,2.35E+00,2.36E+00,1.84E+01,,,,,,,,,,,,,,,,,,,,,,,,,,,,,,,,,,,
AB_S53_O1,5,1.82E+00,1.23E-01,2.51E+00,2.51E+00,1.75E+01,,,,,,,,,,,,,,,,,,,,,,,,,,,,,,,,,,,
AB_S53_O1,5,1.83E+00,1.23E-01,2.64E+00,2.65E+00,1.57E+01,,,,,,,,,,,,,,,,,,,,,,,,,,,,,,,,,,,
AB_S53_O1,5,1.84E+00,1.08E-01,2.77E+00,2.77E+00,1.48E+01,,,,,,,,,,,,,,,,,,,,,,,,,,,,,,,,,,,
AB_S53_O1,5,1.84E+00,1.08E-01,2.89E+00,2.89E+00,1.94E+01,,,,,,,,,,,,,,,,,,,,,,,,,,,,,,,,,,,
AB_S53_O1,5,1.85E+00,1.38E-01,3.09E+00,3.09E+00,,,,,,,,,,,,,,,,,,,,,,,,,,,,,,,,,,,,
,,,,,,,,,,,,,,,,,,,,,,,,,,,,,,,,,,,,,,,,,
BS_S2_O1,1,1.04E+00,3.97E+00,2.63E+00,4.76E+00,,,,,,,,,,,,,,,,,,,,,,,,,,,,,,,,,,,,
BS_S2_O1,1,1.05E+00,3.95E+00,2.73E+00,4.80E+00,1.12E+01,,,,,,,,,,,,,,,,,,,,,,,,,,,,,,,,,,,
BS_S2_O1,1,1.06E+00,3.92E+00,2.81E+00,4.82E+00,1.12E+01,,,,,,,,,,,,,,,,,,,,,,,,,,,,,,,,,,,
BS_S2_O1,1,1.07E+00,3.91E+00,2.91E+00,4.87E+00,1.19E+01,,,,,,,,,,,,,,,,,,,,,,,,,,,,,,,,,,,
BS_S2_O1,1,1.08E+00,3.88E+00,3.00E+00,4.91E+00,1.12E+01,,,,,,,,,,,,,,,,,,,,,,,,,,,,,,,,,,,
BS_S2_O1,1,1.08E+00,3.87E+00,3.09E+00,4.96E+00,9.99E+00,,,,,,,,,,,,,,,,,,,,,,,,,,,,,,,,,,,
BS_S2_O1,1,1.09E+00,3.85E+00,3.16E+00,4.99E+00,1.12E+01,,,,,,,,,,,,,,,,,,,,,,,,,,,,,,,,,,,
BS_S2_O1,1,1.10E+00,3.83E+00,3.28E+00,5.04E+00,1.31E+01,,,,,,,,,,,,,,,,,,,,,,,,,,,,,,,,,,,
BS_S2_O1,1,1.11E+00,3.81E+00,3.38E+00,5.09E+00,1.31E+01,,,,,,,,,,,,,,,,,,,,,,,,,,,,,,,,,,,
BS_S2_O1,1,1.12E+00,3.79E+00,3.49E+00,5.15E+00,1.51E+01,,,,,,,,,,,,,,,,,,,,,,,,,,,,,,,,,,,
BS_S2_O1,1,1.13E+00,3.78E+00,3.63E+00,5.24E+00,1.69E+01,,,,,,,,,,,,,,,,,,,,,,,,,,,,,,,,,,,
BS_S2_O1,1,1.13E+00,3.75E+00,3.77E+00,5.32E+00,1.62E+01,,,,,,,,,,,,,,,,,,,,,,,,,,,,,,,,,,,
BS_S2_O1,1,1.14E+00,3.73E+00,3.89E+00,5.39E+00,1.38E+01,,,,,,,,,,,,,,,,,,,,,,,,,,,,,,,,,,,
BS_S2_O1,1,1.15E+00,3.71E+00,4.00E+00,5.46E+00,1.25E+01,,,,,,,,,,,,,,,,,,,,,,,,,,,,,,,,,,,
BS_S2_O1,1,1.16E+00,3.69E+00,4.10E+00,5.51E+00,1.18E+01,,,,,,,,,,,,,,,,,,,,,,,,,,,,,,,,,,,
BS_S2_O1,1,1.17E+00,3.66E+00,4.19E+00,5.56E+00,1.37E+01,,,,,,,,,,,,,,,,,,,,,,,,,,,,,,,,,,,
BS_S2_O1,1,1.18E+00,3.63E+00,4.32E+00,5.64E+00,1.62E+01,,,,,,,,,,,,,,,,,,,,,,,,,,,,,,,,,,,
BS_S2_O1,1,1.18E+00,3.62E+00,4.46E+00,5.74E+00,1.51E+01,,,,,,,,,,,,,,,,,,,,,,,,,,,,,,,,,,,
BS_S2_O1,1,1.19E+00,3.60E+00,4.57E+00,5.82E+00,1.38E+01,,,,,,,,,,,,,,,,,,,,,,,,,,,,,,,,,,,
BS_S2_O1,1,1.20E+00,3.58E+00,4.68E+00,5.89E+00,1.38E+01,,,,,,,,,,,,,,,,,,,,,,,,,,,,,,,,,,,
BS_S2_O1,1,1.21E+00,3.57E+00,4.80E+00,5.98E+00,1.45E+01,,,,,,,,,,,,,,,,,,,,,,,,,,,,,,,,,,,
BS_S2_O1,1,1.22E+00,3.56E+00,4.92E+00,6.08E+00,1.31E+01,,,,,,,,,,,,,,,,,,,,,,,,,,,,,,,,,,,
BS_S2_O1,1,1.23E+00,3.54E+00,5.02E+00,6.14E+00,1.31E+01,,,,,,,,,,,,,,,,,,,,,,,,,,,,,,,,,,,
BS_S2_O1,1,1.23E+00,3.51E+00,5.14E+00,6.23E+00,1.37E+01,,,,,,,,,,,,,,,,,,,,,,,,,,,,,,,,,,,
BS_S2_O1,1,1.24E+00,3.49E+00,5.24E+00,6.29E+00,1.51E+01,,,,,,,,,,,,,,,,,,,,,,,,,,,,,,,,,,,
BS_S2_O1,1,1.25E+00,3.48E+00,5.39E+00,6.42E+00,1.75E+01,,,,,,,,,,,,,,,,,,,,,,,,,,,,,,,,,,,
BS_S2_O1,1,1.26E+00,3.45E+00,5.53E+00,6.51E+00,1.68E+01,,,,,,,,,,,,,,,,,,,,,,,,,,,,,,,,,,,
BS_S2_O1,1,1.27E+00,3.41E+00,5.66E+00,6.61E+00,1.38E+01,,,,,,,,,,,,,,,,,,,,,,,,,,,,,,,,,,,
BS_S2_O1,1,1.28E+00,3.41E+00,5.76E+00,6.69E+00,,,,,,,,,,,,,,,,,,,,,,,,,,,,,,,,,,,,
,,,,,,,,,,,,,,,,,,,,,,,,,,,,,,,,,,,,,,,,,
BS_S2_O1,2,2.77E+00,2.56E+00,2.34E+00,3.47E+00,,,,,,,,,,,,,,,,,,,,,,,,,,,,,,,,,,,,
BS_S2_O1,2,2.78E+00,2.55E+00,2.48E+00,3.56E+00,1.64E+01,,,,,,,,,,,,,,,,,,,,,,,,,,,,,,,,,,,
BS_S2_O1,2,2.79E+00,2.54E+00,2.61E+00,3.64E+00,1.38E+01,,,,,,,,,,,,,,,,,,,,,,,,,,,,,,,,,,,
BS_S2_O1,2,2.79E+00,2.52E+00,2.71E+00,3.70E+00,1.44E+01,,,,,,,,,,,,,,,,,,,,,,,,,,,,,,,,,,,
BS_S2_O1,2,2.80E+00,2.50E+00,2.85E+00,3.79E+00,1.56E+01,,,,,,,,,,,,,,,,,,,,,,,,,,,,,,,,,,,
BS_S2_O1,2,2.81E+00,2.45E+00,2.96E+00,3.85E+00,1.65E+01,,,,,,,,,,,,,,,,,,,,,,,,,,,,,,,,,,,
BS_S2_O1,2,2.82E+00,2.42E+00,3.11E+00,3.94E+00,1.69E+01,,,,,,,,,,,,,,,,,,,,,,,,,,,,,,,,,,,
BS_S2_O1,2,2.83E+00,2.41E+00,3.24E+00,4.04E+00,1.60E+01,,,,,,,,,,,,,,,,,,,,,,,,,,,,,,,,,,,
BS_S2_O1,2,2.84E+00,2.38E+00,3.38E+00,4.13E+00,1.57E+01,,,,,,,,,,,,,,,,,,,,,,,,,,,,,,,,,,,
BS_S2_O1,2,2.84E+00,2.38E+00,3.50E+00,4.23E+00,1.63E+01,,,,,,,,,,,,,,,,,,,,,,,,,,,,,,,,,,,
BS_S2_O1,2,2.85E+00,2.34E+00,3.64E+00,4.33E+00,1.62E+01,,,,,,,,,,,,,,,,,,,,,,,,,,,,,,,,,,,
BS_S2_O1,2,2.86E+00,2.32E+00,3.77E+00,4.42E+00,1.65E+01,,,,,,,,,,,,,,,,,,,,,,,,,,,,,,,,,,,
BS_S2_O1,2,2.87E+00,2.29E+00,3.92E+00,4.54E+00,1.65E+01,,,,,,,,,,,,,,,,,,,,,,,,,,,,,,,,,,,
BS_S2_O1,2,2.88E+00,2.26E+00,4.04E+00,4.63E+00,1.63E+01,,,,,,,,,,,,,,,,,,,,,,,,,,,,,,,,,,,
BS_S2_O1,2,2.89E+00,2.25E+00,4.18E+00,4.75E+00,1.63E+01,,,,,,,,,,,,,,,,,,,,,,,,,,,,,,,,,,,
BS_S2_O1,2,2.89E+00,2.23E+00,4.31E+00,4.85E+00,1.66E+01,,,,,,,,,,,,,,,,,,,,,,,,,,,,,,,,,,,
BS_S2_O1,2,2.90E+00,2.20E+00,4.46E+00,4.97E+00,1.72E+01,,,,,,,,,,,,,,,,,,,,,,,,,,,,,,,,,,,
BS_S2_O1,2,2.91E+00,2.18E+00,4.59E+00,5.08E+00,1.85E+01,,,,,,,,,,,,,,,,,,,,,,,,,,,,,,,,,,,
BS_S2_O1,2,2.92E+00,2.16E+00,4.76E+00,5.23E+00,1.70E+01,,,,,,,,,,,,,,,,,,,,,,,,,,,,,,,,,,,
BS_S2_O1,2,2.93E+00,2.15E+00,4.87E+00,5.33E+00,1.73E+01,,,,,,,,,,,,,,,,,,,,,,,,,,,,,,,,,,,
BS_S2_O1,2,2.94E+00,2.13E+00,5.05E+00,5.48E+00,1.77E+01,,,,,,,,,,,,,,,,,,,,,,,,,,,,,,,,,,,
BS_S2_O1,2,2.94E+00,2.12E+00,5.17E+00,5.58E+00,1.71E+01,,,,,,,,,,,,,,,,,,,,,,,,,,,,,,,,,,,
BS_S2_O1,2,2.95E+00,2.11E+00,5.33E+00,5.73E+00,1.56E+01,,,,,,,,,,,,,,,,,,,,,,,,,,,,,,,,,,,
BS_S2_O1,2,2.96E+00,2.07E+00,5.42E+00,5.80E+00,1.31E+01,,,,,,,,,,,,,,,,,,,,,,,,,,,,,,,,,,,
BS_S2_O1,2,2.97E+00,2.07E+00,5.55E+00,5.92E+00,1.46E+01,,,,,,,,,,,,,,,,,,,,,,,,,,,,,,,,,,,
BS_S2_O1,2,2.98E+00,2.06E+00,5.66E+00,6.03E+00,,,,,,,,,,,,,,,,,,,,,,,,,,,,,,,,,,,,
,,,,,,,,,,,,,,,,,,,,,,,,,,,,,,,,,,,,,,,,,
BS_S2_O1,3,5.49E+00,2.31E+00,2.78E+00,3.61E+00,,,,,,,,,,,,,,,,,,,,,,,,,,,,,,,,,,,,
BS_S2_O1,3,5.50E+00,2.31E+00,2.91E+00,3.71E+00,1.76E+01,,,,,,,,,,,,,,,,,,,,,,,,,,,,,,,,,,,
BS_S2_O1,3,5.51E+00,2.30E+00,3.07E+00,3.84E+00,1.80E+01,,,,,,,,,,,,,,,,,,,,,,,,,,,,,,,,,,,
BS_S2_O1,3,5.51E+00,2.28E+00,3.21E+00,3.94E+00,1.76E+01,,,,,,,,,,,,,,,,,,,,,,,,,,,,,,,,,,,
BS_S2_O1,3,5.52E+00,2.27E+00,3.36E+00,4.05E+00,1.80E+01,,,,,,,,,,,,,,,,,,,,,,,,,,,,,,,,,,,
BS_S2_O1,3,5.53E+00,2.26E+00,3.51E+00,4.18E+00,1.70E+01,,,,,,,,,,,,,,,,,,,,,,,,,,,,,,,,,,,
BS_S2_O1,3,5.54E+00,2.23E+00,3.64E+00,4.27E+00,1.51E+01,,,,,,,,,,,,,,,,,,,,,,,,,,,,,,,,,,,
BS_S2_O1,3,5.55E+00,2.23E+00,3.76E+00,4.37E+00,1.63E+01,,,,,,,,,,,,,,,,,,,,,,,,,,,,,,,,,,,
BS_S2_O1,3,5.56E+00,2.22E+00,3.91E+00,4.50E+00,1.77E+01,,,,,,,,,,,,,,,,,,,,,,,,,,,,,,,,,,,
BS_S2_O1,3,5.56E+00,2.21E+00,4.06E+00,4.62E+00,1.72E+01,,,,,,,,,,,,,,,,,,,,,,,,,,,,,,,,,,,
BS_S2_O1,3,5.57E+00,2.21E+00,4.20E+00,4.74E+00,1.56E+01,,,,,,,,,,,,,,,,,,,,,,,,,,,,,,,,,,,
BS_S2_O1,3,5.58E+00,2.20E+00,4.32E+00,4.84E+00,1.48E+01,,,,,,,,,,,,,,,,,,,,,,,,,,,,,,,,,,,
BS_S2_O1,3,5.59E+00,2.18E+00,4.44E+00,4.95E+00,1.38E+01,,,,,,,,,,,,,,,,,,,,,,,,,,,,,,,,,,,
BS_S2_O1,3,5.60E+00,2.17E+00,4.54E+00,5.03E+00,1.23E+01,,,,,,,,,,,,,,,,,,,,,,,,,,,,,,,,,,,
BS_S2_O1,3,5.61E+00,2.16E+00,4.65E+00,5.13E+00,1.20E+01,,,,,,,,,,,,,,,,,,,,,,,,,,,,,,,,,,,
BS_S2_O1,3,5.61E+00,2.15E+00,4.74E+00,5.21E+00,1.22E+01,,,,,,,,,,,,,,,,,,,,,,,,,,,,,,,,,,,
BS_S2_O1,3,5.62E+00,2.13E+00,4.85E+00,5.30E+00,1.28E+01,,,,,,,,,,,,,,,,,,,,,,,,,,,,,,,,,,,
BS_S2_O1,3,5.63E+00,2.11E+00,4.95E+00,5.38E+00,1.50E+01,,,,,,,,,,,,,,,,,,,,,,,,,,,,,,,,,,,
BS_S2_O1,3,5.64E+00,2.09E+00,5.10E+00,5.51E+00,1.67E+01,,,,,,,,,,,,,,,,,,,,,,,,,,,,,,,,,,,
BS_S2_O1,3,5.65E+00,2.08E+00,5.23E+00,5.63E+00,1.49E+01,,,,,,,,,,,,,,,,,,,,,,,,,,,,,,,,,,,
BS_S2_O1,3,5.66E+00,2.07E+00,5.34E+00,5.73E+00,1.51E+01,,,,,,,,,,,,,,,,,,,,,,,,,,,,,,,,,,,
BS_S2_O1,3,5.66E+00,2.05E+00,5.48E+00,5.85E+00,1.73E+01,,,,,,,,,,,,,,,,,,,,,,,,,,,,,,,,,,,
BS_S2_O1,3,5.67E+00,2.03E+00,5.63E+00,5.99E+00,1.73E+01,,,,,,,,,,,,,,,,,,,,,,,,,,,,,,,,,,,
BS_S2_O1,3,5.68E+00,2.02E+00,5.77E+00,6.11E+00,1.97E+01,,,,,,,,,,,,,,,,,,,,,,,,,,,,,,,,,,,
BS_S2_O1,3,5.69E+00,1.98E+00,5.96E+00,6.28E+00,,,,,,,,,,,,,,,,,,,,,,,,,,,,,,,,,,,,
,,,,,,,,,,,,,,,,,,,,,,,,,,,,,,,,,,,,,,,,,
BS_S2_O1,4,8.34E+00,2.97E+00,2.21E+00,3.70E+00,,,,,,,,,,,,,,,,,,,,,,,,,,,,,,,,,,,,
BS_S2_O1,4,8.35E+00,2.96E+00,2.31E+00,3.75E+00,1.40E+01,,,,,,,,,,,,,,,,,,,,,,,,,,,,,,,,,,,
BS_S2_O1,4,8.36E+00,2.92E+00,2.43E+00,3.80E+00,1.53E+01,,,,,,,,,,,,,,,,,,,,,,,,,,,,,,,,,,,
BS_S2_O1,4,8.37E+00,2.90E+00,2.56E+00,3.87E+00,1.50E+01,,,,,,,,,,,,,,,,,,,,,,,,,,,,,,,,,,,
BS_S2_O1,4,8.38E+00,2.87E+00,2.68E+00,3.93E+00,1.62E+01,,,,,,,,,,,,,,,,,,,,,,,,,,,,,,,,,,,
BS_S2_O1,4,8.38E+00,2.84E+00,2.82E+00,4.00E+00,1.47E+01,,,,,,,,,,,,,,,,,,,,,,,,,,,,,,,,,,,
BS_S2_O1,4,8.39E+00,2.83E+00,2.92E+00,4.06E+00,1.35E+01,,,,,,,,,,,,,,,,,,,,,,,,,,,,,,,,,,,
BS_S2_O1,4,8.40E+00,2.81E+00,3.05E+00,4.15E+00,1.53E+01,,,,,,,,,,,,,,,,,,,,,,,,,,,,,,,,,,,
BS_S2_O1,4,8.41E+00,2.78E+00,3.17E+00,4.22E+00,1.66E+01,,,,,,,,,,,,,,,,,,,,,,,,,,,,,,,,,,,
BS_S2_O1,4,8.42E+00,2.77E+00,3.32E+00,4.32E+00,1.53E+01,,,,,,,,,,,,,,,,,,,,,,,,,,,,,,,,,,,
BS_S2_O1,4,8.43E+00,2.74E+00,3.43E+00,4.39E+00,1.40E+01,,,,,,,,,,,,,,,,,,,,,,,,,,,,,,,,,,,
BS_S2_O1,4,8.43E+00,2.71E+00,3.55E+00,4.46E+00,1.59E+01,,,,,,,,,,,,,,,,,,,,,,,,,,,,,,,,,,,
BS_S2_O1,4,8.44E+00,2.70E+00,3.69E+00,4.57E+00,1.71E+01,,,,,,,,,,,,,,,,,,,,,,,,,,,,,,,,,,,
BS_S2_O1,4,8.45E+00,2.64E+00,3.82E+00,4.65E+00,1.38E+01,,,,,,,,,,,,,,,,,,,,,,,,,,,,,,,,,,,
BS_S2_O1,4,8.46E+00,2.62E+00,3.90E+00,4.70E+00,1.40E+01,,,,,,,,,,,,,,,,,,,,,,,,,,,,,,,,,,,
BS_S2_O1,4,8.47E+00,2.58E+00,4.05E+00,4.80E+00,1.74E+01,,,,,,,,,,,,,,,,,,,,,,,,,,,,,,,,,,,
BS_S2_O1,4,8.48E+00,2.54E+00,4.18E+00,4.90E+00,1.59E+01,,,,,,,,,,,,,,,,,,,,,,,,,,,,,,,,,,,
BS_S2_O1,4,8.48E+00,2.52E+00,4.31E+00,4.99E+00,1.65E+01,,,,,,,,,,,,,,,,,,,,,,,,,,,,,,,,,,,
BS_S2_O1,4,8.49E+00,2.49E+00,4.46E+00,5.10E+00,1.81E+01,,,,,,,,,,,,,,,,,,,,,,,,,,,,,,,,,,,
BS_S2_O1,4,8.50E+00,2.47E+00,4.60E+00,5.22E+00,1.85E+01,,,,,,,,,,,,,,,,,,,,,,,,,,,,,,,,,,,
BS_S2_O1,4,8.51E+00,2.44E+00,4.76E+00,5.35E+00,1.76E+01,,,,,,,,,,,,,,,,,,,,,,,,,,,,,,,,,,,
BS_S2_O1,4,8.52E+00,2.43E+00,4.90E+00,5.47E+00,1.95E+01,,,,,,,,,,,,,,,,,,,,,,,,,,,,,,,,,,,
BS_S2_O1,4,8.53E+00,2.40E+00,5.08E+00,5.62E+00,2.06E+01,,,,,,,,,,,,,,,,,,,,,,,,,,,,,,,,,,,
BS_S2_O1,4,8.53E+00,2.37E+00,5.23E+00,5.75E+00,1.62E+01,,,,,,,,,,,,,,,,,,,,,,,,,,,,,,,,,,,
BS_S2_O1,4,8.54E+00,2.35E+00,5.35E+00,5.84E+00,,,,,,,,,,,,,,,,,,,,,,,,,,,,,,,,,,,,
,,,,,,,,,,,,,,,,,,,,,,,,,,,,,,,,,,,,,,,,,
BS_S2_O1,5,1.56E+01,2.63E+00,1.83E+00,3.21E+00,,,,,,,,,,,,,,,,,,,,,,,,,,,,,,,,,,,,
BS_S2_O1,5,1.56E+01,2.63E+00,1.95E+00,3.27E+00,1.54E+01,,,,,,,,,,,,,,,,,,,,,,,,,,,,,,,,,,,
BS_S2_O1,5,1.56E+01,2.61E+00,2.09E+00,3.34E+00,1.50E+01,,,,,,,,,,,,,,,,,,,,,,,,,,,,,,,,,,,
BS_S2_O1,5,1.57E+01,2.59E+00,2.19E+00,3.39E+00,1.38E+01,,,,,,,,,,,,,,,,,,,,,,,,,,,,,,,,,,,
BS_S2_O1,5,1.57E+01,2.57E+00,2.31E+00,3.46E+00,1.48E+01,,,,,,,,,,,,,,,,,,,,,,,,,,,,,,,,,,,
BS_S2_O1,5,1.57E+01,2.56E+00,2.44E+00,3.53E+00,1.52E+01,,,,,,,,,,,,,,,,,,,,,,,,,,,,,,,,,,,
BS_S2_O1,5,1.57E+01,2.56E+00,2.57E+00,3.62E+00,1.40E+01,,,,,,,,,,,,,,,,,,,,,,,,,,,,,,,,,,,
BS_S2_O1,5,1.57E+01,2.55E+00,2.67E+00,3.69E+00,1.16E+01,,,,,,,,,,,,,,,,,,,,,,,,,,,,,,,,,,,
BS_S2_O1,5,1.57E+01,2.53E+00,2.76E+00,3.75E+00,1.41E+01,,,,,,,,,,,,,,,,,,,,,,,,,,,,,,,,,,,
BS_S2_O1,5,1.57E+01,2.51E+00,2.90E+00,3.84E+00,1.57E+01,,,,,,,,,,,,,,,,,,,,,,,,,,,,,,,,,,,
BS_S2_O1,5,1.57E+01,2.50E+00,3.02E+00,3.92E+00,1.35E+01,,,,,,,,,,,,,,,,,,,,,,,,,,,,,,,,,,,
BS_S2_O1,5,1.57E+01,2.48E+00,3.13E+00,3.99E+00,1.50E+01,,,,,,,,,,,,,,,,,,,,,,,,,,,,,,,,,,,
BS_S2_O1,5,1.57E+01,2.49E+00,3.27E+00,4.11E+00,1.62E+01,,,,,,,,,,,,,,,,,,,,,,,,,,,,,,,,,,,
BS_S2_O1,5,1.57E+01,2.48E+00,3.40E+00,4.21E+00,1.59E+01,,,,,,,,,,,,,,,,,,,,,,,,,,,,,,,,,,,
BS_S2_O1,5,1.57E+01,2.51E+00,3.53E+00,4.33E+00,1.54E+01,,,,,,,,,,,,,,,,,,,,,,,,,,,,,,,,,,,
BS_S2_O1,5,1.58E+01,2.50E+00,3.65E+00,4.42E+00,1.58E+01,,,,,,,,,,,,,,,,,,,,,,,,,,,,,,,,,,,
BS_S2_O1,5,1.58E+01,2.49E+00,3.79E+00,4.54E+00,1.57E+01,,,,,,,,,,,,,,,,,,,,,,,,,,,,,,,,,,,
BS_S2_O1,5,1.58E+01,2.47E+00,3.91E+00,4.63E+00,1.45E+01,,,,,,,,,,,,,,,,,,,,,,,,,,,,,,,,,,,
BS_S2_O1,5,1.58E+01,2.46E+00,4.04E+00,4.73E+00,1.43E+01,,,,,,,,,,,,,,,,,,,,,,,,,,,,,,,,,,,
BS_S2_O1,5,1.58E+01,2.45E+00,4.15E+00,4.82E+00,1.65E+01,,,,,,,,,,,,,,,,,,,,,,,,,,,,,,,,,,,
BS_S2_O1,5,1.58E+01,2.47E+00,4.31E+00,4.97E+00,1.63E+01,,,,,,,,,,,,,,,,,,,,,,,,,,,,,,,,,,,
BS_S2_O1,5,1.58E+01,2.45E+00,4.42E+00,5.06E+00,1.39E+01,,,,,,,,,,,,,,,,,,,,,,,,,,,,,,,,,,,
BS_S2_O1,5,1.58E+01,2.45E+00,4.54E+00,5.16E+00,1.59E+01,,,,,,,,,,,,,,,,,,,,,,,,,,,,,,,,,,,
BS_S2_O1,5,1.58E+01,2.43E+00,4.69E+00,5.28E+00,1.59E+01,,,,,,,,,,,,,,,,,,,,,,,,,,,,,,,,,,,
BS_S2_O1,5,1.58E+01,2.44E+00,4.81E+00,5.39E+00,1.52E+01,,,,,,,,,,,,,,,,,,,,,,,,,,,,,,,,,,,
BS_S2_O1,5,1.58E+01,2.44E+00,4.94E+00,5.51E+00,1.54E+01,,,,,,,,,,,,,,,,,,,,,,,,,,,,,,,,,,,
BS_S2_O1,5,1.58E+01,2.45E+00,5.06E+00,5.62E+00,1.63E+01,,,,,,,,,,,,,,,,,,,,,,,,,,,,,,,,,,,
BS_S2_O1,5,1.59E+01,2.47E+00,5.21E+00,5.77E+00,,,,,,,,,,,,,,,,,,,,,,,,,,,,,,,,,,,,
,,,,,,,,,,,,,,,,,,,,,,,,,,,,,,,,,,,,,,,,,
BS_S2_O2,1,4.087,1.303,1.854,2.266,,,,,,,,,,,,,,,,,,,,,,,,,,,,,,,,,,,,
BS_S2_O2,1,4.096,1.33,1.934,2.347,11.81,,,,,,,,,,,,,,,,,,,,,,,,,,,,,,,,,,,
BS_S2_O2,1,4.104,1.366,2.041,2.456,13.17,,,,,,,,,,,,,,,,,,,,,,,,,,,,,,,,,,,
BS_S2_O2,1,4.112,1.41,2.139,2.562,12.99,,,,,,,,,,,,,,,,,,,,,,,,,,,,,,,,,,,
BS_S2_O2,1,4.121,1.437,2.246,2.666,11.81,,,,,,,,,,,,,,,,,,,,,,,,,,,,,,,,,,,
BS_S2_O2,1,4.129,1.472,2.326,2.753,14,,,,,,,,,,,,,,,,,,,,,,,,,,,,,,,,,,,
BS_S2_O2,1,4.137,1.508,2.468,2.892,14.75,,,,,,,,,,,,,,,,,,,,,,,,,,,,,,,,,,,
BS_S2_O2,1,4.146,1.526,2.566,2.985,13.85,,,,,,,,,,,,,,,,,,,,,,,,,,,,,,,,,,,
BS_S2_O2,1,4.154,1.57,2.691,3.115,14.36,,,,,,,,,,,,,,,,,,,,,,,,,,,,,,,,,,,
BS_S2_O2,1,4.162,1.615,2.789,3.222,12.82,,,,,,,,,,,,,,,,,,,,,,,,,,,,,,,,,,,
BS_S2_O2,1,4.171,1.633,2.895,3.324,16.05,,,,,,,,,,,,,,,,,,,,,,,,,,,,,,,,,,,
BS_S2_O2,1,4.179,1.686,3.047,3.482,16.54,,,,,,,,,,,,,,,,,,,,,,,,,,,,,,,,,,,
BS_S2_O2,1,4.188,1.73,3.153,3.597,14,,,,,,,,,,,,,,,,,,,,,,,,,,,,,,,,,,,
BS_S2_O2,1,4.196,1.757,3.269,3.711,14.68,,,,,,,,,,,,,,,,,,,,,,,,,,,,,,,,,,,
BS_S2_O2,1,4.204,1.81,3.385,3.839,16.74,,,,,,,,,,,,,,,,,,,,,,,,,,,,,,,,,,,
BS_S2_O2,1,4.213,1.864,3.527,3.989,16.2,,,,,,,,,,,,,,,,,,,,,,,,,,,,,,,,,,,
BS_S2_O2,1,4.221,1.891,3.643,4.104,16.2,,,,,,,,,,,,,,,,,,,,,,,,,,,,,,,,,,,
BS_S2_O2,1,4.229,1.944,3.785,4.255,15.06,,,,,,,,,,,,,,,,,,,,,,,,,,,,,,,,,,,
BS_S2_O2,1,4.238,1.988,3.874,4.355,13.38,,,,,,,,,,,,,,,,,,,,,,,,,,,,,,,,,,,
BS_S2_O2,1,4.246,2.033,3.99,4.478,16.87,,,,,,,,,,,,,,,,,,,,,,,,,,,,,,,,,,,
BS_S2_O2,1,4.254,2.077,4.141,4.633,18.05,,,,,,,,,,,,,,,,,,,,,,,,,,,,,,,,,,,
BS_S2_O2,1,4.263,2.131,4.275,4.776,14.36,,,,,,,,,,,,,,,,,,,,,,,,,,,,,,,,,,,
BS_S2_O2,1,4.271,2.166,4.364,4.872,15.18,,,,,,,,,,,,,,,,,,,,,,,,,,,,,,,,,,,
BS_S2_O2,1,4.279,2.211,4.515,5.027,16.56,,,,,,,,,,,,,,,,,,,,,,,,,,,,,,,,,,,
BS_S2_O2,1,4.288,2.238,4.631,5.143,14.23,,,,,,,,,,,,,,,,,,,,,,,,,,,,,,,,,,,
BS_S2_O2,1,4.296,2.264,4.746,5.259,14.36,,,,,,,,,,,,,,,,,,,,,,,,,,,,,,,,,,,
BS_S2_O2,1,4.304,2.3,4.862,5.379,13.33,,,,,,,,,,,,,,,,,,,,,,,,,,,,,,,,,,,
BS_S2_O2,1,4.313,2.327,4.96,5.478,12.55,,,,,,,,,,,,,,,,,,,,,,,,,,,,,,,,,,,
BS_S2_O2,1,4.321,2.344,5.067,5.583,12.45,,,,,,,,,,,,,,,,,,,,,,,,,,,,,,,,,,,
BS_S2_O2,1,4.329,2.362,5.165,5.679,,,,,,,,,,,,,,,,,,,,,,,,,,,,,,,,,,,,
,,,,,,,,,,,,,,,,,,,,,,,,,,,,,,,,,,,,,,,,,
BS_S2_O2,2,6.798,1.294,1.65,2.097,,,,,,,,,,,,,,,,,,,,,,,,,,,,,,,,,,,,
BS_S2_O2,2,6.807,1.259,1.774,2.175,14.56,,,,,,,,,,,,,,,,,,,,,,,,,,,,,,,,,,,
BS_S2_O2,2,6.815,1.259,1.89,2.271,15.5,,,,,,,,,,,,,,,,,,,,,,,,,,,,,,,,,,,
BS_S2_O2,2,6.823,1.241,2.032,2.381,14.03,,,,,,,,,,,,,,,,,,,,,,,,,,,,,,,,,,,
BS_S2_O2,2,6.832,1.223,2.121,2.449,13.85,,,,,,,,,,,,,,,,,,,,,,,,,,,,,,,,,,,
BS_S2_O2,2,6.84,1.179,2.255,2.544,13.19,,,,,,,,,,,,,,,,,,,,,,,,,,,,,,,,,,,
BS_S2_O2,2,6.849,1.17,2.335,2.611,15.09,,,,,,,,,,,,,,,,,,,,,,,,,,,,,,,,,,,
BS_S2_O2,2,6.857,1.143,2.504,2.752,16.14,,,,,,,,,,,,,,,,,,,,,,,,,,,,,,,,,,,
BS_S2_O2,2,6.865,1.134,2.602,2.838,12.9,,,,,,,,,,,,,,,,,,,,,,,,,,,,,,,,,,,
BS_S2_O2,2,6.874,1.116,2.717,2.938,16.14,,,,,,,,,,,,,,,,,,,,,,,,,,,,,,,,,,,
BS_S2_O2,2,6.882,1.099,2.869,3.072,17.63,,,,,,,,,,,,,,,,,,,,,,,,,,,,,,,,,,,
BS_S2_O2,2,6.89,1.099,3.011,3.205,16.43,,,,,,,,,,,,,,,,,,,,,,,,,,,,,,,,,,,
BS_S2_O2,2,6.899,1.036,3.136,3.302,16.05,,,,,,,,,,,,,,,,,,,,,,,,,,,,,,,,,,,
BS_S2_O2,2,6.907,1.001,3.26,3.41,18.76,,,,,,,,,,,,,,,,,,,,,,,,,,,,,,,,,,,
BS_S2_O2,2,6.915,0.956,3.438,3.569,18.86,,,,,,,,,,,,,,,,,,,,,,,,,,,,,,,,,,,
BS_S2_O2,2,6.924,0.956,3.572,3.698,17.07,,,,,,,,,,,,,,,,,,,,,,,,,,,,,,,,,,,
BS_S2_O2,2,6.932,0.956,3.723,3.844,16.04,,,,,,,,,,,,,,,,,,,,,,,,,,,,,,,,,,,
BS_S2_O2,2,6.94,0.938,3.839,3.952,17.37,,,,,,,,,,,,,,,,,,,,,,,,,,,,,,,,,,,
BS_S2_O2,2,6.949,0.903,4.008,4.108,19.04,,,,,,,,,,,,,,,,,,,,,,,,,,,,,,,,,,,
BS_S2_O2,2,6.957,0.876,4.15,4.242,18.52,,,,,,,,,,,,,,,,,,,,,,,,,,,,,,,,,,,
BS_S2_O2,2,6.965,0.841,4.31,4.391,18.41,,,,,,,,,,,,,,,,,,,,,,,,,,,,,,,,,,,
BS_S2_O2,2,6.974,0.823,4.453,4.528,19.23,,,,,,,,,,,,,,,,,,,,,,,,,,,,,,,,,,,
BS_S2_O2,2,6.982,0.823,4.631,4.703,20.28,,,,,,,,,,,,,,,,,,,,,,,,,,,,,,,,,,,
BS_S2_O2,2,6.99,0.814,4.791,4.859,,,,,,,,,,,,,,,,,,,,,,,,,,,,,,,,,,,,
,,,,,,,,,,,,,,,,,,,,,,,,,,,,,,,,,,,,,,,,,
BS_S2_O2,3,1.518,1.739,1.89,2.568,,,,,,,,,,,,,,,,,,,,,,,,,,,,,,,,,,,,
BS_S2_O2,3,1.527,1.793,1.952,2.65,8.142,,,,,,,,,,,,,,,,,,,,,,,,,,,,,,,,,,,
BS_S2_O2,3,1.535,1.81,2.006,2.702,7.015,,,,,,,,,,,,,,,,,,,,,,,,,,,,,,,,,,,
BS_S2_O2,3,1.543,1.81,2.068,2.748,5.569,,,,,,,,,,,,,,,,,,,,,,,,,,,,,,,,,,,
BS_S2_O2,3,1.552,1.837,2.095,2.786,3.11,,,,,,,,,,,,,,,,,,,,,,,,,,,,,,,,,,,
BS_S2_O2,3,1.56,1.837,2.112,2.8,5.867,,,,,,,,,,,,,,,,,,,,,,,,,,,,,,,,,,,
BS_S2_O2,3,1.568,1.837,2.192,2.86,6.401,,,,,,,,,,,,,,,,,,,,,,,,,,,,,,,,,,,
BS_S2_O2,3,1.577,1.837,2.219,2.881,4.3,,,,,,,,,,,,,,,,,,,,,,,,,,,,,,,,,,,
BS_S2_O2,3,1.585,1.828,2.264,2.91,7.116,,,,,,,,,,,,,,,,,,,,,,,,,,,,,,,,,,,
BS_S2_O2,3,1.593,1.81,2.335,2.955,6.934,,,,,,,,,,,,,,,,,,,,,,,,,,,,,,,,,,,
BS_S2_O2,3,1.602,1.784,2.37,2.967,5.253,,,,,,,,,,,,,,,,,,,,,,,,,,,,,,,,,,,
BS_S2_O2,3,1.61,1.775,2.415,2.997,5.439,,,,,,,,,,,,,,,,,,,,,,,,,,,,,,,,,,,
BS_S2_O2,3,1.618,1.766,2.459,3.028,4.83,,,,,,,,,,,,,,,,,,,,,,,,,,,,,,,,,,,
BS_S2_O2,3,1.627,1.766,2.495,3.057,6.401,,,,,,,,,,,,,,,,,,,,,,,,,,,,,,,,,,,
BS_S2_O2,3,1.635,1.766,2.566,3.115,10.67,,,,,,,,,,,,,,,,,,,,,,,,,,,,,,,,,,,
BS_S2_O2,3,1.643,1.766,2.673,3.204,12.8,,,,,,,,,,,,,,,,,,,,,,,,,,,,,,,,,,,
BS_S2_O2,3,1.652,1.766,2.78,3.293,13.87,,,,,,,,,,,,,,,,,,,,,,,,,,,,,,,,,,,
BS_S2_O2,3,1.66,1.766,2.904,3.399,13.33,,,,,,,,,,,,,,,,,,,,,,,,,,,,,,,,,,,
BS_S2_O2,3,1.668,1.766,3.002,3.483,12.27,,,,,,,,,,,,,,,,,,,,,,,,,,,,,,,,,,,
BS_S2_O2,3,1.677,1.766,3.109,3.576,12.81,,,,,,,,,,,,,,,,,,,,,,,,,,,,,,,,,,,
BS_S2_O2,3,1.685,1.775,3.216,3.673,11.21,,,,,,,,,,,,,,,,,,,,,,,,,,,,,,,,,,,
BS_S2_O2,3,1.693,1.775,3.296,3.743,10.68,,,,,,,,,,,,,,,,,,,,,,,,,,,,,,,,,,,
BS_S2_O2,3,1.702,1.766,3.394,3.826,14.94,,,,,,,,,,,,,,,,,,,,,,,,,,,,,,,,,,,
BS_S2_O2,3,1.71,1.766,3.545,3.961,17.61,,,,,,,,,,,,,,,,,,,,,,,,,,,,,,,,,,,
BS_S2_O2,3,1.718,1.757,3.687,4.085,16.57,,,,,,,,,,,,,,,,,,,,,,,,,,,,,,,,,,,
BS_S2_O2,3,1.727,1.748,3.821,4.202,18.68,,,,,,,,,,,,,,,,,,,,,,,,,,,,,,,,,,,
BS_S2_O2,3,1.735,1.748,3.999,4.364,17.08,,,,,,,,,,,,,,,,,,,,,,,,,,,,,,,,,,,
BS_S2_O2,3,1.743,1.739,4.106,4.459,12.28,,,,,,,,,,,,,,,,,,,,,,,,,,,,,,,,,,,
BS_S2_O2,3,1.752,1.757,4.204,4.556,13.38,,,,,,,,,,,,,,,,,,,,,,,,,,,,,,,,,,,
BS_S2_O2,3,1.76,1.757,4.328,4.671,16,,,,,,,,,,,,,,,,,,,,,,,,,,,,,,,,,,,
BS_S2_O2,3,1.768,1.757,4.47,4.803,14.4,,,,,,,,,,,,,,,,,,,,,,,,,,,,,,,,,,,
BS_S2_O2,3,1.777,1.757,4.568,4.895,17.07,,,,,,,,,,,,,,,,,,,,,,,,,,,,,,,,,,,
BS_S2_O2,3,1.785,1.757,4.755,5.069,15.48,,,,,,,,,,,,,,,,,,,,,,,,,,,,,,,,,,,
BS_S2_O2,3,1.793,1.766,4.826,5.139,11.21,,,,,,,,,,,,,,,,,,,,,,,,,,,,,,,,,,,
BS_S2_O2,3,1.802,1.766,4.942,5.248,,,,,,,,,,,,,,,,,,,,,,,,,,,,,,,,,,,,
,,,,,,,,,,,,,,,,,,,,,,,,,,,,,,,,,,,,,,,,,
CA_S4_O1,1,2.02E+00,5.36E-01,1.22E+00,1.33E+00,,,,,,,,,,,,,,,,,,,,,,,,,,,,,,,,,,,,
CA_S4_O1,1,2.03E+00,5.51E-01,1.34E+00,1.45E+00,1.61E+01,,,,,,,,,,,,,,,,,,,,,,,,,,,,,,,,,,,
CA_S4_O1,1,2.04E+00,5.74E-01,1.48E+00,1.59E+00,1.67E+01,,,,,,,,,,,,,,,,,,,,,,,,,,,,,,,,,,,
CA_S4_O1,1,2.04E+00,5.86E-01,1.62E+00,1.72E+00,1.76E+01,,,,,,,,,,,,,,,,,,,,,,,,,,,,,,,,,,,
CA_S4_O1,1,2.05E+00,5.80E-01,1.77E+00,1.87E+00,1.71E+01,,,,,,,,,,,,,,,,,,,,,,,,,,,,,,,,,,,
CA_S4_O1,1,2.06E+00,6.07E-01,1.90E+00,2.00E+00,1.64E+01,,,,,,,,,,,,,,,,,,,,,,,,,,,,,,,,,,,
CA_S4_O1,1,2.07E+00,6.30E-01,2.04E+00,2.14E+00,1.49E+01,,,,,,,,,,,,,,,,,,,,,,,,,,,,,,,,,,,
CA_S4_O1,1,2.08E+00,6.25E-01,2.15E+00,2.24E+00,1.60E+01,,,,,,,,,,,,,,,,,,,,,,,,,,,,,,,,,,,
CA_S4_O1,1,2.09E+00,6.31E-01,2.31E+00,2.39E+00,1.85E+01,,,,,,,,,,,,,,,,,,,,,,,,,,,,,,,,,,,
CA_S4_O1,1,2.09E+00,6.39E-01,2.46E+00,2.54E+00,1.61E+01,,,,,,,,,,,,,,,,,,,,,,,,,,,,,,,,,,,
CA_S4_O1,1,2.10E+00,6.69E-01,2.58E+00,2.66E+00,1.45E+01,,,,,,,,,,,,,,,,,,,,,,,,,,,,,,,,,,,
CA_S4_O1,1,2.11E+00,6.72E-01,2.70E+00,2.78E+00,1.71E+01,,,,,,,,,,,,,,,,,,,,,,,,,,,,,,,,,,,
CA_S4_O1,1,2.12E+00,6.89E-01,2.86E+00,2.94E+00,1.99E+01,,,,,,,,,,,,,,,,,,,,,,,,,,,,,,,,,,,
CA_S4_O1,1,2.13E+00,7.17E-01,3.03E+00,3.11E+00,2.01E+01,,,,,,,,,,,,,,,,,,,,,,,,,,,,,,,,,,,
CA_S4_O1,1,2.14E+00,7.46E-01,3.19E+00,3.28E+00,1.85E+01,,,,,,,,,,,,,,,,,,,,,,,,,,,,,,,,,,,
CA_S4_O1,1,2.14E+00,7.32E-01,3.33E+00,3.41E+00,1.65E+01,,,,,,,,,,,,,,,,,,,,,,,,,,,,,,,,,,,
CA_S4_O1,1,2.15E+00,7.69E-01,3.47E+00,3.55E+00,1.96E+01,,,,,,,,,,,,,,,,,,,,,,,,,,,,,,,,,,,
CA_S4_O1,1,2.16E+00,7.66E-01,3.66E+00,3.74E+00,1.80E+01,,,,,,,,,,,,,,,,,,,,,,,,,,,,,,,,,,,
CA_S4_O1,1,2.17E+00,7.98E-01,3.77E+00,3.85E+00,1.58E+01,,,,,,,,,,,,,,,,,,,,,,,,,,,,,,,,,,,
CA_S4_O1,1,2.18E+00,7.92E-01,3.92E+00,4.00E+00,1.94E+01,,,,,,,,,,,,,,,,,,,,,,,,,,,,,,,,,,,
CA_S4_O1,1,2.19E+00,8.21E-01,4.09E+00,4.17E+00,1.71E+01,,,,,,,,,,,,,,,,,,,,,,,,,,,,,,,,,,,
CA_S4_O1,1,2.19E+00,8.13E-01,4.21E+00,4.28E+00,1.54E+01,,,,,,,,,,,,,,,,,,,,,,,,,,,,,,,,,,,
CA_S4_O1,1,2.20E+00,8.25E-01,4.34E+00,4.42E+00,2.14E+01,,,,,,,,,,,,,,,,,,,,,,,,,,,,,,,,,,,
CA_S4_O1,1,2.21E+00,8.63E-01,4.56E+00,4.64E+00,2.30E+01,,,,,,,,,,,,,,,,,,,,,,,,,,,,,,,,,,,
CA_S4_O1,1,2.22E+00,9.06E-01,4.72E+00,4.80E+00,1.89E+01,,,,,,,,,,,,,,,,,,,,,,,,,,,,,,,,,,,
CA_S4_O1,1,2.23E+00,9.26E-01,4.87E+00,4.96E+00,,,,,,,,,,,,,,,,,,,,,,,,,,,,,,,,,,,,
,,,,,,,,,,,,,,,,,,,,,,,,,,,,,,,,,,,,,,,,,
CA_S4_O1,2,1.04E+01,1.56E+00,4.13E+00,4.42E+00,,,,,,,,,,,,,,,,,,,,,,,,,,,,,,,,,,,,
CA_S4_O1,2,1.04E+01,1.56E+00,4.23E+00,4.51E+00,1.38E+01,,,,,,,,,,,,,,,,,,,,,,,,,,,,,,,,,,,
CA_S4_O1,2,1.04E+01,1.56E+00,4.36E+00,4.63E+00,1.62E+01,,,,,,,,,,,,,,,,,,,,,,,,,,,,,,,,,,,
CA_S4_O1,2,1.04E+01,1.57E+00,4.50E+00,4.76E+00,1.62E+01,,,,,,,,,,,,,,,,,,,,,,,,,,,,,,,,,,,
CA_S4_O1,2,1.04E+01,1.57E+00,4.63E+00,4.89E+00,1.64E+01,,,,,,,,,,,,,,,,,,,,,,,,,,,,,,,,,,,
CA_S4_O1,2,1.05E+01,1.62E+00,4.77E+00,5.03E+00,1.96E+01,,,,,,,,,,,,,,,,,,,,,,,,,,,,,,,,,,,
CA_S4_O1,2,1.05E+01,1.61E+00,4.96E+00,5.21E+00,1.74E+01,,,,,,,,,,,,,,,,,,,,,,,,,,,,,,,,,,,
CA_S4_O1,2,1.05E+01,1.65E+00,5.05E+00,5.32E+00,1.54E+01,,,,,,,,,,,,,,,,,,,,,,,,,,,,,,,,,,,
CA_S4_O1,2,1.05E+01,1.67E+00,5.20E+00,5.47E+00,1.74E+01,,,,,,,,,,,,,,,,,,,,,,,,,,,,,,,,,,,
CA_S4_O1,2,1.05E+01,1.69E+00,5.34E+00,5.60E+00,1.98E+01,,,,,,,,,,,,,,,,,,,,,,,,,,,,,,,,,,,
CA_S4_O1,2,1.05E+01,1.68E+00,5.53E+00,5.78E+00,1.89E+01,,,,,,,,,,,,,,,,,,,,,,,,,,,,,,,,,,,
CA_S4_O1,2,1.05E+01,1.75E+00,5.65E+00,5.91E+00,1.70E+01,,,,,,,,,,,,,,,,,,,,,,,,,,,,,,,,,,,
CA_S4_O1,2,1.05E+01,1.75E+00,5.81E+00,6.07E+00,1.74E+01,,,,,,,,,,,,,,,,,,,,,,,,,,,,,,,,,,,
CA_S4_O1,2,1.05E+01,1.78E+00,5.94E+00,6.20E+00,1.89E+01,,,,,,,,,,,,,,,,,,,,,,,,,,,,,,,,,,,
CA_S4_O1,2,1.05E+01,1.79E+00,6.12E+00,6.38E+00,2.11E+01,,,,,,,,,,,,,,,,,,,,,,,,,,,,,,,,,,,
CA_S4_O1,2,1.05E+01,1.85E+00,6.28E+00,6.55E+00,1.76E+01,,,,,,,,,,,,,,,,,,,,,,,,,,,,,,,,,,,
CA_S4_O1,2,1.05E+01,1.86E+00,6.41E+00,6.67E+00,1.67E+01,,,,,,,,,,,,,,,,,,,,,,,,,,,,,,,,,,,
CA_S4_O1,2,1.06E+01,1.91E+00,6.56E+00,6.83E+00,1.95E+01,,,,,,,,,,,,,,,,,,,,,,,,,,,,,,,,,,,
CA_S4_O1,2,1.06E+01,1.92E+00,6.73E+00,7.00E+00,1.83E+01,,,,,,,,,,,,,,,,,,,,,,,,,,,,,,,,,,,
CA_S4_O1,2,1.06E+01,1.95E+00,6.86E+00,7.13E+00,1.61E+01,,,,,,,,,,,,,,,,,,,,,,,,,,,,,,,,,,,
CA_S4_O1,2,1.06E+01,1.96E+00,6.99E+00,7.26E+00,1.93E+01,,,,,,,,,,,,,,,,,,,,,,,,,,,,,,,,,,,
CA_S4_O1,2,1.06E+01,2.05E+00,7.16E+00,7.45E+00,1.95E+01,,,,,,,,,,,,,,,,,,,,,,,,,,,,,,,,,,,
CA_S4_O1,2,1.06E+01,2.04E+00,7.31E+00,7.59E+00,1.79E+01,,,,,,,,,,,,,,,,,,,,,,,,,,,,,,,,,,,
CA_S4_O1,2,1.06E+01,2.10E+00,7.46E+00,7.75E+00,1.83E+01,,,,,,,,,,,,,,,,,,,,,,,,,,,,,,,,,,,
CA_S4_O1,2,1.06E+01,2.14E+00,7.60E+00,7.90E+00,1.76E+01,,,,,,,,,,,,,,,,,,,,,,,,,,,,,,,,,,,
CA_S4_O1,2,1.06E+01,2.14E+00,7.75E+00,8.04E+00,1.87E+01,,,,,,,,,,,,,,,,,,,,,,,,,,,,,,,,,,,
CA_S4_O1,2,1.06E+01,2.16E+00,7.91E+00,8.20E+00,1.89E+01,,,,,,,,,,,,,,,,,,,,,,,,,,,,,,,,,,,
CA_S4_O1,2,1.06E+01,2.21E+00,8.06E+00,8.35E+00,,,,,,,,,,,,,,,,,,,,,,,,,,,,,,,,,,,,
,,,,,,,,,,,,,,,,,,,,,,,,,,,,,,,,,,,,,,,,,
CA_S4_O1,3,1.30E+01,1.30E+00,2.90E+00,3.18E+00,,,,,,,,,,,,,,,,,,,,,,,,,,,,,,,,,,,,
CA_S4_O1,3,1.30E+01,1.29E+00,2.97E+00,3.24E+00,1.01E+01,,,,,,,,,,,,,,,,,,,,,,,,,,,,,,,,,,,
CA_S4_O1,3,1.30E+01,1.33E+00,3.07E+00,3.34E+00,1.01E+01,,,,,,,,,,,,,,,,,,,,,,,,,,,,,,,,,,,
CA_S4_O1,3,1.30E+01,1.32E+00,3.14E+00,3.41E+00,6.49E+00,,,,,,,,,,,,,,,,,,,,,,,,,,,,,,,,,,,
CA_S4_O1,3,1.30E+01,1.32E+00,3.18E+00,3.44E+00,7.77E+00,,,,,,,,,,,,,,,,,,,,,,,,,,,,,,,,,,,
CA_S4_O1,3,1.30E+01,1.30E+00,3.27E+00,3.52E+00,1.10E+01,,,,,,,,,,,,,,,,,,,,,,,,,,,,,,,,,,,
CA_S4_O1,3,1.31E+01,1.36E+00,3.36E+00,3.62E+00,1.30E+01,,,,,,,,,,,,,,,,,,,,,,,,,,,,,,,,,,,
CA_S4_O1,3,1.31E+01,1.39E+00,3.46E+00,3.73E+00,1.39E+01,,,,,,,,,,,,,,,,,,,,,,,,,,,,,,,,,,,
CA_S4_O1,3,1.31E+01,1.42E+00,3.58E+00,3.85E+00,1.45E+01,,,,,,,,,,,,,,,,,,,,,,,,,,,,,,,,,,,
CA_S4_O1,3,1.31E+01,1.45E+00,3.70E+00,3.97E+00,1.46E+01,,,,,,,,,,,,,,,,,,,,,,,,,,,,,,,,,,,
CA_S4_O1,3,1.31E+01,1.50E+00,3.81E+00,4.10E+00,1.41E+01,,,,,,,,,,,,,,,,,,,,,,,,,,,,,,,,,,,
CA_S4_O1,3,1.31E+01,1.54E+00,3.92E+00,4.21E+00,1.42E+01,,,,,,,,,,,,,,,,,,,,,,,,,,,,,,,,,,,
CA_S4_O1,3,1.31E+01,1.55E+00,4.04E+00,4.33E+00,1.42E+01,,,,,,,,,,,,,,,,,,,,,,,,,,,,,,,,,,,
CA_S4_O1,3,1.31E+01,1.58E+00,4.15E+00,4.44E+00,1.76E+01,,,,,,,,,,,,,,,,,,,,,,,,,,,,,,,,,,,
CA_S4_O1,3,1.31E+01,1.59E+00,4.33E+00,4.62E+00,1.61E+01,,,,,,,,,,,,,,,,,,,,,,,,,,,,,,,,,,,
CA_S4_O1,3,1.31E+01,1.62E+00,4.41E+00,4.70E+00,1.33E+01,,,,,,,,,,,,,,,,,,,,,,,,,,,,,,,,,,,
CA_S4_O1,3,1.31E+01,1.66E+00,4.54E+00,4.84E+00,1.48E+01,,,,,,,,,,,,,,,,,,,,,,,,,,,,,,,,,,,
CA_S4_O1,3,1.31E+01,1.69E+00,4.65E+00,4.95E+00,1.71E+01,,,,,,,,,,,,,,,,,,,,,,,,,,,,,,,,,,,
CA_S4_O1,3,1.32E+01,1.68E+00,4.83E+00,5.11E+00,1.60E+01,,,,,,,,,,,,,,,,,,,,,,,,,,,,,,,,,,,
CA_S4_O1,3,1.32E+01,1.69E+00,4.92E+00,5.20E+00,9.80E+00,,,,,,,,,,,,,,,,,,,,,,,,,,,,,,,,,,,
CA_S4_O1,3,1.32E+01,1.70E+00,4.99E+00,5.27E+00,1.56E+01,,,,,,,,,,,,,,,,,,,,,,,,,,,,,,,,,,,
CA_S4_O1,3,1.32E+01,1.71E+00,5.18E+00,5.45E+00,2.12E+01,,,,,,,,,,,,,,,,,,,,,,,,,,,,,,,,,,,
CA_S4_O1,3,1.32E+01,1.73E+00,5.34E+00,5.62E+00,1.80E+01,,,,,,,,,,,,,,,,,,,,,,,,,,,,,,,,,,,
CA_S4_O1,3,1.32E+01,1.74E+00,5.48E+00,5.74E+00,1.69E+01,,,,,,,,,,,,,,,,,,,,,,,,,,,,,,,,,,,
CA_S4_O1,3,1.32E+01,1.74E+00,5.62E+00,5.89E+00,1.62E+01,,,,,,,,,,,,,,,,,,,,,,,,,,,,,,,,,,,
CA_S4_O1,3,1.32E+01,1.75E+00,5.75E+00,6.01E+00,1.33E+01,,,,,,,,,,,,,,,,,,,,,,,,,,,,,,,,,,,
CA_S4_O1,3,1.32E+01,1.76E+00,5.85E+00,6.10E+00,1.58E+01,,,,,,,,,,,,,,,,,,,,,,,,,,,,,,,,,,,
CA_S4_O1,3,1.32E+01,1.77E+00,6.01E+00,6.27E+00,,,,,,,,,,,,,,,,,,,,,,,,,,,,,,,,,,,,
,,,,,,,,,,,,,,,,,,,,,,,,,,,,,,,,,,,,,,,,,
CA_S5_O1,1,4.20E+00,1.97E+00,1.45E+00,2.45E+00,,,,,,,,,,,,,,,,,,,,,,,,,,,,,,,,,,,,
CA_S5_O1,1,4.21E+00,2.00E+00,1.53E+00,2.52E+00,8.61E+00,,,,,,,,,,,,,,,,,,,,,,,,,,,,,,,,,,,
CA_S5_O1,1,4.22E+00,2.01E+00,1.59E+00,2.57E+00,7.58E+00,,,,,,,,,,,,,,,,,,,,,,,,,,,,,,,,,,,
CA_S5_O1,1,4.23E+00,2.04E+00,1.65E+00,2.63E+00,8.61E+00,,,,,,,,,,,,,,,,,,,,,,,,,,,,,,,,,,,
CA_S5_O1,1,4.24E+00,2.05E+00,1.73E+00,2.68E+00,8.61E+00,,,,,,,,,,,,,,,,,,,,,,,,,,,,,,,,,,,
CA_S5_O1,1,4.25E+00,2.09E+00,1.79E+00,2.75E+00,8.83E+00,,,,,,,,,,,,,,,,,,,,,,,,,,,,,,,,,,,
CA_S5_O1,1,4.25E+00,2.14E+00,1.85E+00,2.83E+00,1.07E+01,,,,,,,,,,,,,,,,,,,,,,,,,,,,,,,,,,,
CA_S5_O1,1,4.26E+00,2.16E+00,1.95E+00,2.91E+00,1.01E+01,,,,,,,,,,,,,,,,,,,,,,,,,,,,,,,,,,,
CA_S5_O1,1,4.27E+00,2.19E+00,2.01E+00,2.98E+00,9.11E+00,,,,,,,,,,,,,,,,,,,,,,,,,,,,,,,,,,,
CA_S5_O1,1,4.28E+00,2.22E+00,2.09E+00,3.05E+00,7.58E+00,,,,,,,,,,,,,,,,,,,,,,,,,,,,,,,,,,,
CA_S5_O1,1,4.29E+00,2.24E+00,2.13E+00,3.09E+00,8.15E+00,,,,,,,,,,,,,,,,,,,,,,,,,,,,,,,,,,,
CA_S5_O1,1,4.30E+00,2.29E+00,2.21E+00,3.18E+00,8.83E+00,,,,,,,,,,,,,,,,,,,,,,,,,,,,,,,,,,,
CA_S5_O1,1,4.30E+00,2.32E+00,2.25E+00,3.23E+00,9.72E+00,,,,,,,,,,,,,,,,,,,,,,,,,,,,,,,,,,,
CA_S5_O1,1,4.31E+00,2.37E+00,2.35E+00,3.33E+00,1.52E+01,,,,,,,,,,,,,,,,,,,,,,,,,,,,,,,,,,,
CA_S5_O1,1,4.32E+00,2.41E+00,2.49E+00,3.46E+00,1.37E+01,,,,,,,,,,,,,,,,,,,,,,,,,,,,,,,,,,,
CA_S5_O1,1,4.33E+00,2.44E+00,2.57E+00,3.54E+00,7.58E+00,,,,,,,,,,,,,,,,,,,,,,,,,,,,,,,,,,,
CA_S5_O1,1,4.34E+00,2.45E+00,2.61E+00,3.58E+00,7.58E+00,,,,,,,,,,,,,,,,,,,,,,,,,,,,,,,,,,,
CA_S5_O1,1,4.35E+00,2.48E+00,2.68E+00,3.66E+00,7.58E+00,,,,,,,,,,,,,,,,,,,,,,,,,,,,,,,,,,,
CA_S5_O1,1,4.35E+00,2.50E+00,2.72E+00,3.69E+00,7.58E+00,,,,,,,,,,,,,,,,,,,,,,,,,,,,,,,,,,,
CA_S5_O1,1,4.36E+00,2.53E+00,2.80E+00,3.77E+00,1.04E+01,,,,,,,,,,,,,,,,,,,,,,,,,,,,,,,,,,,
CA_S5_O1,1,4.37E+00,2.59E+00,2.87E+00,3.87E+00,1.29E+01,,,,,,,,,,,,,,,,,,,,,,,,,,,,,,,,,,,
CA_S5_O1,1,4.38E+00,2.64E+00,2.99E+00,3.98E+00,9.72E+00,,,,,,,,,,,,,,,,,,,,,,,,,,,,,,,,,,,
CA_S5_O1,1,4.39E+00,2.67E+00,3.01E+00,4.03E+00,4.79E+00,,,,,,,,,,,,,,,,,,,,,,,,,,,,,,,,,,,
CA_S5_O1,1,4.40E+00,2.69E+00,3.05E+00,4.06E+00,8.15E+00,,,,,,,,,,,,,,,,,,,,,,,,,,,,,,,,,,,
CA_S5_O1,1,4.40E+00,2.74E+00,3.13E+00,4.16E+00,1.13E+01,,,,,,,,,,,,,,,,,,,,,,,,,,,,,,,,,,,
CA_S5_O1,1,4.41E+00,2.78E+00,3.21E+00,4.25E+00,9.11E+00,,,,,,,,,,,,,,,,,,,,,,,,,,,,,,,,,,,
CA_S5_O1,1,4.42E+00,2.80E+00,3.27E+00,4.30E+00,1.04E+01,,,,,,,,,,,,,,,,,,,,,,,,,,,,,,,,,,,
CA_S5_O1,1,4.43E+00,2.88E+00,3.35E+00,4.42E+00,9.59E+00,,,,,,,,,,,,,,,,,,,,,,,,,,,,,,,,,,,
CA_S5_O1,1,4.44E+00,2.90E+00,3.39E+00,4.46E+00,1.01E+01,,,,,,,,,,,,,,,,,,,,,,,,,,,,,,,,,,,
CA_S5_O1,1,4.45E+00,2.94E+00,3.51E+00,4.58E+00,1.16E+01,,,,,,,,,,,,,,,,,,,,,,,,,,,,,,,,,,,
CA_S5_O1,1,4.45E+00,2.97E+00,3.57E+00,4.65E+00,1.26E+01,,,,,,,,,,,,,,,,,,,,,,,,,,,,,,,,,,,
CA_S5_O1,1,4.46E+00,3.01E+00,3.71E+00,4.78E+00,1.52E+01,,,,,,,,,,,,,,,,,,,,,,,,,,,,,,,,,,,
CA_S5_O1,1,4.47E+00,3.06E+00,3.81E+00,4.89E+00,1.07E+01,,,,,,,,,,,,,,,,,,,,,,,,,,,,,,,,,,,
CA_S5_O1,1,4.48E+00,3.05E+00,3.88E+00,4.94E+00,1.26E+01,,,,,,,,,,,,,,,,,,,,,,,,,,,,,,,,,,,
CA_S5_O1,1,4.49E+00,3.08E+00,4.02E+00,5.06E+00,8.83E+00,,,,,,,,,,,,,,,,,,,,,,,,,,,,,,,,,,,
CA_S5_O1,1,4.50E+00,3.13E+00,4.01E+00,5.09E+00,7.58E+00,,,,,,,,,,,,,,,,,,,,,,,,,,,,,,,,,,,
CA_S5_O1,1,4.50E+00,3.18E+00,4.09E+00,5.18E+00,1.13E+01,,,,,,,,,,,,,,,,,,,,,,,,,,,,,,,,,,,
CA_S5_O1,1,4.51E+00,3.23E+00,4.17E+00,5.27E+00,1.52E+01,,,,,,,,,,,,,,,,,,,,,,,,,,,,,,,,,,,
CA_S5_O1,1,4.52E+00,3.27E+00,4.33E+00,5.42E+00,1.11E+01,,,,,,,,,,,,,,,,,,,,,,,,,,,,,,,,,,,
CA_S5_O1,1,4.53E+00,3.29E+00,4.35E+00,5.45E+00,7.99E+00,,,,,,,,,,,,,,,,,,,,,,,,,,,,,,,,,,,
CA_S5_O1,1,4.54E+00,3.35E+00,4.43E+00,5.56E+00,1.20E+01,,,,,,,,,,,,,,,,,,,,,,,,,,,,,,,,,,,
CA_S5_O1,1,4.55E+00,3.40E+00,4.51E+00,5.65E+00,1.22E+01,,,,,,,,,,,,,,,,,,,,,,,,,,,,,,,,,,,
CA_S5_O1,1,4.55E+00,3.45E+00,4.61E+00,5.76E+00,,,,,,,,,,,,,,,,,,,,,,,,,,,,,,,,,,,,
,,,,,,,,,,,,,,,,,,,,,,,,,,,,,,,,,,,,,,,,,
CA_S5_O1,2,5.82E+00,1.10E+00,1.57E+00,1.92E+00,,,,,,,,,,,,,,,,,,,,,,,,,,,,,,,,,,,,
CA_S5_O1,2,5.83E+00,1.15E+00,1.63E+00,2.00E+00,8.83E+00,,,,,,,,,,,,,,,,,,,,,,,,,,,,,,,,,,,
CA_S5_O1,2,5.84E+00,1.19E+00,1.69E+00,2.06E+00,4.07E+00,,,,,,,,,,,,,,,,,,,,,,,,,,,,,,,,,,,
CA_S5_O1,2,5.85E+00,1.19E+00,1.69E+00,2.06E+00,3.20E+00,,,,,,,,,,,,,,,,,,,,,,,,,,,,,,,,,,,
CA_S5_O1,2,5.86E+00,1.22E+00,1.73E+00,2.12E+00,1.04E+01,,,,,,,,,,,,,,,,,,,,,,,,,,,,,,,,,,,
CA_S5_O1,2,5.86E+00,1.21E+00,1.86E+00,2.22E+00,1.26E+01,,,,,,,,,,,,,,,,,,,,,,,,,,,,,,,,,,,
CA_S5_O1,2,5.87E+00,1.23E+00,1.94E+00,2.30E+00,9.66E+00,,,,,,,,,,,,,,,,,,,,,,,,,,,,,,,,,,,
CA_S5_O1,2,5.88E+00,1.25E+00,2.02E+00,2.37E+00,8.23E+00,,,,,,,,,,,,,,,,,,,,,,,,,,,,,,,,,,,
CA_S5_O1,2,5.89E+00,1.26E+00,2.08E+00,2.43E+00,8.23E+00,,,,,,,,,,,,,,,,,,,,,,,,,,,,,,,,,,,
CA_S5_O1,2,5.90E+00,1.27E+00,2.15E+00,2.50E+00,9.32E+00,,,,,,,,,,,,,,,,,,,,,,,,,,,,,,,,,,,
CA_S5_O1,2,5.91E+00,1.28E+00,2.23E+00,2.57E+00,1.04E+01,,,,,,,,,,,,,,,,,,,,,,,,,,,,,,,,,,,
CA_S5_O1,2,5.91E+00,1.29E+00,2.33E+00,2.66E+00,1.15E+01,,,,,,,,,,,,,,,,,,,,,,,,,,,,,,,,,,,
CA_S5_O1,2,5.92E+00,1.30E+00,2.42E+00,2.75E+00,1.18E+01,,,,,,,,,,,,,,,,,,,,,,,,,,,,,,,,,,,
CA_S5_O1,2,5.93E+00,1.32E+00,2.52E+00,2.85E+00,1.18E+01,,,,,,,,,,,,,,,,,,,,,,,,,,,,,,,,,,,
CA_S5_O1,2,5.94E+00,1.33E+00,2.62E+00,2.94E+00,9.32E+00,,,,,,,,,,,,,,,,,,,,,,,,,,,,,,,,,,,
CA_S5_O1,2,5.95E+00,1.34E+00,2.67E+00,2.99E+00,9.66E+00,,,,,,,,,,,,,,,,,,,,,,,,,,,,,,,,,,,
CA_S5_O1,2,5.96E+00,1.37E+00,2.77E+00,3.09E+00,9.32E+00,,,,,,,,,,,,,,,,,,,,,,,,,,,,,,,,,,,
CA_S5_O1,2,5.96E+00,1.37E+00,2.83E+00,3.14E+00,7.99E+00,,,,,,,,,,,,,,,,,,,,,,,,,,,,,,,,,,,
CA_S5_O1,2,5.97E+00,1.38E+00,2.91E+00,3.22E+00,1.04E+01,,,,,,,,,,,,,,,,,,,,,,,,,,,,,,,,,,,
CA_S5_O1,2,5.98E+00,1.38E+00,3.00E+00,3.31E+00,1.22E+01,,,,,,,,,,,,,,,,,,,,,,,,,,,,,,,,,,,
CA_S5_O1,2,5.99E+00,1.43E+00,3.10E+00,3.42E+00,1.01E+01,,,,,,,,,,,,,,,,,,,,,,,,,,,,,,,,,,,
CA_S5_O1,2,6.00E+00,1.44E+00,3.16E+00,3.47E+00,7.15E+00,,,,,,,,,,,,,,,,,,,,,,,,,,,,,,,,,,,
CA_S5_O1,2,6.01E+00,1.46E+00,3.22E+00,3.53E+00,8.23E+00,,,,,,,,,,,,,,,,,,,,,,,,,,,,,,,,,,,
CA_S5_O1,2,6.01E+00,1.47E+00,3.29E+00,3.61E+00,8.23E+00,,,,,,,,,,,,,,,,,,,,,,,,,,,,,,,,,,,
CA_S5_O1,2,6.02E+00,1.48E+00,3.35E+00,3.67E+00,7.15E+00,,,,,,,,,,,,,,,,,,,,,,,,,,,,,,,,,,,
CA_S5_O1,2,6.03E+00,1.49E+00,3.41E+00,3.72E+00,7.58E+00,,,,,,,,,,,,,,,,,,,,,,,,,,,,,,,,,,,
CA_S5_O1,2,6.04E+00,1.52E+00,3.47E+00,3.79E+00,8.61E+00,,,,,,,,,,,,,,,,,,,,,,,,,,,,,,,,,,,
CA_S5_O1,2,6.05E+00,1.53E+00,3.55E+00,3.87E+00,7.15E+00,,,,,,,,,,,,,,,,,,,,,,,,,,,,,,,,,,,
CA_S5_O1,2,6.06E+00,1.55E+00,3.59E+00,3.91E+00,5.05E+00,,,,,,,,,,,,,,,,,,,,,,,,,,,,,,,,,,,
CA_S5_O1,2,6.06E+00,1.56E+00,3.63E+00,3.95E+00,6.09E+00,,,,,,,,,,,,,,,,,,,,,,,,,,,,,,,,,,,
CA_S5_O1,2,6.07E+00,1.58E+00,3.69E+00,4.01E+00,4.66E+00,,,,,,,,,,,,,,,,,,,,,,,,,,,,,,,,,,,
CA_S5_O1,2,6.08E+00,1.57E+00,3.70E+00,4.03E+00,5.76E+00,,,,,,,,,,,,,,,,,,,,,,,,,,,,,,,,,,,
CA_S5_O1,2,6.09E+00,1.58E+00,3.78E+00,4.10E+00,1.07E+01,,,,,,,,,,,,,,,,,,,,,,,,,,,,,,,,,,,
CA_S5_O1,2,6.10E+00,1.61E+00,3.88E+00,4.20E+00,1.11E+01,,,,,,,,,,,,,,,,,,,,,,,,,,,,,,,,,,,
CA_S5_O1,2,6.11E+00,1.64E+00,3.96E+00,4.29E+00,7.15E+00,,,,,,,,,,,,,,,,,,,,,,,,,,,,,,,,,,,
CA_S5_O1,2,6.11E+00,1.64E+00,4.00E+00,4.32E+00,4.79E+00,,,,,,,,,,,,,,,,,,,,,,,,,,,,,,,,,,,
CA_S5_O1,2,6.12E+00,1.69E+00,4.02E+00,4.36E+00,8.83E+00,,,,,,,,,,,,,,,,,,,,,,,,,,,,,,,,,,,
CA_S5_O1,2,6.13E+00,1.74E+00,4.10E+00,4.46E+00,1.22E+01,,,,,,,,,,,,,,,,,,,,,,,,,,,,,,,,,,,
CA_S5_O1,2,6.14E+00,1.75E+00,4.22E+00,4.56E+00,1.32E+01,,,,,,,,,,,,,,,,,,,,,,,,,,,,,,,,,,,
CA_S5_O1,2,6.15E+00,1.79E+00,4.32E+00,4.67E+00,8.61E+00,,,,,,,,,,,,,,,,,,,,,,,,,,,,,,,,,,,
CA_S5_O1,2,6.16E+00,1.79E+00,4.35E+00,4.71E+00,6.78E+00,,,,,,,,,,,,,,,,,,,,,,,,,,,,,,,,,,,
,,,,,,,,,,,,,,,,,,,,,,,,,,,,,,,,,,,,,,,,,
CA_S5_O1,3,7.63E+00,7.07E-01,5.19E-01,8.77E-01,,,,,,,,,,,,,,,,,,,,,,,,,,,,,,,,,,,,
CA_S5_O1,3,7.64E+00,7.21E-01,5.59E-01,9.12E-01,7.15E+00,,,,,,,,,,,,,,,,,,,,,,,,,,,,,,,,,,,
CA_S5_O1,3,7.65E+00,7.32E-01,6.36E-01,9.69E-01,9.32E+00,,,,,,,,,,,,,,,,,,,,,,,,,,,,,,,,,,,
CA_S5_O1,3,7.66E+00,7.42E-01,7.13E-01,1.03E+00,6.87E+00,,,,,,,,,,,,,,,,,,,,,,,,,,,,,,,,,,,
CA_S5_O1,3,7.67E+00,7.38E-01,7.50E-01,1.05E+00,6.87E+00,,,,,,,,,,,,,,,,,,,,,,,,,,,,,,,,,,,
CA_S5_O1,3,7.67E+00,7.49E-01,8.27E-01,1.12E+00,7.15E+00,,,,,,,,,,,,,,,,,,,,,,,,,,,,,,,,,,,
CA_S5_O1,3,7.68E+00,7.64E-01,8.67E-01,1.16E+00,5.76E+00,,,,,,,,,,,,,,,,,,,,,,,,,,,,,,,,,,,
CA_S5_O1,3,7.69E+00,7.57E-01,9.23E-01,1.19E+00,5.65E+00,,,,,,,,,,,,,,,,,,,,,,,,,,,,,,,,,,,
CA_S5_O1,3,7.70E+00,7.53E-01,9.61E-01,1.22E+00,5.65E+00,,,,,,,,,,,,,,,,,,,,,,,,,,,,,,,,,,,
CA_S5_O1,3,7.71E+00,7.47E-01,1.02E+00,1.26E+00,7.99E+00,,,,,,,,,,,,,,,,,,,,,,,,,,,,,,,,,,,
CA_S5_O1,3,7.72E+00,7.58E-01,1.09E+00,1.33E+00,1.11E+01,,,,,,,,,,,,,,,,,,,,,,,,,,,,,,,,,,,
CA_S5_O1,3,7.72E+00,8.04E-01,1.19E+00,1.44E+00,9.66E+00,,,,,,,,,,,,,,,,,,,,,,,,,,,,,,,,,,,
CA_S5_O1,3,7.73E+00,7.98E-01,1.25E+00,1.48E+00,6.09E+00,,,,,,,,,,,,,,,,,,,,,,,,,,,,,,,,,,,
CA_S5_O1,3,7.74E+00,8.31E-01,1.29E+00,1.54E+00,7.99E+00,,,,,,,,,,,,,,,,,,,,,,,,,,,,,,,,,,,
CA_S5_O1,3,7.75E+00,8.81E-01,1.35E+00,1.62E+00,8.15E+00,,,,,,,,,,,,,,,,,,,,,,,,,,,,,,,,,,,
CA_S5_O1,3,7.76E+00,8.94E-01,1.41E+00,1.67E+00,7.58E+00,,,,,,,,,,,,,,,,,,,,,,,,,,,,,,,,,,,
CA_S5_O1,3,7.77E+00,9.25E-01,1.47E+00,1.74E+00,8.23E+00,,,,,,,,,,,,,,,,,,,,,,,,,,,,,,,,,,,
CA_S5_O1,3,7.77E+00,9.17E-01,1.55E+00,1.80E+00,7.99E+00,,,,,,,,,,,,,,,,,,,,,,,,,,,,,,,,,,,
CA_S5_O1,3,7.78E+00,9.30E-01,1.61E+00,1.86E+00,7.58E+00,,,,,,,,,,,,,,,,,,,,,,,,,,,,,,,,,,,
CA_S5_O1,3,7.79E+00,9.61E-01,1.67E+00,1.92E+00,7.58E+00,,,,,,,,,,,,,,,,,,,,,,,,,,,,,,,,,,,
CA_S5_O1,3,7.80E+00,9.74E-01,1.72E+00,1.98E+00,1.01E+01,,,,,,,,,,,,,,,,,,,,,,,,,,,,,,,,,,,
CA_S5_O1,3,7.81E+00,1.02E+00,1.82E+00,2.09E+00,1.01E+01,,,,,,,,,,,,,,,,,,,,,,,,,,,,,,,,,,,
CA_S5_O1,3,7.82E+00,1.03E+00,1.88E+00,2.15E+00,4.66E+00,,,,,,,,,,,,,,,,,,,,,,,,,,,,,,,,,,,
CA_S5_O1,3,7.82E+00,1.03E+00,1.90E+00,2.16E+00,7.15E+00,,,,,,,,,,,,,,,,,,,,,,,,,,,,,,,,,,,
CA_S5_O1,3,7.83E+00,1.06E+00,2.00E+00,2.26E+00,1.16E+01,,,,,,,,,,,,,,,,,,,,,,,,,,,,,,,,,,,
CA_S5_O1,3,7.84E+00,1.11E+00,2.08E+00,2.36E+00,1.07E+01,,,,,,,,,,,,,,,,,,,,,,,,,,,,,,,,,,,
CA_S5_O1,3,7.85E+00,1.14E+00,2.16E+00,2.44E+00,1.22E+01,,,,,,,,,,,,,,,,,,,,,,,,,,,,,,,,,,,
CA_S5_O1,3,7.86E+00,1.16E+00,2.28E+00,2.55E+00,7.99E+00,,,,,,,,,,,,,,,,,,,,,,,,,,,,,,,,,,,
CA_S5_O1,3,7.87E+00,1.14E+00,2.29E+00,2.56E+00,4.52E+00,,,,,,,,,,,,,,,,,,,,,,,,,,,,,,,,,,,
CA_S5_O1,3,7.87E+00,1.15E+00,2.35E+00,2.62E+00,6.59E+00,,,,,,,,,,,,,,,,,,,,,,,,,,,,,,,,,,,
CA_S5_O1,3,7.88E+00,1.19E+00,2.39E+00,2.67E+00,5.65E+00,,,,,,,,,,,,,,,,,,,,,,,,,,,,,,,,,,,
CA_S5_O1,3,7.89E+00,1.20E+00,2.43E+00,2.71E+00,5.76E+00,,,,,,,,,,,,,,,,,,,,,,,,,,,,,,,,,,,
CA_S5_O1,3,7.90E+00,1.19E+00,2.49E+00,2.76E+00,6.78E+00,,,,,,,,,,,,,,,,,,,,,,,,,,,,,,,,,,,
CA_S5_O1,3,7.91E+00,1.19E+00,2.54E+00,2.81E+00,4.52E+00,,,,,,,,,,,,,,,,,,,,,,,,,,,,,,,,,,,
CA_S5_O1,3,7.92E+00,1.19E+00,2.56E+00,2.82E+00,6.09E+00,,,,,,,,,,,,,,,,,,,,,,,,,,,,,,,,,,,
CA_S5_O1,3,7.92E+00,1.22E+00,2.64E+00,2.91E+00,1.36E+01,,,,,,,,,,,,,,,,,,,,,,,,,,,,,,,,,,,
CA_S5_O1,3,7.93E+00,1.32E+00,2.75E+00,3.05E+00,1.13E+01,,,,,,,,,,,,,,,,,,,,,,,,,,,,,,,,,,,
CA_S5_O1,3,7.94E+00,1.31E+00,2.80E+00,3.10E+00,9.32E+00,,,,,,,,,,,,,,,,,,,,,,,,,,,,,,,,,,,
CA_S5_O1,3,7.95E+00,1.34E+00,2.90E+00,3.20E+00,8.61E+00,,,,,,,,,,,,,,,,,,,,,,,,,,,,,,,,,,,
CA_S5_O1,3,7.96E+00,1.35E+00,2.94E+00,3.24E+00,7.58E+00,,,,,,,,,,,,,,,,,,,,,,,,,,,,,,,,,,,
CA_S5_O1,3,7.97E+00,1.38E+00,3.02E+00,3.32E+00,7.15E+00,,,,,,,,,,,,,,,,,,,,,,,,,,,,,,,,,,,
CA_S5_O1,3,7.97E+00,1.38E+00,3.06E+00,3.35E+00,5.76E+00,,,,,,,,,,,,,,,,,,,,,,,,,,,,,,,,,,,
CA_S5_O1,3,7.98E+00,1.39E+00,3.12E+00,3.41E+00,1.11E+01,,,,,,,,,,,,,,,,,,,,,,,,,,,,,,,,,,,
CA_S5_O1,3,7.99E+00,1.44E+00,3.23E+00,3.54E+00,1.26E+01,,,,,,,,,,,,,,,,,,,,,,,,,,,,,,,,,,,
CA_S5_O1,3,8.00E+00,1.46E+00,3.31E+00,3.62E+00,8.61E+00,,,,,,,,,,,,,,,,,,,,,,,,,,,,,,,,,,,
CA_S5_O1,3,8.01E+00,1.48E+00,3.37E+00,3.68E+00,3.57E+00,,,,,,,,,,,,,,,,,,,,,,,,,,,,,,,,,,,
CA_S5_O1,3,8.02E+00,1.48E+00,3.37E+00,3.68E+00,4.52E+00,,,,,,,,,,,,,,,,,,,,,,,,,,,,,,,,,,,
CA_S5_O1,3,8.02E+00,1.47E+00,3.45E+00,3.75E+00,8.61E+00,,,,,,,,,,,,,,,,,,,,,,,,,,,,,,,,,,,
CA_S5_O1,3,8.03E+00,1.52E+00,3.51E+00,3.82E+00,1.07E+01,,,,,,,,,,,,,,,,,,,,,,,,,,,,,,,,,,,
CA_S5_O1,3,8.04E+00,1.55E+00,3.61E+00,3.92E+00,9.66E+00,,,,,,,,,,,,,,,,,,,,,,,,,,,,,,,,,,,
CA_S5_O1,3,8.05E+00,1.56E+00,3.67E+00,3.98E+00,,,,,,,,,,,,,,,,,,,,,,,,,,,,,,,,,,,,
,,,,,,,,,,,,,,,,,,,,,,,,,,,,,,,,,,,,,,,,,
CA_S5_O1,4,9.943,0.742,0.371,0.829,,,,,,,,,,,,,,,,,,,,,,,,,,,,,,,,,,,,
CA_S5_O1,4,9.952,0.733,0.446,0.859,8.228,,,,,,,,,,,,,,,,,,,,,,,,,,,,,,,,,,,
CA_S5_O1,4,9.96,0.765,0.507,0.917,6.874,,,,,,,,,,,,,,,,,,,,,,,,,,,,,,,,,,,
CA_S5_O1,4,9.968,0.74,0.561,0.928,5.651,,,,,,,,,,,,,,,,,,,,,,,,,,,,,,,,,,,
CA_S5_O1,4,9.977,0.755,0.6,0.964,6.781,,,,,,,,,,,,,,,,,,,,,,,,,,,,,,,,,,,
CA_S5_O1,4,9.985,0.728,0.673,0.991,5.651,,,,,,,,,,,,,,,,,,,,,,,,,,,,,,,,,,,
CA_S5_O1,4,9.993,0.744,0.694,1.018,7.581,,,,,,,,,,,,,,,,,,,,,,,,,,,,,,,,,,,
CA_S5_O1,4,10,0.772,0.792,1.106,10.42,,,,,,,,,,,,,,,,,,,,,,,,,,,,,,,,,,,
CA_S5_O1,4,10.01,0.764,0.867,1.155,6.874,,,,,,,,,,,,,,,,,,,,,,,,,,,,,,,,,,,
CA_S5_O1,4,10.02,0.778,0.906,1.195,9.656,,,,,,,,,,,,,,,,,,,,,,,,,,,,,,,,,,,
CA_S5_O1,4,10.03,0.804,1.023,1.301,15.74,,,,,,,,,,,,,,,,,,,,,,,,,,,,,,,,,,,
CA_S5_O1,4,10.04,0.845,1.16,1.436,11.13,,,,,,,,,,,,,,,,,,,,,,,,,,,,,,,,,,,
CA_S5_O1,4,10.04,0.86,1.2,1.476,8.607,,,,,,,,,,,,,,,,,,,,,,,,,,,,,,,,,,,
CA_S5_O1,4,10.05,0.887,1.298,1.572,11.8,,,,,,,,,,,,,,,,,,,,,,,,,,,,,,,,,,,
CA_S5_O1,4,10.06,0.896,1.393,1.657,8.607,,,,,,,,,,,,,,,,,,,,,,,,,,,,,,,,,,,
CA_S5_O1,4,10.07,0.929,1.435,1.71,7.581,,,,,,,,,,,,,,,,,,,,,,,,,,,,,,,,,,,
CA_S5_O1,4,10.08,0.94,1.512,1.78,11.13,,,,,,,,,,,,,,,,,,,,,,,,,,,,,,,,,,,
CA_S5_O1,4,10.09,0.986,1.612,1.889,11.64,,,,,,,,,,,,,,,,,,,,,,,,,,,,,,,,,,,
CA_S5_O1,4,10.09,1.015,1.691,1.972,8.607,,,,,,,,,,,,,,,,,,,,,,,,,,,,,,,,,,,
CA_S5_O1,4,10.1,1.028,1.749,2.029,8.607,,,,,,,,,,,,,,,,,,,,,,,,,,,,,,,,,,,
CA_S5_O1,4,10.11,1.057,1.828,2.112,10.11,,,,,,,,,,,,,,,,,,,,,,,,,,,,,,,,,,,
CA_S5_O1,4,10.12,1.087,1.907,2.195,13.18,,,,,,,,,,,,,,,,,,,,,,,,,,,,,,,,,,,
CA_S5_O1,4,10.13,1.149,2.028,2.331,16.18,,,,,,,,,,,,,,,,,,,,,,,,,,,,,,,,,,,
CA_S5_O1,4,10.14,1.173,2.163,2.46,11.8,,,,,,,,,,,,,,,,,,,,,,,,,,,,,,,,,,,
CA_S5_O1,4,10.14,1.185,2.221,2.518,11.13,,,,,,,,,,,,,,,,,,,,,,,,,,,,,,,,,,,
CA_S5_O1,4,10.15,1.229,2.34,2.643,14.3,,,,,,,,,,,,,,,,,,,,,,,,,,,,,,,,,,,
CA_S5_O1,4,10.16,1.236,2.454,2.748,12.89,,,,,,,,,,,,,,,,,,,,,,,,,,,,,,,,,,,
CA_S5_O1,4,10.17,1.263,2.552,2.848,13.23,,,,,,,,,,,,,,,,,,,,,,,,,,,,,,,,,,,
CA_S5_O1,4,10.18,1.288,2.669,2.963,9.656,,,,,,,,,,,,,,,,,,,,,,,,,,,,,,,,,,,
CA_S5_O1,4,10.19,1.303,2.708,3.005,7.148,,,,,,,,,,,,,,,,,,,,,,,,,,,,,,,,,,,
CA_S5_O1,4,10.19,1.314,2.785,3.079,10.11,,,,,,,,,,,,,,,,,,,,,,,,,,,,,,,,,,,
CA_S5_O1,4,10.2,1.362,2.866,3.173,10.42,,,,,,,,,,,,,,,,,,,,,,,,,,,,,,,,,,,
CA_S5_O1,4,10.21,1.412,2.929,3.251,12.64,,,,,,,,,,,,,,,,,,,,,,,,,,,,,,,,,,,
CA_S5_O1,4,10.22,1.435,3.064,3.383,12.89,,,,,,,,,,,,,,,,,,,,,,,,,,,,,,,,,,,
CA_S5_O1,4,10.23,1.446,3.141,3.458,9.319,,,,,,,,,,,,,,,,,,,,,,,,,,,,,,,,,,,
CA_S5_O1,4,10.24,1.456,3.218,3.532,9.319,,,,,,,,,,,,,,,,,,,,,,,,,,,,,,,,,,,
CA_S5_O1,4,10.24,1.467,3.295,3.607,10.42,,,,,,,,,,,,,,,,,,,,,,,,,,,,,,,,,,,
CA_S5_O1,4,10.25,1.475,3.391,3.698,12.64,,,,,,,,,,,,,,,,,,,,,,,,,,,,,,,,,,,
CA_S5_O1,4,10.26,1.54,3.493,3.817,12.89,,,,,,,,,,,,,,,,,,,,,,,,,,,,,,,,,,,
CA_S5_O1,4,10.27,1.588,3.574,3.911,12.17,,,,,,,,,,,,,,,,,,,,,,,,,,,,,,,,,,,
CA_S5_O1,4,10.28,1.595,3.688,4.018,13.23,,,,,,,,,,,,,,,,,,,,,,,,,,,,,,,,,,,
CA_S5_O1,4,10.29,1.641,3.788,4.128,10.66,,,,,,,,,,,,,,,,,,,,,,,,,,,,,,,,,,,
CA_S5_O1,4,10.29,1.672,3.848,4.196,11.13,,,,,,,,,,,,,,,,,,,,,,,,,,,,,,,,,,,
CA_S5_O1,4,10.3,1.698,3.965,4.313,11.13,,,,,,,,,,,,,,,,,,,,,,,,,,,,,,,,,,,
CA_S5_O1,4,10.31,1.729,4.025,4.381,10.11,,,,,,,,,,,,,,,,,,,,,,,,,,,,,,,,,,,
CA_S5_O1,4,10.32,1.756,4.123,4.481,10.11,,,,,,,,,,,,,,,,,,,,,,,,,,,,,,,,,,,
CA_S5_O1,4,10.33,1.788,4.183,4.549,,,,,,,,,,,,,,,,,,,,,,,,,,,,,,,,,,,,
,,,,,,,,,,,,,,,,,,,,,,,,,,,,,,,,,,,,,,,,,
CA_S6_O1,1,1.00E+00,6.66E-01,1.97E+00,2.08E+00,,,,,,,,,,,,,,,,,,,,,,,,,,,,,,,,,,,,
CA_S6_O1,1,1.01E+00,6.61E-01,2.11E+00,2.21E+00,1.77E+01,,,,,,,,,,,,,,,,,,,,,,,,,,,,,,,,,,,
CA_S6_O1,1,1.02E+00,6.14E-01,2.26E+00,2.34E+00,1.89E+01,,,,,,,,,,,,,,,,,,,,,,,,,,,,,,,,,,,
CA_S6_O1,1,1.03E+00,6.08E-01,2.42E+00,2.50E+00,1.63E+01,,,,,,,,,,,,,,,,,,,,,,,,,,,,,,,,,,,
CA_S6_O1,1,1.03E+00,5.84E-01,2.53E+00,2.59E+00,1.56E+01,,,,,,,,,,,,,,,,,,,,,,,,,,,,,,,,,,,
CA_S6_O1,1,1.04E+00,5.89E-01,2.68E+00,2.75E+00,1.94E+01,,,,,,,,,,,,,,,,,,,,,,,,,,,,,,,,,,,
CA_S6_O1,1,1.05E+00,5.83E-01,2.85E+00,2.91E+00,2.14E+01,,,,,,,,,,,,,,,,,,,,,,,,,,,,,,,,,,,
CA_S6_O1,1,1.06E+00,5.35E-01,3.04E+00,3.08E+00,2.09E+01,,,,,,,,,,,,,,,,,,,,,,,,,,,,,,,,,,,
CA_S6_O1,1,1.07E+00,5.19E-01,3.19E+00,3.24E+00,1.70E+01,,,,,,,,,,,,,,,,,,,,,,,,,,,,,,,,,,,
CA_S6_O1,1,1.08E+00,4.93E-01,3.32E+00,3.35E+00,1.94E+01,,,,,,,,,,,,,,,,,,,,,,,,,,,,,,,,,,,
CA_S6_O1,1,1.08E+00,4.97E-01,3.52E+00,3.55E+00,1.94E+01,,,,,,,,,,,,,,,,,,,,,,,y12345,r12345,v12345,t123456,x123456,y123456,r123456,v123456,t1234567,x1234567,y1234567,r1234567,v1234567
CA_S6_O1,1,1.09E+00,4.92E-01,3.64E+00,3.67E+00,2.07E+01,,,,,,,,,,,,,,,,,,,,,,,0.502,0.777,,1.326,4.61E-02,1.184,1.185,,1.076,3.947,1.403,4.189,
CA_S6_O1,1,1.10E+00,5.16E-01,3.86E+00,3.90E+00,2.32E+01,,,,,,,,,,,,,,,,,,,,,,,0.546,0.8,14.18,1.335,4.61E-02,1.261,1.262,12.02,1.084,3.937,1.484,4.207,9.831
CA_S6_O1,1,1.11E+00,5.10E-01,4.03E+00,4.06E+00,2.00E+01,,,,,,,,,,,,,,,,,,,,,,,0.739,0.953,21.85,1.343,3.08E-02,1.384,1.384,13.2,1.093,3.927,1.566,4.227,10.44
CA_S6_O1,1,1.12E+00,5.25E-01,4.20E+00,4.23E+00,1.88E+01,,,,,,,,,,,,,,,,,,,,,,,0.907,1.107,17.67,1.351,0,1.476,1.476,13.04,1.101,3.915,1.657,4.251,12.33
CA_S6_O1,1,1.13E+00,5.20E-01,4.34E+00,4.37E+00,1.69E+01,,,,,,,,,,,,,,,,,,,,,,,1.028,1.22,15.12,1.36,0,1.599,1.599,14.78,1.109,3.907,1.77,4.29,12.93
CA_S6_O1,1,1.13E+00,5.25E-01,4.48E+00,4.51E+00,2.00E+01,,,,,,,,,,,,,,,,,,,,,,,1.157,1.336,16.64,1.368,-1.54E-02,1.722,1.722,12.02,1.118,3.892,1.871,4.319,14.65
CA_S6_O1,1,1.14E+00,5.29E-01,4.68E+00,4.71E+00,2.51E+01,,,,,,,,,,,,,,,,,,,,,,,1.304,1.474,17.82,1.376,-1.54E-02,1.799,1.799,12.12,1.126,3.858,2.01,4.35,14.14
CA_S6_O1,1,1.15E+00,5.52E-01,4.90E+00,4.93E+00,2.13E+01,,,,,,,,,,,,,,,,,,,,,,,1.452,1.614,18.36,1.385,-4.61E-02,1.922,1.923,14.1,1.134,3.865,2.106,4.402,13.32
CA_S6_O1,1,1.16E+00,5.37E-01,5.03E+00,5.06E+00,,,,,,,,,,,,,,,,,,,,,,,,1.604,1.77,18.85,1.393,-6.15E-02,2.03,2.031,15.91,1.143,3.865,2.232,4.463,13.16
,,,,,,,,,,,,,,,,,,,,,,,,,,,,,1.76,1.92,19.34,1.401,-9.23E-02,2.184,2.186,16.69,1.151,3.863,2.325,4.509,9.831
CA_S6_O1,2,7.96E+00,8.15E-01,1.02E+00,1.31E+00,,,,,,,,,,,,,,,,,,,,,,,,1.925,2.077,21.42,1.41,-9.23E-02,2.307,2.308,13.95,1.159,3.846,2.394,4.53,9.831
CA_S6_O1,2,7.97E+00,8.30E-01,1.17E+00,1.43E+00,2.00E+01,,,,,,,,,,,,,,,,,,,,,,,2.109,2.272,21.87,1.418,-0.123,2.414,2.417,15,1.168,3.843,2.488,4.578,14.83
CA_S6_O1,2,7.97E+00,8.03E-01,1.36E+00,1.58E+00,1.77E+01,,,,,,,,,,,,,,,,,,,,,,,2.277,2.44,19.75,1.426,-0.138,2.553,2.556,13.2,1.176,3.826,2.641,4.649,16.14
CA_S6_O1,2,7.98E+00,7.78E-01,1.46E+00,1.65E+00,1.63E+01,,,,,,,,,,,,,,,,,,,,,,,2.429,2.598,21.39,1.435,-0.169,2.63,2.635,12.54,1.185,3.828,2.757,4.718,13.16
CA_S6_O1,2,7.99E+00,7.72E-01,1.63E+00,1.80E+00,2.00E+01,,,,,,,,,,,,,,,,,,,,,,,2.62,2.796,21.87,1.443,-0.2,2.753,2.76,13.42,1.193,3.823,2.861,4.775,14.04
CA_S6_O1,2,8.00E+00,7.66E-01,1.79E+00,1.95E+00,1.81E+01,,,,,,,,,,,,,,,,,,,,,,,2.781,2.961,20.94,1.451,-0.231,2.845,2.854,10.31,1.201,3.762,2.982,4.8,15.25
CA_S6_O1,2,8.01E+00,7.72E-01,1.93E+00,2.08E+00,1.63E+01,,,,,,,,,,,,,,,,,,,,,,,2.96,3.143,20.7,1.46,-0.231,2.922,2.931,10.18,1.21,3.752,3.105,4.87,
CA_S6_O1,2,8.02E+00,7.57E-01,2.06E+00,2.20E+00,1.75E+01,,,,,,,,,,,,,,,,,,,,,,,3.108,3.307,18.59,1.468,-0.246,3.014,3.024,13.95,,,,,
CA_S6_O1,2,8.02E+00,7.62E-01,2.22E+00,2.35E+00,1.69E+01,,,,,,,,,,,,,,,,,,,,,,,3.25,3.453,18.08,1.476,-0.261,3.152,3.163,,,,,,
CA_S6_O1,2,8.03E+00,7.36E-01,2.35E+00,2.46E+00,1.70E+01,,,,,,,,,,,,,,,,,,,,,,,3.401,3.607,20.7,,,,,,,,,,
CA_S6_O1,2,8.04E+00,7.21E-01,2.50E+00,2.60E+00,1.89E+01,,,,,,,,,,,,,,,,,,,,,,,3.577,3.798,20.05,,,,,,,,,,
CA_S6_O1,2,8.05E+00,7.67E-01,2.66E+00,2.77E+00,2.13E+01,,,,,,,,,,,,,,,,,,,,,,,3.712,3.941,18.07,,,,,,,,,,
CA_S6_O1,2,8.06E+00,7.29E-01,2.86E+00,2.95E+00,2.02E+01,,,,,,,,,,,,,,,,,,,,,,,3.865,4.099,16.64,,,,,,,,,,
CA_S6_O1,2,8.07E+00,7.14E-01,2.99E+00,3.08E+00,1.69E+01,,,,,,,,,,,,,,,,,,,,,,,3.979,4.218,,,,,,,,,,,
CA_S6_O1,2,8.07E+00,7.08E-01,3.14E+00,3.22E+00,2.02E+01,,,,,,,,,,,,,,,,,,,,,,,,,,,,,,,,,,,
CA_S6_O1,2,8.08E+00,7.43E-01,3.33E+00,3.41E+00,2.07E+01,,,,,,,,,,,,,,,,,,,,,,,,,,,,,,,,,,,
CA_S6_O1,2,8.09E+00,7.27E-01,3.48E+00,3.56E+00,1.88E+01,,,,,,,,,,,,,,,,,,,,,,,,,,,,,,,,,,,
CA_S6_O1,2,8.10E+00,7.32E-01,3.64E+00,3.71E+00,1.75E+01,,,,,,,,,,,,,,,,,,,,,,,,,,,,,,,,,,,
CA_S6_O1,2,8.11E+00,7.38E-01,3.78E+00,3.85E+00,1.64E+01,,,,,,,,,,,,,,,,,,,,,,,,,,,,,,,,,,,
CA_S6_O1,2,8.12E+00,7.64E-01,3.91E+00,3.99E+00,2.00E+01,,,,,,,,,,,,,,,,,,,,,,,,,,,,,,,,,,,
CA_S6_O1,2,8.12E+00,7.47E-01,4.11E+00,4.18E+00,2.25E+01,,,,,,,,,,,,,,,,,,,,,,,,,,,,,,,,,,,
CA_S6_O1,2,8.13E+00,7.30E-01,4.29E+00,4.35E+00,2.06E+01,,,,,,,,,,,,,,,,,,,,,,,,,,,,,,,,,,,
CA_S6_O1,2,8.14E+00,7.45E-01,4.45E+00,4.52E+00,2.19E+01,,,,,,,,,,,,,,,,,,,,,,,,,,,,,,,,,,,
CA_S6_O1,2,8.15E+00,7.28E-01,4.65E+00,4.71E+00,,,,,,,,,,,,,,,,,,,,,,,,,,,,,,,,,,,,
,,,,,,,,,,,,,,,,,,,,,,,,,,,,,,,,,,,,,,,,,
CA_S6_O1,3,1.01E+01,7.07E-01,8.21E-01,1.08E+00,,,,,,,,,,,,,,,,,,,,,,,,,,,,,,,,,,,,
CA_S6_O1,3,1.01E+01,7.13E-01,9.36E-01,1.18E+00,1.57E+01,,,,,,,,,,,,,,,,,,,,,,,,,,,,,,,,,,,
CA_S6_O1,3,1.01E+01,7.29E-01,1.08E+00,1.31E+00,1.70E+01,,,,,,,,,,,,,,,,,,,,,,,,,,,,,,,,,,,
CA_S6_O1,3,1.02E+01,7.35E-01,1.22E+00,1.42E+00,1.63E+01,,,,,,,,,,,,,,,,,,,,,,,,,,,,,,,,,,,
CA_S6_O1,3,1.02E+01,7.19E-01,1.35E+00,1.53E+00,1.94E+01,,,,,,,,,,,,,,,,,,,,,,,,,,,,,,,,,,,
CA_S6_O1,3,1.02E+01,7.34E-01,1.54E+00,1.71E+00,1.95E+01,,,,,,,,,,,,,,,,,,,,,,,,,,,,,,,,,,,
CA_S6_O1,3,1.02E+01,7.39E-01,1.68E+00,1.83E+00,1.63E+01,,,,,,,,,,,,,,,,,,,,,,,,,,,,,,,,,,,
CA_S6_O1,3,1.02E+01,7.45E-01,1.81E+00,1.96E+00,1.56E+01,,,,,,,,,,,,,,,,,,,,,,,,,,,,,,,,,,,
CA_S6_O1,3,1.02E+01,7.40E-01,1.94E+00,2.08E+00,1.69E+01,,,,,,,,,,,,,,,,,,,,,,,,,,,,,,,,,,,
CA_S6_O1,3,1.02E+01,7.24E-01,2.09E+00,2.22E+00,1.88E+01,,,,,,,,,,,,,,,,,,,,,,,,,,,,,,,,,,,
CA_S6_O1,3,1.02E+01,7.29E-01,2.25E+00,2.37E+00,1.82E+01,,,,,,,,,,,,,,,,,,,,,,,,,,,,,,,,,,,
CA_S6_O1,3,1.02E+01,7.45E-01,2.40E+00,2.51E+00,1.70E+01,,,,,,,,,,,,,,,,,,,,,,,,,,,,,,,,,,,
CA_S6_O1,3,1.02E+01,7.51E-01,2.53E+00,2.64E+00,1.84E+01,,,,,,,,,,,,,,,,,,,,,,,,,,,,,,,,,,,
CA_S6_O1,3,1.02E+01,7.86E-01,2.70E+00,2.81E+00,1.86E+01,,,,,,,,,,,,,,,,,,,,,,,,,,,,,,,,,,,
CA_S6_O1,3,1.02E+01,8.13E-01,2.84E+00,2.95E+00,1.86E+01,,,,,,,,,,,,,,,,,,,,,,,,,,,,,,,,,,,
CA_S6_O1,3,1.03E+01,8.49E-01,3.01E+00,3.12E+00,1.70E+01,,,,,,,,,,,,,,,,,,,,,,,,,,,,,,,,,,,
CA_S6_O1,3,1.03E+01,8.34E-01,3.12E+00,3.23E+00,1.64E+01,,,,,,,,,,,,,,,,,,,,,,,,,,,,,,,,,,,
CA_S6_O1,3,1.03E+01,8.81E-01,3.28E+00,3.40E+00,2.26E+01,,,,,,,,,,,,,,,,,,,,,,,,,,,,,,,,,,,
CA_S6_O1,3,1.03E+01,8.63E-01,3.50E+00,3.60E+00,2.21E+01,,,,,,,,,,,,,,,,,,,,,,,,,,,,,,,,,,,
CA_S6_O1,3,1.03E+01,9.20E-01,3.65E+00,3.76E+00,1.82E+01,,,,,,,,,,,,,,,,,,,,,,,,,,,,,,,,,,,
CA_S6_O1,3,1.03E+01,9.36E-01,3.79E+00,3.91E+00,1.89E+01,,,,,,,,,,,,,,,,,,,,,,,,,,,,,,,,,,,
CA_S6_O1,3,1.03E+01,9.51E-01,3.96E+00,4.07E+00,1.91E+01,,,,,,,,,,,,,,,,,,,,,,,,,,,,,,,,,,,
CA_S6_O1,3,1.03E+01,9.87E-01,4.11E+00,4.22E+00,,,,,,,,,,,,,,,,,,,,,,,,,,,,,,,,,,,,
,,,,,,,,,,,,,,,,,,,,,,,,,,,,,,,,,,,,,,,,,
CA_S6_O1,4,1.37E+01,3.25E-01,7.14E-01,7.84E-01,,,,,,,,,,,,,,,,,,,,,,,,,,,,,,,,,,,,
CA_S6_O1,4,1.37E+01,3.10E-01,8.28E-01,8.84E-01,1.69E+01,,,,,,,,,,,,,,,,,,,,,,,,,,,,,,,,,,,
CA_S6_O1,4,1.37E+01,3.04E-01,9.95E-01,1.04E+00,1.51E+01,,,,,,,,,,,,,,,,,,,,,,,,,,,,,,,,,,,
CA_S6_O1,4,1.37E+01,2.80E-01,1.08E+00,1.11E+00,1.43E+01,,,,,,,,,,,,,,,,,,,,,,,,,,,,,,,,,,,
CA_S6_O1,4,1.38E+01,2.03E-01,1.21E+00,1.23E+00,2.25E+01,,,,,,,,,,,,,,,,,,,,,,,,,,,,,,,,,,,
CA_S6_O1,4,1.38E+01,1.43E-01,1.43E+00,1.43E+00,2.16E+01,,,,,,,,,,,,,,,,,,,,,,,,,,,,,,,,,,,
CA_S6_O1,4,1.38E+01,1.28E-01,1.56E+00,1.57E+00,1.75E+01,,,,,,,,,,,,,,,,,,,,,,,,,,,,,,,,,,,
CA_S6_O1,4,1.38E+01,1.12E-01,1.72E+00,1.72E+00,1.75E+01,,,,,,,,,,,,,,,,,,,,,,,,,,,,,,,,,,,
CA_S6_O1,4,1.38E+01,9.65E-02,1.85E+00,1.86E+00,1.95E+01,,,,,,,,,,,,,,,,,,,,,,,,,,,,,,,,,,,
CA_S6_O1,4,1.38E+01,6.90E-02,2.04E+00,2.04E+00,1.77E+01,,,,,,,,,,,,,,,,,,,,,,,,,,,,,,,,,,,
CA_S6_O1,4,1.38E+01,4.44E-02,2.14E+00,2.14E+00,1.94E+01,,,,,,,,,,,,,,,,,,,,,,,,,,,,,,,,,,,
CA_S6_O1,4,1.38E+01,-2.55E-02,2.35E+00,2.35E+00,2.14E+01,,,,,,,,,,,,,,,,,,,,,,,,,,,,,,,,,,,
CA_S6_O1,4,1.38E+01,-6.16E-02,2.48E+00,2.49E+00,1.84E+01,,,,,,,,,,,,,,,,,,,,,,,,,,,,,,,,,,,
CA_S6_O1,4,1.38E+01,-8.83E-02,2.65E+00,2.65E+00,2.14E+01,,,,,,,,,,,,,,,,,,,,,,,,,,,,,,,,,,,
CA_S6_O1,4,1.38E+01,-1.16E-01,2.84E+00,2.84E+00,2.38E+01,,,,,,,,,,,,,,,,,,,,,,,,,,,,,,,,,,,
CA_S6_O1,4,1.38E+01,-1.23E-01,3.05E+00,3.05E+00,1.94E+01,,,,,,,,,,,,,,,,,,,,,,,,,,,,,,,,,,,
CA_S6_O1,4,1.39E+01,-1.17E-01,3.16E+00,3.16E+00,2.20E+01,,,,,,,,,,,,,,,,,,,,,,,,,,,,,,,,,,,
CA_S6_O1,4,1.39E+01,-1.05E-01,3.41E+00,3.41E+00,2.44E+01,,,,,,,,,,,,,,,,,,,,,,,,,,,,,,,,,,,
CA_S6_O1,4,1.39E+01,-1.42E-01,3.57E+00,3.57E+00,1.81E+01,,,,,,,,,,,,,,,,,,,,,,,,,,,,,,,,,,,
CA_S6_O1,4,1.39E+01,-1.26E-01,3.71E+00,3.72E+00,1.82E+01,,,,,,,,,,,,,,,,,,,,,,,,,,,,,,,,,,,
CA_S6_O1,4,1.39E+01,-1.21E-01,3.87E+00,3.87E+00,1.96E+01,,,,,,,,,,,,,,,,,,,,,,,,,,,,,,,,,,,
CA_S6_O1,4,1.39E+01,-8.53E-02,4.04E+00,4.04E+00,2.02E+01,,,,,,,,,,,,,,,,,,,,,,,,,,,,,,,,,,,
CA_S6_O1,4,1.39E+01,-9.12E-02,4.21E+00,4.21E+00,2.00E+01,,,,,,,,,,,,,,,,,,,,,,,,,,,,,,,,,,,
CA_S6_O1,4,1.39E+01,-9.71E-02,4.37E+00,4.37E+00,2.20E+01,,,,,,,,,,,,,,,,,,,,,,,,,,,,,,,,,,,
CA_S6_O1,4,1.39E+01,-7.29E-02,4.57E+00,4.57E+00,2.28E+01,,,,,,,,,,,,,,,,,,,,,,,,,,,,,,,,,,,
CA_S6_O1,4,1.39E+01,-4.79E-02,4.75E+00,4.75E+00,2.21E+01,,,,,,,,,,,,,,,,,,,,,,,,,,,,,,,,,,,
CA_S6_O1,4,1.39E+01,-3.37E-02,4.94E+00,4.94E+00,2.25E+01,,,,,,,,,,,,,,,,,,,,,,,,,,,,,,,,,,,
CA_S6_O1,4,1.39E+01,-4.03E-02,5.13E+00,5.13E+00,2.57E+01,,,,,,,,,,,,,,,,,,,,,,,,,,,,,,,,,,,
CA_S6_O1,4,1.40E+01,-1.75E-02,5.37E+00,5.37E+00,2.71E+01,,,,,,,,,,,,,,,,,,,,,,,,,,,,,,,,,,,
CA_S6_O1,4,1.40E+01,-4.07E-03,5.58E+00,5.58E+00,2.13E+01,,,,,,,,,,,,,,,,,,,,,,,,,,,,,,,,,,,
CA_S6_O1,4,1.40E+01,-9.24E-03,5.72E+00,5.72E+00,1.88E+01,,,,,,,,,,,,,,,,,,,,,,,,,,,,,,,,,,,
CA_S6_O1,4,1.40E+01,5.70E-03,5.89E+00,5.89E+00,2.44E+01,,,,,,,,,,,,,,,,,,,,,,,,,,,,,,,,,,,
CA_S6_O1,4,1.40E+01,-3.41E-02,6.13E+00,6.13E+00,2.46E+01,,,,,,,,,,,,,,,,,,,,,,,,,,,,,,,,,,,
CA_S6_O1,4,1.40E+01,-6.08E-02,6.29E+00,6.29E+00,2.13E+01,,,,,,,,,,,,,,,,,,,,,,,,,,,,,,,,,,,
CA_S6_O1,4,1.40E+01,-6.75E-02,6.48E+00,6.48E+00,,,,,,,,,,,,,,,,,,,,,,,,,,,,,,,,,,,,
,,,,,,,,,,,,,,,,,,,,,,,,,,,,,,,,,,,,,,,,,
CA_S12_O1,1,1.75E+00,1.02E+00,1.91E+00,2.16E+00,,,,,,,,,,,,,,,,,,,,,,,,,,,,,,,,,,,,
CA_S12_O1,1,1.76E+00,1.02E+00,1.98E+00,2.23E+00,1.05E+01,,,,,,,,,,,,,,,,,,,,,,,,,,,,,,,,,,,
CA_S12_O1,1,1.77E+00,1.00E+00,2.08E+00,2.31E+00,1.22E+01,,,,,,,,,,,,,,,,,,,,,,,,,,,,,,,,,,,
CA_S12_O1,1,1.78E+00,1.00E+00,2.18E+00,2.40E+00,1.13E+01,,,,,,,,,,,,,,,,,,,,,,,,,,,,,,,,,,,
CA_S12_O1,1,1.79E+00,1.00E+00,2.27E+00,2.48E+00,1.22E+01,,,,,,,,,,,,,,,,,,,,,,,,,,,,,,,,,,,
CA_S12_O1,1,1.79E+00,1.00E+00,2.39E+00,2.59E+00,1.22E+01,,,,,,,,,,,,,,,,,,,,,,,,,,,,,,,,,,,
CA_S12_O1,1,1.80E+00,1.00E+00,2.47E+00,2.67E+00,1.22E+01,,,,,,,,,,,,,,,,,,,,,,,,,,,,,,,,,,,
CA_S12_O1,1,1.81E+00,9.88E-01,2.59E+00,2.77E+00,1.31E+01,,,,,,,,,,,,,,,,,,,,,,,,,,,,,,,,,,,
CA_S12_O1,1,1.82E+00,1.02E+00,2.69E+00,2.88E+00,8.90E+00,,,,,,,,,,,,,,,,,,,,,,,,,,,,,,,,,,,
CA_S12_O1,1,1.83E+00,1.02E+00,2.74E+00,2.92E+00,8.73E+00,,,,,,,,,,,,,,,,,,,,,,,,,,,,,,,,,,,
CA_S12_O1,1,1.84E+00,1.02E+00,2.84E+00,3.01E+00,1.22E+01,,,,,,,,,,,,,,,,,,,,,,,,,,,,,,,,,,,
CA_S12_O1,1,1.84E+00,1.00E+00,2.94E+00,3.11E+00,1.14E+01,,,,,,,,,,,,,,,,,,,,,,,,,,,,,,,,,,,
CA_S12_O1,1,1.85E+00,1.03E+00,3.03E+00,3.20E+00,1.16E+01,,,,,,,,,,,,,,,,,,,,,,,,,,,,,,,,,,,
CA_S12_O1,1,1.86E+00,1.05E+00,3.13E+00,3.30E+00,1.05E+01,,,,,,,,,,,,,,,,,,,,,,,,,,,,,,,,,,,
CA_S12_O1,1,1.87E+00,1.05E+00,3.20E+00,3.37E+00,7.85E+00,,,,,,,,,,,,,,,,,,,,,,,,,,,,,,,,,,,
CA_S12_O1,1,1.88E+00,1.05E+00,3.26E+00,3.42E+00,1.22E+01,,,,,,,,,,,,,,,,,,,,,,,,,,,,,,,,,,,
CA_S12_O1,1,1.89E+00,1.06E+00,3.41E+00,3.57E+00,1.49E+01,,,,,,,,,,,,,,,,,,,,,,,,,,,,,,,,,,,
CA_S12_O1,1,1.89E+00,1.06E+00,3.51E+00,3.66E+00,1.40E+01,,,,,,,,,,,,,,,,,,,,,,,,,,,,,,,,,,,
CA_S12_O1,1,1.90E+00,1.06E+00,3.64E+00,3.79E+00,1.13E+01,,,,,,,,,,,,,,,,,,,,,,,,,,,,,,,,,,,
CA_S12_O1,1,1.91E+00,1.06E+00,3.70E+00,3.85E+00,7.85E+00,,,,,,,,,,,,,,,,,,,,,,,,,,,,,,,,,,,
CA_S12_O1,1,1.92E+00,1.06E+00,3.77E+00,3.92E+00,1.13E+01,,,,,,,,,,,,,,,,,,,,,,,,,,,,,,,,,,,
CA_S12_O1,1,1.93E+00,1.06E+00,3.89E+00,4.03E+00,1.13E+01,,,,,,,,,,,,,,,,,,,,,,,,,,,,,,,,,,,
CA_S12_O1,1,1.94E+00,1.06E+00,3.96E+00,4.10E+00,1.14E+01,,,,,,,,,,,,,,,,,,,,,,,,,,,,,,,,,,,
CA_S12_O1,1,1.94E+00,1.08E+00,4.08E+00,4.22E+00,1.34E+01,,,,,,,,,,,,,,,,,,,,,,,,,,,,,,,,,,,
CA_S12_O1,1,1.95E+00,1.10E+00,4.18E+00,4.32E+00,1.25E+01,,,,,,,,,,,,,,,,,,,,,,,,,,,,,,,,,,,
CA_S12_O1,1,1.96E+00,1.12E+00,4.28E+00,4.42E+00,1.22E+01,,,,,,,,,,,,,,,,,,,,,,,,,,,,,,,,,,,
CA_S12_O1,1,1.97E+00,1.10E+00,4.38E+00,4.52E+00,1.40E+01,,,,,,,,,,,,,,,,,,,,,,,,,,,,,,,,,,,
CA_S12_O1,1,1.98E+00,1.10E+00,4.51E+00,4.65E+00,1.31E+01,,,,,,,,,,,,,,,,,,,,,,,,,,,,,,,,,,,
CA_S12_O1,1,1.99E+00,1.09E+00,4.60E+00,4.73E+00,1.06E+01,,,,,,,,,,,,,,,,,,,,,,,,,,,,,,,,,,,
CA_S12_O1,1,1.99E+00,1.08E+00,4.69E+00,4.81E+00,1.40E+01,,,,,,,,,,,,,,,,,,,,,,,,,,,,,,,,,,,
CA_S12_O1,1,2.00E+00,1.08E+00,4.83E+00,4.95E+00,1.40E+01,,,,,,,,,,,,,,,,,,,,,,,,,,,,,,,,,,,
CA_S12_O1,1,2.01E+00,1.09E+00,4.92E+00,5.04E+00,1.42E+01,,,,,,,,,,,,,,,,,,,,,,,,,,,,,,,,,,,
CA_S12_O1,1,2.02E+00,1.12E+00,5.07E+00,5.19E+00,,,,,,,,,,,,,,,,,,,,,,,,,,,,,,,,,,,,
,,,,,,,,,,,,,,,,,,,,,,,,,,,,,,,,,,,,,,,,,
CA_S12_O1,2,3.55E+00,6.39E-01,1.75E+00,1.86E+00,,,,,,,,,,,,,,,,,,,,,,,,,,,,,,,,,,,,
CA_S12_O1,2,3.55E+00,5.95E-01,1.86E+00,1.96E+00,1.33E+01,,,,,,,,,,,,,,,,,,,,,,,,,,,,,,,,,,,
CA_S12_O1,2,3.56E+00,5.51E-01,1.95E+00,2.03E+00,8.99E+00,,,,,,,,,,,,,,,,,,,,,,,,,,,,,,,,,,,
CA_S12_O1,2,3.57E+00,5.22E-01,1.99E+00,2.06E+00,1.15E+01,,,,,,,,,,,,,,,,,,,,,,,,,,,,,,,,,,,
CA_S12_O1,2,3.58E+00,5.22E-01,2.14E+00,2.20E+00,1.57E+01,,,,,,,,,,,,,,,,,,,,,,,,,,,,,,,,,,,
CA_S12_O1,2,3.59E+00,5.07E-01,2.26E+00,2.31E+00,1.49E+01,,,,,,,,,,,,,,,,,,,,,,,,,,,,,,,,,,,
CA_S12_O1,2,3.60E+00,4.93E-01,2.39E+00,2.44E+00,1.23E+01,,,,,,,,,,,,,,,,,,,,,,,,,,,,,,,,,,,
CA_S12_O1,2,3.60E+00,4.78E-01,2.46E+00,2.51E+00,8.60E+00,,,,,,,,,,,,,,,,,,,,,,,,,,,,,,,,,,,
CA_S12_O1,2,3.61E+00,4.35E-01,2.52E+00,2.55E+00,9.95E+00,,,,,,,,,,,,,,,,,,,,,,,,,,,,,,,,,,,
CA_S12_O1,2,3.62E+00,4.35E-01,2.62E+00,2.66E+00,9.64E+00,,,,,,,,,,,,,,,,,,,,,,,,,,,,,,,,,,,
CA_S12_O1,2,3.63E+00,4.20E-01,2.68E+00,2.71E+00,9.95E+00,,,,,,,,,,,,,,,,,,,,,,,,,,,,,,,,,,,
CA_S12_O1,2,3.64E+00,3.91E-01,2.78E+00,2.81E+00,1.44E+01,,,,,,,,,,,,,,,,,,,,,,,,,,,,,,,,,,,
CA_S12_O1,2,3.65E+00,3.18E-01,2.90E+00,2.91E+00,1.44E+01,,,,,,,,,,,,,,,,,,,,,,,,,,,,,,,,,,,
CA_S12_O1,2,3.65E+00,3.33E-01,3.01E+00,3.03E+00,1.14E+01,,,,,,,,,,,,,,,,,,,,,,,,,,,,,,,,,,,
CA_S12_O1,2,3.66E+00,3.33E-01,3.09E+00,3.10E+00,1.06E+01,,,,,,,,,,,,,,,,,,,,,,,,,,,,,,,,,,,
CA_S12_O1,2,3.67E+00,3.04E-01,3.19E+00,3.20E+00,8.90E+00,,,,,,,,,,,,,,,,,,,,,,,,,,,,,,,,,,,
CA_S12_O1,2,3.68E+00,3.04E-01,3.23E+00,3.25E+00,8.73E+00,,,,,,,,,,,,,,,,,,,,,,,,,,,,,,,,,,,
CA_S12_O1,2,3.69E+00,3.04E-01,3.33E+00,3.35E+00,1.06E+01,,,,,,,,,,,,,,,,,,,,,,,,,,,,,,,,,,,
CA_S12_O1,2,3.70E+00,2.75E-01,3.41E+00,3.42E+00,1.30E+01,,,,,,,,,,,,,,,,,,,,,,,,,,,,,,,,,,,
CA_S12_O1,2,3.70E+00,2.31E-01,3.54E+00,3.54E+00,1.49E+01,,,,,,,,,,,,,,,,,,,,,,,,,,,,,,,,,,,
CA_S12_O1,2,3.71E+00,2.45E-01,3.65E+00,3.66E+00,1.22E+01,,,,,,,,,,,,,,,,,,,,,,,,,,,,,,,,,,,
CA_S12_O1,2,3.72E+00,2.31E-01,3.74E+00,3.75E+00,9.64E+00,,,,,,,,,,,,,,,,,,,,,,,,,,,,,,,,,,,
CA_S12_O1,2,3.73E+00,2.31E-01,3.81E+00,3.82E+00,1.25E+01,,,,,,,,,,,,,,,,,,,,,,,,,,,,,,,,,,,
CA_S12_O1,2,3.74E+00,1.87E-01,3.94E+00,3.95E+00,1.42E+01,,,,,,,,,,,,,,,,,,,,,,,,,,,,,,,,,,,
CA_S12_O1,2,3.75E+00,1.87E-01,4.05E+00,4.05E+00,1.31E+01,,,,,,,,,,,,,,,,,,,,,,,,,,,,,,,,,,,
CA_S12_O1,2,3.75E+00,1.73E-01,4.16E+00,4.17E+00,1.22E+01,,,,,,,,,,,,,,,,,,,,,,,,,,,,,,,,,,,
CA_S12_O1,2,3.76E+00,1.73E-01,4.25E+00,4.25E+00,1.22E+01,,,,,,,,,,,,,,,,,,,,,,,,,,,,,,,,,,,
CA_S12_O1,2,3.77E+00,1.58E-01,4.37E+00,4.37E+00,1.75E+01,,,,,,,,,,,,,,,,,,,,,,,,,,,,,,,,,,,
CA_S12_O1,2,3.78E+00,1.43E-01,4.54E+00,4.54E+00,1.41E+01,,,,,,,,,,,,,,,,,,,,,,,,,,,,,,,,,,,
CA_S12_O1,2,3.79E+00,1.29E-01,4.60E+00,4.60E+00,1.23E+01,,,,,,,,,,,,,,,,,,,,,,,,,,,,,,,,,,,
CA_S12_O1,2,3.80E+00,1.14E-01,4.75E+00,4.75E+00,1.57E+01,,,,,,,,,,,,,,,,,,,,,,,,,,,,,,,,,,,
CA_S12_O1,2,3.80E+00,1.14E-01,4.86E+00,4.86E+00,,,,,,,,,,,,,,,,,,,,,,,,,,,,,,,,,,,,
,,,,,,,,,,,,,,,,,,,,,,,,,,,,,,,,,,,,,,,,,
CA_S13_O1,1,1.635,-8.90E-02,1.729,1.732,,,,,,,,,,,,,,,,,,,,,,,,,,,,,,,,,,,,
CA_S13_O1,1,1.643,-0.128,1.795,1.8,9.19,,,,,,,,,,,,,,,,,,,,,,,,,,,,,,,,,,,
CA_S13_O1,1,1.652,-0.168,1.861,1.868,10.95,,,,,,,,,,,,,,,,,,,,,,,,,,,,,,,,,,,
CA_S13_O1,1,1.66,-0.22,1.953,1.965,12.03,,,,,,,,,,,,,,,,,,,,,,,,,,,,,,,,,,,
CA_S13_O1,1,1.668,-0.273,2.032,2.05,13.42,,,,,,,,,,,,,,,,,,,,,,,,,,,,,,,,,,,
CA_S13_O1,1,1.677,-0.365,2.124,2.155,13.42,,,,,,,,,,,,,,,,,,,,,,,,,,,,,,,,,,,
CA_S13_O1,1,1.685,-0.418,2.203,2.242,10.72,,,,,,,,,,,,,,,,,,,,,,,,,,,,,,,,,,,
CA_S13_O1,1,1.693,-0.47,2.268,2.317,10.95,,,,,,,,,,,,,,,,,,,,,,,,,,,,,,,,,,,
CA_S13_O1,1,1.702,-0.51,2.361,2.415,9.875,,,,,,,,,,,,,,,,,,,,,,,,,,,,,,,,,,,
CA_S13_O1,1,1.71,-0.549,2.413,2.475,12.26,,,,,,,,,,,,,,,,,,,,,,,,,,,,,,,,,,,
CA_S13_O1,1,1.718,-0.654,2.505,2.589,14.53,,,,,,,,,,,,,,,,,,,,,,,,,,,,,,,,,,,
CA_S13_O1,1,1.727,-0.707,2.597,2.692,12.46,,,,,,,,,,,,,,,,,,,,,,,,,,,,,,,,,,,
CA_S13_O1,1,1.735,-0.773,2.676,2.785,11.64,,,,,,,,,,,,,,,,,,,,,,,,,,,,,,,,,,,
CA_S13_O1,1,1.743,-0.799,2.768,2.881,10.57,,,,,,,,,,,,,,,,,,,,,,,,,,,,,,,,,,,
CA_S13_O1,1,1.752,-0.852,2.834,2.959,10.03,,,,,,,,,,,,,,,,,,,,,,,,,,,,,,,,,,,
CA_S13_O1,1,1.76,-0.917,2.886,3.029,8.985,,,,,,,,,,,,,,,,,,,,,,,,,,,,,,,,,,,
CA_S13_O1,1,1.768,-0.944,2.952,3.099,8.985,,,,,,,,,,,,,,,,,,,,,,,,,,,,,,,,,,,
CA_S13_O1,1,1.777,-1.009,3.005,3.17,14.03,,,,,,,,,,,,,,,,,,,,,,,,,,,,,,,,,,,
CA_S13_O1,1,1.785,-1.128,3.097,3.296,13.42,,,,,,,,,,,,,,,,,,,,,,,,,,,,,,,,,,,
CA_S13_O1,1,1.793,-1.18,3.149,3.363,7.435,,,,,,,,,,,,,,,,,,,,,,,,,,,,,,,,,,,
CA_S13_O1,1,1.802,-1.193,3.202,3.417,7.049,,,,,,,,,,,,,,,,,,,,,,,,,,,,,,,,,,,
CA_S13_O1,1,1.81,-1.233,3.255,3.48,7.435,,,,,,,,,,,,,,,,,,,,,,,,,,,,,,,,,,,
CA_S13_O1,1,1.818,-1.259,3.307,3.539,9.875,,,,,,,,,,,,,,,,,,,,,,,,,,,,,,,,,,,
CA_S13_O1,1,1.827,-1.312,3.399,3.643,11.64,,,,,,,,,,,,,,,,,,,,,,,,,,,,,,,,,,,
CA_S13_O1,1,1.835,-1.351,3.478,3.731,11.28,,,,,,,,,,,,,,,,,,,,,,,,,,,,,,,,,,,
CA_S13_O1,1,1.844,-1.391,3.57,3.831,10.57,,,,,,,,,,,,,,,,,,,,,,,,,,,,,,,,,,,
CA_S13_O1,1,1.852,-1.43,3.636,3.907,8.524,,,,,,,,,,,,,,,,,,,,,,,,,,,,,,,,,,,
CA_S13_O1,1,1.86,-1.47,3.688,3.97,6.002,,,,,,,,,,,,,,,,,,,,,,,,,,,,,,,,,,,
CA_S13_O1,1,1.869,-1.47,3.728,4.007,9.968,,,,,,,,,,,,,,,,,,,,,,,,,,,,,,,,,,,
CA_S13_O1,1,1.877,-1.522,3.846,4.136,10.95,,,,,,,,,,,,,,,,,,,,,,,,,,,,,,,,,,,
CA_S13_O1,1,1.885,-1.562,3.886,4.188,8.488,,,,,,,,,,,,,,,,,,,,,,,,,,,,,,,,,,,
CA_S13_O1,1,1.894,-1.575,3.978,4.278,8.811,,,,,,,,,,,,,,,,,,,,,,,,,,,,,,,,,,,
CA_S13_O1,1,1.902,-1.588,4.03,4.332,8.811,,,,,,,,,,,,,,,,,,,,,,,,,,,,,,,,,,,
CA_S13_O1,1,1.91,-1.601,4.122,4.422,9.224,,,,,,,,,,,,,,,,,,,,,,,,,,,,,,,,,,,
CA_S13_O1,1,1.919,-1.64,4.175,4.486,9.19,,,,,,,,,,,,,,,,,,,,,,,,,,,,,,,,,,,
CA_S13_O1,1,1.927,-1.68,4.254,4.573,9.968,,,,,,,,,,,,,,,,,,,,,,,,,,,,,,,,,,,
CA_S13_O1,1,1.935,-1.693,4.333,4.652,9.587,,,,,,,,,,,,,,,,,,,,,,,,,,,,,,,,,,,
CA_S13_O1,1,1.944,-1.706,4.412,4.73,9.748,,,,,,,,,,,,,,,,,,,,,,,,,,,,,,,,,,,
CA_S13_O1,1,1.952,-1.732,4.49,4.813,9.587,,,,,,,,,,,,,,,,,,,,,,,,,,,,,,,,,,,
CA_S13_O1,1,1.96,-1.732,4.569,4.887,9.224,,,,,,,,,,,,,,,,,,,,,,,,,,,,,,,,,,,
CA_S13_O1,1,1.969,-1.785,4.635,4.967,9.522,,,,,,,,,,,,,,,,,,,,,,,,,,,,,,,,,,,
CA_S13_O1,1,1.977,-1.798,4.714,5.045,10.51,,,,,,,,,,,,,,,,,,,,,,,,,,,,,,,,,,,
CA_S13_O1,1,1.985,-1.824,4.806,5.141,10.37,,,,,,,,,,,,,,,,,,,,,,,,,,,,,,,,,,,
CA_S13_O1,1,1.994,-1.824,4.885,5.214,8.811,,,,,,,,,,,,,,,,,,,,,,,,,,,,,,,,,,,
CA_S13_O1,1,2.002,-1.851,4.951,5.285,7.476,,,,,,,,,,,,,,,,,,,,,,,,,,,,,,,,,,,
CA_S13_O1,1,2.01,-1.864,5.003,5.339,8.811,,,,,,,,,,,,,,,,,,,,,,,,,,,,,,,,,,,
CA_S13_O1,1,2.019,-1.877,5.095,5.43,,,,,,,,,,,,,,,,,,,,,,,,,,,,,,,,,,,,
,,,,,,,,,,,,,,,,,,,,,,,,,,,,,,,,,,,,,,,,,
CA_S13_O1,2,4.847,1.029,2.584,2.781,,,,,,,,,,,,,,,,,,,,,,,,,,,,,,,,,,,,
CA_S13_O1,2,4.855,0.989,2.65,2.828,10.72,,,,,,,,,,,,,,,,,,,,,,,,,,,,,,,,,,,
CA_S13_O1,2,4.863,0.976,2.755,2.923,13.49,,,,,,,,,,,,,,,,,,,,,,,,,,,,,,,,,,,
CA_S13_O1,2,4.872,0.963,2.873,3.03,15.94,,,,,,,,,,,,,,,,,,,,,,,,,,,,,,,,,,,
CA_S13_O1,2,4.88,0.937,3.018,3.16,16.07,,,,,,,,,,,,,,,,,,,,,,,,,,,,,,,,,,,
CA_S13_O1,2,4.888,0.91,3.136,3.266,14.72,,,,,,,,,,,,,,,,,,,,,,,,,,,,,,,,,,,
CA_S13_O1,2,4.897,0.871,3.255,3.369,13.21,,,,,,,,,,,,,,,,,,,,,,,,,,,,,,,,,,,
CA_S13_O1,2,4.905,0.844,3.347,3.451,11.28,,,,,,,,,,,,,,,,,,,,,,,,,,,,,,,,,,,
CA_S13_O1,2,4.913,0.831,3.439,3.538,12.23,,,,,,,,,,,,,,,,,,,,,,,,,,,,,,,,,,,
CA_S13_O1,2,4.922,0.792,3.544,3.631,11.47,,,,,,,,,,,,,,,,,,,,,,,,,,,,,,,,,,,
CA_S13_O1,2,4.93,0.779,3.623,3.705,12.06,,,,,,,,,,,,,,,,,,,,,,,,,,,,,,,,,,,
CA_S13_O1,2,4.938,0.752,3.741,3.816,12.83,,,,,,,,,,,,,,,,,,,,,,,,,,,,,,,,,,,
CA_S13_O1,2,4.947,0.739,3.833,3.904,11.93,,,,,,,,,,,,,,,,,,,,,,,,,,,,,,,,,,,
CA_S13_O1,2,4.955,0.726,3.938,4.005,13.42,,,,,,,,,,,,,,,,,,,,,,,,,,,,,,,,,,,
CA_S13_O1,2,4.963,0.726,4.057,4.121,12.71,,,,,,,,,,,,,,,,,,,,,,,,,,,,,,,,,,,
CA_S13_O1,2,4.972,0.7,4.149,4.207,14.53,,,,,,,,,,,,,,,,,,,,,,,,,,,,,,,,,,,
CA_S13_O1,2,4.98,0.674,4.293,4.346,15.16,,,,,,,,,,,,,,,,,,,,,,,,,,,,,,,,,,,
CA_S13_O1,2,4.988,0.66,4.398,4.448,13.6,,,,,,,,,,,,,,,,,,,,,,,,,,,,,,,,,,,
CA_S13_O1,2,4.997,0.634,4.517,4.561,13.6,,,,,,,,,,,,,,,,,,,,,,,,,,,,,,,,,,,
CA_S13_O1,2,5.005,0.621,4.622,4.663,13.76,,,,,,,,,,,,,,,,,,,,,,,,,,,,,,,,,,,
CA_S13_O1,2,5.013,0.582,4.74,4.776,12.83,,,,,,,,,,,,,,,,,,,,,,,,,,,,,,,,,,,
CA_S13_O1,2,5.022,0.582,4.832,4.867,11.06,,,,,,,,,,,,,,,,,,,,,,,,,,,,,,,,,,,
CA_S13_O1,2,5.03,0.568,4.924,4.957,12.06,,,,,,,,,,,,,,,,,,,,,,,,,,,,,,,,,,,
CA_S13_O1,2,5.038,0.542,5.029,5.059,14.53,,,,,,,,,,,,,,,,,,,,,,,,,,,,,,,,,,,
CA_S13_O1,2,5.047,0.516,5.161,5.187,14.27,,,,,,,,,,,,,,,,,,,,,,,,,,,,,,,,,,,
CA_S13_O1,2,5.055,0.516,5.266,5.291,12.83,,,,,,,,,,,,,,,,,,,,,,,,,,,,,,,,,,,
CA_S13_O1,2,5.063,0.476,5.371,5.392,9.748,tracked lagging edge,,,,,,,,,,,,,,,,,,,,,,,,,,,,,,,,,,
CA_S13_O1,2,5.072,0.476,5.424,5.445,7.92,,,,,,,,,,,,,,,,,,,,,,,,,,,,,,,,,,,
CA_S13_O1,2,5.08,0.463,5.503,5.522,9.748,,,,,,,,,,,,,,,,,,,,,,,,,,,,,,,,,,,
CA_S13_O1,2,5.088,0.437,5.582,5.599,12.23,,,,,,,,,,,,,,,,,,,,,,,,,,,,,,,,,,,
CA_S13_O1,2,5.097,0.411,5.7,5.715,11.15,,,,,,,,,,,,,,,,,,,,,,,,,,,,,,,,,,,
CA_S13_O1,2,5.105,0.411,5.766,5.78,,,,,,,,,,,,,,,,,,,,,,,,,,,,,,,,,,,,
,,,,,,,,,,,,,,,,,,,,,,,,,,,,,,,,,,,,,,,,,
CA_S13_O2,1,4.50E-01,2.38E+00,1.47E+00,2.80E+00,,,,,,,,,,,,,,,,,,,,,,,,,,,,,,,,,,,,
CA_S13_O2,1,4.59E-01,2.38E+00,1.58E+00,2.86E+00,1.05E+01,,,,,,,,,,,,,,,,,,,,,,,,,,,,,,,,,,,
CA_S13_O2,1,4.67E-01,2.38E+00,1.65E+00,2.89E+00,9.29E+00,,,,,,,,,,,,,,,,,,,,,,,,,,,,,,,,,,,
CA_S13_O2,1,4.75E-01,2.40E+00,1.74E+00,2.96E+00,9.29E+00,,,,,,,,,,,,,,,,,,,,,,,,,,,,,,,,,,,
CA_S13_O2,1,4.84E-01,2.40E+00,1.80E+00,3.00E+00,7.88E+00,,,,,,,,,,,,,,,,,,,,,,,,,,,,,,,,,,,
CA_S13_O2,1,4.92E-01,2.40E+00,1.87E+00,3.04E+00,1.08E+01,,,,,,,,,,,,,,,,,,,,,,,,,,,,,,,,,,,
CA_S13_O2,1,5.01E-01,2.44E+00,1.98E+00,3.14E+00,1.25E+01,,,,,,,,,,,,,,,,,,,,,,,,,,,,,,,,,,,
CA_S13_O2,1,5.09E-01,2.47E+00,2.07E+00,3.22E+00,1.47E+01,,,,,,,,,,,,,,,,,,,,,,,,,,,,,,,,,,,
CA_S13_O2,1,5.17E-01,2.49E+00,2.22E+00,3.33E+00,1.34E+01,,,,,,,,,,,,,,,,,,,,,,,,,,,,,,,,,,,
CA_S13_O2,1,5.26E-01,2.51E+00,2.28E+00,3.39E+00,9.29E+00,,,,,,,,,,,,,,,,,,,,,,,,,,,,,,,,,,,
CA_S13_O2,1,5.34E-01,2.51E+00,2.37E+00,3.45E+00,1.05E+01,,,,,,,,,,,,,,,,,,,,,,,,,,,,,,,,,,,
CA_S13_O2,1,5.42E-01,2.51E+00,2.46E+00,3.51E+00,1.05E+01,,,,,,,,,,,,,,,,,,,,,,,,,,,,,,,,,,,
CA_S13_O2,1,5.51E-01,2.51E+00,2.55E+00,3.58E+00,1.58E+01,,,,,,,,,,,,,,,,,,,,,,,,,,,,,,,,,,,
CA_S13_O2,1,5.59E-01,2.53E+00,2.72E+00,3.72E+00,1.73E+01,,,,,,,,,,,,,,,,,,,,,,,,,,,,,,,,,,,
CA_S13_O2,1,5.67E-01,2.55E+00,2.83E+00,3.81E+00,1.47E+01,,,,,,,,,,,,,,,,,,,,,,,,,,,,,,,,,,,
CA_S13_O2,1,5.76E-01,2.64E+00,2.94E+00,3.95E+00,1.13E+01,,,,,,,,,,,,,,,,,,,,,,,,,,,,,,,,,,,
CA_S13_O2,1,5.84E-01,2.66E+00,2.99E+00,4.00E+00,1.21E+01,,,,,,,,,,,,,,,,,,,,,,,,,,,,,,,,,,,
CA_S13_O2,1,5.92E-01,2.68E+00,3.14E+00,4.13E+00,1.73E+01,,,,,,,,,,,,,,,,,,,,,,,,,,,,,,,,,,,
CA_S13_O2,1,6.01E-01,2.71E+00,3.27E+00,4.25E+00,1.19E+01,,,,,,,,,,,,,,,,,,,,,,,,,,,,,,,,,,,
CA_S13_O2,1,6.09E-01,2.71E+00,3.34E+00,4.30E+00,1.06E+01,,,,,,,,,,,,,,,,,,,,,,,,,,,,,,,,,,,
CA_S13_O2,1,6.17E-01,2.73E+00,3.45E+00,4.40E+00,1.34E+01,,,,,,,,,,,,,,,,,,,,,,,,,,,,,,,,,,,
CA_S13_O2,1,6.26E-01,2.75E+00,3.56E+00,4.50E+00,1.47E+01,,,,,,,,,,,,,,,,,,,,,,,,,,,,,,,,,,,
CA_S13_O2,1,6.34E-01,2.77E+00,3.69E+00,4.61E+00,1.60E+01,,,,,,,,,,,,,,,,,,,,,,,,,,,,,,,,,,,
CA_S13_O2,1,6.42E-01,2.79E+00,3.82E+00,4.73E+00,1.58E+01,,,,,,,,,,,,,,,,,,,,,,,,,,,,,,,,,,,
CA_S13_O2,1,6.51E-01,2.79E+00,3.95E+00,4.84E+00,1.34E+01,,,,,,,,,,,,,,,,,,,,,,,,,,,,,,,,,,,
CA_S13_O2,1,6.59E-01,2.84E+00,4.04E+00,4.94E+00,9.57E+00,,,,,,,,,,,,,,,,,,,,,,,,,,,,,,,,,,,
CA_S13_O2,1,6.67E-01,2.84E+00,4.10E+00,4.99E+00,7.99E+00,,,,,,,,,,,,,,,,,,,,,,,,,,,,,,,,,,,
CA_S13_O2,1,6.76E-01,2.86E+00,4.17E+00,5.06E+00,5.42E+00,,,,,,,,,,,,,,,,,,,,,,,,,,,,,,,,,,,
CA_S13_O2,1,6.84E-01,2.86E+00,4.19E+00,5.07E+00,6.70E+00,,,,,,,,,,,,,,,,,,,,,,,,,,,,,,,,,,,
CA_S13_O2,1,6.92E-01,2.88E+00,4.28E+00,5.16E+00,1.34E+01,,,,,,,,,,,,,,,,,,,,,,,,,,,,,,,,,,,
CA_S13_O2,1,7.01E-01,2.90E+00,4.41E+00,5.28E+00,1.34E+01,,,,,,,,,,,,,,,,,,,,,,,,,,,,,,,,,,,
CA_S13_O2,1,7.09E-01,2.93E+00,4.50E+00,5.37E+00,1.08E+01,,,,,,,,,,,,,,,,,,,,,,,,,,,,,,,,,,,
CA_S13_O2,1,7.17E-01,2.95E+00,4.59E+00,5.45E+00,,,,,,,,,,,,,,,,,,,,,,,,,,,,,,,,,,,,
,,,,,,,,,,,,,,,,,,,,,,,,,,,,,,,,,,,,,,,,,
CA_S13_O2,2,8.30E+00,3.20E-02,2.99E+00,2.99E+00,,,,,,,,,,,,,,,,,,,,,,,,,,,,,,,,,,,,
CA_S13_O2,2,8.31E+00,3.20E-02,3.10E+00,3.10E+00,9.29E+00,,,,,,,,,,,,,,,,,,,,,,,,,,,,,,,,,,,
CA_S13_O2,2,8.32E+00,1.01E-02,3.14E+00,3.14E+00,1.06E+01,,,,,,,,,,,,,,,,,,,,,,,,,,,,,,,,,,,
CA_S13_O2,2,8.32E+00,1.01E-02,3.27E+00,3.27E+00,1.45E+01,,,,,,,,,,,,,,,,,,,,,,,,,,,,,,,,,,,
CA_S13_O2,2,8.33E+00,-1.18E-02,3.38E+00,3.38E+00,1.32E+01,,,,,,,,,,,,,,,,,,,,,,,,,,,,,,,,,,,
CA_S13_O2,2,8.34E+00,-1.18E-02,3.49E+00,3.49E+00,7.88E+00,,,,,,,,,,,,,,,,,,,,,,,,,,,,,,,,,,,
CA_S13_O2,2,8.35E+00,-1.18E-02,3.51E+00,3.51E+00,6.70E+00,,,,,,,,,,,,,,,,,,,,,,,,,,,,,,,,,,,
CA_S13_O2,2,8.36E+00,-3.37E-02,3.60E+00,3.60E+00,9.29E+00,,,,,,,,,,,,,,,,,,,,,,,,,,,,,,,,,,,
CA_S13_O2,2,8.37E+00,-3.37E-02,3.67E+00,3.67E+00,1.05E+01,,,,,,,,,,,,,,,,,,,,,,,,,,,,,,,,,,,
CA_S13_O2,2,8.38E+00,-3.37E-02,3.78E+00,3.78E+00,1.05E+01,,,,,,,,,,,,,,,,,,,,,,,,,,,,,,,,,,,
CA_S13_O2,2,8.38E+00,-3.37E-02,3.84E+00,3.84E+00,9.20E+00,,,,,,,,,,,,,,,,,,,,,,,,,,,,,,,,,,,
CA_S13_O2,2,8.39E+00,-3.37E-02,3.93E+00,3.93E+00,1.05E+01,,,,,,,,,,,,,,,,,,,,,,,,,,,,,,,,,,,
CA_S13_O2,2,8.40E+00,-3.37E-02,4.02E+00,4.02E+00,1.58E+01,,,,,,,,,,,,,,,,,,,,,,,,,,,,,,,,,,,
CA_S13_O2,2,8.41E+00,-3.37E-02,4.19E+00,4.19E+00,1.71E+01,,,,,,,,,,,,,,,,,,,,,,,,,,,,,,,,,,,
CA_S13_O2,2,8.42E+00,-3.37E-02,4.30E+00,4.30E+00,1.05E+01,,,,,,,,,,,,,,,,,,,,,,,,,,,,,,,,,,,
CA_S13_O2,2,8.43E+00,-3.37E-02,4.37E+00,4.37E+00,1.45E+01,,,,,,,,,,,,,,,,,,,,,,,,,,,,,,,,,,,
CA_S13_O2,2,8.43E+00,-5.56E-02,4.54E+00,4.54E+00,1.71E+01,,,,,,,,,,,,,,,,,,,,,,,,,,,,,,,,,,,
CA_S13_O2,2,8.44E+00,-5.56E-02,4.65E+00,4.65E+00,1.45E+01,,,,,,,,,,,,,,,,,,,,,,,,,,,,,,,,,,,
CA_S13_O2,2,8.45E+00,-5.56E-02,4.78E+00,4.78E+00,1.99E+01,,,,,,,,,,,,,,,,,,,,,,,,,,,,,,,,,,,
CA_S13_O2,2,8.46E+00,-9.95E-02,4.98E+00,4.98E+00,2.40E+01,,,,,,,,,,,,,,,,,,,,,,,,,,,,,,,,,,,
CA_S13_O2,2,8.47E+00,-1.21E-01,5.18E+00,5.18E+00,1.58E+01,,,,,,,,,,,,,,,,,,,,,,,,,,,,,,,,,,,
CA_S13_O2,2,8.48E+00,-1.21E-01,5.24E+00,5.25E+00,1.45E+01,,,,,,,,,,,,,,,,,,,,,,,,,,,,,,,,,,,
CA_S13_O2,2,8.48E+00,-1.43E-01,5.42E+00,5.42E+00,1.98E+01,,,,,,,,,,,,,,,,,,,,,,,,,,,,,,,,,,,
CA_S13_O2,2,8.49E+00,-1.43E-01,5.57E+00,5.57E+00,1.86E+01,,,,,,,,,,,,,,,,,,,,,,,,,,,,,,,,,,,
CA_S13_O2,2,8.50E+00,-1.87E-01,5.73E+00,5.73E+00,1.79E+01,,,,,,,,,,,,,,,,,,,,,,,,,,,,,,,,,,,
CA_S13_O2,2,8.51E+00,-2.31E-01,5.86E+00,5.86E+00,1.63E+01,,,,,,,,,,,,,,,,,,,,,,,,,,,,,,,,,,,
CA_S13_O2,2,8.52E+00,-2.53E-01,5.99E+00,5.99E+00,1.47E+01,,,,,,,,,,,,,,,,,,,,,,,,,,,,,,,,,,,
CA_S13_O2,2,8.53E+00,-2.75E-01,6.10E+00,6.11E+00,1.34E+01,,,,,,,,,,,,,,,,,,,,,,,,,,,,,,,,,,,
CA_S13_O2,2,8.53E+00,-2.97E-01,6.21E+00,6.22E+00,1.34E+01,,,,,,,,,,,,,,,,,,,,,,,,,,,,,,,,,,,
CA_S13_O2,2,8.54E+00,-3.19E-01,6.32E+00,6.33E+00,1.88E+01,,,,,,,,,,,,,,,,,,,,,,,,,,,,,,,,,,,
CA_S13_O2,2,8.55E+00,-3.63E-01,6.52E+00,6.53E+00,2.04E+01,,,,,,,,,,,,,,,,,,,,,,,,,,,,,,,,,,,
CA_S13_O2,2,8.56E+00,-4.06E-01,6.65E+00,6.66E+00,1.88E+01,,,,,,,,,,,,,,,,,,,,,,,,,,,,,,,,,,,
CA_S13_O2,2,8.57E+00,-4.94E-01,6.80E+00,6.82E+00,1.71E+01,,,,,,,,,,,,,,,,,,,,,,,,,,,,,,,,,,,
CA_S13_O2,2,8.58E+00,-5.16E-01,6.91E+00,6.93E+00,1.50E+01,,,,,,,,,,,,,,,,,,,,,,,,,,,,,,,,,,,
CA_S13_O2,2,8.58E+00,-5.60E-01,7.04E+00,7.06E+00,1.63E+01,,,,,,,,,,,,,,,,,,,,,,,,,,,,,,,,,,,
CA_S13_O2,2,8.59E+00,-5.82E-01,7.17E+00,7.20E+00,1.32E+01,,,,,,,,,,,,,,,,,,,,,,,,,,,,,,,,,,,
CA_S13_O2,2,8.60E+00,-5.82E-01,7.26E+00,7.28E+00,,,,,,,,,,,,,,,,,,,,,,,,,,,,,,,,,,,,
,,,,,,,,,,,,,,,,,,,,,,,,,,,,,,,,,,,,,,,,,
CA_S14_O1,1,1.677,3.941,1.003,4.067,,,,,,,,,,,,,,,,,,,,,,,,,,,,,,,,,,,,
CA_S14_O1,1,1.685,3.891,1.147,4.056,19.77,,,,,,,,,,,,,,,,,,,,,,,,,,,,,,,,,,,
CA_S14_O1,1,1.693,3.84,1.317,4.059,22.32,,,,,,,,,,,,,,,,,,,,,,,,,,,,,,,,,,,
CA_S14_O1,1,1.702,3.783,1.503,4.071,22.39,,,,,,,,,,,,,,,,,,,,,,,,,,,,,,,,,,,
CA_S14_O1,1,1.71,3.748,1.679,4.107,20.08,,,,,,,,,,,,,,,,,,,,,,,,,,,,,,,,,,,
CA_S14_O1,1,1.718,3.729,1.834,4.156,19.93,,,,,,,,,,,,,,,,,,,,,,,,,,,,,,,,,,,
CA_S14_O1,1,1.727,3.678,2.004,4.189,22.39,,,,,,,,,,,,,,,,,,,,,,,,,,,,,,,,,,,
CA_S14_O1,1,1.735,3.637,2.196,4.249,18.92,,,,,,,,,,,,,,,,,,,,,,,,,,,,,,,,,,,
CA_S14_O1,1,1.743,3.614,2.313,4.291,22.51,,,,,,,,,,,,,,,,,,,,,,,,,,,,,,,,,,,
CA_S14_O1,1,1.752,3.561,2.564,4.388,23.08,,,,,,,,,,,,,,,,,,,,,,,,,,,,,,,,,,,
CA_S14_O1,1,1.76,3.543,2.692,4.449,18.81,,,,,,,,,,,,,,,,,,,,,,,,,,,,,,,,,,,
CA_S14_O1,1,1.768,3.481,2.867,4.51,23.08,,,,,,,,,,,,,,,,,,,,,,,,,,,,,,,,,,,
CA_S14_O1,1,1.777,3.472,3.07,4.635,23.66,,,,,,,,,,,,,,,,,,,,,,,,,,,,,,,,,,,
CA_S14_O1,1,1.785,3.415,3.257,4.719,23.33,,,,,,,,,,,,,,,,,,,,,,,,,,,,,,,,,,,
CA_S14_O1,1,1.793,3.358,3.443,4.81,24.41,,,,,,,,,,,,,,,,,,,,,,,,,,,,,,,,,,,
CA_S14_O1,1,1.802,3.312,3.651,4.929,26.53,,,,,,,,,,,,,,,,,,,,,,,,,,,,,,,,,,,
CA_S14_O1,1,1.81,3.26,3.874,5.063,24.96,,,,,,,,,,,,,,,,,,,,,,,,,,,,,,,,,,,
CA_S14_O1,1,1.818,3.214,4.055,5.174,21.94,,,,,,,,,,,,,,,,,,,,,,,,,,,,,,,,,,,
CA_S14_O1,1,1.827,3.179,4.231,5.292,,,,,,,,,,,,,,,,,,,,,,,,,,,,,,,,,,,,
,,,,,,,,,,,,,,,,,,,,,,,,,,,,,,,,,,,,,,,,,
CA_S14_O1,2,3.745,3.931,1.009,4.058,,,,,,,,,,,,,,,,,,,,,,,,,,,,,,,,,,,,
CA_S14_O1,2,3.754,3.895,1.184,4.072,21.08,,,,,,,,,,,,,,,,,,,,,,,,,,,,,,,,,,,
CA_S14_O1,2,3.762,3.871,1.355,4.101,21.88,,,,,,,,,,,,,,,,,,,,,,,,,,,,,,,,,,,
CA_S14_O1,2,3.77,3.857,1.548,4.156,21.51,,,,,,,,,,,,,,,,,,,,,,,,,,,,,,,,,,,
CA_S14_O1,2,3.779,3.843,1.713,4.208,17.96,,,,,,,,,,,,,,,,,,,,,,,,,,,,,,,,,,,
CA_S14_O1,2,3.787,3.841,1.847,4.262,17.7,,,,,,,,,,,,,,,,,,,,,,,,,,,,,,,,,,,
CA_S14_O1,2,3.795,3.811,2.007,4.307,21.67,,,,,,,,,,,,,,,,,,,,,,,,,,,,,,,,,,,
CA_S14_O1,2,3.804,3.787,2.204,4.381,23.26,,,,,,,,,,,,,,,,,,,,,,,,,,,,,,,,,,,
CA_S14_O1,2,3.812,3.757,2.391,4.453,22.51,,,,,,,,,,,,,,,,,,,,,,,,,,,,,,,,,,,
CA_S14_O1,2,3.82,3.711,2.572,4.515,22.95,,,,,,,,,,,,,,,,,,,,,,,,,,,,,,,,,,,
CA_S14_O1,2,3.829,3.67,2.764,4.594,22.95,,,,,,,,,,,,,,,,,,,,,,,,,,,,,,,,,,,
CA_S14_O1,2,3.837,3.624,2.945,4.669,23.66,,,,,,,,,,,,,,,,,,,,,,,,,,,,,,,,,,,
CA_S14_O1,2,3.846,3.604,3.153,4.789,22.66,,,,,,,,,,,,,,,,,,,,,,,,,,,,,,,,,,,
CA_S14_O1,2,3.854,3.564,3.318,4.869,19.82,,,,,,,,,,,,,,,,,,,,,,,,,,,,,,,,,,,
CA_S14_O1,2,3.862,3.518,3.472,4.943,22.32,,,,,,,,,,,,,,,,,,,,,,,,,,,,,,,,,,,
CA_S14_O1,2,3.871,3.456,3.674,5.044,27.44,,,,,,,,,,,,,,,,,,,,,,,,,,,,,,,,,,,
CA_S14_O1,2,3.879,3.398,3.914,5.184,24.96,,,,,,,,,,,,,,,,,,,,,,,,,,,,,,,,,,,
CA_S14_O1,2,3.887,3.358,4.079,5.284,,,,,,,,,,,,,,,,,,,,,,,,,,,,,,,,,,,,
,,,,,,,,,,,,,,,,,,,,,,,,,,,,,,,,,,,,,,,,,
CA_S14_O1,3,5.172,4.867,0.667,4.913,,,,,,,,,,,,,,,,,,,,,,,,,,,,,,,,,,,,
CA_S14_O1,3,5.18,4.827,0.832,4.898,19.93,,,,,,,,,,,,,,,,,,,,,,,,,,,,,,,,,,,
CA_S14_O1,3,5.189,4.797,0.992,4.899,20.08,,,,,,,,,,,,,,,,,,,,,,,,,,,,,,,,,,,
CA_S14_O1,3,5.197,4.773,1.162,4.912,22.49,,,,,,,,,,,,,,,,,,,,,,,,,,,,,,,,,,,
CA_S14_O1,3,5.205,4.764,1.366,4.956,22.66,,,,,,,,,,,,,,,,,,,,,,,,,,,,,,,,,,,
CA_S14_O1,3,5.214,4.713,1.536,4.957,20.5,,,,,,,,,,,,,,,,,,,,,,,,,,,,,,,,,,,
CA_S14_O1,3,5.222,4.699,1.701,4.998,22.26,,,,,,,,,,,,,,,,,,,,,,,,,,,,,,,,,,,
CA_S14_O1,3,5.23,4.664,1.904,5.037,24.25,,,,,,,,,,,,,,,,,,,,,,,,,,,,,,,,,,,
CA_S14_O1,3,5.239,4.639,2.101,5.093,21.67,,,,,,,,,,,,,,,,,,,,,,,,,,,,,,,,,,,
CA_S14_O1,3,5.247,4.609,2.261,5.134,21.38,,,,,,,,,,,,,,,,,,,,,,,,,,,,,,,,,,,
CA_S14_O1,3,5.255,4.553,2.448,5.169,23.4,,,,,,,,,,,,,,,,,,,,,,,,,,,,,,,,,,,
CA_S14_O1,3,5.264,4.512,2.639,5.227,23.26,,,,,,,,,,,,,,,,,,,,,,,,,,,,,,,,,,,
CA_S14_O1,3,5.272,4.498,2.832,5.315,25,,,,,,,,,,,,,,,,,,,,,,,,,,,,,,,,,,,
CA_S14_O1,3,5.28,4.499,3.056,5.439,24.68,,,,,,,,,,,,,,,,,,,,,,,,,,,,,,,,,,,
CA_S14_O1,3,5.289,4.496,3.243,5.544,23.48,,,,,,,,,,,,,,,,,,,,,,,,,,,,,,,,,,,
CA_S14_O1,3,5.297,4.46,3.446,5.636,20.5,,,,,,,,,,,,,,,,,,,,,,,,,,,,,,,,,,,
CA_S14_O1,3,5.305,4.431,3.579,5.696,19.93,,,,,,,,,,,,,,,,,,,,,,,,,,,,,,,,,,,
CA_S14_O1,3,5.314,4.39,3.771,5.788,22.39,,,,,,,,,,,,,,,,,,,,,,,,,,,,,,,,,,,
CA_S14_O1,3,5.322,4.339,3.941,5.862,22.39,,,,,,,,,,,,,,,,,,,,,,,,,,,,,,,,,,,
CA_S14_O1,3,5.33,4.298,4.133,5.963,24.41,,,,,,,,,,,,,,,,,,,,,,,,,,,,,,,,,,,
CA_S14_O1,3,5.339,4.236,4.335,6.061,,,,,,,,,,,,,,,,,,,,,,,,,,,,,,,,,,,,
,,,,,,,,,,,,,,,,,,,,,,,,,,,,,,,,,,,,,,,,,
CA_S14_O1,4,7.357,3.823,0.729,3.892,,,,,,,,,,,,,,,,,,,,,,,,,,,,,,,,,,,,
CA_S14_O1,4,7.366,3.782,0.92,3.893,20.67,,,,,,,,,,,,,,,,,,,,,,,,,,,,,,,,,,,
CA_S14_O1,4,7.374,3.774,1.07,3.923,22.26,,,,,,,,,,,,,,,,,,,,,,,,,,,,,,,,,,,
CA_S14_O1,4,7.382,3.733,1.289,3.949,25.52,,,,,,,,,,,,,,,,,,,,,,,,,,,,,,,,,,,
CA_S14_O1,4,7.391,3.682,1.486,3.97,23.51,,,,,,,,,,,,,,,,,,,,,,,,,,,,,,,,,,,
CA_S14_O1,4,7.399,3.652,1.672,4.016,26.84,,,,,,,,,,,,,,,,,,,,,,,,,,,,,,,,,,,
CA_S14_O1,4,7.407,3.615,1.928,4.097,25.25,,,,,,,,,,,,,,,,,,,,,,,,,,,,,,,,,,,
CA_S14_O1,4,7.416,3.585,2.088,4.149,19.5,,,,,,,,,,,,,,,,,,,,,,,,,,,,,,,,,,,
CA_S14_O1,4,7.424,3.556,2.248,4.207,21.51,,,,,,,,,,,,,,,,,,,,,,,,,,,,,,,,,,,
CA_S14_O1,4,7.432,3.558,2.446,4.318,25.97,,,,,,,,,,,,,,,,,,,,,,,,,,,,,,,,,,,
CA_S14_O1,4,7.441,3.538,2.681,4.439,27.66,,,,,,,,,,,,,,,,,,,,,,,,,,,,,,,,,,,
CA_S14_O1,4,7.449,3.512,2.905,4.558,27.43,,,,,,,,,,,,,,,,,,,,,,,,,,,,,,,,,,,
CA_S14_O1,4,7.457,3.476,3.135,4.681,26.06,,,,,,,,,,,,,,,,,,,,,,,,,,,,,,,,,,,
CA_S14_O1,4,7.466,3.467,3.338,4.813,23.43,,,,,,,,,,,,,,,,,,,,,,,,,,,,,,,,,,,
CA_S14_O1,4,7.474,3.491,3.525,4.961,22.78,,,,,,,,,,,,,,,,,,,,,,,,,,,,,,,,,,,
CA_S14_O1,4,7.482,3.477,3.718,5.09,25.08,,,,,,,,,,,,,,,,,,,,,,,,,,,,,,,,,,,
CA_S14_O1,4,7.491,3.451,3.942,5.239,27.29,,,,,,,,,,,,,,,,,,,,,,,,,,,,,,,,,,,
CA_S14_O1,4,7.499,3.442,4.172,5.408,25.97,,,,,,,,,,,,,,,,,,,,,,,,,,,,,,,,,,,
CA_S14_O1,4,7.508,3.433,4.375,5.561,,,,,,,,,,,,,,,,,,,,,,,,,,,,,,,,,,,,
,,,,,,,,,,,,,,,,,,,,,,,,,,,,,,,,,,,,,,,,,
CA_S14_O1,5,9.718,4.192,0.724,4.254,,,,,,,,,,,,,,,,,,,,,,,,,,,,,,,,,,,,
CA_S14_O1,5,9.726,4.152,0.916,4.251,24.66,,,,,,,,,,,,,,,,,,,,,,,,,,,,,,,,,,,
CA_S14_O1,5,9.735,4.121,1.13,4.273,26.06,,,,,,,,,,,,,,,,,,,,,,,,,,,,,,,,,,,
CA_S14_O1,5,9.743,4.106,1.349,4.322,25.84,,,,,,,,,,,,,,,,,,,,,,,,,,,,,,,,,,,
CA_S14_O1,5,9.751,4.06,1.556,4.348,26.25,,,,,,,,,,,,,,,,,,,,,,,,,,,,,,,,,,,
CA_S14_O1,5,9.76,4.035,1.781,4.41,26.66,,,,,,,,,,,,,,,,,,,,,,,,,,,,,,,,,,,
CA_S14_O1,5,9.768,3.978,1.994,4.449,25.66,,,,,,,,,,,,,,,,,,,,,,,,,,,,,,,,,,,
CA_S14_O1,5,9.776,3.958,2.202,4.529,25.08,,,,,,,,,,,,,,,,,,,,,,,,,,,,,,,,,,,
CA_S14_O1,5,9.785,3.938,2.41,4.617,26.84,,,,,,,,,,,,,,,,,,,,,,,,,,,,,,,,,,,
CA_S14_O1,5,9.793,3.891,2.645,4.705,24.96,,,,,,,,,,,,,,,,,,,,,,,,,,,,,,,,,,,
CA_S14_O1,5,9.801,3.84,2.815,4.761,23.66,,,,,,,,,,,,,,,,,,,,,,,,,,,,,,,,,,,
CA_S14_O1,5,9.81,3.826,3.034,4.883,27.05,,,,,,,,,,,,,,,,,,,,,,,,,,,,,,,,,,,
CA_S14_O1,5,9.818,3.789,3.263,5.001,29.25,,,,,,,,,,,,,,,,,,,,,,,,,,,,,,,,,,,
CA_S14_O1,5,9.826,3.737,3.514,5.129,27.09,,,,,,,,,,,,,,,,,,,,,,,,,,,,,,,,,,,
CA_S14_O1,5,9.835,3.696,3.705,5.234,21.94,,,,,,,,,,,,,,,,,,,,,,,,,,,,,,,,,,,
CA_S14_O1,5,9.843,3.656,3.871,5.324,25.09,,,,,,,,,,,,,,,,,,,,,,,,,,,,,,,,,,,
CA_S14_O1,5,9.852,3.614,4.116,5.477,,,,,,,,,,,,,,,,,,,,,,,,,,,,,,,,,,,,
,,,,,,,,,,,,,,,,,,,,,,,,,,,,,,,,,,,,,,,,,
CA_S14_O1,6,12.5,4.328,0.925,4.426,,,,,,,,,,,,,,,,,,,,,,,,,,,,,,,,,,,,
CA_S14_O1,6,12.51,4.304,1.069,4.435,19.91,,,,,,,,,,,,,,,,,,,,,,,,,,,,,,,,,,,
CA_S14_O1,6,12.52,4.301,1.256,4.48,23.11,,,,,,,,,,,,,,,,,,,,,,,,,,,,,,,,,,,
CA_S14_O1,6,12.53,4.276,1.453,4.516,23.86,,,,,,,,,,,,,,,,,,,,,,,,,,,,,,,,,,,
CA_S14_O1,6,12.54,4.251,1.651,4.56,25.64,,,,,,,,,,,,,,,,,,,,,,,,,,,,,,,,,,,
CA_S14_O1,6,12.55,4.268,1.881,4.664,25.69,,,,,,,,,,,,,,,,,,,,,,,,,,,,,,,,,,,
CA_S14_O1,6,12.55,4.27,2.079,4.749,25,,,,,,,,,,,,,,,,,,,,,,,,,,,,,,,,,,,
CA_S14_O1,6,12.56,4.256,2.298,4.836,21.51,,,,,,,,,,,,,,,,,,,,,,,,,,,,,,,,,,,
CA_S14_O1,6,12.57,4.243,2.437,4.893,20.83,,,,,,,,,,,,,,,,,,,,,,,,,,,,,,,,,,,
CA_S14_O1,6,12.58,4.25,2.645,5.006,21.83,,,,,,,,,,,,,,,,,,,,,,,,,,,,,,,,,,,
CA_S14_O1,6,12.59,4.258,2.801,5.096,22.78,,,,,,,,,,,,,,,,,,,,,,,,,,,,,,,,,,,
CA_S14_O1,6,12.6,4.259,3.025,5.224,25.97,,,,,,,,,,,,,,,,,,,,,,,,,,,,,,,,,,,
CA_S14_O1,6,12.6,4.239,3.234,5.332,25,,,,,,,,,,,,,,,,,,,,,,,,,,,,,,,,,,,
CA_S14_O1,6,12.61,4.246,3.442,5.466,24.38,,,,,,,,,,,,,,,,,,,,,,,,,,,,,,,,,,,
CA_S14_O1,6,12.62,4.248,3.64,5.594,27.02,,,,,,,,,,,,,,,,,,,,,,,,,,,,,,,,,,,
CA_S14_O1,6,12.63,4.276,3.892,5.782,24.09,,,,,,,,,,,,,,,,,,,,,,,,,,,,,,,,,,,
CA_S14_O1,6,12.64,4.268,4.042,5.878,,,,,,,,,,,,,,,,,,,,,,,,,,,,,,,,,,,,
,,,,,,,,,,,,,,,,,,,,,,,,,,,,,,,,,,,,,,,,,
CA_S14_O2,1,4.17E-02,-6.41E-01,1.81E+00,1.92E+00,,,,,,,,,,,,,,,,,,,,,,,,,,,,,,,,,,,,
CA_S14_O2,1,5.01E-02,-5.99E-01,1.93E+00,2.02E+00,1.70E+01,,,,,,,,,,,,,,,,,,,,,,,,,,,,,,,,,,,
CA_S14_O2,1,5.84E-02,-5.99E-01,2.09E+00,2.17E+00,1.89E+01,,,,,,,,,,,,,,,,,,,,,,,,,,,,,,,,,,,
CA_S14_O2,1,6.67E-02,-5.29E-01,2.24E+00,2.30E+00,1.89E+01,,,,,,,,,,,,,,,,,,,,,,,,,,,,,,,,,,,
CA_S14_O2,1,7.51E-02,-4.87E-01,2.38E+00,2.43E+00,1.75E+01,,,,,,,,,,,,,,,,,,,,,,,,,,,,,,,,,,,
CA_S14_O2,1,8.34E-02,-4.45E-01,2.52E+00,2.56E+00,1.91E+01,,,,,,,,,,,,,,,,,,,,,,,,,,,,,,,,,,,
CA_S14_O2,1,9.18E-02,-4.03E-01,2.69E+00,2.72E+00,1.99E+01,,,,,,,,,,,,,,,,,,,,,,,,,,,,,,,,,,,
CA_S14_O2,1,1.00E-01,-3.61E-01,2.84E+00,2.87E+00,2.08E+01,,,,,,,,,,,,,,,,,,,,,,,,,,,,,,,,,,,
CA_S14_O2,1,1.08E-01,-3.19E-01,3.03E+00,3.04E+00,1.97E+01,,,,,,,,,,,,,,,,,,,,,,,,,,,,,,,,,,,
CA_S14_O2,1,1.17E-01,-2.91E-01,3.17E+00,3.18E+00,2.02E+01,,,,,,,,,,,,,,,,,,,,,,,,,,,,,,,,,,,
CA_S14_O2,1,1.25E-01,-2.21E-01,3.35E+00,3.36E+00,2.18E+01,,,,,,,,,,,,,,,,,,,,,,,,,,,,,,,,,,,
CA_S14_O2,1,1.33E-01,-1.93E-01,3.52E+00,3.52E+00,1.97E+01,,,,,,,,,,,,,,,,,,,,,,,,,,,,,,,,,,,
CA_S14_O2,1,1.42E-01,-1.51E-01,3.67E+00,3.67E+00,2.18E+01,,,,,,,,,,,,,,,,,,,,,,,,,,,,,,,,,,,
CA_S14_O2,1,1.50E-01,-9.47E-02,3.87E+00,3.87E+00,2.34E+01,,,,,,,,,,,,,,,,,,,,,,,,,,,,,,,,,,,
CA_S14_O2,1,1.58E-01,-5.27E-02,4.05E+00,4.05E+00,1.97E+01,,,,,,,,,,,,,,,,,,,,,,,,,,,,,,,,,,,
CA_S14_O2,1,1.67E-01,-2.48E-02,4.19E+00,4.19E+00,2.26E+01,,,,,,,,,,,,,,,,,,,,,,,,,,,,,,,,,,,
CA_S14_O2,1,1.75E-01,4.52E-02,4.41E+00,4.41E+00,2.65E+01,,,,,,,,,,,,,,,,,,,,,,,,,,,,,,,,,,,
CA_S14_O2,1,1.84E-01,1.15E-01,4.61E+00,4.61E+00,2.42E+01,,,,,,,,,,,,,,,,,,,,,,,,,,,,,,,,,,,
CA_S14_O2,1,1.92E-01,1.43E-01,4.80E+00,4.81E+00,2.37E+01,,,,,,,,,,,,,,,,,,,,,,,,,,,,,,,,,,,
CA_S14_O2,1,2.00E-01,1.71E-01,5.00E+00,5.00E+00,2.48E+01,,,,,,,,,,,,,,,,,,,,,,,,,,,,,,,,,,,
CA_S14_O2,1,2.09E-01,2.27E-01,5.21E+00,5.21E+00,2.32E+01,,,,,,,,,,,,,,,,,,,,,,,,,,,,,,,,,,,
CA_S14_O2,1,2.17E-01,2.55E-01,5.38E+00,5.38E+00,,,,,,,,,,,,,,,,,,,,,,,,,,,,,,,,,,,,
,,,,,,,,,,,,,,,,,,,,,,,,,,,,,,,,,,,,,,,,,
CA_S14_O2,2,1.52E+00,-2.77E-01,1.91E+00,1.93E+00,,,,,,,,,,,,,,,,,,,,,,,,,,,,,,,,,,,,
CA_S14_O2,2,1.53E+00,-2.63E-01,2.03E+00,2.05E+00,1.68E+01,,,,,,,,,,,,,,,,,,,,,,,,,,,,,,,,,,,
CA_S14_O2,2,1.53E+00,-2.63E-01,2.19E+00,2.20E+00,1.51E+01,,,,,,,,,,,,,,,,,,,,,,,,,,,,,,,,,,,
CA_S14_O2,2,1.54E+00,-2.63E-01,2.28E+00,2.30E+00,1.43E+01,,,,,,,,,,,,,,,,,,,,,,,,,,,,,,,,,,,
CA_S14_O2,2,1.55E+00,-2.63E-01,2.42E+00,2.44E+00,1.94E+01,,,,,,,,,,,,,,,,,,,,,,,,,,,,,,,,,,,
CA_S14_O2,2,1.56E+00,-2.35E-01,2.61E+00,2.62E+00,1.96E+01,,,,,,,,,,,,,,,,,,,,,,,,,,,,,,,,,,,
CA_S14_O2,2,1.57E+00,-2.07E-01,2.75E+00,2.75E+00,1.88E+01,,,,,,,,,,,,,,,,,,,,,,,,,,,,,,,,,,,
CA_S14_O2,2,1.58E+00,-1.79E-01,2.91E+00,2.92E+00,2.02E+01,,,,,,,,,,,,,,,,,,,,,,,,,,,,,,,,,,,
CA_S14_O2,2,1.58E+00,-1.79E-01,3.08E+00,3.09E+00,2.21E+01,,,,,,,,,,,,,,,,,,,,,,,,,,,,,,,,,,,
CA_S14_O2,2,1.59E+00,-1.23E-01,3.28E+00,3.28E+00,2.29E+01,,,,,,,,,,,,,,,,,,,,,,,,,,,,,,,,,,,
CA_S14_O2,2,1.60E+00,-1.23E-01,3.46E+00,3.46E+00,2.20E+01,,,,,,,,,,,,,,,,,,,,,,,,,,,,,,,,,,,
CA_S14_O2,2,1.61E+00,-8.07E-02,3.64E+00,3.64E+00,2.21E+01,,,,,,,,,,,,,,,,,,,,,,,,,,,,,,,,,,,
CA_S14_O2,2,1.62E+00,-6.67E-02,3.82E+00,3.82E+00,2.28E+01,,,,,,,,,,,,,,,,,,,,,,,,,,,,,,,,,,,
CA_S14_O2,2,1.63E+00,-3.88E-02,4.02E+00,4.02E+00,2.30E+01,,,,,,,,,,,,,,,,,,,,,,,,,,,,,,,,,,,
CA_S14_O2,2,1.63E+00,3.23E-03,4.20E+00,4.20E+00,2.28E+01,,,,,,,,,,,,,,,,,,,,,,,,,,,,,,,,,,,
CA_S14_O2,2,1.64E+00,3.23E-03,4.40E+00,4.40E+00,2.29E+01,,,,,,,,,,,,,,,,,,,,,,,,,,,,,,,,,,,
CA_S14_O2,2,1.65E+00,5.92E-02,4.58E+00,4.58E+00,2.57E+01,,,,,,,,,,,,,,,,,,,,,,,,,,,,,,,,,,,
CA_S14_O2,2,1.66E+00,8.72E-02,4.82E+00,4.82E+00,2.37E+01,,,,,,,,,,,,,,,,,,,,,,,,,,,,,,,,,,,
CA_S14_O2,2,1.67E+00,1.15E-01,4.97E+00,4.97E+00,1.94E+01,,,,,,,,,,,,,,,,,,,,,,,,,,,,,,,,,,,
CA_S14_O2,2,1.68E+00,1.15E-01,5.14E+00,5.14E+00,,,,,,,,,,,,,,,,,,,,,,,,,,,,,,,,,,,,
,,,,,,,,,,,,,,,,,,,,,,,,,,,,,,,,,,,,,,,,,
CA_S14_O2,3,2.39E+00,-1.65E+00,1.56E+00,2.27E+00,,,,,,,,,,,,,,,,,,,,,,,,,,,,,,,,,,,,
CA_S14_O2,3,2.39E+00,-1.63E+00,1.67E+00,2.34E+00,1.60E+01,,,,,,,,,,,,,,,,,,,,,,,,,,,,,,,,,,,
CA_S14_O2,3,2.40E+00,-1.68E+00,1.82E+00,2.48E+00,1.78E+01,,,,,,,,,,,,,,,,,,,,,,,,,,,,,,,,,,,
CA_S14_O2,3,2.41E+00,-1.68E+00,1.96E+00,2.58E+00,1.51E+01,,,,,,,,,,,,,,,,,,,,,,,,,,,,,,,,,,,
CA_S14_O2,3,2.42E+00,-1.68E+00,2.07E+00,2.67E+00,1.34E+01,,,,,,,,,,,,,,,,,,,,,,,,,,,,,,,,,,,
CA_S14_O2,3,2.43E+00,-1.69E+00,2.19E+00,2.76E+00,1.68E+01,,,,,,,,,,,,,,,,,,,,,,,,,,,,,,,,,,,
CA_S14_O2,3,2.44E+00,-1.68E+00,2.35E+00,2.89E+00,1.76E+01,,,,,,,,,,,,,,,,,,,,,,,,,,,,,,,,,,,
CA_S14_O2,3,2.44E+00,-1.69E+00,2.48E+00,3.00E+00,1.69E+01,,,,,,,,,,,,,,,,,,,,,,,,,,,,,,,,,,,
CA_S14_O2,3,2.45E+00,-1.70E+00,2.63E+00,3.14E+00,1.85E+01,,,,,,,,,,,,,,,,,,,,,,,,,,,,,,,,,,,
CA_S14_O2,3,2.46E+00,-1.72E+00,2.79E+00,3.27E+00,1.69E+01,,,,,,,,,,,,,,,,,,,,,,,,,,,,,,,,,,,
CA_S14_O2,3,2.47E+00,-1.73E+00,2.91E+00,3.39E+00,1.77E+01,,,,,,,,,,,,,,,,,,,,,,,,,,,,,,,,,,,
CA_S14_O2,3,2.48E+00,-1.75E+00,3.08E+00,3.54E+00,2.03E+01,,,,,,,,,,,,,,,,,,,,,,,,,,,,,,,,,,,
CA_S14_O2,3,2.49E+00,-1.77E+00,3.25E+00,3.70E+00,2.06E+01,,,,,,,,,,,,,,,,,,,,,,,,,,,,,,,,,,,
CA_S14_O2,3,2.49E+00,-1.82E+00,3.42E+00,3.87E+00,2.22E+01,,,,,,,,,,,,,,,,,,,,,,,,,,,,,,,,,,,
CA_S14_O2,3,2.50E+00,-1.84E+00,3.61E+00,4.06E+00,2.29E+01,,,,,,,,,,,,,,,,,,,,,,,,,,,,,,,,,,,
CA_S14_O2,3,2.51E+00,-1.87E+00,3.80E+00,4.23E+00,2.27E+01,,,,,,,,,,,,,,,,,,,,,,,,,,,,,,,,,,,
CA_S14_O2,3,2.52E+00,-1.87E+00,3.99E+00,4.41E+00,2.02E+01,,,,,,,,,,,,,,,,,,,,,,,,,,,,,,,,,,,
CA_S14_O2,3,2.53E+00,-1.90E+00,4.13E+00,4.55E+00,1.95E+01,,,,,,,,,,,,,,,,,,,,,,,,,,,,,,,,,,,
CA_S14_O2,3,2.54E+00,-1.91E+00,4.31E+00,4.72E+00,2.10E+01,,,,,,,,,,,,,,,,,,,,,,,,,,,,,,,,,,,
CA_S14_O2,3,2.54E+00,-1.93E+00,4.48E+00,4.88E+00,2.02E+01,,,,,,,,,,,,,,,,,,,,,,,,,,,,,,,,,,,
CA_S14_O2,3,2.55E+00,-1.94E+00,4.65E+00,5.04E+00,2.01E+01,,,,,,,,,,,,,,,,,,,,,,,,,,,,,,,,,,,
CA_S14_O2,3,2.56E+00,-1.94E+00,4.82E+00,5.19E+00,,,,,,,,,,,,,,,,,,,,,,,,,,,,,,,,,,,,
,,,,,,,,,,,,,,,,,,,,,,,,,,,,,,,,,,,,,,,,,
CA_S14_O2,4,4.35E+00,-4.36E+00,-7.94E-01,4.43E+00,,,,,,,,,,,,,,,,,,,,,,,,,,,,,,,,,,,,
CA_S14_O2,4,4.36E+00,-4.42E+00,-6.27E-01,4.46E+00,2.02E+01,,,,,,,,,,,,,,,,,,,,,,,,,,,,,,,,,,,
CA_S14_O2,4,4.37E+00,-4.46E+00,-4.73E-01,4.49E+00,1.91E+01,,,,,,,,,,,,,,,,,,,,,,,,,,,,,,,,,,,
CA_S14_O2,4,4.38E+00,-4.50E+00,-3.19E-01,4.51E+00,1.81E+01,,,,,,,,,,,,,,,,,,,,,,,,,,,,,,,,,,,
CA_S14_O2,4,4.39E+00,-4.53E+00,-1.79E-01,4.53E+00,1.73E+01,,,,,,,,,,,,,,,,,,,,,,,,,,,,,,,,,,,
CA_S14_O2,4,4.40E+00,-4.57E+00,-3.88E-02,4.57E+00,1.67E+01,,,,,,,,,,,,,,,,,,,,,,,,,,,,,,,,,,,
CA_S14_O2,4,4.40E+00,-4.61E+00,8.72E-02,4.62E+00,1.96E+01,,,,,,,,,,,,,,,,,,,,,,,,,,,,,,,,,,,
CA_S14_O2,4,4.41E+00,-4.68E+00,2.69E-01,4.69E+00,1.89E+01,,,,,,,,,,,,,,,,,,,,,,,,,,,,,,,,,,,
CA_S14_O2,4,4.42E+00,-4.73E+00,3.81E-01,4.74E+00,1.62E+01,,,,,,,,,,,,,,,,,,,,,,,,,,,,,,,,,,,
CA_S14_O2,4,4.43E+00,-4.78E+00,5.21E-01,4.81E+00,1.70E+01,,,,,,,,,,,,,,,,,,,,,,,,,,,,,,,,,,,
CA_S14_O2,4,4.44E+00,-4.82E+00,6.47E-01,4.87E+00,1.73E+01,,,,,,,,,,,,,,,,,,,,,,,,,,,,,,,,,,,
CA_S14_O2,4,4.45E+00,-4.89E+00,7.87E-01,4.96E+00,1.95E+01,,,,,,,,,,,,,,,,,,,,,,,,,,,,,,,,,,,
CA_S14_O2,4,4.45E+00,-4.96E+00,9.41E-01,5.05E+00,1.92E+01,,,,,,,,,,,,,,,,,,,,,,,,,,,,,,,,,,,
CA_S14_O2,4,4.46E+00,-5.02E+00,1.08E+00,5.14E+00,1.95E+01,,,,,,,,,,,,,,,,,,,,,,,,,,,,,,,,,,,
CA_S14_O2,4,4.47E+00,-5.10E+00,1.23E+00,5.25E+00,1.95E+01,,,,,,,,,,,,,,,,,,,,,,,,,,,,,,,,,,,
CA_S14_O2,4,4.48E+00,-5.16E+00,1.37E+00,5.34E+00,1.69E+01,,,,,,,,,,,,,,,,,,,,,,,,,,,,,,,,,,,
CA_S14_O2,4,4.49E+00,-5.23E+00,1.49E+00,5.44E+00,1.96E+01,,,,,,,,,,,,,,,,,,,,,,,,,,,,,,,,,,,
CA_S14_O2,4,4.50E+00,-5.33E+00,1.65E+00,5.58E+00,2.10E+01,,,,,,,,,,,,,,,,,,,,,,,,,,,,,,,,,,,
CA_S14_O2,4,4.50E+00,-5.40E+00,1.79E+00,5.69E+00,1.92E+01,,,,,,,,,,,,,,,,,,,,,,,,,,,,,,,,,,,
CA_S14_O2,4,4.51E+00,-5.45E+00,1.95E+00,5.79E+00,1.81E+01,,,,,,,,,,,,,,,,,,,,,,,,,,,,,,,,,,,
CA_S14_O2,4,4.52E+00,-5.51E+00,2.07E+00,5.89E+00,2.03E+01,,,,,,,,,,,,,,,,,,,,,,,,,,,,,,,,,,,
CA_S14_O2,4,4.53E+00,-5.59E+00,2.26E+00,6.03E+00,1.84E+01,,,,,,,,,,,,,,,,,,,,,,,,,,,,,,,,,,,
CA_S14_O2,4,4.54E+00,-5.66E+00,2.34E+00,6.13E+00,1.68E+01,,,,,,,,,,,,,,,,,,,,,,,,,,,,,,,,,,,
CA_S14_O2,4,4.55E+00,-5.76E+00,2.48E+00,6.27E+00,1.76E+01,,,,,,,,,,,,,,,,,,,,,,,,,,,,,,,,,,,
CA_S14_O2,4,4.55E+00,-5.79E+00,2.61E+00,6.35E+00,1.81E+01,,,,,,,,,,,,,,,,,,,,,,,,,,,,,,,,,,,
CA_S14_O2,4,4.56E+00,-5.87E+00,2.76E+00,6.49E+00,2.52E+01,,,,,,,,,,,,,,,,,,,,,,,,,,,,,,,,,,,
CA_S14_O2,4,4.57E+00,-6.04E+00,2.94E+00,6.72E+00,2.42E+01,,,,,,,,,,,,,,,,,,,,,,,,,,,,,,,,,,,
CA_S14_O2,4,4.58E+00,-6.10E+00,3.10E+00,6.84E+00,,,,,,,,,,,,,,,,,,,,,,,,,,,,,,,,,,,,
,,,,,,,,,,,,,,,,,,,,,,,,,,,,,,,,,,,,,,,,,
CA_S14_O2,5,5.91E+00,-5.05E+00,-5.27E-02,5.05E+00,,,,,,,,,,,,,,,,,,,,,,,,,,,,,,,,,,,,
CA_S14_O2,5,5.91E+00,-5.08E+00,7.32E-02,5.08E+00,1.68E+01,,,,,,,,,,,,,,,,,,,,,,,,,,,,,,,,,,,
CA_S14_O2,5,5.92E+00,-5.05E+00,2.27E-01,5.05E+00,1.69E+01,,,,,,,,,,,,,,,,,,,,,,,,,,,,,,,,,,,
CA_S14_O2,5,5.93E+00,-5.05E+00,3.53E-01,5.06E+00,1.93E+01,,,,,,,,,,,,,,,,,,,,,,,,,,,,,,,,,,,
CA_S14_O2,5,5.94E+00,-5.06E+00,5.49E-01,5.09E+00,2.20E+01,,,,,,,,,,,,,,,,,,,,,,,,,,,,,,,,,,,
CA_S14_O2,5,5.95E+00,-5.09E+00,7.17E-01,5.14E+00,1.94E+01,,,,,,,,,,,,,,,,,,,,,,,,,,,,,,,,,,,
CA_S14_O2,5,5.96E+00,-5.09E+00,8.71E-01,5.16E+00,1.69E+01,,,,,,,,,,,,,,,,,,,,,,,,,,,,,,,,,,,
CA_S14_O2,5,5.96E+00,-5.12E+00,9.97E-01,5.21E+00,2.19E+01,,,,,,,,,,,,,,,,,,,,,,,,,,,,,,,,,,,
CA_S14_O2,5,5.97E+00,-5.12E+00,1.23E+00,5.27E+00,2.10E+01,,,,,,,,,,,,,,,,,,,,,,,,,,,,,,,,,,,
CA_S14_O2,5,5.98E+00,-5.12E+00,1.35E+00,5.29E+00,2.10E+01,,,,,,,,,,,,,,,,,,,,,,,,,,,,,,,,,,,
CA_S14_O2,5,5.99E+00,-5.12E+00,1.58E+00,5.36E+00,2.52E+01,,,,,,,,,,,,,,,,,,,,,,,,,,,,,,,,,,,
CA_S14_O2,5,6.00E+00,-5.15E+00,1.77E+00,5.44E+00,1.94E+01,,,,,,,,,,,,,,,,,,,,,,,,,,,,,,,,,,,
CA_S14_O2,5,6.01E+00,-5.15E+00,1.91E+00,5.49E+00,1.93E+01,,,,,,,,,,,,,,,,,,,,,,,,,,,,,,,,,,,
CA_S14_O2,5,6.01E+00,-5.13E+00,2.09E+00,5.54E+00,2.43E+01,,,,,,,,,,,,,,,,,,,,,,,,,,,,,,,,,,,
CA_S14_O2,5,6.02E+00,-5.15E+00,2.31E+00,5.64E+00,2.43E+01,,,,,,,,,,,,,,,,,,,,,,,,,,,,,,,,,,,
CA_S14_O2,5,6.03E+00,-5.15E+00,2.49E+00,5.72E+00,2.20E+01,,,,,,,,,,,,,,,,,,,,,,,,,,,,,,,,,,,
CA_S14_O2,5,6.04E+00,-5.10E+00,2.68E+00,5.76E+00,2.14E+01,,,,,,,,,,,,,,,,,,,,,,,,,,,,,,,,,,,
CA_S14_O2,5,6.05E+00,-5.08E+00,2.84E+00,5.82E+00,2.19E+01,,,,,,,,,,,,,,,,,,,,,,,,,,,,,,,,,,,
CA_S14_O2,5,6.06E+00,-5.08E+00,3.04E+00,5.92E+00,2.35E+01,,,,,,,,,,,,,,,,,,,,,,,,,,,,,,,,,,,
CA_S14_O2,5,6.06E+00,-5.06E+00,3.24E+00,6.01E+00,,,,,,,,,,,,,,,,,,,,,,,,,,,,,,,,,,,,
,,,,,,,,,,,,,,,,,,,,,,,,,,,,,,,,,,,,,,,,,
CA_S22_O1,1,2.09E-01,-5.17E-01,1.23E+00,1.33E+00,,,,,,,,,,,,,,,,,,,,,,,,,,,,,,,,,,,,
CA_S22_O1,1,2.17E-01,-4.88E-01,1.55E+00,1.63E+00,3.28E+01,,,,,,,,,,,,,,,,,,,,,,,,,,,,,,,,,,,
CA_S22_O1,1,2.25E-01,-4.51E-01,1.77E+00,1.83E+00,2.44E+01,,,,,,,,,,,,,,,,,,,,,,,,,,,,,,,,,,,
CA_S22_O1,1,2.34E-01,-4.41E-01,1.95E+00,2.00E+00,2.48E+01,,,,,,,,,,,,,,,,,,,,,,,,,,,,,,,,,,,
CA_S22_O1,1,2.42E-01,-3.82E-01,2.18E+00,2.21E+00,2.41E+01,,,,,,,,,,,,,,,,,,,,,,,,,,,,,,,,,,,
CA_S22_O1,1,2.50E-01,-3.46E-01,2.35E+00,2.37E+00,2.48E+01,,,,,,,,,,,,,,,,,,,,,,,,,,,,,,,,,,,
CA_S22_O1,1,2.59E-01,-3.48E-01,2.59E+00,2.62E+00,2.40E+01,,,,,,,,,,,,,,,,,,,,,,,,,,,,,,,,,,,
CA_S22_O1,1,2.67E-01,-2.85E-01,2.74E+00,2.76E+00,1.99E+01,,,,,,,,,,,,,,,,,,,,,,,,,,,,,,,,,,,
CA_S22_O1,1,2.75E-01,-2.62E-01,2.91E+00,2.93E+00,2.27E+01,,,,,,,,,,,,,,,,,,,,,,,,,,,,,,,,,,,
CA_S22_O1,1,2.84E-01,-2.21E-01,3.11E+00,3.12E+00,2.27E+01,,,,,,,,,,,,,,,,,,,,,,,,,,,,,,,,,,,
CA_S22_O1,1,2.92E-01,-1.98E-01,3.29E+00,3.29E+00,1.89E+01,,,,,,,,,,,,,,,,,,,,,,,,,,,,,,,,,,,
CA_S22_O1,1,3.00E-01,-1.79E-01,3.43E+00,3.43E+00,2.02E+01,,,,,,,,,,,,,,,,,,,,,,,,,,,,,,,,,,,
CA_S22_O1,1,3.09E-01,-1.60E-01,3.62E+00,3.63E+00,2.23E+01,,,,,,,,,,,,,,,,,,,,,,,,,,,,,,,,,,,
CA_S22_O1,1,3.17E-01,-1.36E-01,3.80E+00,3.80E+00,2.40E+01,,,,,,,,,,,,,,,,,,,,,,,,,,,,,,,,,,,
CA_S22_O1,1,3.25E-01,-9.97E-02,4.02E+00,4.02E+00,2.57E+01,,,,,,,,,,,,,,,,,,,,,,,,,,,,,,,,,,,
CA_S22_O1,1,3.34E-01,-9.34E-02,4.22E+00,4.22E+00,1.98E+01,,,,,,,,,,,,,,,,,,,,,,,,,,,,,,,,,,,
CA_S22_O1,1,3.42E-01,-4.88E-02,4.34E+00,4.34E+00,,,,,,,,,,,,,,,,,,,,,,,,,,,,,,,,,,,,
,,,,,,,,,,,,,,,,,,,,,,,,,,,,,,,,,,,,,,,,,
CA_S22_O1,2,2.34E+00,-4.00E-02,1.51E+00,1.51E+00,,,,,,,,,,,,,,,,,,,,,,,,,,,,,,,,,,,,
CA_S22_O1,2,2.34E+00,2.22E-02,1.66E+00,1.66E+00,1.61E+01,,,,,,,,,,,,,,,,,,,,,,,,,,,,,,,,,,,
CA_S22_O1,2,2.35E+00,2.33E-02,1.77E+00,1.77E+00,1.94E+01,,,,,,,,,,,,,,,,,,,,,,,,,,,,,,,,,,,
CA_S22_O1,2,2.36E+00,8.61E-02,1.98E+00,1.98E+00,2.15E+01,,,,,,,,,,,,,,,,,,,,,,,,,,,,,,,,,,,
CA_S22_O1,2,2.37E+00,9.18E-02,2.12E+00,2.13E+00,2.14E+01,,,,,,,,,,,,,,,,,,,,,,,,,,,,,,,,,,,
CA_S22_O1,2,2.38E+00,2.02E-01,2.31E+00,2.32E+00,1.81E+01,,,,,,,,,,,,,,,,,,,,,,,,,,,,,,,,,,,
CA_S22_O1,2,2.39E+00,2.20E-01,2.40E+00,2.41E+00,1.56E+01,,,,,,,,,,,,,,,,,,,,,,,,,,,,,,,,,,,
CA_S22_O1,2,2.39E+00,2.44E-01,2.57E+00,2.58E+00,1.77E+01,,,,,,,,,,,,,,,,,,,,,,,,,,,,,,,,,,,
CA_S22_O1,2,2.40E+00,2.67E-01,2.69E+00,2.70E+00,1.77E+01,,,,,,,,,,,,,,,,,,,,,,,,,,,,,,,,,,,
CA_S22_O1,2,2.41E+00,2.90E-01,2.86E+00,2.88E+00,2.06E+01,,,,,,,,,,,,,,,,,,,,,,,,,,,,,,,,,,,
CA_S22_O1,2,2.42E+00,2.91E-01,3.03E+00,3.05E+00,1.68E+01,,,,,,,,,,,,,,,,,,,,,,,,,,,,,,,,,,,
CA_S22_O1,2,2.43E+00,3.27E-01,3.14E+00,3.16E+00,1.85E+01,,,,,,,,,,,,,,,,,,,,,,,,,,,,,,,,,,,
CA_S22_O1,2,2.44E+00,3.46E-01,3.34E+00,3.35E+00,2.06E+01,,,,,,,,,,,,,,,,,,,,,,,,,,,,,,,,,,,
CA_S22_O1,2,2.44E+00,3.87E-01,3.48E+00,3.50E+00,1.47E+01,,,,,,,,,,,,,,,,,,,,,,,,,,,,,,,,,,,
CA_S22_O1,2,2.45E+00,3.79E-01,3.58E+00,3.60E+00,1.39E+01,,,,,,,,,,,,,,,,,,,,,,,,,,,,,,,,,,,
CA_S22_O1,2,2.46E+00,4.11E-01,3.71E+00,3.73E+00,1.61E+01,,,,,,,,,,,,,,,,,,,,,,,,,,,,,,,,,,,
CA_S22_O1,2,2.47E+00,4.42E-01,3.84E+00,3.86E+00,1.81E+01,,,,,,,,,,,,,,,,,,,,,,,,,,,,,,,,,,,
CA_S22_O1,2,2.48E+00,4.44E-01,4.01E+00,4.03E+00,1.49E+01,,,,,,,,,,,,,,,,,,,,,,,,,,,,,,,,,,,
CA_S22_O1,2,2.49E+00,4.40E-01,4.09E+00,4.11E+00,1.31E+01,,,,,,,,,,,,,,,,,,,,,,,,,,,,,,,,,,,
CA_S22_O1,2,2.49E+00,4.59E-01,4.23E+00,4.25E+00,1.43E+01,,,,,,,,,,,,,,,,,,,,,,,,,,,,,,,,,,,
CA_S22_O1,2,2.50E+00,4.86E-01,4.32E+00,4.35E+00,1.52E+01,,,,,,,,,,,,,,,,,,,,,,,,,,,,,,,,,,,
CA_S22_O1,2,2.51E+00,4.79E-01,4.48E+00,4.50E+00,1.23E+01,,,,,,,,,,,,,,,,,,,,,,,,,,,,,,,,,,,
CA_S22_O1,2,2.52E+00,4.92E-01,4.53E+00,4.55E+00,8.87E+00,,,,,,,,,,,,,,,,,,,,,,,,,,,,,,,,,,,
CA_S22_O1,2,2.53E+00,4.84E-01,4.63E+00,4.65E+00,,,,,,,,,,,,,,,,,,,,,,,,,,,,,,,,,,,,
,,,,,,,,,,,,,,,,,,,,,,,,,,,,,,,,,,,,,,,,,
CA_S22_O1,3,6.97E+00,-4.60E-01,1.28E+00,1.36E+00,,,,,,,,,,,,,,,,,,,,,,,,,,,,,,,,,,,,
CA_S22_O1,3,6.98E+00,-4.80E-01,1.39E+00,1.47E+00,1.46E+01,,,,,,,,,,,,,,,,,,,,,,,,,,,,,,,,,,,
CA_S22_O1,3,6.99E+00,-5.05E-01,1.52E+00,1.61E+00,1.56E+01,,,,,,,,,,,,,,,,,,,,,,,,,,,,,,,,,,,
CA_S22_O1,3,7.00E+00,-4.74E-01,1.65E+00,1.72E+00,1.56E+01,,,,,,,,,,,,,,,,,,,,,,,,,,,,,,,,,,,
CA_S22_O1,3,7.01E+00,-4.99E-01,1.79E+00,1.85E+00,1.86E+01,,,,,,,,,,,,,,,,,,,,,,,,,,,,,,,,,,,
CA_S22_O1,3,7.02E+00,-5.32E-01,1.96E+00,2.03E+00,1.69E+01,,,,,,,,,,,,,,,,,,,,,,,,,,,,,,,,,,,
CA_S22_O1,3,7.02E+00,-6.05E-01,2.05E+00,2.14E+00,1.43E+01,,,,,,,,,,,,,,,,,,,,,,,,,,,,,,,,,,,
CA_S22_O1,3,7.03E+00,-6.60E-01,2.16E+00,2.26E+00,1.41E+01,,,,,,,,,,,,,,,,,,,,,,,,,,,,,,,,,,,
CA_S22_O1,3,7.04E+00,-6.81E-01,2.27E+00,2.37E+00,1.33E+01,,,,,,,,,,,,,,,,,,,,,,,,,,,,,,,,,,,
CA_S22_O1,3,7.05E+00,-7.02E-01,2.38E+00,2.48E+00,1.26E+01,,,,,,,,,,,,,,,,,,,,,,,,,,,,,,,,,,,
CA_S22_O1,3,7.06E+00,-7.10E-01,2.48E+00,2.58E+00,1.20E+01,,,,,,,,,,,,,,,,,,,,,,,,,,,,,,,,,,,
CA_S22_O1,3,7.07E+00,-7.61E-01,2.57E+00,2.68E+00,1.28E+01,,,,,,,,,,,,,,,,,,,,,,,,,,,,,,,,,,,
CA_S22_O1,3,7.07E+00,-7.82E-01,2.68E+00,2.79E+00,1.53E+01,,,,,,,,,,,,,,,,,,,,,,,,,,,,,,,,,,,
CA_S22_O1,3,7.08E+00,-7.98E-01,2.82E+00,2.93E+00,1.80E+01,,,,,,,,,,,,,,,,,,,,,,,,,,,,,,,,,,,
CA_S22_O1,3,7.09E+00,-8.27E-01,2.98E+00,3.09E+00,1.80E+01,,,,,,,,,,,,,,,,,,,,,,,,,,,,,,,,,,,
CA_S22_O1,3,7.10E+00,-8.65E-01,3.12E+00,3.23E+00,1.80E+01,,,,,,,,,,,,,,,,,,,,,,,,,,,,,,,,,,,
CA_S22_O1,3,7.11E+00,-8.94E-01,3.27E+00,3.39E+00,1.60E+01,,,,,,,,,,,,,,,,,,,,,,,,,,,,,,,,,,,
CA_S22_O1,3,7.12E+00,-8.93E-01,3.38E+00,3.50E+00,1.34E+01,,,,,,,,,,,,,,,,,,,,,,,,,,,,,,,,,,,
CA_S22_O1,3,7.12E+00,-9.14E-01,3.49E+00,3.61E+00,1.73E+01,,,,,,,,,,,,,,,,,,,,,,,,,,,,,,,,,,,
CA_S22_O1,3,7.13E+00,-8.68E-01,3.67E+00,3.77E+00,1.87E+01,,,,,,,,,,,,,,,,,,,,,,,,,,,,,,,,,,,
CA_S22_O1,3,7.14E+00,-8.24E-01,3.79E+00,3.88E+00,1.76E+01,,,,,,,,,,,,,,,,,,,,,,,,,,,,,,,,,,,
CA_S22_O1,3,7.15E+00,-7.75E-01,3.95E+00,4.02E+00,2.23E+01,,,,,,,,,,,,,,,,,,,,,,,,,,,,,,,,,,,
CA_S22_O1,3,7.16E+00,-6.99E-01,4.14E+00,4.20E+00,1.87E+01,,,,,,,,,,,,,,,,,,,,,,,,,,,,,,,,,,,
CA_S22_O1,3,7.17E+00,-6.85E-01,4.25E+00,4.30E+00,1.69E+01,,,,,,,,,,,,,,,,,,,,,,,,,,,,,,,,,,,
CA_S22_O1,3,7.17E+00,-6.96E-01,4.42E+00,4.48E+00,,,,,,,,,,,,,,,,,,,,,,,,,,,,,,,,,,,,
,,,,,,,,,,,,,,,,,,,,,,,,,,,,,,,,,,,,,,,,,
CA_S22_O1,4,8.80E+00,7.62E-02,1.38E+00,1.38E+00,,,,,,,,,,,,,,,,,,,,,,,,,,,,,,,,,,,,
CA_S22_O1,4,8.81E+00,5.13E-02,1.51E+00,1.51E+00,1.40E+01,,,,,,,,,,,,,,,,,,,,,,,,,,,,,,,,,,,
CA_S22_O1,4,8.82E+00,4.35E-02,1.61E+00,1.61E+00,1.07E+01,,,,,,,,,,,,,,,,,,,,,,,,,,,,,,,,,,,
CA_S22_O1,4,8.83E+00,3.99E-02,1.68E+00,1.69E+00,9.40E+00,,,,,,,,,,,,,,,,,,,,,,,,,,,,,,,,,,,
CA_S22_O1,4,8.83E+00,3.63E-02,1.76E+00,1.76E+00,1.20E+01,,,,,,,,,,,,,,,,,,,,,,,,,,,,,,,,,,,
CA_S22_O1,4,8.84E+00,2.53E-03,1.88E+00,1.88E+00,1.31E+01,,,,,,,,,,,,,,,,,,,,,,,,,,,,,,,,,,,
CA_S22_O1,4,8.85E+00,-5.76E-02,1.96E+00,1.96E+00,1.25E+01,,,,,,,,,,,,,,,,,,,,,,,,,,,,,,,,,,,
CA_S22_O1,4,8.86E+00,-1.40E-01,2.03E+00,2.04E+00,8.03E+00,,,,,,,,,,,,,,,,,,,,,,,,,,,,,,,,,,,
CA_S22_O1,4,8.87E+00,-1.35E-01,2.07E+00,2.07E+00,5.95E+00,,,,,,,,,,,,,,,,,,,,,,,,,,,,,,,,,,,
CA_S22_O1,4,8.88E+00,-2.00E-01,2.11E+00,2.12E+00,6.31E+00,,,,,,,,,,,,,,,,,,,,,,,,,,,,,,,,,,,
CA_S22_O1,4,8.88E+00,-1.86E-01,2.16E+00,2.17E+00,1.40E+01,,,,,,,,,,,,,,,,,,,,,,,,,,,,,,,,,,,
CA_S22_O1,4,8.89E+00,-2.54E-01,2.34E+00,2.35E+00,1.47E+01,,,,,,,,,,,,,,,,,,,,,,,,,,,,,,,,,,,
CA_S22_O1,4,8.90E+00,-3.06E-01,2.38E+00,2.40E+00,1.05E+01,,,,,,,,,,,,,,,,,,,,,,,,,,,,,,,,,,,
CA_S22_O1,4,8.91E+00,-3.40E-01,2.49E+00,2.52E+00,1.75E+01,,,,,,,,,,,,,,,,,,,,,,,,,,,,,,,,,,,
CA_S22_O1,4,8.92E+00,-4.04E-01,2.65E+00,2.68E+00,1.80E+01,,,,,,,,,,,,,,,,,,,,,,,,,,,,,,,,,,,
CA_S22_O1,4,8.93E+00,-4.07E-01,2.79E+00,2.81E+00,1.69E+01,,,,,,,,,,,,,,,,,,,,,,,,,,,,,,,,,,,
CA_S22_O1,4,8.93E+00,-4.01E-01,2.93E+00,2.96E+00,1.87E+01,,,,,,,,,,,,,,,,,,,,,,,,,,,,,,,,,,,
CA_S22_O1,4,8.94E+00,-4.87E-01,3.09E+00,3.12E+00,1.88E+01,,,,,,,,,,,,,,,,,,,,,,,,,,,,,,,,,,,
CA_S22_O1,4,8.95E+00,-5.03E-01,3.23E+00,3.27E+00,1.67E+01,,,,,,,,,,,,,,,,,,,,,,,,,,,,,,,,,,,
CA_S22_O1,4,8.96E+00,-5.71E-01,3.35E+00,3.40E+00,1.68E+01,,,,,,,,,,,,,,,,,,,,,,,,,,,,,,,,,,,
CA_S22_O1,4,8.97E+00,-6.40E-01,3.47E+00,3.53E+00,1.69E+01,,,,,,,,,,,,,,,,,,,,,,,,,,,,,,,,,,,
CA_S22_O1,4,8.98E+00,-7.39E-01,3.58E+00,3.66E+00,2.03E+01,,,,,,,,,,,,,,,,,,,,,,,,,,,,,,,,,,,
CA_S22_O1,4,8.98E+00,-8.29E-01,3.75E+00,3.85E+00,2.44E+01,,,,,,,,,,,,,,,,,,,,,,,,,,,,,,,,,,,
CA_S22_O1,4,8.99E+00,-9.62E-01,3.92E+00,4.04E+00,2.65E+01,,,,,,,,,,,,,,,,,,,,,,,,,,,,,,,,,,,
CA_S22_O1,4,9.00E+00,-1.04E+00,4.14E+00,4.27E+00,2.78E+01,,,,,,,,,,,,,,,,,,,,,,,,,,,,,,,,,,,
CA_S22_O1,4,9.01E+00,-1.18E+00,4.33E+00,4.49E+00,2.83E+01,,,,,,,,,,,,,,,,,,,,,,,,,,,,,,,,,,,
CA_S22_O1,4,9.02E+00,-1.34E+00,4.50E+00,4.70E+00,2.75E+01,,,,,,,,,,,,,,,,,,,,,,,,,,,,,,,,,,,
CA_S22_O1,4,9.03E+00,-1.52E+00,4.64E+00,4.88E+00,2.46E+01,,,,,,,,,,,,,,,,,,,,,,,,,,,,,,,,,,,
CA_S22_O1,4,9.03E+00,-1.65E+00,4.77E+00,5.05E+00,,,,,,,,,,,,,,,,,,,,,,,,,,,,,,,,,,,,
,,,,,,,,,,,,,,,,,,,,,,,,,,,,,,,,,,,,,,,,,
CA_S22_O1,5,1.08E+01,1.16E+00,1.21E+00,1.67E+00,,,,,,,,,,,,,,,,,,,,,,,,,,,,,,,,,,,,
CA_S22_O1,5,1.08E+01,1.22E+00,1.39E+00,1.85E+00,2.11E+01,,,,,,,,,,,,,,,,,,,,,,,,,,,,,,,,,,,
CA_S22_O1,5,1.08E+01,1.24E+00,1.55E+00,1.99E+00,2.06E+01,,,,,,,,,,,,,,,,,,,,,,,,,,,,,,,,,,,
CA_S22_O1,5,1.08E+01,1.28E+00,1.73E+00,2.15E+00,1.89E+01,,,,,,,,,,,,,,,,,,,,,,,,,,,,,,,,,,,
CA_S22_O1,5,1.08E+01,1.28E+00,1.86E+00,2.26E+00,1.85E+01,,,,,,,,,,,,,,,,,,,,,,,,,,,,,,,,,,,
CA_S22_O1,5,1.08E+01,1.30E+00,2.04E+00,2.42E+00,2.11E+01,,,,,,,,,,,,,,,,,,,,,,,,,,,,,,,,,,,
CA_S22_O1,5,1.09E+01,1.29E+00,2.22E+00,2.57E+00,2.03E+01,,,,,,,,,,,,,,,,,,,,,,,,,,,,,,,,,,,
CA_S22_O1,5,1.09E+01,1.31E+00,2.38E+00,2.71E+00,1.73E+01,,,,,,,,,,,,,,,,,,,,,,,,,,,,,,,,,,,
CA_S22_O1,5,1.09E+01,1.32E+00,2.50E+00,2.83E+00,1.98E+01,,,,,,,,,,,,,,,,,,,,,,,,,,,,,,,,,,,
CA_S22_O1,5,1.09E+01,1.32E+00,2.71E+00,3.01E+00,2.02E+01,,,,,,,,,,,,,,,,,,,,,,,,,,,,,,,,,,,
CA_S22_O1,5,1.09E+01,1.36E+00,2.84E+00,3.15E+00,2.08E+01,,,,,,,,,,,,,,,,,,,,,,,,,,,,,,,,,,,
CA_S22_O1,5,1.09E+01,1.42E+00,3.04E+00,3.36E+00,2.62E+01,,,,,,,,,,,,,,,,,,,,,,,,,,,,,,,,,,,
CA_S22_O1,5,1.09E+01,1.46E+00,3.26E+00,3.57E+00,2.10E+01,,,,,,,,,,,,,,,,,,,,,,,,,,,,,,,,,,,
CA_S22_O1,5,1.09E+01,1.46E+00,3.39E+00,3.69E+00,1.89E+01,,,,,,,,,,,,,,,,,,,,,,,,,,,,,,,,,,,
CA_S22_O1,5,1.09E+01,1.50E+00,3.58E+00,3.88E+00,2.11E+01,,,,,,,,,,,,,,,,,,,,,,,,,,,,,,,,,,,
CA_S22_O1,5,1.09E+01,1.55E+00,3.73E+00,4.04E+00,1.85E+01,,,,,,,,,,,,,,,,,,,,,,,,,,,,,,,,,,,
CA_S22_O1,5,1.09E+01,1.55E+00,3.88E+00,4.18E+00,1.94E+01,,,,,,,,,,,,,,,,,,,,,,,,,,,,,,,,,,,
CA_S22_O1,5,1.09E+01,1.61E+00,4.05E+00,4.36E+00,2.23E+01,,,,,,,,,,,,,,,,,,,,,,,,,,,,,,,,,,,
CA_S22_O1,5,1.10E+01,1.68E+00,4.23E+00,4.55E+00,2.65E+01,,,,,,,,,,,,,,,,,,,,,,,,,,,,,,,,,,,
CA_S22_O1,5,1.10E+01,1.74E+00,4.47E+00,4.80E+00,2.74E+01,,,,,,,,,,,,,,,,,,,,,,,,,,,,,,,,,,,
CA_S22_O1,5,1.10E+01,1.77E+00,4.68E+00,5.00E+00,,,,,,,,,,,,,,,,,,,,,,,,,,,,,,,,,,,,
,,,,,,,,,,,,,,,,,,,,,,,,,,,,,,,,,,,,,,,,,
CA_S57_O1,1,4.42E-01,1.22E+00,6.18E-01,1.36E+00,,,,,,,,,,,,,,,,,,,,,,,,,,,,,,,,,,,,
CA_S57_O1,1,4.50E-01,1.22E+00,6.72E-01,1.39E+00,7.16E+00,,,,,,,,,,,,,,,,,,,,,,,,,,,,,,,,,,,
CA_S57_O1,1,4.59E-01,1.20E+00,7.36E-01,1.41E+00,6.71E+00,,,,,,,,,,,,,,,,,,,,,,,,,,,,,,,,,,,
CA_S57_O1,1,4.67E-01,1.21E+00,7.83E-01,1.44E+00,6.11E+00,,,,,,,,,,,,,,,,,,,,,,,,,,,,,,,,,,,
CA_S57_O1,1,4.75E-01,1.21E+00,8.36E-01,1.47E+00,5.03E+00,,,,,,,,,,,,,,,,,,,,,,,,,,,,,,,,,,,
CA_S57_O1,1,4.84E-01,1.22E+00,8.66E-01,1.50E+00,3.95E+00,,,,,,,,,,,,,,,,,,,,,,,,,,,,,,,,,,,
CA_S57_O1,1,4.92E-01,1.22E+00,9.01E-01,1.52E+00,2.87E+00,,,,,,,,,,,,,,,,,,,,,,,,,,,,,,,,,,,
CA_S57_O1,1,5.01E-01,1.23E+00,9.13E-01,1.53E+00,2.16E+00,,,,,,,,,,,,,,,,,,,,,,,,,,,,,,,,,,,
CA_S57_O1,1,5.09E-01,1.23E+00,9.37E-01,1.55E+00,3.66E+00,,,,,,,,,,,,,,,,,,,,,,,,,,,,,,,,,,,
CA_S57_O1,1,5.17E-01,1.22E+00,9.74E-01,1.56E+00,5.49E+00,,,,,,,,,,,,,,,,,,,,,,,,,,,,,,,,,,,
CA_S57_O1,1,5.26E-01,1.23E+00,1.03E+00,1.60E+00,6.48E+00,,,,,,,,,,,,,,,,,,,,,,,,,,,,,,,,,,,
CA_S57_O1,1,5.34E-01,1.24E+00,1.08E+00,1.64E+00,7.54E+00,,,,,,,,,,,,,,,,,,,,,,,,,,,,,,,,,,,
CA_S57_O1,1,5.42E-01,1.25E+00,1.15E+00,1.70E+00,6.82E+00,,,,,,,,,,,,,,,,,,,,,,,,,,,,,,,,,,,
CA_S57_O1,1,5.51E-01,1.25E+00,1.19E+00,1.73E+00,4.67E+00,,,,,,,,,,,,,,,,,,,,,,,,,,,,,,,,,,,
CA_S57_O1,1,5.59E-01,1.26E+00,1.23E+00,1.76E+00,3.95E+00,,,,,,,,,,,,,,,,,,,,,,,,,,,,,,,,,,,
CA_S57_O1,1,5.67E-01,1.26E+00,1.26E+00,1.78E+00,3.23E+00,,,,,,,,,,,,,,,,,,,,,,,,,,,,,,,,,,,
CA_S57_O1,1,5.76E-01,1.27E+00,1.28E+00,1.80E+00,4.68E+00,,,,,,,,,,,,,,,,,,,,,,,,,,,,,,,,,,,
CA_S57_O1,1,5.84E-01,1.28E+00,1.34E+00,1.85E+00,6.15E+00,,,,,,,,,,,,,,,,,,,,,,,,,,,,,,,,,,,
CA_S57_O1,1,5.92E-01,1.29E+00,1.38E+00,1.89E+00,5.76E+00,,,,,,,,,,,,,,,,,,,,,,,,,,,,,,,,,,,
CA_S57_O1,1,6.01E-01,1.30E+00,1.43E+00,1.93E+00,8.99E+00,,,,,,,,,,,,,,,,,,,,,,,,,,,,,,,,,,,
CA_S57_O1,1,6.09E-01,1.31E+00,1.53E+00,2.02E+00,1.08E+01,,,,,,,,,,,,,,,,,,,,,,,,,,,,,,,,,,,
CA_S57_O1,1,6.17E-01,1.32E+00,1.61E+00,2.08E+00,9.40E+00,,,,,,,,,,,,,,,,,,,,,,,,,,,,,,,,,,,
CA_S57_O1,1,6.26E-01,1.32E+00,1.69E+00,2.14E+00,9.01E+00,,,,,,,,,,,,,,,,,,,,,,,,,,,,,,,,,,,
CA_S57_O1,1,6.34E-01,1.33E+00,1.76E+00,2.20E+00,8.26E+00,,,,,,,,,,,,,,,,,,,,,,,,,,,,,,,,,,,
CA_S57_O1,1,6.42E-01,1.34E+00,1.82E+00,2.26E+00,9.70E+00,,,,,,,,,,,,,,,,,,,,,,,,,,,,,,,,,,,
CA_S57_O1,1,6.51E-01,1.36E+00,1.92E+00,2.35E+00,9.70E+00,,,,,,,,,,,,,,,,,,,,,,,,,,,,,,,,,,,
CA_S57_O1,1,6.59E-01,1.37E+00,1.98E+00,2.41E+00,8.99E+00,,,,,,,,,,,,,,,,,,,,,,,,,,,,,,,,,,,
CA_S57_O1,1,6.67E-01,1.39E+00,2.06E+00,2.49E+00,1.11E+01,,,,,,,,,,,,,,,,,,,,,,,,,,,,,,,,,,,
CA_S57_O1,1,6.76E-01,1.41E+00,2.16E+00,2.58E+00,1.08E+01,,,,,,,,,,,,,,,,,,,,,,,,,,,,,,,,,,,
CA_S57_O1,1,6.84E-01,1.42E+00,2.24E+00,2.66E+00,9.70E+00,,,,,,,,,,,,,,,,,,,,,,,,,,,,,,,,,,,
CA_S57_O1,1,6.92E-01,1.44E+00,2.32E+00,2.73E+00,9.70E+00,,,,,,,,,,,,,,,,,,,,,,,,,,,,,,,,,,,
CA_S57_O1,1,7.01E-01,1.45E+00,2.40E+00,2.80E+00,7.90E+00,,,,,,,,,,,,,,,,,,,,,,,,,,,,,,,,,,,
CA_S57_O1,1,7.09E-01,1.46E+00,2.45E+00,2.85E+00,8.98E+00,,,,,,,,,,,,,,,,,,,,,,,,,,,,,,,,,,,
CA_S57_O1,1,7.17E-01,1.47E+00,2.55E+00,2.94E+00,1.01E+01,,,,,,,,,,,,,,,,,,,,,,,,,,,,,,,,,,,
CA_S57_O1,1,7.26E-01,1.49E+00,2.62E+00,3.01E+00,8.27E+00,,,,,,,,,,,,,,,,,,,,,,,,,,,,,,,,,,,
CA_S57_O1,1,7.34E-01,1.50E+00,2.68E+00,3.07E+00,7.54E+00,,,,,,,,,,,,,,,,,,,,,,,,,,,,,,,,,,,
CA_S57_O1,1,7.42E-01,1.51E+00,2.74E+00,3.13E+00,8.98E+00,,,,,,,,,,,,,,,,,,,,,,,,,,,,,,,,,,,
CA_S57_O1,1,7.51E-01,1.52E+00,2.83E+00,3.22E+00,1.04E+01,,,,,,,,,,,,,,,,,,,,,,,,,,,,,,,,,,,
CA_S57_O1,1,7.59E-01,1.54E+00,2.91E+00,3.30E+00,8.63E+00,,,,,,,,,,,,,,,,,,,,,,,,,,,,,,,,,,,
CA_S57_O1,1,7.67E-01,1.55E+00,2.97E+00,3.35E+00,7.62E+00,,,,,,,,,,,,,,,,,,,,,,,,,,,,,,,,,,,
CA_S57_O1,1,7.76E-01,1.57E+00,3.04E+00,3.42E+00,7.58E+00,,,,,,,,,,,,,,,,,,,,,,,,,,,,,,,,,,,
CA_S57_O1,1,7.84E-01,1.58E+00,3.10E+00,3.48E+00,9.35E+00,,,,,,,,,,,,,,,,,,,,,,,,,,,,,,,,,,,
CA_S57_O1,1,7.92E-01,1.60E+00,3.19E+00,3.57E+00,9.70E+00,,,,,,,,,,,,,,,,,,,,,,,,,,,,,,,,,,,
CA_S57_O1,1,8.01E-01,1.61E+00,3.25E+00,3.63E+00,9.45E+00,,,,,,,,,,,,,,,,,,,,,,,,,,,,,,,,,,,
CA_S57_O1,1,8.09E-01,1.65E+00,3.34E+00,3.73E+00,9.09E+00,,,,,,,,,,,,,,,,,,,,,,,,,,,,,,,,,,,
CA_S57_O1,1,8.17E-01,1.66E+00,3.40E+00,3.78E+00,7.93E+00,,,,,,,,,,,,,,,,,,,,,,,,,,,,,,,,,,,
CA_S57_O1,1,8.26E-01,1.68E+00,3.47E+00,3.86E+00,7.58E+00,,,,,,,,,,,,,,,,,,,,,,,,,,,,,,,,,,,
CA_S57_O1,1,8.34E-01,1.69E+00,3.52E+00,3.91E+00,7.90E+00,,,,,,,,,,,,,,,,,,,,,,,,,,,,,,,,,,,
CA_S57_O1,1,8.43E-01,1.71E+00,3.60E+00,3.98E+00,1.01E+01,,,,,,,,,,,,,,,,,,,,,,,,,,,,,,,,,,,
CA_S57_O1,1,8.51E-01,1.73E+00,3.69E+00,4.07E+00,9.80E+00,,,,,,,,,,,,,,,,,,,,,,,,,,,,,,,,,,,
CA_S57_O1,1,8.59E-01,1.75E+00,3.75E+00,4.14E+00,,,,,,,,,,,,,,,,,,,,,,,,,,,,,,,,,,,,
,,,,,,,,,,,,,,,,,,,,,,,,,,,,,,,,,,,,,,,,,
CA_S57_O1,2,1.21E+00,9.49E-01,5.38E-01,1.09E+00,,,,,,,,,,,,,,,,,,,,,,,,,,,,,,,,,,,,
CA_S57_O1,2,1.22E+00,9.49E-01,5.75E-01,1.11E+00,5.92E+00,,,,,,,,,,,,,,,,,,,,,,,,,,,,,,,,,,,
CA_S57_O1,2,1.23E+00,9.41E-01,6.37E-01,1.14E+00,7.88E+00,,,,,,,,,,,,,,,,,,,,,,,,,,,,,,,,,,,
CA_S57_O1,2,1.23E+00,9.14E-01,7.02E-01,1.15E+00,7.61E+00,,,,,,,,,,,,,,,,,,,,,,,,,,,,,,,,,,,
CA_S57_O1,2,1.24E+00,9.18E-01,7.62E-01,1.19E+00,7.22E+00,,,,,,,,,,,,,,,,,,,,,,,,,,,,,,,,,,,
CA_S57_O1,2,1.25E+00,9.21E-01,8.22E-01,1.23E+00,6.48E+00,,,,,,,,,,,,,,,,,,,,,,,,,,,,,,,,,,,
CA_S57_O1,2,1.26E+00,9.29E-01,8.69E-01,1.27E+00,6.12E+00,,,,,,,,,,,,,,,,,,,,,,,,,,,,,,,,,,,
CA_S57_O1,2,1.27E+00,9.31E-01,9.23E-01,1.31E+00,6.83E+00,,,,,,,,,,,,,,,,,,,,,,,,,,,,,,,,,,,
CA_S57_O1,2,1.28E+00,9.41E-01,9.83E-01,1.36E+00,6.83E+00,,,,,,,,,,,,,,,,,,,,,,,,,,,,,,,,,,,
CA_S57_O1,2,1.28E+00,9.43E-01,1.04E+00,1.40E+00,6.55E+00,,,,,,,,,,,,,,,,,,,,,,,,,,,,,,,,,,,
CA_S57_O1,2,1.29E+00,9.40E-01,1.09E+00,1.44E+00,6.86E+00,,,,,,,,,,,,,,,,,,,,,,,,,,,,,,,,,,,
CA_S57_O1,2,1.30E+00,9.49E-01,1.15E+00,1.49E+00,7.55E+00,,,,,,,,,,,,,,,,,,,,,,,,,,,,,,,,,,,
CA_S57_O1,2,1.31E+00,9.53E-01,1.22E+00,1.55E+00,9.01E+00,,,,,,,,,,,,,,,,,,,,,,,,,,,,,,,,,,,
CA_S57_O1,2,1.32E+00,9.60E-01,1.30E+00,1.62E+00,9.76E+00,,,,,,,,,,,,,,,,,,,,,,,,,,,,,,,,,,,
CA_S57_O1,2,1.33E+00,9.61E-01,1.38E+00,1.68E+00,8.33E+00,,,,,,,,,,,,,,,,,,,,,,,,,,,,,,,,,,,
CA_S57_O1,2,1.33E+00,9.64E-01,1.44E+00,1.73E+00,8.65E+00,,,,,,,,,,,,,,,,,,,,,,,,,,,,,,,,,,,
CA_S57_O1,2,1.34E+00,9.71E-01,1.52E+00,1.81E+00,9.35E+00,,,,,,,,,,,,,,,,,,,,,,,,,,,,,,,,,,,
CA_S57_O1,2,1.35E+00,9.83E-01,1.59E+00,1.87E+00,9.04E+00,,,,,,,,,,,,,,,,,,,,,,,,,,,,,,,,,,,
CA_S57_O1,2,1.36E+00,9.77E-01,1.67E+00,1.94E+00,1.02E+01,,,,,,,,,,,,,,,,,,,,,,,,,,,,,,,,,,,
CA_S57_O1,2,1.37E+00,9.85E-01,1.76E+00,2.02E+00,1.01E+01,,,,,,,,,,,,,,,,,,,,,,,,,,,,,,,,,,,
CA_S57_O1,2,1.38E+00,9.97E-01,1.84E+00,2.09E+00,9.35E+00,,,,,,,,,,,,,,,,,,,,,,,,,,,,,,,,,,,
CA_S57_O1,2,1.38E+00,1.02E+00,1.92E+00,2.17E+00,8.63E+00,,,,,,,,,,,,,,,,,,,,,,,,,,,,,,,,,,,
CA_S57_O1,2,1.39E+00,1.03E+00,1.98E+00,2.23E+00,6.83E+00,,,,,,,,,,,,,,,,,,,,,,,,,,,,,,,,,,,
CA_S57_O1,2,1.40E+00,1.04E+00,2.03E+00,2.28E+00,7.55E+00,,,,,,,,,,,,,,,,,,,,,,,,,,,,,,,,,,,
CA_S57_O1,2,1.41E+00,1.05E+00,2.11E+00,2.35E+00,8.62E+00,,,,,,,,,,,,,,,,,,,,,,,,,,,,,,,,,,,
CA_S57_O1,2,1.42E+00,1.06E+00,2.17E+00,2.42E+00,8.26E+00,,,,,,,,,,,,,,,,,,,,,,,,,,,,,,,,,,,
CA_S57_O1,2,1.43E+00,1.07E+00,2.24E+00,2.49E+00,9.72E+00,,,,,,,,,,,,,,,,,,,,,,,,,,,,,,,,,,,
CA_S57_O1,2,1.43E+00,1.10E+00,2.33E+00,2.57E+00,9.86E+00,,,,,,,,,,,,,,,,,,,,,,,,,,,,,,,,,,,
CA_S57_O1,2,1.44E+00,1.13E+00,2.40E+00,2.65E+00,9.23E+00,,,,,,,,,,,,,,,,,,,,,,,,,,,,,,,,,,,
CA_S57_O1,2,1.45E+00,1.16E+00,2.47E+00,2.73E+00,8.10E+00,,,,,,,,,,,,,,,,,,,,,,,,,,,,,,,,,,,
CA_S57_O1,2,1.46E+00,1.18E+00,2.52E+00,2.78E+00,6.97E+00,,,,,,,,,,,,,,,,,,,,,,,,,,,,,,,,,,,
CA_S57_O1,2,1.47E+00,1.20E+00,2.58E+00,2.84E+00,8.10E+00,,,,,,,,,,,,,,,,,,,,,,,,,,,,,,,,,,,
CA_S57_O1,2,1.48E+00,1.23E+00,2.65E+00,2.92E+00,7.84E+00,,,,,,,,,,,,,,,,,,,,,,,,,,,,,,,,,,,
CA_S57_O1,2,1.48E+00,1.25E+00,2.70E+00,2.98E+00,6.81E+00,,,,,,,,,,,,,,,,,,,,,,,,,,,,,,,,,,,
CA_S57_O1,2,1.49E+00,1.28E+00,2.75E+00,3.03E+00,6.36E+00,,,,,,,,,,,,,,,,,,,,,,,,,,,,,,,,,,,
CA_S57_O1,2,1.50E+00,1.30E+00,2.79E+00,3.08E+00,7.33E+00,,,,,,,,,,,,,,,,,,,,,,,,,,,,,,,,,,,
CA_S57_O1,2,1.51E+00,1.32E+00,2.86E+00,3.15E+00,8.03E+00,,,,,,,,,,,,,,,,,,,,,,,,,,,,,,,,,,,
CA_S57_O1,2,1.52E+00,1.34E+00,2.92E+00,3.22E+00,7.97E+00,,,,,,,,,,,,,,,,,,,,,,,,,,,,,,,,,,,
CA_S57_O1,2,1.53E+00,1.36E+00,2.99E+00,3.29E+00,7.22E+00,,,,,,,,,,,,,,,,,,,,,,,,,,,,,,,,,,,
CA_S57_O1,2,1.53E+00,1.37E+00,3.04E+00,3.33E+00,4.37E+00,,,,,,,,,,,,,,,,,,,,,,,,,,,,,,,,,,,
CA_S57_O1,2,1.54E+00,1.36E+00,3.06E+00,3.35E+00,4.44E+00,,,,,,,,,,,,,,,,,,,,,,,,,,,,,,,,,,,
CA_S57_O1,2,1.55E+00,1.37E+00,3.11E+00,3.40E+00,7.90E+00,,,,,,,,,,,,,,,,,,,,,,,,,,,,,,,,,,,
CA_S57_O1,2,1.56E+00,1.38E+00,3.19E+00,3.48E+00,1.01E+01,,,,,,,,,,,,,,,,,,,,,,,,,,,,,,,,,,,
CA_S57_O1,2,1.57E+00,1.40E+00,3.28E+00,3.56E+00,1.01E+01,,,,,,,,,,,,,,,,,,,,,,,,,,,,,,,,,,,
CA_S57_O1,2,1.58E+00,1.41E+00,3.36E+00,3.64E+00,7.18E+00,,,,,,,,,,,,,,,,,,,,,,,,,,,,,,,,,,,
CA_S57_O1,2,1.58E+00,1.42E+00,3.39E+00,3.68E+00,5.40E+00,,,,,,,,,,,,,,,,,,,,,,,,,,,,,,,,,,,
CA_S57_O1,2,1.59E+00,1.43E+00,3.45E+00,3.73E+00,7.19E+00,,,,,,,,,,,,,,,,,,,,,,,,,,,,,,,,,,,
CA_S57_O1,2,1.60E+00,1.44E+00,3.51E+00,3.80E+00,1.01E+01,,,,,,,,,,,,,,,,,,,,,,,,,,,,,,,,,,,
CA_S57_O1,2,1.61E+00,1.46E+00,3.61E+00,3.90E+00,9.70E+00,,,,,,,,,,,,,,,,,,,,,,,,,,,,,,,,,,,
CA_S57_O1,2,1.62E+00,1.47E+00,3.67E+00,3.95E+00,5.40E+00,,,,,,,,,,,,,,,,,,,,,,,,,,,,,,,,,,,
CA_S57_O1,2,1.63E+00,1.48E+00,3.70E+00,3.98E+00,7.26E+00,,,,,,,,,,,,,,,,,,,,,,,,,,,,,,,,,,,
CA_S57_O1,2,1.63E+00,1.50E+00,3.79E+00,4.08E+00,,,,,,,,,,,,,,,,,,,,,,,,,,,,,,,,,,,,
,,,,,,,,,,,,,,,,,,,,,,,,,,,,,,,,,,,,,,,,,
CA_S57_O1,3,1.75E+00,9.67E-01,5.72E-01,1.12E+00,,,,,,,,,,,,,,,,,,,,,,,,,,,,,,,,,,,,
CA_S57_O1,3,1.76E+00,9.48E-01,6.48E-01,1.15E+00,8.10E+00,,,,,,,,,,,,,,,,,,,,,,,,,,,,,,,,,,,
CA_S57_O1,3,1.77E+00,9.58E-01,7.07E-01,1.19E+00,6.82E+00,,,,,,,,,,,,,,,,,,,,,,,,,,,,,,,,,,,
CA_S57_O1,3,1.78E+00,9.66E-01,7.60E-01,1.23E+00,6.82E+00,,,,,,,,,,,,,,,,,,,,,,,,,,,,,,,,,,,
CA_S57_O1,3,1.79E+00,9.75E-01,8.19E-01,1.27E+00,8.74E+00,,,,,,,,,,,,,,,,,,,,,,,,,,,,,,,,,,,
CA_S57_O1,3,1.79E+00,9.65E-01,9.06E-01,1.32E+00,8.38E+00,,,,,,,,,,,,,,,,,,,,,,,,,,,,,,,,,,,
CA_S57_O1,3,1.80E+00,9.73E-01,9.59E-01,1.37E+00,6.15E+00,,,,,,,,,,,,,,,,,,,,,,,,,,,,,,,,,,,
CA_S57_O1,3,1.81E+00,9.69E-01,1.01E+00,1.40E+00,5.49E+00,,,,,,,,,,,,,,,,,,,,,,,,,,,,,,,,,,,
CA_S57_O1,3,1.82E+00,9.69E-01,1.05E+00,1.43E+00,6.27E+00,,,,,,,,,,,,,,,,,,,,,,,,,,,,,,,,,,,
CA_S57_O1,3,1.83E+00,9.61E-01,1.11E+00,1.47E+00,7.26E+00,,,,,,,,,,,,,,,,,,,,,,,,,,,,,,,,,,,
CA_S57_O1,3,1.84E+00,9.70E-01,1.17E+00,1.52E+00,5.39E+00,,,,,,,,,,,,,,,,,,,,,,,,,,,,,,,,,,,
CA_S57_O1,3,1.84E+00,9.75E-01,1.20E+00,1.55E+00,7.54E+00,,,,,,,,,,,,,,,,,,,,,,,,,,,,,,,,,,,
CA_S57_O1,3,1.85E+00,9.90E-01,1.30E+00,1.63E+00,9.35E+00,,,,,,,,,,,,,,,,,,,,,,,,,,,,,,,,,,,
CA_S57_O1,3,1.86E+00,9.93E-01,1.36E+00,1.68E+00,6.83E+00,,,,,,,,,,,,,,,,,,,,,,,,,,,,,,,,,,,
CA_S57_O1,3,1.87E+00,1.00E+00,1.41E+00,1.73E+00,6.15E+00,,,,,,,,,,,,,,,,,,,,,,,,,,,,,,,,,,,
CA_S57_O1,3,1.88E+00,9.98E-01,1.46E+00,1.77E+00,6.81E+00,,,,,,,,,,,,,,,,,,,,,,,,,,,,,,,,,,,
CA_S57_O1,3,1.89E+00,9.83E-01,1.52E+00,1.81E+00,6.97E+00,,,,,,,,,,,,,,,,,,,,,,,,,,,,,,,,,,,
CA_S57_O1,3,1.89E+00,9.92E-01,1.58E+00,1.86E+00,6.83E+00,,,,,,,,,,,,,,,,,,,,,,,,,,,,,,,,,,,
CA_S57_O1,3,1.90E+00,1.01E+00,1.63E+00,1.92E+00,8.63E+00,,,,,,,,,,,,,,,,,,,,,,,,,,,,,,,,,,,
CA_S57_O1,3,1.91E+00,1.02E+00,1.72E+00,2.00E+00,1.08E+01,,,,,,,,,,,,,,,,,,,,,,,,,,,,,,,,,,,
CA_S57_O1,3,1.92E+00,1.03E+00,1.81E+00,2.08E+00,9.40E+00,,,,,,,,,,,,,,,,,,,,,,,,,,,,,,,,,,,
CA_S57_O1,3,1.93E+00,1.03E+00,1.87E+00,2.14E+00,7.93E+00,,,,,,,,,,,,,,,,,,,,,,,,,,,,,,,,,,,
CA_S57_O1,3,1.94E+00,1.04E+00,1.94E+00,2.20E+00,8.63E+00,,,,,,,,,,,,,,,,,,,,,,,,,,,,,,,,,,,
CA_S57_O1,3,1.94E+00,1.04E+00,2.02E+00,2.27E+00,8.69E+00,,,,,,,,,,,,,,,,,,,,,,,,,,,,,,,,,,,
CA_S57_O1,3,1.95E+00,1.04E+00,2.09E+00,2.33E+00,7.58E+00,,,,,,,,,,,,,,,,,,,,,,,,,,,,,,,,,,,
CA_S57_O1,3,1.96E+00,1.05E+00,2.14E+00,2.39E+00,7.91E+00,,,,,,,,,,,,,,,,,,,,,,,,,,,,,,,,,,,
CA_S57_O1,3,1.97E+00,1.06E+00,2.22E+00,2.46E+00,9.40E+00,,,,,,,,,,,,,,,,,,,,,,,,,,,,,,,,,,,
CA_S57_O1,3,1.98E+00,1.06E+00,2.30E+00,2.53E+00,8.69E+00,,,,,,,,,,,,,,,,,,,,,,,,,,,,,,,,,,,
CA_S57_O1,3,1.99E+00,1.06E+00,2.36E+00,2.59E+00,8.29E+00,,,,,,,,,,,,,,,,,,,,,,,,,,,,,,,,,,,
CA_S57_O1,3,1.99E+00,1.07E+00,2.44E+00,2.66E+00,9.45E+00,,,,,,,,,,,,,,,,,,,,,,,,,,,,,,,,,,,
CA_S57_O1,3,2.00E+00,1.06E+00,2.52E+00,2.74E+00,9.76E+00,,,,,,,,,,,,,,,,,,,,,,,,,,,,,,,,,,,
CA_S57_O1,3,2.01E+00,1.07E+00,2.60E+00,2.81E+00,1.04E+01,,,,,,,,,,,,,,,,,,,,,,,,,,,,,,,,,,,
CA_S57_O1,3,2.02E+00,1.08E+00,2.70E+00,2.90E+00,1.00E+01,,,,,,,,,,,,,,,,,,,,,,,,,,,,,,,,,,,
CA_S57_O1,3,2.03E+00,1.06E+00,2.77E+00,2.96E+00,8.19E+00,,,,,,,,,,,,,,,,,,,,,,,,,,,,,,,,,,,
CA_S57_O1,3,2.04E+00,1.06E+00,2.83E+00,3.02E+00,8.63E+00,,,,,,,,,,,,,,,,,,,,,,,,,,,,,,,,,,,
CA_S57_O1,3,2.04E+00,1.07E+00,2.91E+00,3.10E+00,7.90E+00,,,,,,,,,,,,,,,,,,,,,,,,,,,,,,,,,,,
CA_S57_O1,3,2.05E+00,1.08E+00,2.96E+00,3.15E+00,6.47E+00,,,,,,,,,,,,,,,,,,,,,,,,,,,,,,,,,,,
CA_S57_O1,3,2.06E+00,1.09E+00,3.02E+00,3.21E+00,7.58E+00,,,,,,,,,,,,,,,,,,,,,,,,,,,,,,,,,,,
CA_S57_O1,3,2.07E+00,1.09E+00,3.09E+00,3.28E+00,8.65E+00,,,,,,,,,,,,,,,,,,,,,,,,,,,,,,,,,,,
CA_S57_O1,3,2.08E+00,1.10E+00,3.16E+00,3.35E+00,8.62E+00,,,,,,,,,,,,,,,,,,,,,,,,,,,,,,,,,,,
CA_S57_O1,3,2.09E+00,1.11E+00,3.23E+00,3.42E+00,8.99E+00,,,,,,,,,,,,,,,,,,,,,,,,,,,,,,,,,,,
CA_S57_O1,3,2.09E+00,1.12E+00,3.31E+00,3.49E+00,9.35E+00,,,,,,,,,,,,,,,,,,,,,,,,,,,,,,,,,,,
CA_S57_O1,3,2.10E+00,1.13E+00,3.39E+00,3.57E+00,8.26E+00,,,,,,,,,,,,,,,,,,,,,,,,,,,,,,,,,,,
CA_S57_O1,3,2.11E+00,1.14E+00,3.44E+00,3.63E+00,7.19E+00,,,,,,,,,,,,,,,,,,,,,,,,,,,,,,,,,,,
CA_S57_O1,3,2.12E+00,1.14E+00,3.50E+00,3.69E+00,7.62E+00,,,,,,,,,,,,,,,,,,,,,,,,,,,,,,,,,,,
CA_S57_O1,3,2.13E+00,1.14E+00,3.57E+00,3.75E+00,8.33E+00,,,,,,,,,,,,,,,,,,,,,,,,,,,,,,,,,,,
CA_S57_O1,3,2.14E+00,1.15E+00,3.64E+00,3.82E+00,7.97E+00,,,,,,,,,,,,,,,,,,,,,,,,,,,,,,,,,,,
CA_S57_O1,3,2.14E+00,1.15E+00,3.70E+00,3.88E+00,8.03E+00,,,,,,,,,,,,,,,,,,,,,,,,,,,,,,,,,,,
CA_S57_O1,3,2.15E+00,1.15E+00,3.78E+00,3.95E+00,1.01E+01,,,,,,,,,,,,,,,,,,,,,,,,,,,,,,,,,,,
CA_S57_O1,3,2.16E+00,1.15E+00,3.87E+00,4.04E+00,,,,,,,,,,,,,,,,,,,,,,,,,,,,,,,,,,,,
,,,,,,,,,,,,,,,,,,,,,,,,,,,,,,,,,,,,,,,,,
CA_S58_O1,1,9.18E-02,1.198,1.739,2.112,,,,,,,,,,,,,,,,,,,,,,,,,,,,,,,,,,,,
CA_S58_O1,1,0.1,1.222,1.856,2.222,20.59,,,,,,,,,,,,,,,,,,,,,,,,,,,,,,,,,,,
CA_S58_O1,1,0.108,1.331,2.056,2.449,22.4,,,,,,,,,,,,,,,,,,,,,,,,,,,,,,,,,,,
CA_S58_O1,1,0.117,1.299,2.222,2.574,18.96,,,,,,,,,,,,,,,,,,,,,,,,,,,,,,,,,,,
CA_S58_O1,1,0.125,1.37,2.37,2.737,17.37,,,,,,,,,,,,,,,,,,,,,,,,,,,,,,,,,,,
CA_S58_O1,1,0.133,1.39,2.497,2.858,15.44,,,,,,,,,,,,,,,,,,,,,,,,,,,,,,,,,,,
CA_S58_O1,1,0.142,1.409,2.624,2.979,18.73,,,,,,,,,,,,,,,,,,,,,,,,,,,,,,,,,,,
CA_S58_O1,1,0.15,1.443,2.805,3.154,19.09,,,,,,,,,,,,,,,,,,,,,,,,,,,,,,,,,,,
CA_S58_O1,1,0.158,1.473,2.936,3.285,17.26,,,,,,,,,,,,,,,,,,,,,,,,,,,,,,,,,,,
CA_S58_O1,1,0.167,1.494,3.088,3.431,17.49,,,,,,,,,,,,,,,,,,,,,,,,,,,,,,,,,,,
CA_S58_O1,1,0.175,1.51,3.226,3.561,18.73,,,,,,,,,,,,,,,,,,,,,,,,,,,,,,,,,,,
CA_S58_O1,1,0.184,1.548,3.396,3.732,20.44,,,,,,,,,,,,,,,,,,,,,,,,,,,,,,,,,,,
CA_S58_O1,1,0.192,1.55,3.564,3.887,17.49,,,,,,,,,,,,,,,,,,,,,,,,,,,,,,,,,,,
CA_S58_O1,1,0.2,1.585,3.686,4.012,15.44,,,,,,,,,,,,,,,,,,,,,,,,,,,,,,,,,,,
CA_S58_O1,1,0.209,1.59,3.819,4.137,15.39,,,,,,,,,,,,,,,,,,,,,,,,,,,,,,,,,,,
CA_S58_O1,1,0.217,1.599,3.942,4.254,16.91,,,,,,,,,,,,,,,,,,,,,,,,,,,,,,,,,,,
CA_S58_O1,1,0.225,1.631,4.098,4.411,18.96,,,,,,,,,,,,,,,,,,,,,,,,,,,,,,,,,,,
CA_S58_O1,1,0.234,1.638,4.256,4.56,16.59,,,,,,,,,,,,,,,,,,,,,,,,,,,,,,,,,,,
CA_S58_O1,1,0.242,1.662,4.373,4.678,15.11,,,,,,,,,,,,,,,,,,,,,,,,,,,,,,,,,,,
CA_S58_O1,1,0.25,1.667,4.506,4.805,13.92,,,,,,,,,,,,,,,,,,,,,,,,,,,,,,,,,,,
CA_S58_O1,1,0.259,1.675,4.605,4.9,15.12,,,,,,,,,,,,,,,,,,,,,,,,,,,,,,,,,,,
CA_S58_O1,1,0.267,1.672,4.759,5.044,15.73,,,,,,,,,,,,,,,,,,,,,,,,,,,,,,,,,,,
CA_S58_O1,1,0.275,1.675,4.867,5.147,,,,,,,,,,,,,,,,,,,,,,,,,,,,,,,,,,,,
,,,,,,,,,,,,,,,,,,,,,,,,,,,,,,,,,,,,,,,,,
CA_S58_O1,2,0.726,1.034,1.994,2.246,,,,,,,,,,,,,,,,,,,,,,,,,,,,,,,,,,,,
CA_S58_O1,2,0.734,1.046,2.082,2.33,11.02,,,,,,,,,,,,,,,,,,,,,,,,,,,,,,,,,,,
CA_S58_O1,2,0.742,1.068,2.175,2.423,10.47,,,,,,,,,,,,,,,,,,,,,,,,,,,,,,,,,,,
CA_S58_O1,2,0.751,1.084,2.253,2.5,11.71,,,,,,,,,,,,,,,,,,,,,,,,,,,,,,,,,,,
CA_S58_O1,2,0.759,1.136,2.358,2.617,12.65,,,,,,,,,,,,,,,,,,,,,,,,,,,,,,,,,,,
CA_S58_O1,2,0.767,1.158,2.45,2.71,10.86,,,,,,,,,,,,,,,,,,,,,,,,,,,,,,,,,,,
CA_S58_O1,2,0.776,1.184,2.532,2.796,10.77,,,,,,,,,,,,,,,,,,,,,,,,,,,,,,,,,,,
CA_S58_O1,2,0.784,1.221,2.619,2.889,10.3,,,,,,,,,,,,,,,,,,,,,,,,,,,,,,,,,,,
CA_S58_O1,2,0.792,1.251,2.691,2.967,11.23,,,,,,,,,,,,,,,,,,,,,,,,,,,,,,,,,,,
CA_S58_O1,2,0.801,1.293,2.792,3.077,14.98,,,,,,,,,,,,,,,,,,,,,,,,,,,,,,,,,,,
CA_S58_O1,2,0.809,1.348,2.921,3.217,19.19,,,,,,,,,,,,,,,,,,,,,,,,,,,,,,,,,,,
CA_S58_O1,2,0.817,1.425,3.084,3.397,17.32,,,,,,,,,,,,,,,,,,,,,,,,,,,,,,,,,,,
CA_S58_O1,2,0.826,1.467,3.184,3.506,18.74,,,,,,,,,,,,,,,,,,,,,,,,,,,,,,,,,,,
CA_S58_O1,2,0.834,1.531,3.378,3.708,18.4,,,,,,,,,,,,,,,,,,,,,,,,,,,,,,,,,,,
CA_S58_O1,2,0.843,1.549,3.48,3.809,14.53,,,,,,,,,,,,,,,,,,,,,,,,,,,,,,,,,,,
CA_S58_O1,2,0.851,1.564,3.618,3.941,15.62,,,,,,,,,,,,,,,,,,,,,,,,,,,,,,,,,,,
CA_S58_O1,2,0.859,1.613,3.733,4.066,13.58,,,,,,,,,,,,,,,,,,,,,,,,,,,,,,,,,,,
CA_S58_O1,2,0.868,1.659,3.823,4.168,15.45,,,,,,,,,,,,,,,,,,,,,,,,,,,,,,,,,,,
CA_S58_O1,2,0.876,1.72,3.967,4.324,27.01,,,,,,,,,,,,,,,,,,,,,,,,,,,,,,,,,,,
CA_S58_O1,2,0.884,1.897,4.206,4.614,23.98,,,,,,,,,,,,,,,,,,,,,,,,,,,,,,,,,,,
CA_S58_O1,2,0.893,1.91,4.319,4.723,13.64,,,,,,,,,,,,,,,,,,,,,,,,,,,,,,,,,,,
CA_S58_O1,2,0.901,1.963,4.424,4.84,,,,,,,,,,,,,,,,,,,,,,,,,,,,,,,,,,,,
,,,,,,,,,,,,,,,,,,,,,,,,,,,,,,,,,,,,,,,,,
CA_S58_O1,3,3.095,1.005,1.803,2.064,,,,,,,,,,,,,,,,,,,,,,,,,,,,,,,,,,,,
CA_S58_O1,3,3.103,1.023,1.846,2.111,7.488,,,,,,,,,,,,,,,,,,,,,,,,,,,,,,,,,,,
CA_S58_O1,3,3.111,1.053,1.918,2.188,8.905,,,,,,,,,,,,,,,,,,,,,,,,,,,,,,,,,,,
CA_S58_O1,3,3.12,1.088,1.98,2.259,10.3,,,,,,,,,,,,,,,,,,,,,,,,,,,,,,,,,,,
CA_S58_O1,3,3.128,1.12,2.077,2.359,15.09,,,,,,,,,,,,,,,,,,,,,,,,,,,,,,,,,,,
CA_S58_O1,3,3.136,1.156,2.223,2.505,14.07,,,,,,,,,,,,,,,,,,,,,,,,,,,,,,,,,,,
CA_S58_O1,3,3.145,1.196,2.299,2.591,11.27,,,,,,,,,,,,,,,,,,,,,,,,,,,,,,,,,,,
CA_S58_O1,3,3.153,1.214,2.401,2.691,11.58,,,,,,,,,,,,,,,,,,,,,,,,,,,,,,,,,,,
CA_S58_O1,3,3.161,1.226,2.49,2.775,10.34,,,,,,,,,,,,,,,,,,,,,,,,,,,,,,,,,,,
CA_S58_O1,3,3.17,1.266,2.566,2.861,9.407,,,,,,,,,,,,,,,,,,,,,,,,,,,,,,,,,,,
CA_S58_O1,3,3.178,1.301,2.628,2.932,8.905,,,,,,,,,,,,,,,,,,,,,,,,,,,,,,,,,,,
CA_S58_O1,3,3.187,1.331,2.7,3.01,10.3,,,,,,,,,,,,,,,,,,,,,,,,,,,,,,,,,,,
CA_S58_O1,3,3.195,1.367,2.786,3.103,13.64,,,,,,,,,,,,,,,,,,,,,,,,,,,,,,,,,,,
CA_S58_O1,3,3.203,1.44,2.899,3.237,14.07,,,,,,,,,,,,,,,,,,,,,,,,,,,,,,,,,,,
CA_S58_O1,3,3.212,1.444,3.008,3.336,15.11,,,,,,,,,,,,,,,,,,,,,,,,,,,,,,,,,,,
CA_S58_O1,3,3.22,1.469,3.15,3.475,17.82,,,,,,,,,,,,,,,,,,,,,,,,,,,,,,,,,,,
CA_S58_O1,3,3.228,1.491,3.301,3.622,18,,,,,,,,,,,,,,,,,,,,,,,,,,,,,,,,,,,
CA_S58_O1,3,3.237,1.541,3.441,3.77,16.44,,,,,,,,,,,,,,,,,,,,,,,,,,,,,,,,,,,
CA_S58_O1,3,3.245,1.575,3.562,3.895,16.16,,,,,,,,,,,,,,,,,,,,,,,,,,,,,,,,,,,
CA_S58_O1,3,3.253,1.601,3.704,4.035,15.79,,,,,,,,,,,,,,,,,,,,,,,,,,,,,,,,,,,
CA_S58_O1,3,3.262,1.625,3.821,4.152,15.51,,,,,,,,,,,,,,,,,,,,,,,,,,,,,,,,,,,
CA_S58_O1,3,3.27,1.679,3.951,4.293,16.02,,,,,,,,,,,,,,,,,,,,,,,,,,,,,,,,,,,
CA_S58_O1,3,3.278,1.699,4.078,4.418,16.91,,,,,,,,,,,,,,,,,,,,,,,,,,,,,,,,,,,
CA_S58_O1,3,3.287,1.72,4.23,4.566,15.69,,,,,,,,,,,,,,,,,,,,,,,,,,,,,,,,,,,
CA_S58_O1,3,3.295,1.724,4.339,4.668,13.05,,,,,,,,,,,,,,,,,,,,,,,,,,,,,,,,,,,
CA_S58_O1,3,3.303,1.752,4.445,4.778,14.53,,,,,,,,,,,,,,,,,,,,,,,,,,,,,,,,,,,
CA_S58_O1,3,3.312,1.757,4.579,4.904,15.44,,,,,,,,,,,,,,,,,,,,,,,,,,,,,,,,,,,
CA_S58_O1,3,3.32,1.791,4.7,5.03,13.14,,,,,,,,,,,,,,,,,,,,,,,,,,,,,,,,,,,
CA_S58_O1,3,3.328,1.827,4.786,5.123,8.905,,,,,,,,,,,,,,,,,,,,,,,,,,,,,,,,,,,
CA_S58_O1,3,3.337,1.856,4.834,5.178,,,,,,,,,,,,,,,,,,,,,,,,,,,,,,,,,,,,
,,,,,,,,,,,,,,,,,,,,,,,,,,,,,,,,,,,,,,,,,
CA_S58_O1,4,3.637,0.989,1.463,1.765,,,,,,,,,,,,,,,,,,,,,,,,,,,,,,,,,,,,
CA_S58_O1,4,3.645,1.019,1.535,1.842,11.23,,,,,,,,,,,,,,,,,,,,,,,,,,,,,,,,,,,
CA_S58_O1,4,3.654,1.061,1.635,1.95,9.407,,,,,,,,,,,,,,,,,,,,,,,,,,,,,,,,,,,
CA_S58_O1,4,3.662,1.094,1.673,1.998,7.159,,,,,,,,,,,,,,,,,,,,,,,,,,,,,,,,,,,
CA_S58_O1,4,3.67,1.128,1.734,2.069,10.47,,,,,,,,,,,,,,,,,,,,,,,,,,,,,,,,,,,
CA_S58_O1,4,3.679,1.189,1.819,2.173,10.34,,,,,,,,,,,,,,,,,,,,,,,,,,,,,,,,,,,
CA_S58_O1,4,3.687,1.209,1.887,2.241,10.34,,,,,,,,,,,,,,,,,,,,,,,,,,,,,,,,,,,
CA_S58_O1,4,3.695,1.241,1.983,2.34,12.65,,,,,,,,,,,,,,,,,,,,,,,,,,,,,,,,,,,
CA_S58_O1,4,3.704,1.284,2.084,2.448,10.34,,,,,,,,,,,,,,,,,,,,,,,,,,,,,,,,,,,
CA_S58_O1,4,3.712,1.322,2.136,2.512,10.3,,,,,,,,,,,,,,,,,,,,,,,,,,,,,,,,,,,
CA_S58_O1,4,3.72,1.35,2.242,2.618,11.27,,,,,,,,,,,,,,,,,,,,,,,,,,,,,,,,,,,
CA_S58_O1,4,3.729,1.381,2.314,2.695,10.77,,,,,,,,,,,,,,,,,,,,,,,,,,,,,,,,,,,
CA_S58_O1,4,3.737,1.427,2.405,2.796,12.65,,,,,,,,,,,,,,,,,,,,,,,,,,,,,,,,,,,
CA_S58_O1,4,3.745,1.455,2.512,2.903,10.47,,,,,,,,,,,,,,,,,,,,,,,,,,,,,,,,,,,
CA_S58_O1,4,3.754,1.465,2.575,2.963,9.407,,,,,,,,,,,,,,,,,,,,,,,,,,,,,,,,,,,
CA_S58_O1,4,3.762,1.501,2.662,3.056,11.23,,,,,,,,,,,,,,,,,,,,,,,,,,,,,,,,,,,
CA_S58_O1,4,3.77,1.538,2.748,3.149,10.47,,,,,,,,,,,,,,,,,,,,,,,,,,,,,,,,,,,
CA_S58_O1,4,3.779,1.539,2.832,3.223,10.1,,,,,,,,,,,,,,,,,,,,,,,,,,,,,,,,,,,
CA_S58_O1,4,3.787,1.565,2.914,3.308,12.31,,,,,,,,,,,,,,,,,,,,,,,,,,,,,,,,,,,
CA_S58_O1,4,3.795,1.589,3.031,3.423,13.77,,,,,,,,,,,,,,,,,,,,,,,,,,,,,,,,,,,
CA_S58_O1,4,3.804,1.617,3.138,3.53,11.39,,,,,,,,,,,,,,,,,,,,,,,,,,,,,,,,,,,
CA_S58_O1,4,3.812,1.633,3.216,3.607,10.47,,,,,,,,,,,,,,,,,,,,,,,,,,,,,,,,,,,
CA_S58_O1,4,3.82,1.655,3.309,3.699,13.14,,,,,,,,,,,,,,,,,,,,,,,,,,,,,,,,,,,
CA_S58_O1,4,3.829,1.703,3.424,3.824,15.01,,,,,,,,,,,,,,,,,,,,,,,,,,,,,,,,,,,
CA_S58_O1,4,3.837,1.737,3.545,3.948,14.7,,,,,,,,,,,,,,,,,,,,,,,,,,,,,,,,,,,
CA_S58_O1,4,3.846,1.761,3.662,4.064,14.7,,,,,,,,,,,,,,,,,,,,,,,,,,,,,,,,,,,
CA_S58_O1,4,3.854,1.795,3.783,4.188,12.49,,,,,,,,,,,,,,,,,,,,,,,,,,,,,,,,,,,
CA_S58_O1,4,3.862,1.797,3.867,4.264,12.49,,,,,,,,,,,,,,,,,,,,,,,,,,,,,,,,,,,
CA_S58_O1,4,3.871,1.831,3.989,4.389,14.16,,,,,,,,,,,,,,,,,,,,,,,,,,,,,,,,,,,
CA_S58_O1,4,3.879,1.859,4.095,4.497,12.49,,,,,,,,,,,,,,,,,,,,,,,,,,,,,,,,,,,
CA_S58_O1,4,3.887,1.866,4.194,4.59,12.2,,,,,,,,,,,,,,,,,,,,,,,,,,,,,,,,,,,
CA_S58_O1,4,3.896,1.923,4.289,4.7,14.52,,,,,,,,,,,,,,,,,,,,,,,,,,,,,,,,,,,
CA_S58_O1,4,3.904,1.967,4.414,4.832,12.71,,,,,,,,,,,,,,,,,,,,,,,,,,,,,,,,,,,
CA_S58_O1,4,3.912,1.983,4.492,4.91,,,,,,,,,,,,,,,,,,,,,,,,,,,,,,,,,,,,
,,,,,,,,,,,,,,,,,,,,,,,,,,,,,,,,,,,,,,,,,
CA_S59_O1,1,7.09E-01,-6.67E-01,1.12E+00,1.30E+00,,,,,,,,,,,,,,,,,,,,,,,,,,,,,,,,,,,,
CA_S59_O1,1,7.17E-01,-6.68E-01,1.22E+00,1.39E+00,1.22E+01,,,,,,,,,,,,,,,,,,,,,,,,,,,,,,,,,,,
CA_S59_O1,1,7.26E-01,-6.96E-01,1.32E+00,1.49E+00,1.12E+01,,,,,,,,,,,,,,,,,,,,,,,,,,,,,,,,,,,
CA_S59_O1,1,7.34E-01,-6.97E-01,1.40E+00,1.56E+00,1.00E+01,,,,,,,,,,,,,,,,,,,,,,,,,,,,,,,,,,,
CA_S59_O1,1,7.42E-01,-6.99E-01,1.49E+00,1.64E+00,1.22E+01,,,,,,,,,,,,,,,,,,,,,,,,,,,,,,,,,,,
CA_S59_O1,1,7.51E-01,-7.09E-01,1.60E+00,1.75E+00,1.06E+01,,,,,,,,,,,,,,,,,,,,,,,,,,,,,,,,,,,
CA_S59_O1,1,7.59E-01,-7.19E-01,1.66E+00,1.81E+00,1.11E+01,,,,,,,,,,,,,,,,,,,,,,,,,,,,,,,,,,,
CA_S59_O1,1,7.67E-01,-7.21E-01,1.79E+00,1.93E+00,1.38E+01,,,,,,,,,,,,,,,,,,,,,,,,,,,,,,,,,,,
CA_S59_O1,1,7.76E-01,-7.49E-01,1.89E+00,2.04E+00,1.24E+01,,,,,,,,,,,,,,,,,,,,,,,,,,,,,,,,,,,
CA_S59_O1,1,7.84E-01,-7.94E-01,1.98E+00,2.13E+00,1.39E+01,,,,,,,,,,,,,,,,,,,,,,,,,,,,,,,,,,,
CA_S59_O1,1,7.92E-01,-8.23E-01,2.11E+00,2.27E+00,1.43E+01,,,,,,,,,,,,,,,,,,,,,,,,,,,,,,,,,,,
CA_S59_O1,1,8.01E-01,-8.24E-01,2.22E+00,2.37E+00,1.43E+01,,,,,,,,,,,,,,,,,,,,,,,,,,,,,,,,,,,
CA_S59_O1,1,8.09E-01,-8.35E-01,2.35E+00,2.49E+00,1.54E+01,,,,,,,,,,,,,,,,,,,,,,,,,,,,,,,,,,,
CA_S59_O1,1,8.17E-01,-8.55E-01,2.47E+00,2.62E+00,1.38E+01,,,,,,,,,,,,,,,,,,,,,,,,,,,,,,,,,,,
CA_S59_O1,1,8.26E-01,-8.65E-01,2.58E+00,2.72E+00,1.45E+01,,,,,,,,,,,,,,,,,,,,,,,,,,,,,,,,,,,
CA_S59_O1,1,8.34E-01,-9.02E-01,2.71E+00,2.86E+00,1.34E+01,,,,,,,,,,,,,,,,,,,,,,,,,,,,,,,,,,,
CA_S59_O1,1,8.43E-01,-9.04E-01,2.80E+00,2.94E+00,1.11E+01,,,,,,,,,,,,,,,,,,,,,,,,,,,,,,,,,,,
CA_S59_O1,1,8.51E-01,-9.05E-01,2.90E+00,3.03E+00,1.06E+01,,,,,,,,,,,,,,,,,,,,,,,,,,,,,,,,,,,
CA_S59_O1,1,8.59E-01,-9.07E-01,2.97E+00,3.11E+00,1.27E+01,,,,,,,,,,,,,,,,,,,,,,,,,,,,,,,,,,,
CA_S59_O1,1,8.68E-01,-9.17E-01,3.11E+00,3.24E+00,1.11E+01,,,,,,,,,,,,,,,,,,,,,,,,,,,,,,,,,,,
CA_S59_O1,1,8.76E-01,-9.27E-01,3.16E+00,3.29E+00,1.17E+01,,,,,,,,,,,,,,,,,,,,,,,,,,,,,,,,,,,
CA_S59_O1,1,8.84E-01,-9.03E-01,3.30E+00,3.42E+00,1.75E+01,,,,,,,,,,,,,,,,,,,,,,,,,,,,,,,,,,,
CA_S59_O1,1,8.93E-01,-9.05E-01,3.45E+00,3.57E+00,1.49E+01,,,,,,,,,,,,,,,,,,,,,,,,,,,,,,,,,,,
CA_S59_O1,1,9.01E-01,-8.80E-01,3.55E+00,3.66E+00,1.28E+01,,,,,,,,,,,,,,,,,,,,,,,,,,,,,,,,,,,
CA_S59_O1,1,9.09E-01,-8.82E-01,3.66E+00,3.77E+00,1.16E+01,,,,,,,,,,,,,,,,,,,,,,,,,,,,,,,,,,,
CA_S59_O1,1,9.18E-01,-8.74E-01,3.74E+00,3.84E+00,1.27E+01,,,,,,,,,,,,,,,,,,,,,,,,,,,,,,,,,,,
CA_S59_O1,1,9.26E-01,-8.76E-01,3.87E+00,3.97E+00,1.16E+01,,,,,,,,,,,,,,,,,,,,,,,,,,,,,,,,,,,
CA_S59_O1,1,9.34E-01,-8.68E-01,3.94E+00,4.03E+00,7.47E+00,,,,,,,,,,,,,,,,,,,,,,,,,,,,,,,,,,,
CA_S59_O1,1,9.43E-01,-8.61E-01,4.00E+00,4.09E+00,9.52E+00,,,,,,,,,,,,,,,,,,,,,,,,,,,,,,,,,,,
CA_S59_O1,1,9.51E-01,-8.80E-01,4.09E+00,4.19E+00,1.00E+01,,,,,,,,,,,,,,,,,,,,,,,,,,,,,,,,,,,
CA_S59_O1,1,9.59E-01,-8.72E-01,4.16E+00,4.25E+00,1.22E+01,,,,,,,,,,,,,,,,,,,,,,,,,,,,,,,,,,,
CA_S59_O1,1,9.68E-01,-9.00E-01,4.30E+00,4.39E+00,1.34E+01,,,,,,,,,,,,,,,,,,,,,,,,,,,,,,,,,,,
CA_S59_O1,1,9.76E-01,-9.11E-01,4.38E+00,4.48E+00,1.08E+01,,,,,,,,,,,,,,,,,,,,,,,,,,,,,,,,,,,
CA_S59_O1,1,9.84E-01,-9.38E-01,4.47E+00,4.57E+00,,,,,,,,,,,,,,,,,,,,,,,,,,,,,,,,,,,,
,,,,,,,,,,,,,,,,,,,,,,,,,,,,,,,,,,,,,,,,,
CA_S59_O1,2,1.33E+00,-5.17E-01,1.14E+00,1.25E+00,,,,,,,,,,,,,,,,,,,,,,,,,,,,,,,,,,,,
CA_S59_O1,2,1.33E+00,-5.27E-01,1.24E+00,1.34E+00,8.99E+00,,,,,,,,,,,,,,,,,,,,,,,,,,,,,,,,,,,
CA_S59_O1,2,1.34E+00,-5.28E-01,1.29E+00,1.39E+00,6.34E+00,,,,,,,,,,,,,,,,,,,,,,,,,,,,,,,,,,,
CA_S59_O1,2,1.35E+00,-5.29E-01,1.34E+00,1.44E+00,7.94E+00,,,,,,,,,,,,,,,,,,,,,,,,,,,,,,,,,,,
CA_S59_O1,2,1.36E+00,-5.39E-01,1.42E+00,1.52E+00,1.03E+01,,,,,,,,,,,,,,,,,,,,,,,,,,,,,,,,,,,
CA_S59_O1,2,1.37E+00,-5.67E-01,1.51E+00,1.61E+00,1.22E+01,,,,,,,,,,,,,,,,,,,,,,,,,,,,,,,,,,,
CA_S59_O1,2,1.38E+00,-5.69E-01,1.62E+00,1.72E+00,1.06E+01,,,,,,,,,,,,,,,,,,,,,,,,,,,,,,,,,,,
CA_S59_O1,2,1.38E+00,-5.70E-01,1.68E+00,1.78E+00,8.45E+00,,,,,,,,,,,,,,,,,,,,,,,,,,,,,,,,,,,
CA_S59_O1,2,1.39E+00,-5.71E-01,1.76E+00,1.85E+00,7.99E+00,,,,,,,,,,,,,,,,,,,,,,,,,,,,,,,,,,,
CA_S59_O1,2,1.40E+00,-5.89E-01,1.82E+00,1.91E+00,7.05E+00,,,,,,,,,,,,,,,,,,,,,,,,,,,,,,,,,,,
CA_S59_O1,2,1.41E+00,-5.99E-01,1.88E+00,1.97E+00,9.87E+00,,,,,,,,,,,,,,,,,,,,,,,,,,,,,,,,,,,
CA_S59_O1,2,1.42E+00,-6.36E-01,1.97E+00,2.07E+00,1.26E+01,,,,,,,,,,,,,,,,,,,,,,,,,,,,,,,,,,,
CA_S59_O1,2,1.43E+00,-6.55E-01,2.08E+00,2.18E+00,1.01E+01,slightly curves,,,,,,,,,,,,,,,,,,,,,,,,,,,,,,,,,,
CA_S59_O1,2,1.43E+00,-6.56E-01,2.14E+00,2.24E+00,1.06E+01,,,,,,,,,,,,,,,,,,,,,,,,,,,,,,,,,,,
CA_S59_O1,2,1.44E+00,-6.75E-01,2.26E+00,2.35E+00,1.35E+01,,,,,,,,,,,,,,,,,,,,,,,,,,,,,,,,,,,
CA_S59_O1,2,1.45E+00,-7.03E-01,2.36E+00,2.46E+00,1.15E+01,,,,,,,,,,,,,,,,,,,,,,,,,,,,,,,,,,,
CA_S59_O1,2,1.46E+00,-7.31E-01,2.44E+00,2.55E+00,9.36E+00,,,,,,,,,,,,,,,,,,,,,,,,,,,,,,,,,,,
CA_S59_O1,2,1.47E+00,-7.50E-01,2.51E+00,2.62E+00,9.22E+00,,,,,,,,,,,,,,,,,,,,,,,,,,,,,,,,,,,
CA_S59_O1,2,1.48E+00,-7.68E-01,2.59E+00,2.70E+00,9.87E+00,,,,,,,,,,,,,,,,,,,,,,,,,,,,,,,,,,,
CA_S59_O1,2,1.48E+00,-7.96E-01,2.67E+00,2.78E+00,8.35E+00,,,,,,,,,,,,,,,,,,,,,,,,,,,,,,,,,,,
CA_S59_O1,2,1.49E+00,-8.15E-01,2.72E+00,2.84E+00,8.60E+00,,,,,,,,,,,,,,,,,,,,,,,,,,,,,,,,,,,
CA_S59_O1,2,1.50E+00,-8.25E-01,2.81E+00,2.93E+00,9.64E+00,,,,,,,,,,,,,,,,,,,,,,,,,,,,,,,,,,,
CA_S59_O1,2,1.51E+00,-8.43E-01,2.88E+00,3.00E+00,7.47E+00,,,,,,,,,,,,,,,,,,,,,,,,,,,,,,,,,,,
CA_S59_O1,2,1.52E+00,-8.44E-01,2.93E+00,3.05E+00,6.34E+00,,,,,,,,,,,,,,,,,,,,,,,,,,,,,,,,,,,
CA_S59_O1,2,1.53E+00,-8.45E-01,2.98E+00,3.10E+00,7.47E+00,,,,,,,,,,,,,,,,,,,,,,,,,,,,,,,,,,,
CA_S59_O1,2,1.53E+00,-8.64E-01,3.05E+00,3.17E+00,8.60E+00,,,,,,,,,,,,,,,,,,,,,,,,,,,,,,,,,,,
CA_S59_O1,2,1.54E+00,-8.74E-01,3.12E+00,3.24E+00,9.22E+00,,,,,,,,,,,,,,,,,,,,,,,,,,,,,,,,,,,
CA_S59_O1,2,1.55E+00,-9.01E-01,3.20E+00,3.33E+00,1.07E+01,,,,,,,,,,,,,,,,,,,,,,,,,,,,,,,,,,,
CA_S59_O1,2,1.56E+00,-9.03E-01,3.30E+00,3.42E+00,9.64E+00,,,,,,,,,,,,,,,,,,,,,,,,,,,,,,,,,,,
CA_S59_O1,2,1.57E+00,-9.30E-01,3.36E+00,3.49E+00,9.12E+00,,,,,,,,,,,,,,,,,,,,,,,,,,,,,,,,,,,
CA_S59_O1,2,1.58E+00,-9.31E-01,3.45E+00,3.57E+00,8.98E+00,,,,,,,,,,,,,,,,,,,,,,,,,,,,,,,,,,,
CA_S59_O1,2,1.58E+00,-9.32E-01,3.51E+00,3.63E+00,7.41E+00,,,,,,,,,,,,,,,,,,,,,,,,,,,,,,,,,,,
CA_S59_O1,2,1.59E+00,-9.42E-01,3.57E+00,3.70E+00,1.00E+01,,,,,,,,,,,,,,,,,,,,,,,,,,,,,,,,,,,
CA_S59_O1,2,1.60E+00,-9.44E-01,3.68E+00,3.80E+00,1.17E+01,,,,,,,,,,,,,,,,,,,,,,,,,,,,,,,,,,,
CA_S59_O1,2,1.61E+00,-9.63E-01,3.77E+00,3.89E+00,1.02E+01,,,,,,,,,,,,,,,,,,,,,,,,,,,,,,,,,,,
CA_S59_O1,2,1.62E+00,-9.73E-01,3.85E+00,3.97E+00,1.01E+01,,,,,,,,,,,,,,,,,,,,,,,,,,,,,,,,,,,
CA_S59_O1,2,1.63E+00,-9.83E-01,3.93E+00,4.05E+00,9.52E+00,,,,,,,,,,,,,,,,,,,,,,,,,,,,,,,,,,,
CA_S59_O1,2,1.63E+00,-9.84E-01,4.00E+00,4.12E+00,9.52E+00,,,,,,,,,,,,,,,,,,,,,,,,,,,,,,,,,,,
CA_S59_O1,2,1.64E+00,-9.94E-01,4.09E+00,4.21E+00,1.06E+01,,,,,,,,,,,,,,,,,,,,,,,,,,,,,,,,,,,
CA_S59_O1,2,1.65E+00,-9.96E-01,4.18E+00,4.30E+00,,,,,,,,,,,,,,,,,,,,,,,,,,,,,,,,,,,,
,,,,,,,,,,,,,,,,,,,,,,,,,,,,,,,,,,,,,,,,,
CA_S59_O1,3,2.39E+00,-8.06E-01,1.01E+00,1.29E+00,,,,,,,,,,,,,,,,,,,,,,,,,,,,,,,,,,,,
CA_S59_O1,3,2.40E+00,-8.25E-01,1.13E+00,1.40E+00,1.53E+01,,,,,,,,,,,,,,,,,,,,,,,,,,,,,,,,,,,
CA_S59_O1,3,2.41E+00,-8.19E-01,1.27E+00,1.51E+00,1.33E+01,,,,,,,,,,,,,,,,,,,,,,,,,,,,,,,,,,,
CA_S59_O1,3,2.42E+00,-8.55E-01,1.35E+00,1.59E+00,9.92E+00,,,,,,,,,,,,,,,,,,,,,,,,,,,,,,,,,,,
CA_S59_O1,3,2.43E+00,-8.91E-01,1.42E+00,1.67E+00,1.05E+01,,,,,,,,,,,,,,,,,,,,,,,,,,,,,,,,,,,
CA_S59_O1,3,2.44E+00,-9.10E-01,1.51E+00,1.76E+00,1.12E+01,,,,,,,,,,,,,,,,,,,,,,,,,,,,,,,,,,,
CA_S59_O1,3,2.44E+00,-9.21E-01,1.60E+00,1.85E+00,1.12E+01,,,,,,,,,,,,,,,,,,,,,,,,,,,,,,,,,,,
CA_S59_O1,3,2.45E+00,-9.40E-01,1.70E+00,1.94E+00,1.28E+01,,,,,,,,,,,,,,,,,,,,,,,,,,,,,,,,,,,
CA_S59_O1,3,2.46E+00,-9.59E-01,1.81E+00,2.05E+00,1.18E+01,,,,,,,,,,,,,,,,,,,,,,,,,,,,,,,,,,,
CA_S59_O1,3,2.47E+00,-9.78E-01,1.89E+00,2.13E+00,1.23E+01,,,,,,,,,,,,,,,,,,,,,,,,,,,,,,,,,,,
CA_S59_O1,3,2.48E+00,-9.97E-01,2.01E+00,2.25E+00,1.44E+01,,,,,,,,,,,,,,,,,,,,,,,,,,,,,,,,,,,
CA_S59_O1,3,2.49E+00,-1.02E+00,2.13E+00,2.36E+00,1.51E+01,,,,,,,,,,,,,,,,,,,,,,,,,,,,,,,,,,,
CA_S59_O1,3,2.49E+00,-1.05E+00,2.26E+00,2.49E+00,1.59E+01,,,,,,,,,,,,,,,,,,,,,,,,,,,,,,,,,,,
CA_S59_O1,3,2.50E+00,-1.09E+00,2.38E+00,2.62E+00,1.77E+01,,,,,,,,,,,,,,,,,,,,,,,,,,,,,,,,,,,
CA_S59_O1,3,2.51E+00,-1.11E+00,2.55E+00,2.78E+00,1.75E+01,,,,,,,,,,,,,,,,,,,,,,,,,,,,,,,,,,,
CA_S59_O1,3,2.52E+00,-1.12E+00,2.67E+00,2.90E+00,1.49E+01,,,,,,,,,,,,,,,,,,,,,,,,,,,,,,,,,,,
CA_S59_O1,3,2.53E+00,-1.14E+00,2.79E+00,3.02E+00,1.60E+01,,,,,,,,,,,,,,,,,,,,,,,,,,,,,,,,,,,
CA_S59_O1,3,2.54E+00,-1.16E+00,2.94E+00,3.16E+00,1.66E+01,,,,,,,,,,,,,,,,,,,,,,,,,,,,,,,,,,,
CA_S59_O1,3,2.54E+00,-1.19E+00,3.07E+00,3.29E+00,1.67E+01,,,,,,,,,,,,,,,,,,,,,,,,,,,,,,,,,,,
CA_S59_O1,3,2.55E+00,-1.22E+00,3.21E+00,3.43E+00,1.56E+01,,,,,,,,,,,,,,,,,,,,,,,,,,,,,,,,,,,
CA_S59_O1,3,2.56E+00,-1.25E+00,3.32E+00,3.55E+00,1.19E+01,,,,,,,,,,,,,,,,,,,,,,,,,,,,,,,,,,,
CA_S59_O1,3,2.57E+00,-1.27E+00,3.40E+00,3.63E+00,1.23E+01,,,,,,,,,,,,,,,,,,,,,,,,,,,,,,,,,,,
CA_S59_O1,3,2.58E+00,-1.29E+00,3.52E+00,3.75E+00,1.24E+01,,,,,,,,,,,,,,,,,,,,,,,,,,,,,,,,,,,
CA_S59_O1,3,2.59E+00,-1.31E+00,3.60E+00,3.83E+00,1.20E+01,,,,,,,,,,,,,,,,,,,,,,,,,,,,,,,,,,,
CA_S59_O1,3,2.59E+00,-1.34E+00,3.72E+00,3.95E+00,1.14E+01,,,,,,,,,,,,,,,,,,,,,,,,,,,,,,,,,,,
CA_S59_O1,3,2.60E+00,-1.36E+00,3.79E+00,4.02E+00,1.35E+01,,,,,,,,,,,,,,,,,,,,,,,,,,,,,,,,,,,
CA_S59_O1,3,2.61E+00,-1.39E+00,3.94E+00,4.17E+00,1.62E+01,,,,,,,,,,,,,,,,,,,,,,,,,,,,,,,,,,,
CA_S59_O1,3,2.62E+00,-1.42E+00,4.05E+00,4.29E+00,1.24E+01,,,,,,,,,,,,,,,,,,,,,,,,,,,,,,,,,,,
CA_S59_O1,3,2.63E+00,-1.44E+00,4.14E+00,4.38E+00,,,,,,,,,,,,,,,,,,,,,,,,,,,,,,,,,,,,
,,,,,,,,,,,,,,,,,,,,,,,,,,,,,,,,,,,,,,,,,
CA_S59_O1,4,2.95E+00,-9.74E-01,1.06E+00,1.44E+00,,,,,,,,,,,,,,,,,,,,,,,,,,,,,,,,,,,,
CA_S59_O1,4,2.96E+00,-9.67E-01,1.16E+00,1.51E+00,1.11E+01,,,,,,,,,,,,,,,,,,,,,,,,,,,,,,,,,,,
CA_S59_O1,4,2.97E+00,-9.68E-01,1.25E+00,1.58E+00,1.27E+01,,,,,,,,,,,,,,,,,,,,,,,,,,,,,,,,,,,
CA_S59_O1,4,2.98E+00,-9.88E-01,1.37E+00,1.69E+00,1.28E+01,,,,,,,,,,,,,,,,,,,,,,,,,,,,,,,,,,,
CA_S59_O1,4,2.99E+00,-1.01E+00,1.46E+00,1.77E+00,9.22E+00,,,,,,,,,,,,,,,,,,,,,,,,,,,,,,,,,,,
CA_S59_O1,4,2.99E+00,-1.03E+00,1.52E+00,1.83E+00,8.71E+00,,,,,,,,,,,,,,,,,,,,,,,,,,,,,,,,,,,
CA_S59_O1,4,3.00E+00,-1.04E+00,1.60E+00,1.91E+00,1.05E+01,,,,,,,,,,,,,,,,,,,,,,,,,,,,,,,,,,,
CA_S59_O1,4,3.01E+00,-1.08E+00,1.69E+00,2.00E+00,1.09E+01,,,,,,,,,,,,,,,,,,,,,,,,,,,,,,,,,,,
CA_S59_O1,4,3.02E+00,-1.09E+00,1.77E+00,2.08E+00,1.23E+01,,,,,,,,,,,,,,,,,,,,,,,,,,,,,,,,,,,
CA_S59_O1,4,3.03E+00,-1.12E+00,1.89E+00,2.19E+00,1.23E+01,,,,,,,,,,,,,,,,,,,,,,,,,,,,,,,,,,,
CA_S59_O1,4,3.04E+00,-1.13E+00,1.98E+00,2.28E+00,1.09E+01,,,,,,,,,,,,,,,,,,,,,,,,,,,,,,,,,,,
CA_S59_O1,4,3.04E+00,-1.17E+00,2.06E+00,2.37E+00,1.15E+01,,,,,,,,,,,,,,,,,,,,,,,,,,,,,,,,,,,
CA_S59_O1,4,3.05E+00,-1.18E+00,2.16E+00,2.46E+00,1.23E+01,,,,,,,,,,,,,,,,,,,,,,,,,,,,,,,,,,,
CA_S59_O1,4,3.06E+00,-1.20E+00,2.26E+00,2.57E+00,1.39E+01,,,,,,,,,,,,,,,,,,,,,,,,,,,,,,,,,,,
CA_S59_O1,4,3.07E+00,-1.22E+00,2.39E+00,2.68E+00,1.39E+01,,,,,,,,,,,,,,,,,,,,,,,,,,,,,,,,,,,
CA_S59_O1,4,3.08E+00,-1.24E+00,2.49E+00,2.79E+00,1.23E+01,,,,,,,,,,,,,,,,,,,,,,,,,,,,,,,,,,,
CA_S59_O1,4,3.09E+00,-1.26E+00,2.59E+00,2.88E+00,1.28E+01,,,,,,,,,,,,,,,,,,,,,,,,,,,,,,,,,,,
CA_S59_O1,4,3.09E+00,-1.28E+00,2.70E+00,2.99E+00,1.29E+01,,,,,,,,,,,,,,,,,,,,,,,,,,,,,,,,,,,
CA_S59_O1,4,3.10E+00,-1.31E+00,2.80E+00,3.09E+00,1.09E+01,,,,,,,,,,,,,,,,,,,,,,,,,,,,,,,,,,,
CA_S59_O1,4,3.11E+00,-1.33E+00,2.88E+00,3.17E+00,1.08E+01,,,,,,,,,,,,,,,,,,,,,,,,,,,,,,,,,,,
CA_S59_O1,4,3.12E+00,-1.35E+00,2.98E+00,3.27E+00,1.28E+01,,,,,,,,,,,,,,,,,,,,,,,,,,,,,,,,,,,
CA_S59_O1,4,3.13E+00,-1.37E+00,3.09E+00,3.38E+00,1.18E+01,,,,,,,,,,,,,,,,,,,,,,,,,,,,,,,,,,,
CA_S59_O1,4,3.14E+00,-1.39E+00,3.17E+00,3.46E+00,1.26E+01,,,,,,,,,,,,,,,,,,,,,,,,,,,,,,,,,,,
CA_S59_O1,4,3.14E+00,-1.42E+00,3.29E+00,3.59E+00,1.50E+01,,,,,,,,,,,,,,,,,,,,,,,,,,,,,,,,,,,
CA_S59_O1,4,3.15E+00,-1.47E+00,3.41E+00,3.71E+00,1.42E+01,,,,,,,,,,,,,,,,,,,,,,,,,,,,,,,,,,,
CA_S59_O1,4,3.16E+00,-1.49E+00,3.52E+00,3.82E+00,1.63E+01,,,,,,,,,,,,,,,,,,,,,,,,,,,,,,,,,,,
CA_S59_O1,4,3.17E+00,-1.53E+00,3.67E+00,3.98E+00,1.70E+01,,,,,,,,,,,,,,,,,,,,,,,,,,,,,,,,,,,
CA_S59_O1,4,3.18E+00,-1.57E+00,3.79E+00,4.11E+00,1.37E+01,,,,,,,,,,,,,,,,,,,,,,,,,,,,,,,,,,,
CA_S59_O1,4,3.19E+00,-1.60E+00,3.89E+00,4.20E+00,1.24E+01,,,,,,,,,,,,,,,,,,,,,,,,,,,,,,,,,,,
CA_S59_O1,4,3.19E+00,-1.64E+00,3.99E+00,4.31E+00,1.45E+01,,,,,,,,,,,,,,,,,,,,,,,,,,,,,,,,,,,
CA_S59_O1,4,3.20E+00,-1.68E+00,4.12E+00,4.45E+00,1.51E+01,,,,,,,,,,,,,,,,,,,,,,,,,,,,,,,,,,,
CA_S59_O1,4,3.21E+00,-1.70E+00,4.23E+00,4.56E+00,,,,,,,,,,,,,,,,,,,,,,,,,,,,,,,,,,,,
,,,,,,,,,,,,,,,,,,,,,,,,,,,,,,,,,,,,,,,,,
CA_S59_O1,5,4.91E+00,-1.26E+00,1.35E+00,1.85E+00,,,,,,,,,,,,,,,,,,,,,,,,,,,,,,,,,,,,
CA_S59_O1,5,4.92E+00,-1.25E+00,1.44E+00,1.91E+00,9.52E+00,,,,,,,,,,,,,,,,,,,,,,,,,,,,,,,,,,,
CA_S59_O1,5,4.93E+00,-1.25E+00,1.51E+00,1.96E+00,8.98E+00,,,,,,,,,,,,,,,,,,,,,,,,,,,,,,,,,,,
CA_S59_O1,5,4.94E+00,-1.26E+00,1.59E+00,2.02E+00,1.03E+01,,,,,,,,,,,,,,,,,,,,,,,,,,,,,,,,,,,
CA_S59_O1,5,4.95E+00,-1.29E+00,1.67E+00,2.11E+00,1.04E+01,,,,,,,,,,,,,,,,,,,,,,,,,,,,,,,,,,,
CA_S59_O1,5,4.95E+00,-1.30E+00,1.75E+00,2.18E+00,1.06E+01,,,,,,,,,,,,,,,,,,,,,,,,,,,,,,,,,,,
CA_S59_O1,5,4.96E+00,-1.30E+00,1.85E+00,2.26E+00,1.49E+01,,,,,,,,,,,,,,,,,,,,,,,,,,,,,,,,,,,
CA_S59_O1,5,4.97E+00,-1.34E+00,2.00E+00,2.41E+00,1.42E+01,,,,,,,,,,,,,,,,,,,,,,,,,,,,,,,,,,,
CA_S59_O1,5,4.98E+00,-1.37E+00,2.08E+00,2.49E+00,9.74E+00,,,,,,,,,,,,,,,,,,,,,,,,,,,,,,,,,,,
CA_S59_O1,5,4.99E+00,-1.38E+00,2.16E+00,2.56E+00,1.13E+01,,,,,,,,,,,,,,,,,,,,,,,,,,,,,,,,,,,
CA_S59_O1,5,5.00E+00,-1.41E+00,2.26E+00,2.66E+00,1.20E+01,,,,,,,,,,,,,,,,,,,,,,,,,,,,,,,,,,,
CA_S59_O1,5,5.01E+00,-1.43E+00,2.35E+00,2.75E+00,1.31E+01,,,,,,,,,,,,,,,,,,,,,,,,,,,,,,,,,,,
CA_S59_O1,5,5.01E+00,-1.46E+00,2.47E+00,2.87E+00,1.65E+01,,,,,,,,,,,,,,,,,,,,,,,,,,,,,,,,,,,
CA_S59_O1,5,5.02E+00,-1.47E+00,2.62E+00,3.01E+00,1.64E+01,,,,,,,,,,,,,,,,,,,,,,,,,,,,,,,,,,,
CA_S59_O1,5,5.03E+00,-1.49E+00,2.75E+00,3.13E+00,1.49E+01,,,,,,,,,,,,,,,,,,,,,,,,,,,,,,,,,,,
CA_S59_O1,5,5.04E+00,-1.51E+00,2.87E+00,3.24E+00,1.33E+01,,,,,,,,,,,,,,,,,,,,,,,,,,,,,,,,,,,
CA_S59_O1,5,5.05E+00,-1.52E+00,2.96E+00,3.33E+00,1.62E+01,,,,,,,,,,,,,,,,,,,,,,,,,,,,,,,,,,,
CA_S59_O1,5,5.06E+00,-1.57E+00,3.13E+00,3.50E+00,1.64E+01,,,,,,,,,,,,,,,,,,,,,,,,,,,,,,,,,,,
CA_S59_O1,5,5.06E+00,-1.60E+00,3.23E+00,3.60E+00,1.56E+01,,,,,,,,,,,,,,,,,,,,,,,,,,,,,,,,,,,
CA_S59_O1,5,5.07E+00,-1.63E+00,3.39E+00,3.76E+00,1.77E+01,,,,,,,,,,,,,,,,,,,,,,,,,,,,,,,,,,,
CA_S59_O1,5,5.08E+00,-1.66E+00,3.52E+00,3.89E+00,1.49E+01,,,,,,,,,,,,,,,,,,,,,,,,,,,,,,,,,,,
CA_S59_O1,5,5.09E+00,-1.66E+00,3.63E+00,3.99E+00,1.27E+01,,,,,,,,,,,,,,,,,,,,,,,,,,,,,,,,,,,
CA_S59_O1,5,5.10E+00,-1.67E+00,3.73E+00,4.08E+00,1.43E+01,,,,,,,,,,,,,,,,,,,,,,,,,,,,,,,,,,,
CA_S59_O1,5,5.11E+00,-1.69E+00,3.87E+00,4.22E+00,1.86E+01,,,,,,,,,,,,,,,,,,,,,,,,,,,,,,,,,,,
CA_S59_O1,5,5.11E+00,-1.71E+00,4.04E+00,4.38E+00,1.81E+01,,,,,,,,,,,,,,,,,,,,,,,,,,,,,,,,,,,
CA_S59_O1,5,5.12E+00,-1.74E+00,4.17E+00,4.52E+00,1.35E+01,,,,,,,,,,,,,,,,,,,,,,,,,,,,,,,,,,,
CA_S59_O1,5,5.13E+00,-1.75E+00,4.26E+00,4.60E+00,1.48E+01,,,,,,,,,,,,,,,,,,,,,,,,,,,,,,,,,,,
CA_S59_O1,5,5.14E+00,-1.76E+00,4.42E+00,4.75E+00,,,,,,,,,,,,,,,,,,,,,,,,,,,,,,,,,,,,
,,,,,,,,,,,,,,,,,,,,,,,,,,,,,,,,,,,,,,,,,
CA_S59_O1,6,5.789,-1.105,1.006,1.495,,,,,,,,,,,,,,,,,,,,,,,,,,,,,,,,,,,,
CA_S59_O1,6,5.797,-1.116,1.112,1.575,13.37,,,,,,,,,,,,,,,,,,,,,,,,,,,,,,,,,,,
CA_S59_O1,6,5.806,-1.144,1.226,1.677,13.37,,,,,,,,,,,,,,,,,,,,,,,,,,,,,,,,,,,
CA_S59_O1,6,5.814,-1.154,1.332,1.762,12.16,,,,,,,,,,,,,,,,,,,,,,,,,,,,,,,,,,,
CA_S59_O1,6,5.822,-1.156,1.429,1.838,11.63,,,,,,,,,,,,,,,,,,,,,,,,,,,,,,,,,,,
CA_S59_O1,6,5.831,-1.166,1.525,1.92,12.25,,,,,,,,,,,,,,,,,,,,,,,,,,,,,,,,,,,
CA_S59_O1,6,5.839,-1.185,1.631,2.016,13.3,,,,,,,,,,,,,,,,,,,,,,,,,,,,,,,,,,,
CA_S59_O1,6,5.848,-1.196,1.745,2.116,15.35,,,,,,,,,,,,,,,,,,,,,,,,,,,,,,,,,,,
CA_S59_O1,6,5.856,-1.207,1.886,2.239,14.94,,,,,,,,,,,,,,,,,,,,,,,,,,,,,,,,,,,
CA_S59_O1,6,5.864,-1.235,1.991,2.343,12.85,,,,,,,,,,,,,,,,,,,,,,,,,,,,,,,,,,,
CA_S59_O1,6,5.873,-1.246,2.097,2.439,11.67,,,,,,,,,,,,,,,,,,,,,,,,,,,,,,,,,,,
CA_S59_O1,6,5.881,-1.256,2.185,2.52,13.77,,,,,,,,,,,,,,,,,,,,,,,,,,,,,,,,,,,
CA_S59_O1,6,5.889,-1.267,2.326,2.648,17.1,,,,,,,,,,,,,,,,,,,,,,,,,,,,,,,,,,,
CA_S59_O1,6,5.898,-1.304,2.466,2.79,15.02,,,,,,,,,,,,,,,,,,,,,,,,,,,,,,,,,,,
CA_S59_O1,6,5.906,-1.314,2.572,2.888,12.16,,,,,,,,,,,,,,,,,,,,,,,,,,,,,,,,,,,
CA_S59_O1,6,5.914,-1.316,2.669,2.975,13.21,,,,,,,,,,,,,,,,,,,,,,,,,,,,,,,,,,,
CA_S59_O1,6,5.923,-1.327,2.792,3.091,15.46,,,,,,,,,,,,,,,,,,,,,,,,,,,,,,,,,,,
CA_S59_O1,6,5.931,-1.355,2.923,3.222,16.16,,,,,,,,,,,,,,,,,,,,,,,,,,,,,,,,,,,
CA_S59_O1,6,5.939,-1.384,3.055,3.354,16.27,,,,,,,,,,,,,,,,,,,,,,,,,,,,,,,,,,,
CA_S59_O1,6,5.948,-1.421,3.187,3.489,16.4,,,,,,,,,,,,,,,,,,,,,,,,,,,,,,,,,,,
CA_S59_O1,6,5.956,-1.458,3.318,3.625,15.24,,,,,,,,,,,,,,,,,,,,,,,,,,,,,,,,,,,
CA_S59_O1,6,5.964,-1.486,3.433,3.74,15.02,,,,,,,,,,,,,,,,,,,,,,,,,,,,,,,,,,,
CA_S59_O1,6,5.973,-1.506,3.564,3.869,16.97,,,,,,,,,,,,,,,,,,,,,,,,,,,,,,,,,,,
CA_S59_O1,6,5.981,-1.517,3.714,4.012,16.93,,,,,,,,,,,,,,,,,,,,,,,,,,,,,,,,,,,
CA_S59_O1,6,5.989,-1.528,3.846,4.138,15.89,,,,,,,,,,,,,,,,,,,,,,,,,,,,,,,,,,,
CA_S59_O1,6,5.998,-1.592,3.968,4.276,15.24,,,,,,,,,,,,,,,,,,,,,,,,,,,,,,,,,,,
CA_S59_O1,6,6.006,-1.593,4.092,4.391,12.33,,,,,,,,,,,,,,,,,,,,,,,,,,,,,,,,,,,
CA_S59_O1,6,6.014,-1.63,4.17,4.478,,,,,,,,,,,,,,,,,,,,,,,,,,,,,,,,,,,,
,,,,,,,,,,,,,,,,,,,,,,,,,,,,,,,,,,,,,,,,,
CA_S60_O1,1,2.50E+00,2.07E+00,1.92E+00,2.83E+00,,,,,,,,,,,,,,,,,,,,,,,,,,,,,,,,,,,,
CA_S60_O1,1,2.51E+00,2.07E+00,2.00E+00,2.88E+00,9.38E+00,,,,,,,,,,,,,,,,,,,,,,,,,,,,,,,,,,,
CA_S60_O1,1,2.52E+00,2.08E+00,2.08E+00,2.94E+00,9.77E+00,,,,,,,,,,,,,,,,,,,,,,,,,,,,,,,,,,,
CA_S60_O1,1,2.53E+00,2.07E+00,2.16E+00,3.00E+00,8.93E+00,,,,,,,,,,,,,,,,,,,,,,,,,,,,,,,,,,,
CA_S60_O1,1,2.54E+00,2.06E+00,2.23E+00,3.03E+00,9.75E+00,,,,,,,,,,,,,,,,,,,,,,,,,,,,,,,,,,,
CA_S60_O1,1,2.54E+00,2.05E+00,2.32E+00,3.10E+00,1.13E+01,,,,,,,,,,,,,,,,,,,,,,,,,,,,,,,,,,,
CA_S60_O1,1,2.55E+00,2.07E+00,2.41E+00,3.18E+00,9.97E+00,,,,,,,,,,,,,,,,,,,,,,,,,,,,,,,,,,,
CA_S60_O1,1,2.56E+00,2.07E+00,2.49E+00,3.24E+00,9.97E+00,,,,,,,,,,,,,,,,,,,,,,,,,,,,,,,,,,,
CA_S60_O1,1,2.57E+00,2.09E+00,2.58E+00,3.32E+00,1.03E+01,,,,,,,,,,,,,,,,,,,,,,,,,,,,,,,,,,,
CA_S60_O1,1,2.58E+00,2.09E+00,2.66E+00,3.38E+00,9.38E+00,,,,,,,,,,,,,,,,,,,,,,,,,,,,,,,,,,,
CA_S60_O1,1,2.59E+00,2.09E+00,2.74E+00,3.44E+00,9.38E+00,,,,,,,,,,,,,,,,,,,,,,,,,,,,,,,,,,,
CA_S60_O1,1,2.59E+00,2.10E+00,2.82E+00,3.51E+00,9.95E+00,,,,,,,,,,,,,,,,,,,,,,,,,,,,,,,,,,,
CA_S60_O1,1,2.60E+00,2.10E+00,2.90E+00,3.58E+00,1.05E+01,,,,,,,,,,,,,,,,,,,,,,,,,,,,,,,,,,,
CA_S60_O1,1,2.61E+00,2.11E+00,2.99E+00,3.66E+00,1.07E+01,,,,,,,,,,,,,,,,,,,,,,,,,,,,,,,,,,,
CA_S60_O1,1,2.62E+00,2.11E+00,3.08E+00,3.74E+00,1.08E+01,,,,,,,,,,,,,,,,,,,,,,,,,,,,,,,,,,,
CA_S60_O1,1,2.63E+00,2.14E+00,3.17E+00,3.82E+00,9.02E+00,,,,,,,,,,,,,,,,,,,,,,,,,,,,,,,,,,,
CA_S60_O1,1,2.64E+00,2.14E+00,3.23E+00,3.87E+00,8.23E+00,,,,,,,,,,,,,,,,,,,,,,,,,,,,,,,,,,,
CA_S60_O1,1,2.64E+00,2.15E+00,3.30E+00,3.94E+00,1.01E+01,,,,,,,,,,,,,,,,,,,,,,,,,,,,,,,,,,,
CA_S60_O1,1,2.65E+00,2.17E+00,3.39E+00,4.03E+00,9.42E+00,,,,,,,,,,,,,,,,,,,,,,,,,,,,,,,,,,,
CA_S60_O1,1,2.66E+00,2.19E+00,3.46E+00,4.09E+00,8.17E+00,,,,,,,,,,,,,,,,,,,,,,,,,,,,,,,,,,,
CA_S60_O1,1,2.67E+00,2.22E+00,3.52E+00,4.16E+00,8.82E+00,,,,,,,,,,,,,,,,,,,,,,,,,,,,,,,,,,,
CA_S60_O1,1,2.68E+00,2.23E+00,3.60E+00,4.23E+00,9.25E+00,,,,,,,,,,,,,,,,,,,,,,,,,,,,,,,,,,,
CA_S60_O1,1,2.69E+00,2.25E+00,3.67E+00,4.31E+00,8.30E+00,,,,,,,,,,,,,,,,,,,,,,,,,,,,,,,,,,,
CA_S60_O1,1,2.69E+00,2.26E+00,3.73E+00,4.36E+00,9.18E+00,,,,,,,,,,,,,,,,,,,,,,,,,,,,,,,,,,,
CA_S60_O1,1,2.70E+00,2.26E+00,3.83E+00,4.44E+00,1.09E+01,,,,,,,,,,,,,,,,,,,,,,,,,,,,,,,,,,,
CA_S60_O1,1,2.71E+00,2.28E+00,3.91E+00,4.53E+00,1.06E+01,,,,,,,,,,,,,,,,,,,,,,,,,,,,,,,,,,,
CA_S60_O1,1,2.72E+00,2.29E+00,4.00E+00,4.61E+00,9.61E+00,,,,,,,,,,,,,,,,,,,,,,,,,,,,,,,,,,,
CA_S60_O1,1,2.73E+00,2.31E+00,4.07E+00,4.68E+00,9.07E+00,,,,,,,,,,,,,,,,,,,,,,,,,,,,,,,,,,,
CA_S60_O1,1,2.74E+00,2.34E+00,4.14E+00,4.76E+00,8.77E+00,,,,,,,,,,,,,,,,,,,,,,,,,,,,,,,,,,,
CA_S60_O1,1,2.74E+00,2.36E+00,4.21E+00,4.83E+00,9.09E+00,,,,,,,,,,,,,,,,,,,,,,,,,,,,,,,,,,,
CA_S60_O1,1,2.75E+00,2.39E+00,4.28E+00,4.91E+00,1.10E+01,,,,,,,,,,,,,,,,,,,,,,,,,,,,,,,,,,,
CA_S60_O1,1,2.76E+00,2.41E+00,4.39E+00,5.00E+00,1.04E+01,,,,,,,,,,,,,,,,,,,,,,,,,,,,,,,,,,,
CA_S60_O1,1,2.77E+00,2.43E+00,4.45E+00,5.07E+00,1.09E+01,,,,,,,,,,,,,,,,,,,,,,,,,,,,,,,,,,,
CA_S60_O1,1,2.78E+00,2.48E+00,4.55E+00,5.18E+00,1.21E+01,,,,,,,,,,,,,,,,,,,,,,,,,,,,,,,,,,,
CA_S60_O1,1,2.79E+00,2.50E+00,4.64E+00,5.27E+00,1.22E+01,,,,,,,,,,,,,,,,,,,,,,,,,,,,,,,,,,,
CA_S60_O1,1,2.79E+00,2.53E+00,4.75E+00,5.38E+00,1.12E+01,,,,,,,,,,,,,,,,,,,,,,,,,,,,,,,,,,,
CA_S60_O1,1,2.80E+00,2.56E+00,4.82E+00,5.46E+00,8.49E+00,,,,,,,,,,,,,,,,,,,,,,,,,,,,,,,,,,,
CA_S60_O1,1,2.81E+00,2.58E+00,4.88E+00,5.52E+00,9.15E+00,,,,,,,,,,,,,,,,,,,,,,,,,,,,,,,,,,,
CA_S60_O1,1,2.82E+00,2.59E+00,4.97E+00,5.61E+00,1.04E+01,,,,,,,,,,,,,,,,,,,,,,,,,,,,,,,,,,,
CA_S60_O1,1,2.83E+00,2.61E+00,5.05E+00,5.69E+00,,,,,,,,,,,,,,,,,,,,,,,,,,,,,,,,,,,,
,,,,,,,,,,,,,,,,,,,,,,,,,,,,,,,,,,,,,,,,,
CA_S60_O1,2,3.56E+00,1.85E+00,1.89E+00,2.65E+00,,,,,,,,,,,,,,,,,,,,,,,,,,,,,,,,,,,,
CA_S60_O1,2,3.57E+00,1.85E+00,1.96E+00,2.70E+00,7.08E+00,,,,,,,,,,,,,,,,,,,,,,,,,,,,,,,,,,,
CA_S60_O1,2,3.58E+00,1.85E+00,2.01E+00,2.73E+00,6.12E+00,,,,,,,,,,,,,,,,,,,,,,,,,,,,,,,,,,,
CA_S60_O1,2,3.59E+00,1.85E+00,2.07E+00,2.77E+00,7.85E+00,,,,,,,,,,,,,,,,,,,,,,,,,,,,,,,,,,,
CA_S60_O1,2,3.60E+00,1.86E+00,2.14E+00,2.84E+00,8.61E+00,,,,,,,,,,,,,,,,,,,,,,,,,,,,,,,,,,,
CA_S60_O1,2,3.60E+00,1.86E+00,2.21E+00,2.89E+00,7.58E+00,,,,,,,,,,,,,,,,,,,,,,,,,,,,,,,,,,,
CA_S60_O1,2,3.61E+00,1.85E+00,2.27E+00,2.93E+00,7.65E+00,,,,,,,,,,,,,,,,,,,,,,,,,,,,,,,,,,,
CA_S60_O1,2,3.62E+00,1.87E+00,2.34E+00,2.99E+00,8.03E+00,,,,,,,,,,,,,,,,,,,,,,,,,,,,,,,,,,,
CA_S60_O1,2,3.63E+00,1.85E+00,2.40E+00,3.03E+00,7.31E+00,,,,,,,,,,,,,,,,,,,,,,,,,,,,,,,,,,,
CA_S60_O1,2,3.64E+00,1.86E+00,2.46E+00,3.08E+00,7.61E+00,,,,,,,,,,,,,,,,,,,,,,,,,,,,,,,,,,,
CA_S60_O1,2,3.65E+00,1.89E+00,2.52E+00,3.15E+00,1.06E+01,,,,,,,,,,,,,,,,,,,,,,,,,,,,,,,,,,,
CA_S60_O1,2,3.65E+00,1.89E+00,2.63E+00,3.24E+00,1.15E+01,,,,,,,,,,,,,,,,,,,,,,,,,,,,,,,,,,,
CA_S60_O1,2,3.66E+00,1.88E+00,2.72E+00,3.30E+00,8.52E+00,,,,,,,,,,,,,,,,,,,,,,,,,,,,,,,,,,,
CA_S60_O1,2,3.67E+00,1.87E+00,2.77E+00,3.35E+00,7.71E+00,,,,,,,,,,,,,,,,,,,,,,,,,,,,,,,,,,,
CA_S60_O1,2,3.68E+00,1.87E+00,2.84E+00,3.41E+00,8.66E+00,,,,,,,,,,,,,,,,,,,,,,,,,,,,,,,,,,,
CA_S60_O1,2,3.69E+00,1.86E+00,2.92E+00,3.46E+00,8.11E+00,,,,,,,,,,,,,,,,,,,,,,,,,,,,,,,,,,,
CA_S60_O1,2,3.70E+00,1.86E+00,2.98E+00,3.51E+00,7.86E+00,,,,,,,,,,,,,,,,,,,,,,,,,,,,,,,,,,,
CA_S60_O1,2,3.70E+00,1.86E+00,3.05E+00,3.57E+00,9.47E+00,,,,,,,,,,,,,,,,,,,,,,,,,,,,,,,,,,,
CA_S60_O1,2,3.71E+00,1.85E+00,3.14E+00,3.64E+00,1.07E+01,,,,,,,,,,,,,,,,,,,,,,,,,,,,,,,,,,,
CA_S60_O1,2,3.72E+00,1.84E+00,3.23E+00,3.72E+00,1.02E+01,,,,,,,,,,,,,,,,,,,,,,,,,,,,,,,,,,,
CA_S60_O1,2,3.73E+00,1.85E+00,3.31E+00,3.79E+00,9.56E+00,,,,,,,,,,,,,,,,,,,,,,,,,,,,,,,,,,,
CA_S60_O1,2,3.74E+00,1.85E+00,3.39E+00,3.86E+00,9.87E+00,,,,,,,,,,,,,,,,,,,,,,,,,,,,,,,,,,,
CA_S60_O1,2,3.75E+00,1.83E+00,3.47E+00,3.92E+00,8.66E+00,,,,,,,,,,,,,,,,,,,,,,,,,,,,,,,,,,,
CA_S60_O1,2,3.75E+00,1.84E+00,3.53E+00,3.98E+00,8.03E+00,,,,,,,,,,,,,,,,,,,,,,,,,,,,,,,,,,,
CA_S60_O1,2,3.76E+00,1.83E+00,3.60E+00,4.04E+00,1.02E+01,,,,,,,,,,,,,,,,,,,,,,,,,,,,,,,,,,,
CA_S60_O1,2,3.77E+00,1.84E+00,3.70E+00,4.13E+00,1.01E+01,,,,,,,,,,,,,,,,,,,,,,,,,,,,,,,,,,,
CA_S60_O1,2,3.78E+00,1.85E+00,3.77E+00,4.20E+00,1.02E+01,,,,,,,,,,,,,,,,,,,,,,,,,,,,,,,,,,,
CA_S60_O1,2,3.79E+00,1.84E+00,3.87E+00,4.28E+00,1.22E+01,,,,,,,,,,,,,,,,,,,,,,,,,,,,,,,,,,,
CA_S60_O1,2,3.80E+00,1.83E+00,3.98E+00,4.38E+00,1.10E+01,,,,,,,,,,,,,,,,,,,,,,,,,,,,,,,,,,,
CA_S60_O1,2,3.80E+00,1.83E+00,4.05E+00,4.45E+00,9.61E+00,,,,,,,,,,,,,,,,,,,,,,,,,,,,,,,,,,,
CA_S60_O1,2,3.81E+00,1.82E+00,4.14E+00,4.52E+00,9.06E+00,,,,,,,,,,,,,,,,,,,,,,,,,,,,,,,,,,,
CA_S60_O1,2,3.82E+00,1.82E+00,4.20E+00,4.58E+00,9.77E+00,,,,,,,,,,,,,,,,,,,,,,,,,,,,,,,,,,,
CA_S60_O1,2,3.83E+00,1.82E+00,4.30E+00,4.67E+00,1.15E+01,,,,,,,,,,,,,,,,,,,,,,,,,,,,,,,,,,,
CA_S60_O1,2,3.84E+00,1.83E+00,4.39E+00,4.76E+00,1.03E+01,,,,,,,,,,,,,,,,,,,,,,,,,,,,,,,,,,,
CA_S60_O1,2,3.85E+00,1.83E+00,4.47E+00,4.83E+00,1.00E+01,,,,,,,,,,,,,,,,,,,,,,,,,,,,,,,,,,,
CA_S60_O1,2,3.85E+00,1.82E+00,4.56E+00,4.91E+00,1.14E+01,,,,,,,,,,,,,,,,,,,,,,,,,,,,,,,,,,,
CA_S60_O1,2,3.86E+00,1.82E+00,4.66E+00,5.00E+00,9.61E+00,,,,,,,,,,,,,,,,,,,,,,,,,,,,,,,,,,,
CA_S60_O1,2,3.87E+00,1.81E+00,4.72E+00,5.06E+00,9.61E+00,,,,,,,,,,,,,,,,,,,,,,,,,,,,,,,,,,,
CA_S60_O1,2,3.88E+00,1.81E+00,4.82E+00,5.15E+00,1.24E+01,,,,,,,,,,,,,,,,,,,,,,,,,,,,,,,,,,,
CA_S60_O1,2,3.89E+00,1.83E+00,4.93E+00,5.26E+00,1.27E+01,,,,,,,,,,,,,,,,,,,,,,,,,,,,,,,,,,,
CA_S60_O1,2,3.90E+00,1.85E+00,5.03E+00,5.36E+00,,,,,,,,,,,,,,,,,,,,,,,,,,,,,,,,,,,,
,,,,,,,,,,,,,,,,,,,,,,,,,,,,,,,,,,,,,,,,,
CA_S60_O1,3,4.24E+00,1.73E+00,1.72E+00,2.44E+00,,,,,,,,,,,,,,,,,,,,,,,,,,,,,,,,,,,,
CA_S60_O1,3,4.25E+00,1.71E+00,1.82E+00,2.50E+00,1.03E+01,,,,,,,,,,,,,,,,,,,,,,,,,,,,,,,,,,,
CA_S60_O1,3,4.25E+00,1.72E+00,1.89E+00,2.55E+00,7.71E+00,,,,,,,,,,,,,,,,,,,,,,,,,,,,,,,,,,,
CA_S60_O1,3,4.26E+00,1.71E+00,1.95E+00,2.59E+00,7.47E+00,,,,,,,,,,,,,,,,,,,,,,,,,,,,,,,,,,,
CA_S60_O1,3,4.27E+00,1.69E+00,2.01E+00,2.63E+00,8.52E+00,,,,,,,,,,,,,,,,,,,,,,,,,,,,,,,,,,,
CA_S60_O1,3,4.28E+00,1.69E+00,2.09E+00,2.69E+00,8.42E+00,,,,,,,,,,,,,,,,,,,,,,,,,,,,,,,,,,,
CA_S60_O1,3,4.29E+00,1.70E+00,2.16E+00,2.74E+00,8.81E+00,,,,,,,,,,,,,,,,,,,,,,,,,,,,,,,,,,,
CA_S60_O1,3,4.30E+00,1.71E+00,2.24E+00,2.81E+00,7.71E+00,,,,,,,,,,,,,,,,,,,,,,,,,,,,,,,,,,,
CA_S60_O1,3,4.30E+00,1.72E+00,2.28E+00,2.86E+00,7.12E+00,,,,,,,,,,,,,,,,,,,,,,,,,,,,,,,,,,,
CA_S60_O1,3,4.31E+00,1.73E+00,2.35E+00,2.92E+00,9.15E+00,,,,,,,,,,,,,,,,,,,,,,,,,,,,,,,,,,,
CA_S60_O1,3,4.32E+00,1.76E+00,2.43E+00,3.00E+00,8.21E+00,,,,,,,,,,,,,,,,,,,,,,,,,,,,,,,,,,,
CA_S60_O1,3,4.33E+00,1.76E+00,2.49E+00,3.05E+00,8.07E+00,,,,,,,,,,,,,,,,,,,,,,,,,,,,,,,,,,,
CA_S60_O1,3,4.34E+00,1.78E+00,2.56E+00,3.12E+00,9.61E+00,,,,,,,,,,,,,,,,,,,,,,,,,,,,,,,,,,,
CA_S60_O1,3,4.35E+00,1.79E+00,2.65E+00,3.19E+00,8.30E+00,,,,,,,,,,,,,,,,,,,,,,,,,,,,,,,,,,,
CA_S60_O1,3,4.35E+00,1.80E+00,2.70E+00,3.25E+00,7.28E+00,,,,,,,,,,,,,,,,,,,,,,,,,,,,,,,,,,,
CA_S60_O1,3,4.36E+00,1.82E+00,2.76E+00,3.31E+00,7.71E+00,,,,,,,,,,,,,,,,,,,,,,,,,,,,,,,,,,,
CA_S60_O1,3,4.37E+00,1.83E+00,2.83E+00,3.36E+00,7.85E+00,,,,,,,,,,,,,,,,,,,,,,,,,,,,,,,,,,,
CA_S60_O1,3,4.38E+00,1.84E+00,2.89E+00,3.43E+00,9.15E+00,,,,,,,,,,,,,,,,,,,,,,,,,,,,,,,,,,,
CA_S60_O1,3,4.39E+00,1.86E+00,2.97E+00,3.51E+00,9.09E+00,,,,,,,,,,,,,,,,,,,,,,,,,,,,,,,,,,,
CA_S60_O1,3,4.40E+00,1.88E+00,3.04E+00,3.57E+00,7.95E+00,,,,,,,,,,,,,,,,,,,,,,,,,,,,,,,,,,,
CA_S60_O1,3,4.40E+00,1.89E+00,3.10E+00,3.64E+00,8.07E+00,,,,,,,,,,,,,,,,,,,,,,,,,,,,,,,,,,,
CA_S60_O1,3,4.41E+00,1.91E+00,3.17E+00,3.70E+00,8.81E+00,,,,,,,,,,,,,,,,,,,,,,,,,,,,,,,,,,,
CA_S60_O1,3,4.42E+00,1.91E+00,3.25E+00,3.77E+00,9.95E+00,,,,,,,,,,,,,,,,,,,,,,,,,,,,,,,,,,,
CA_S60_O1,3,4.43E+00,1.91E+00,3.33E+00,3.84E+00,1.11E+01,,,,,,,,,,,,,,,,,,,,,,,,,,,,,,,,,,,
CA_S60_O1,3,4.44E+00,1.91E+00,3.43E+00,3.93E+00,1.15E+01,,,,,,,,,,,,,,,,,,,,,,,,,,,,,,,,,,,
CA_S60_O1,3,4.45E+00,1.91E+00,3.53E+00,4.01E+00,1.03E+01,,,,,,,,,,,,,,,,,,,,,,,,,,,,,,,,,,,
CA_S60_O1,3,4.45E+00,1.91E+00,3.61E+00,4.08E+00,1.02E+01,,,,,,,,,,,,,,,,,,,,,,,,,,,,,,,,,,,
CA_S60_O1,3,4.46E+00,1.90E+00,3.70E+00,4.16E+00,9.39E+00,,,,,,,,,,,,,,,,,,,,,,,,,,,,,,,,,,,
CA_S60_O1,3,4.47E+00,1.93E+00,3.76E+00,4.23E+00,1.02E+01,,,,,,,,,,,,,,,,,,,,,,,,,,,,,,,,,,,
CA_S60_O1,3,4.48E+00,1.90E+00,3.87E+00,4.31E+00,1.09E+01,,,,,,,,,,,,,,,,,,,,,,,,,,,,,,,,,,,
CA_S60_O1,3,4.49E+00,1.89E+00,3.94E+00,4.37E+00,9.38E+00,,,,,,,,,,,,,,,,,,,,,,,,,,,,,,,,,,,
CA_S60_O1,3,4.50E+00,1.90E+00,4.02E+00,4.45E+00,1.21E+01,,,,,,,,,,,,,,,,,,,,,,,,,,,,,,,,,,,
CA_S60_O1,3,4.50E+00,1.91E+00,4.14E+00,4.56E+00,1.24E+01,,,,,,,,,,,,,,,,,,,,,,,,,,,,,,,,,,,
CA_S60_O1,3,4.51E+00,1.92E+00,4.23E+00,4.64E+00,9.97E+00,,,,,,,,,,,,,,,,,,,,,,,,,,,,,,,,,,,
CA_S60_O1,3,4.52E+00,1.93E+00,4.31E+00,4.72E+00,1.19E+01,,,,,,,,,,,,,,,,,,,,,,,,,,,,,,,,,,,
CA_S60_O1,3,4.53E+00,1.91E+00,4.43E+00,4.82E+00,9.75E+00,,,,,,,,,,,,,,,,,,,,,,,,,,,,,,,,,,,
CA_S60_O1,3,4.54E+00,1.91E+00,4.47E+00,4.86E+00,7.08E+00,,,,,,,,,,,,,,,,,,,,,,,,,,,,,,,,,,,
CA_S60_O1,3,4.55E+00,1.91E+00,4.55E+00,4.93E+00,8.61E+00,,,,,,,,,,,,,,,,,,,,,,,,,,,,,,,,,,,
CA_S60_O1,3,4.55E+00,1.92E+00,4.61E+00,4.99E+00,9.39E+00,,,,,,,,,,,,,,,,,,,,,,,,,,,,,,,,,,,
CA_S60_O1,3,4.56E+00,1.93E+00,4.70E+00,5.08E+00,1.02E+01,,,,,,,,,,,,,,,,,,,,,,,,,,,,,,,,,,,
CA_S60_O1,3,4.57E+00,1.91E+00,4.78E+00,5.15E+00,9.75E+00,,,,,,,,,,,,,,,,,,,,,,,,,,,,,,,,,,,
CA_S60_O1,3,4.58E+00,1.91E+00,4.86E+00,5.22E+00,1.03E+01,,,,,,,,,,,,,,,,,,,,,,,,,,,,,,,,,,,
CA_S60_O1,3,4.59E+00,1.93E+00,4.95E+00,5.32E+00,,,,,,,,,,,,,,,,,,,,,,,,,,,,,,,,,,,,
,,,,,,,,,,,,,,,,,,,,,,,,,,,,,,,,,,,,,,,,,
CA_S60_O1,4,5.01E+00,1.67E+00,1.87E+00,2.51E+00,,,,,,,,,,,,,,,,,,,,,,,,,,,,,,,,,,,,
CA_S60_O1,4,5.01E+00,1.66E+00,1.95E+00,2.56E+00,1.19E+01,,,,,,,,,,,,,,,,,,,,,,,,,,,,,,,,,,,
CA_S60_O1,4,5.02E+00,1.66E+00,2.06E+00,2.65E+00,1.25E+01,,,,,,,,,,,,,,,,,,,,,,,,,,,,,,,,,,,
CA_S60_O1,4,5.03E+00,1.66E+00,2.15E+00,2.72E+00,1.22E+01,,,,,,,,,,,,,,,,,,,,,,,,,,,,,,,,,,,
CA_S60_O1,4,5.04E+00,1.67E+00,2.27E+00,2.82E+00,1.36E+01,,,,,,,,,,,,,,,,,,,,,,,,,,,,,,,,,,,
CA_S60_O1,4,5.05E+00,1.68E+00,2.38E+00,2.91E+00,1.22E+01,,,,,,,,,,,,,,,,,,,,,,,,,,,,,,,,,,,
CA_S60_O1,4,5.06E+00,1.68E+00,2.47E+00,2.99E+00,1.15E+01,,,,,,,,,,,,,,,,,,,,,,,,,,,,,,,,,,,
CA_S60_O1,4,5.06E+00,1.67E+00,2.57E+00,3.07E+00,1.21E+01,,,,,,,,,,,,,,,,,,,,,,,,,,,,,,,,,,,
CA_S60_O1,4,5.07E+00,1.67E+00,2.67E+00,3.16E+00,1.26E+01,,,,,,,,,,,,,,,,,,,,,,,,,,,,,,,,,,,
CA_S60_O1,4,5.08E+00,1.69E+00,2.78E+00,3.26E+00,1.21E+01,,,,,,,,,,,,,,,,,,,,,,,,,,,,,,,,,,,
CA_S60_O1,4,5.09E+00,1.69E+00,2.87E+00,3.33E+00,1.08E+01,,,,,,,,,,,,,,,,,,,,,,,,,,,,,,,,,,,
CA_S60_O1,4,5.10E+00,1.68E+00,2.96E+00,3.40E+00,1.25E+01,,,,,,,,,,,,,,,,,,,,,,,,,,,,,,,,,,,
CA_S60_O1,4,5.11E+00,1.66E+00,3.08E+00,3.50E+00,1.28E+01,,,,,,,,,,,,,,,,,,,,,,,,,,,,,,,,,,,
CA_S60_O1,4,5.11E+00,1.69E+00,3.18E+00,3.60E+00,1.13E+01,,,,,,,,,,,,,,,,,,,,,,,,,,,,,,,,,,,
CA_S60_O1,4,5.12E+00,1.68E+00,3.27E+00,3.68E+00,1.07E+01,,,,,,,,,,,,,,,,,,,,,,,,,,,,,,,,,,,
CA_S60_O1,4,5.13E+00,1.69E+00,3.35E+00,3.75E+00,1.03E+01,,,,,,,,,,,,,,,,,,,,,,,,,,,,,,,,,,,
CA_S60_O1,4,5.14E+00,1.69E+00,3.44E+00,3.83E+00,1.19E+01,,,,,,,,,,,,,,,,,,,,,,,,,,,,,,,,,,,
CA_S60_O1,4,5.15E+00,1.69E+00,3.55E+00,3.94E+00,1.28E+01,,,,,,,,,,,,,,,,,,,,,,,,,,,,,,,,,,,
CA_S60_O1,4,5.16E+00,1.70E+00,3.65E+00,4.03E+00,1.15E+01,,,,,,,,,,,,,,,,,,,,,,,,,,,,,,,,,,,
CA_S60_O1,4,5.16E+00,1.71E+00,3.74E+00,4.11E+00,1.09E+01,,,,,,,,,,,,,,,,,,,,,,,,,,,,,,,,,,,
CA_S60_O1,4,5.17E+00,1.70E+00,3.84E+00,4.20E+00,1.11E+01,,,,,,,,,,,,,,,,,,,,,,,,,,,,,,,,,,,
CA_S60_O1,4,5.18E+00,1.70E+00,3.93E+00,4.28E+00,1.07E+01,,,,,,,,,,,,,,,,,,,,,,,,,,,,,,,,,,,
CA_S60_O1,4,5.19E+00,1.71E+00,4.02E+00,4.36E+00,9.95E+00,,,,,,,,,,,,,,,,,,,,,,,,,,,,,,,,,,,
CA_S60_O1,4,5.20E+00,1.71E+00,4.09E+00,4.44E+00,1.01E+01,,,,,,,,,,,,,,,,,,,,,,,,,,,,,,,,,,,
CA_S60_O1,4,5.21E+00,1.72E+00,4.18E+00,4.52E+00,1.17E+01,,,,,,,,,,,,,,,,,,,,,,,,,,,,,,,,,,,
CA_S60_O1,4,5.21E+00,1.74E+00,4.29E+00,4.63E+00,1.03E+01,,,,,,,,,,,,,,,,,,,,,,,,,,,,,,,,,,,
CA_S60_O1,4,5.22E+00,1.74E+00,4.36E+00,4.69E+00,9.38E+00,,,,,,,,,,,,,,,,,,,,,,,,,,,,,,,,,,,
CA_S60_O1,4,5.23E+00,1.75E+00,4.44E+00,4.78E+00,1.19E+01,,,,,,,,,,,,,,,,,,,,,,,,,,,,,,,,,,,
CA_S60_O1,4,5.24E+00,1.75E+00,4.55E+00,4.88E+00,1.21E+01,,,,,,,,,,,,,,,,,,,,,,,,,,,,,,,,,,,
CA_S60_O1,4,5.25E+00,1.75E+00,4.65E+00,4.96E+00,1.03E+01,,,,,,,,,,,,,,,,,,,,,,,,,,,,,,,,,,,
CA_S60_O1,4,5.26E+00,1.75E+00,4.73E+00,5.04E+00,1.21E+01,,,,,,,,,,,,,,,,,,,,,,,,,,,,,,,,,,,
CA_S60_O1,4,5.26E+00,1.75E+00,4.85E+00,5.15E+00,1.36E+01,,,,,,,,,,,,,,,,,,,,,,,,,,,,,,,,,,,
CA_S60_O1,4,5.27E+00,1.75E+00,4.95E+00,5.25E+00,1.34E+01,,,,,,,,,,,,,,,,,,,,,,,,,,,,,,,,,,,
CA_S60_O1,4,5.28E+00,1.76E+00,5.07E+00,5.37E+00,,,,,,,,,,,,,,,,,,,,,,,,,,,,,,,,,,,,
,,,,,,,,,,,,,,,,,,,,,,,,,,,,,,,,,,,,,,,,,
CA_S60_O1,5,5.51E+00,1.98E+00,1.79E+00,2.67E+00,,,,,,,,,,,,,,,,,,,,,,,,,,,,,,,,,,,,
CA_S60_O1,5,5.51E+00,1.98E+00,1.84E+00,2.70E+00,7.47E+00,,,,,,,,,,,,,,,,,,,,,,,,,,,,,,,,,,,
CA_S60_O1,5,5.52E+00,1.98E+00,1.91E+00,2.75E+00,9.61E+00,,,,,,,,,,,,,,,,,,,,,,,,,,,,,,,,,,,
CA_S60_O1,5,5.53E+00,2.00E+00,2.00E+00,2.83E+00,9.98E+00,,,,,,,,,,,,,,,,,,,,,,,,,,,,,,,,,,,
CA_S60_O1,5,5.54E+00,2.04E+00,2.07E+00,2.90E+00,9.68E+00,,,,,,,,,,,,,,,,,,,,,,,,,,,,,,,,,,,
CA_S60_O1,5,5.55E+00,2.06E+00,2.15E+00,2.98E+00,1.15E+01,,,,,,,,,,,,,,,,,,,,,,,,,,,,,,,,,,,
CA_S60_O1,5,5.56E+00,2.10E+00,2.25E+00,3.08E+00,1.12E+01,,,,,,,,,,,,,,,,,,,,,,,,,,,,,,,,,,,
CA_S60_O1,5,5.56E+00,2.12E+00,2.33E+00,3.15E+00,7.89E+00,,,,,,,,,,,,,,,,,,,,,,,,,,,,,,,,,,,
CA_S60_O1,5,5.57E+00,2.14E+00,2.38E+00,3.20E+00,6.68E+00,,,,,,,,,,,,,,,,,,,,,,,,,,,,,,,,,,,
CA_S60_O1,5,5.58E+00,2.15E+00,2.44E+00,3.25E+00,8.77E+00,,,,,,,,,,,,,,,,,,,,,,,,,,,,,,,,,,,
CA_S60_O1,5,5.59E+00,2.19E+00,2.51E+00,3.33E+00,9.70E+00,,,,,,,,,,,,,,,,,,,,,,,,,,,,,,,,,,,
CA_S60_O1,5,5.60E+00,2.22E+00,2.58E+00,3.40E+00,9.70E+00,,,,,,,,,,,,,,,,,,,,,,,,,,,,,,,,,,,
CA_S60_O1,5,5.61E+00,2.26E+00,2.66E+00,3.49E+00,1.06E+01,,,,,,,,,,,,,,,,,,,,,,,,,,,,,,,,,,,
CA_S60_O1,5,5.61E+00,2.29E+00,2.74E+00,3.57E+00,1.12E+01,,,,,,,,,,,,,,,,,,,,,,,,,,,,,,,,,,,
CA_S60_O1,5,5.62E+00,2.31E+00,2.84E+00,3.66E+00,1.20E+01,,,,,,,,,,,,,,,,,,,,,,,,,,,,,,,,,,,
CA_S60_O1,5,5.63E+00,2.33E+00,2.94E+00,3.75E+00,1.12E+01,,,,,,,,,,,,,,,,,,,,,,,,,,,,,,,,,,,
CA_S60_O1,5,5.64E+00,2.38E+00,3.01E+00,3.84E+00,1.12E+01,,,,,,,,,,,,,,,,,,,,,,,,,,,,,,,,,,,
CA_S60_O1,5,5.65E+00,2.41E+00,3.11E+00,3.93E+00,1.19E+01,,,,,,,,,,,,,,,,,,,,,,,,,,,,,,,,,,,
CA_S60_O1,5,5.66E+00,2.43E+00,3.21E+00,4.02E+00,9.75E+00,,,,,,,,,,,,,,,,,,,,,,,,,,,,,,,,,,,
CA_S60_O1,5,5.66E+00,2.45E+00,3.26E+00,4.08E+00,1.03E+01,,,,,,,,,,,,,,,,,,,,,,,,,,,,,,,,,,,
CA_S60_O1,5,5.67E+00,2.48E+00,3.37E+00,4.18E+00,1.13E+01,,,,,,,,,,,,,,,,,,,,,,,,,,,,,,,,,,,
CA_S60_O1,5,5.68E+00,2.50E+00,3.45E+00,4.26E+00,7.85E+00,,,,,,,,,,,,,,,,,,,,,,,,,,,,,,,,,,,
CA_S60_O1,5,5.69E+00,2.49E+00,3.50E+00,4.30E+00,8.23E+00,,,,,,,,,,,,,,,,,,,,,,,,,,,,,,,,,,,
CA_S60_O1,5,5.70E+00,2.51E+00,3.58E+00,4.38E+00,9.50E+00,,,,,,,,,,,,,,,,,,,,,,,,,,,,,,,,,,,
CA_S60_O1,5,5.71E+00,2.53E+00,3.65E+00,4.44E+00,8.90E+00,,,,,,,,,,,,,,,,,,,,,,,,,,,,,,,,,,,
CA_S60_O1,5,5.71E+00,2.54E+00,3.73E+00,4.51E+00,1.03E+01,,,,,,,,,,,,,,,,,,,,,,,,,,,,,,,,,,,
CA_S60_O1,5,5.72E+00,2.55E+00,3.82E+00,4.60E+00,1.03E+01,,,,,,,,,,,,,,,,,,,,,,,,,,,,,,,,,,,
CA_S60_O1,5,5.73E+00,2.55E+00,3.90E+00,4.66E+00,8.03E+00,,,,,,,,,,,,,,,,,,,,,,,,,,,,,,,,,,,
CA_S60_O1,5,5.74E+00,2.55E+00,3.96E+00,4.71E+00,7.48E+00,,,,,,,,,,,,,,,,,,,,,,,,,,,,,,,,,,,
CA_S60_O1,5,5.75E+00,2.56E+00,4.03E+00,4.77E+00,7.85E+00,,,,,,,,,,,,,,,,,,,,,,,,,,,,,,,,,,,
CA_S60_O1,5,5.76E+00,2.57E+00,4.09E+00,4.83E+00,9.38E+00,,,,,,,,,,,,,,,,,,,,,,,,,,,,,,,,,,,
CA_S60_O1,5,5.76E+00,2.57E+00,4.18E+00,4.91E+00,9.38E+00,,,,,,,,,,,,,,,,,,,,,,,,,,,,,,,,,,,
CA_S60_O1,5,5.77E+00,2.57E+00,4.25E+00,4.96E+00,7.86E+00,,,,,,,,,,,,,,,,,,,,,,,,,,,,,,,,,,,
CA_S60_O1,5,5.78E+00,2.56E+00,4.31E+00,5.02E+00,9.06E+00,,,,,,,,,,,,,,,,,,,,,,,,,,,,,,,,,,,
CA_S60_O1,5,5.79E+00,2.56E+00,4.40E+00,5.09E+00,8.26E+00,,,,,,,,,,,,,,,,,,,,,,,,,,,,,,,,,,,
CA_S60_O1,5,5.80E+00,2.56E+00,4.45E+00,5.13E+00,8.66E+00,,,,,,,,,,,,,,,,,,,,,,,,,,,,,,,,,,,
CA_S60_O1,5,5.81E+00,2.58E+00,4.54E+00,5.22E+00,9.56E+00,,,,,,,,,,,,,,,,,,,,,,,,,,,,,,,,,,,
CA_S60_O1,5,5.81E+00,2.57E+00,4.61E+00,5.28E+00,7.99E+00,,,,,,,,,,,,,,,,,,,,,,,,,,,,,,,,,,,
CA_S60_O1,5,5.82E+00,2.57E+00,4.67E+00,5.33E+00,8.40E+00,,,,,,,,,,,,,,,,,,,,,,,,,,,,,,,,,,,
CA_S60_O1,5,5.83E+00,2.55E+00,4.75E+00,5.39E+00,8.72E+00,,,,,,,,,,,,,,,,,,,,,,,,,,,,,,,,,,,
CA_S60_O1,5,5.84E+00,2.54E+00,4.81E+00,5.44E+00,,,,,,,,,,,,,,,,,,,,,,,,,,,,,,,,,,,,
,,,,,,,,,,,,,,,,,,,,,,,,,,,,,,,,,,,,,,,,,
CA_S61_O1,1,1.051,2.103,1.834,2.791,,,,,,,,,,,,,,,,,,,,,,,,,,,,,,,,,,,,
CA_S61_O1,1,1.059,2.133,1.939,2.883,12.65,,,,,,,,,,,,,,,,,,,,,,,,,,,,,,,,,,,
CA_S61_O1,1,1.068,2.133,2.043,2.954,13.04,,,,,,,,,,,,,,,,,,,,,,,,,,,,,,,,,,,
CA_S61_O1,1,1.076,2.156,2.155,3.048,12.81,,,,,,,,,,,,,,,,,,,,,,,,,,,,,,,,,,,
CA_S61_O1,1,1.084,2.178,2.252,3.133,12.65,,,,,,,,,,,,,,,,,,,,,,,,,,,,,,,,,,,
CA_S61_O1,1,1.093,2.185,2.364,3.219,11.18,,,,,,,,,,,,,,,,,,,,,,,,,,,,,,,,,,,
CA_S61_O1,1,1.101,2.178,2.439,3.27,11.66,,,,,,,,,,,,,,,,,,,,,,,,,,,,,,,,,,,
CA_S61_O1,1,1.109,2.171,2.558,3.355,16.11,,,,,,,,,,,,,,,,,,,,,,,,,,,,,,,,,,,
CA_S61_O1,1,1.118,2.171,2.707,3.47,16.55,,,,,,,,,,,,,,,,,,,,,,,,,,,,,,,,,,,
CA_S61_O1,1,1.126,2.163,2.834,3.565,15.68,,,,,,,,,,,,,,,,,,,,,,,,,,,,,,,,,,,
CA_S61_O1,1,1.134,2.156,2.968,3.668,14.32,,,,,,,,,,,,,,,,,,,,,,,,,,,,,,,,,,,
CA_S61_O1,1,1.143,2.156,3.073,3.753,15.66,,,,,,,,,,,,,,,,,,,,,,,,,,,,,,,,,,,
CA_S61_O1,1,1.151,2.163,3.229,3.887,18.83,,,,,,,,,,,,,,,,,,,,,,,,,,,,,,,,,,,
CA_S61_O1,1,1.159,2.178,3.386,4.026,17.94,,,,,,,,,,,,,,,,,,,,,,,,,,,,,,,,,,,
CA_S61_O1,1,1.168,2.185,3.528,4.15,17.94,,,,,,,,,,,,,,,,,,,,,,,,,,,,,,,,,,,
CA_S61_O1,1,1.176,2.2,3.684,4.292,16.6,,,,,,,,,,,,,,,,,,,,,,,,,,,,,,,,,,,
CA_S61_O1,1,1.185,2.208,3.804,4.398,13.48,,,,,,,,,,,,,,,,,,,,,,,,,,,,,,,,,,,
CA_S61_O1,1,1.193,2.223,3.908,4.496,17.72,,,,,,,,,,,,,,,,,,,,,,,,,,,,,,,,,,,
CA_S61_O1,1,1.201,2.26,4.095,4.677,17.58,,,,,,,,,,,,,,,,,,,,,,,,,,,,,,,,,,,
CA_S61_O1,1,1.21,2.26,4.199,4.769,17.89,,,,,,,,,,,,,,,,,,,,,,,,,,,,,,,,,,,
CA_S61_O1,1,1.218,2.26,4.393,4.941,18.42,,,,,,,,,,,,,,,,,,,,,,,,,,,,,,,,,,,
CA_S61_O1,1,1.226,2.29,4.505,5.054,16.76,,,,,,,,,,,,,,,,,,,,,,,,,,,,,,,,,,,
CA_S61_O1,1,1.235,2.305,4.669,5.207,19.28,,,,,,,,,,,,,,,,,,,,,,,,,,,,,,,,,,,
CA_S61_O1,1,1.243,2.312,4.826,5.351,18.83,,,,,,,,,,,,,,,,,,,,,,,,,,,,,,,,,,,
CA_S61_O1,1,1.251,2.327,4.983,5.499,,,,,,,,,,,,,,,,,,,,,,,,,,,,,,,,,,,,
,,,,,,,,,,,,,,,,,,,,,,,,,,,,,,,,,,,,,,,,,
CA_S61_O1,2,1.735,2.379,1.834,3.004,,,,,,,,,,,,,,,,,,,,,,,,,,,,,,,,,,,,
CA_S61_O1,2,1.743,2.372,1.931,3.059,12.15,,,,,,,,,,,,,,,,,,,,,,,,,,,,,,,,,,,
CA_S61_O1,2,1.752,2.357,2.036,3.114,12.11,,,,,,,,,,,,,,,,,,,,,,,,,,,,,,,,,,,
CA_S61_O1,2,1.76,2.357,2.133,3.179,9.849,,,,,,,,,,,,,,,,,,,,,,,,,,,,,,,,,,,
CA_S61_O1,2,1.768,2.365,2.2,3.23,6.767,,,,,,,,,,,,,,,,,,,,,,,,,,,,,,,,,,,
CA_S61_O1,2,1.777,2.372,2.245,3.266,9.402,,,,,,,,,,,,,,,,,,,,,,,,,,,,,,,,,,,
CA_S61_O1,2,1.785,2.372,2.356,3.344,13.89,,,,,,,,,,,,,,,,,,,,,,,,,,,,,,,,,,,
CA_S61_O1,2,1.793,2.357,2.476,3.418,15.75,,,,,,,,,,,,,,,,,,,,,,,,,,,,,,,,,,,
CA_S61_O1,2,1.802,2.342,2.618,3.512,13.93,,,,,,,,,,,,,,,,,,,,,,,,,,,,,,,,,,,
CA_S61_O1,2,1.81,2.335,2.707,3.575,14.37,,,,,,,,,,,,,,,,,,,,,,,,,,,,,,,,,,,
CA_S61_O1,2,1.818,2.32,2.856,3.68,15.71,,,,,,,,,,,,,,,,,,,,,,,,,,,,,,,,,,,
CA_S61_O1,2,1.827,2.312,2.968,3.763,12.53,,,,,,,,,,,,,,,,,,,,,,,,,,,,,,,,,,,
CA_S61_O1,2,1.835,2.312,3.065,3.84,13.42,,,,,,,,,,,,,,,,,,,,,,,,,,,,,,,,,,,
CA_S61_O1,2,1.844,2.312,3.192,3.942,15.2,,,,,,,,,,,,,,,,,,,,,,,,,,,,,,,,,,,
CA_S61_O1,2,1.852,2.312,3.319,4.045,14.76,,,,,,,,,,,,,,,,,,,,,,,,,,,,,,,,,,,
CA_S61_O1,2,1.86,2.312,3.438,4.143,11.66,,,,,,,,,,,,,,,,,,,,,,,,,,,,,,,,,,,
CA_S61_O1,2,1.869,2.327,3.513,4.214,12.11,,,,,,,,,,,,,,,,,,,,,,,,,,,,,,,,,,,
CA_S61_O1,2,1.877,2.327,3.64,4.32,15.21,,,,,,,,,,,,,,,,,,,,,,,,,,,,,,,,,,,
CA_S61_O1,2,1.885,2.335,3.767,4.431,16.1,,,,,,,,,,,,,,,,,,,,,,,,,,,,,,,,,,,
CA_S61_O1,2,1.894,2.327,3.908,4.549,17,,,,,,,,,,,,,,,,,,,,,,,,,,,,,,,,,,,
CA_S61_O1,2,1.902,2.327,4.05,4.671,16.55,,,,,,,,,,,,,,,,,,,,,,,,,,,,,,,,,,,
CA_S61_O1,2,1.91,2.327,4.184,4.788,15.21,,,,,,,,,,,,,,,,,,,,,,,,,,,,,,,,,,,
CA_S61_O1,2,1.919,2.32,4.304,4.889,16.55,,,,,,,,,,,,,,,,,,,,,,,,,,,,,,,,,,,
CA_S61_O1,2,1.927,2.335,4.46,5.034,16.55,,,,,,,,,,,,,,,,,,,,,,,,,,,,,,,,,,,
CA_S61_O1,2,1.935,2.32,4.58,5.134,12.53,,,,,,,,,,,,,,,,,,,,,,,,,,,,,,,,,,,
CA_S61_O1,2,1.944,2.327,4.669,5.217,13.42,,,,,,,,,,,,,,,,,,,,,,,,,,,,,,,,,,,
CA_S61_O1,2,1.952,2.327,4.804,5.338,17.89,,,,,,,,,,,,,,,,,,,,,,,,,,,,,,,,,,,
CA_S61_O1,2,1.96,2.327,4.968,5.486,,,,,,,,,,,,,,,,,,,,,,,,,,,,,,,,,,,,
,,,,,,,,,,,,,,,,,,,,,,,,,,,,,,,,,,,,,,,,,
CA_S62_O1,1,1.75E-01,2.67E+00,1.84E+00,3.24E+00,,,,,,,,,,,,,,,,,,,,,,,,,,,,,,,,,,,,
CA_S62_O1,1,1.84E-01,2.66E+00,1.93E+00,3.28E+00,1.09E+01,,,,,,,,,,,,,,,,,,,,,,,,,,,,,,,,,,,
CA_S62_O1,1,1.92E-01,2.64E+00,2.02E+00,3.32E+00,8.64E+00,,,,,,,,,,,,,,,,,,,,,,,,,,,,,,,,,,,
CA_S62_O1,1,2.00E-01,2.62E+00,2.06E+00,3.33E+00,8.58E+00,,,,,,,,,,,,,,,,,,,,,,,,,,,,,,,,,,,
CA_S62_O1,1,2.09E-01,2.60E+00,2.16E+00,3.38E+00,1.28E+01,,,,,,,,,,,,,,,,,,,,,,,,,,,,,,,,,,,
CA_S62_O1,1,2.17E-01,2.58E+00,2.28E+00,3.44E+00,1.33E+01,,,,,,,,,,,,,,,,,,,,,,,,,,,,,,,,,,,
CA_S62_O1,1,2.25E-01,2.57E+00,2.38E+00,3.50E+00,1.42E+01,,,,,,,,,,,,,,,,,,,,,,,,,,,,,,,,,,,
CA_S62_O1,1,2.34E-01,2.56E+00,2.51E+00,3.58E+00,1.52E+01,,,,,,,,,,,,,,,,,,,,,,,,,,,,,,,,,,,
CA_S62_O1,1,2.42E-01,2.55E+00,2.63E+00,3.66E+00,1.23E+01,,,,,,,,,,,,,,,,,,,,,,,,,,,,,,,,,,,
CA_S62_O1,1,2.50E-01,2.54E+00,2.72E+00,3.72E+00,1.05E+01,,,,,,,,,,,,,,,,,,,,,,,,,,,,,,,,,,,
CA_S62_O1,1,2.59E-01,2.55E+00,2.80E+00,3.79E+00,1.11E+01,,,,,,,,,,,,,,,,,,,,,,,,,,,,,,,,,,,
CA_S62_O1,1,2.67E-01,2.55E+00,2.90E+00,3.86E+00,1.09E+01,,,,,,,,,,,,,,,,,,,,,,,,,,,,,,,,,,,
CA_S62_O1,1,2.75E-01,2.54E+00,2.99E+00,3.92E+00,1.15E+01,,,,,,,,,,,,,,,,,,,,,,,,,,,,,,,,,,,
CA_S62_O1,1,2.84E-01,2.55E+00,3.09E+00,4.01E+00,1.34E+01,,,,,,,,,,,,,,,,,,,,,,,,,,,,,,,,,,,
CA_S62_O1,1,2.92E-01,2.54E+00,3.21E+00,4.10E+00,1.62E+01,,,,,,,,,,,,,,,,,,,,,,,,,,,,,,,,,,,
CA_S62_O1,1,3.00E-01,2.54E+00,3.36E+00,4.21E+00,1.57E+01,,,,,,,,,,,,,,,,,,,,,,,,,,,,,,,,,,,
CA_S62_O1,1,3.09E-01,2.53E+00,3.47E+00,4.30E+00,1.39E+01,,,,,,,,,,,,,,,,,,,,,,,,,,,,,,,,,,,
CA_S62_O1,1,3.17E-01,2.55E+00,3.59E+00,4.41E+00,1.46E+01,,,,,,,,,,,,,,,,,,,,,,,,,,,,,,,,,,,
CA_S62_O1,1,3.25E-01,2.56E+00,3.71E+00,4.51E+00,1.42E+01,,,,,,,,,,,,,,,,,,,,,,,,,,,,,,,,,,,
CA_S62_O1,1,3.34E-01,2.58E+00,3.83E+00,4.62E+00,1.36E+01,,,,,,,,,,,,,,,,,,,,,,,,,,,,,,,,,,,
CA_S62_O1,1,3.42E-01,2.61E+00,3.94E+00,4.72E+00,1.13E+01,,,,,,,,,,,,,,,,,,,,,,,,,,,,,,,,,,,
CA_S62_O1,1,3.50E-01,2.63E+00,4.01E+00,4.80E+00,9.40E+00,,,,,,,,,,,,,,,,,,,,,,,,,,,,,,,,,,,
CA_S62_O1,1,3.59E-01,2.69E+00,4.07E+00,4.88E+00,9.59E+00,,,,,,,,,,,,,,,,,,,,,,,,,,,,,,,,,,,
CA_S62_O1,1,3.67E-01,2.70E+00,4.16E+00,4.95E+00,1.05E+01,,,,,,,,,,,,,,,,,,,,,,,,,,,,,,,,,,,
CA_S62_O1,1,3.75E-01,2.69E+00,4.24E+00,5.02E+00,1.15E+01,,,,,,,,,,,,,,,,,,,,,,,,,,,,,,,,,,,
CA_S62_O1,1,3.84E-01,2.70E+00,4.35E+00,5.12E+00,1.30E+01,,,,,,,,,,,,,,,,,,,,,,,,,,,,,,,,,,,
CA_S62_O1,1,3.92E-01,2.73E+00,4.45E+00,5.22E+00,1.06E+01,,,,,,,,,,,,,,,,,,,,,,,,,,,,,,,,,,,
CA_S62_O1,1,4.00E-01,2.74E+00,4.52E+00,5.29E+00,1.00E+01,,,,,,,,,,,,,,,,,,,,,,,,,,,,,,,,,,,
CA_S62_O1,1,4.09E-01,2.76E+00,4.62E+00,5.38E+00,1.11E+01,,,,,,,,,,,,,,,,,,,,,,,,,,,,,,,,,,,
CA_S62_O1,1,4.17E-01,2.78E+00,4.70E+00,5.46E+00,1.27E+01,,,,,,,,,,,,,,,,,,,,,,,,,,,,,,,,,,,
CA_S62_O1,1,4.25E-01,2.79E+00,4.83E+00,5.58E+00,1.20E+01,,,,,,,,,,,,,,,,,,,,,,,,,,,,,,,,,,,
CA_S62_O1,1,4.34E-01,2.82E+00,4.90E+00,5.65E+00,8.27E+00,,,,,,,,,,,,,,,,,,,,,,,,,,,,,,,,,,,
CA_S62_O1,1,4.42E-01,2.83E+00,4.96E+00,5.71E+00,,,,,,,,,,,,,,,,,,,,,,,,,,,,,,,,,,,,
,,,,,,,,,,,,,,,,,,,,,,,,,,,,,,,,,,,,,,,,,
CA_S62_O1,2,1.08E+00,2.60E+00,1.99E+00,3.28E+00,,,,,,,,,,,,,,,,,,,,,,,,,,,,,,,,,,,,
CA_S62_O1,2,1.09E+00,2.59E+00,2.06E+00,3.31E+00,9.30E+00,,,,,,,,,,,,,,,,,,,,,,,,,,,,,,,,,,,
CA_S62_O1,2,1.10E+00,2.62E+00,2.15E+00,3.39E+00,7.49E+00,,,,,,,,,,,,,,,,,,,,,,,,,,,,,,,,,,,
CA_S62_O1,2,1.11E+00,2.62E+00,2.18E+00,3.41E+00,5.76E+00,,,,,,,,,,,,,,,,,,,,,,,,,,,,,,,,,,,
CA_S62_O1,2,1.12E+00,2.63E+00,2.24E+00,3.45E+00,7.17E+00,,,,,,,,,,,,,,,,,,,,,,,,,,,,,,,,,,,
CA_S62_O1,2,1.13E+00,2.62E+00,2.30E+00,3.49E+00,8.05E+00,,,,,,,,,,,,,,,,,,,,,,,,,,,,,,,,,,,
CA_S62_O1,2,1.13E+00,2.61E+00,2.37E+00,3.53E+00,9.48E+00,,,,,,,,,,,,,,,,,,,,,,,,,,,,,,,,,,,
CA_S62_O1,2,1.14E+00,2.60E+00,2.46E+00,3.58E+00,9.52E+00,,,,,,,,,,,,,,,,,,,,,,,,,,,,,,,,,,,
CA_S62_O1,2,1.15E+00,2.60E+00,2.53E+00,3.63E+00,8.27E+00,,,,,,,,,,,,,,,,,,,,,,,,,,,,,,,,,,,
CA_S62_O1,2,1.16E+00,2.62E+00,2.60E+00,3.69E+00,9.30E+00,,,,,,,,,,,,,,,,,,,,,,,,,,,,,,,,,,,
CA_S62_O1,2,1.17E+00,2.62E+00,2.69E+00,3.75E+00,1.29E+01,,,,,,,,,,,,,,,,,,,,,,,,,,,,,,,,,,,
CA_S62_O1,2,1.18E+00,2.65E+00,2.81E+00,3.87E+00,1.38E+01,,,,,,,,,,,,,,,,,,,,,,,,,,,,,,,,,,,
CA_S62_O1,2,1.18E+00,2.66E+00,2.91E+00,3.94E+00,1.34E+01,,,,,,,,,,,,,,,,,,,,,,,,,,,,,,,,,,,
CA_S62_O1,2,1.19E+00,2.66E+00,3.03E+00,4.03E+00,1.25E+01,,,,,,,,,,,,,,,,,,,,,,,,,,,,,,,,,,,
CA_S62_O1,2,1.20E+00,2.66E+00,3.12E+00,4.10E+00,1.11E+01,,,,,,,,,,,,,,,,,,,,,,,,,,,,,,,,,,,
CA_S62_O1,2,1.21E+00,2.67E+00,3.22E+00,4.18E+00,1.17E+01,,,,,,,,,,,,,,,,,,,,,,,,,,,,,,,,,,,
CA_S62_O1,2,1.22E+00,2.68E+00,3.32E+00,4.27E+00,1.08E+01,,,,,,,,,,,,,,,,,,,,,,,,,,,,,,,,,,,
CA_S62_O1,2,1.23E+00,2.69E+00,3.40E+00,4.34E+00,8.39E+00,,,,,,,,,,,,,,,,,,,,,,,,,,,,,,,,,,,
CA_S62_O1,2,1.23E+00,2.70E+00,3.45E+00,4.39E+00,7.84E+00,,,,,,,,,,,,,,,,,,,,,,,,,,,,,,,,,,,
CA_S62_O1,2,1.24E+00,2.73E+00,3.52E+00,4.46E+00,7.41E+00,,,,,,,,,,,,,,,,,,,,,,,,,,,,,,,,,,,
CA_S62_O1,2,1.25E+00,2.74E+00,3.57E+00,4.50E+00,7.65E+00,,,,,,,,,,,,,,,,,,,,,,,,,,,,,,,,,,,
CA_S62_O1,2,1.26E+00,2.77E+00,3.65E+00,4.58E+00,9.33E+00,,,,,,,,,,,,,,,,,,,,,,,,,,,,,,,,,,,
CA_S62_O1,2,1.27E+00,2.79E+00,3.72E+00,4.65E+00,9.99E+00,,,,,,,,,,,,,,,,,,,,,,,,,,,,,,,,,,,
CA_S62_O1,2,1.28E+00,2.83E+00,3.80E+00,4.74E+00,9.47E+00,,,,,,,,,,,,,,,,,,,,,,,,,,,,,,,,,,,
CA_S62_O1,2,1.28E+00,2.86E+00,3.86E+00,4.81E+00,8.06E+00,,,,,,,,,,,,,,,,,,,,,,,,,,,,,,,,,,,
CA_S62_O1,2,1.29E+00,2.91E+00,3.91E+00,4.87E+00,9.76E+00,,,,,,,,,,,,,,,,,,,,,,,,,,,,,,,,,,,
CA_S62_O1,2,1.30E+00,2.95E+00,4.00E+00,4.97E+00,1.12E+01,,,,,,,,,,,,,,,,,,,,,,,,,,,,,,,,,,,
CA_S62_O1,2,1.31E+00,2.99E+00,4.08E+00,5.06E+00,1.29E+01,,,,,,,,,,,,,,,,,,,,,,,,,,,,,,,,,,,
CA_S62_O1,2,1.32E+00,3.05E+00,4.19E+00,5.18E+00,1.22E+01,,,,,,,,,,,,,,,,,,,,,,,,,,,,,,,,,,,
CA_S62_O1,2,1.33E+00,3.09E+00,4.26E+00,5.26E+00,9.10E+00,,,,,,,,,,,,,,,,,,,,,,,,,,,,,,,,,,,
CA_S62_O1,2,1.33E+00,3.13E+00,4.32E+00,5.33E+00,1.04E+01,,,,,,,,,,,,,,,,,,,,,,,,,,,,,,,,,,,
CA_S62_O1,2,1.34E+00,3.18E+00,4.40E+00,5.43E+00,1.31E+01,,,,,,,,,,,,,,,,,,,,,,,,,,,,,,,,,,,
CA_S62_O1,2,1.35E+00,3.27E+00,4.49E+00,5.55E+00,1.54E+01,,,,,,,,,,,,,,,,,,,,,,,,,,,,,,,,,,,
CA_S62_O1,2,1.36E+00,3.35E+00,4.60E+00,5.69E+00,1.51E+01,,,,,,,,,,,,,,,,,,,,,,,,,,,,,,,,,,,
CA_S62_O1,2,1.37E+00,3.43E+00,4.68E+00,5.80E+00,1.31E+01,,,,,,,,,,,,,,,,,,,,,,,,,,,,,,,,,,,
CA_S62_O1,2,1.38E+00,3.48E+00,4.77E+00,5.91E+00,1.28E+01,,,,,,,,,,,,,,,,,,,,,,,,,,,,,,,,,,,
CA_S62_O1,2,1.38E+00,3.54E+00,4.86E+00,6.01E+00,1.42E+01,,,,,,,,,,,,,,,,,,,,,,,,,,,,,,,,,,,
CA_S62_O1,2,1.39E+00,3.65E+00,4.94E+00,6.14E+00,1.45E+01,,,,,,,,,,,,,,,,,,,,,,,,,,,,,,,,,,,
CA_S62_O1,2,1.40E+00,3.73E+00,5.01E+00,6.25E+00,,,,,,,,,,,,,,,,,,,,,,,,,,,,,,,,,,,,
,,,,,,,,,,,,,,,,,,,,,,,,,,,,,,,,,,,,,,,,,
CA_S62_O1,3,2.01E+00,2.65E+00,2.06E+00,3.36E+00,,,,,,,,,,,,,,,,,,,,,,,,,,,,,,,,,,,,
CA_S62_O1,3,2.02E+00,2.64E+00,2.13E+00,3.39E+00,1.04E+01,,,,,,,,,,,,,,,,,,,,,,,,,,,,,,,,,,,
CA_S62_O1,3,2.03E+00,2.63E+00,2.23E+00,3.45E+00,1.14E+01,,,,,,,,,,,,,,,,,,,,,,,,,,,,,,,,,,,
CA_S62_O1,3,2.04E+00,2.63E+00,2.32E+00,3.51E+00,1.17E+01,,,,,,,,,,,,,,,,,,,,,,,,,,,,,,,,,,,
CA_S62_O1,3,2.04E+00,2.67E+00,2.42E+00,3.61E+00,1.24E+01,,,,,,,,,,,,,,,,,,,,,,,,,,,,,,,,,,,
CA_S62_O1,3,2.05E+00,2.67E+00,2.53E+00,3.67E+00,1.13E+01,,,,,,,,,,,,,,,,,,,,,,,,,,,,,,,,,,,
CA_S62_O1,3,2.06E+00,2.70E+00,2.61E+00,3.75E+00,1.21E+01,,,,,,,,,,,,,,,,,,,,,,,,,,,,,,,,,,,
CA_S62_O1,3,2.07E+00,2.73E+00,2.72E+00,3.85E+00,1.40E+01,,,,,,,,,,,,,,,,,,,,,,,,,,,,,,,,,,,
CA_S62_O1,3,2.08E+00,2.76E+00,2.83E+00,3.96E+00,1.17E+01,,,,,,,,,,,,,,,,,,,,,,,,,,,,,,,,,,,
CA_S62_O1,3,2.09E+00,2.78E+00,2.91E+00,4.02E+00,1.09E+01,,,,,,,,,,,,,,,,,,,,,,,,,,,,,,,,,,,
CA_S62_O1,3,2.09E+00,2.79E+00,3.01E+00,4.11E+00,1.27E+01,,,,,,,,,,,,,,,,,,,,,,,,,,,,,,,,,,,
CA_S62_O1,3,2.10E+00,2.80E+00,3.12E+00,4.19E+00,1.25E+01,,,,,,,,,,,,,,,,,,,,,,,,,,,,,,,,,,,
CA_S62_O1,3,2.11E+00,2.80E+00,3.22E+00,4.27E+00,1.29E+01,,,,,,,,,,,,,,,,,,,,,,,,,,,,,,,,,,,
CA_S62_O1,3,2.12E+00,2.80E+00,3.33E+00,4.35E+00,1.50E+01,,,,,,,,,,,,,,,,,,,,,,,,,,,,,,,,,,,
CA_S62_O1,3,2.13E+00,2.81E+00,3.47E+00,4.47E+00,1.50E+01,,,,,,,,,,,,,,,,,,,,,,,,,,,,,,,,,,,
CA_S62_O1,3,2.14E+00,2.82E+00,3.58E+00,4.56E+00,1.33E+01,,,,,,,,,,,,,,,,,,,,,,,,,,,,,,,,,,,
CA_S62_O1,3,2.14E+00,2.85E+00,3.69E+00,4.66E+00,1.30E+01,,,,,,,,,,,,,,,,,,,,,,,,,,,,,,,,,,,
CA_S62_O1,3,2.15E+00,2.86E+00,3.80E+00,4.76E+00,1.40E+01,,,,,,,,,,,,,,,,,,,,,,,,,,,,,,,,,,,
CA_S62_O1,3,2.16E+00,2.91E+00,3.91E+00,4.88E+00,1.38E+01,,,,,,,,,,,,,,,,,,,,,,,,,,,,,,,,,,,
CA_S62_O1,3,2.17E+00,2.96E+00,4.01E+00,4.98E+00,1.30E+01,,,,,,,,,,,,,,,,,,,,,,,,,,,,,,,,,,,
CA_S62_O1,3,2.18E+00,3.01E+00,4.11E+00,5.09E+00,1.50E+01,,,,,,,,,,,,,,,,,,,,,,,,,,,,,,,,,,,
CA_S62_O1,3,2.19E+00,3.07E+00,4.23E+00,5.23E+00,1.56E+01,,,,,,,,,,,,,,,,,,,,,,,,,,,,,,,,,,,
CA_S62_O1,3,2.19E+00,3.13E+00,4.34E+00,5.35E+00,1.50E+01,,,,,,,,,,,,,,,,,,,,,,,,,,,,,,,,,,,
CA_S62_O1,3,2.20E+00,3.18E+00,4.45E+00,5.47E+00,1.70E+01,,,,,,,,,,,,,,,,,,,,,,,,,,,,,,,,,,,
CA_S62_O1,3,2.21E+00,3.24E+00,4.60E+00,5.63E+00,1.36E+01,,,,,,,,,,,,,,,,,,,,,,,,,,,,,,,,,,,
CA_S62_O1,3,2.22E+00,3.27E+00,4.66E+00,5.69E+00,1.20E+01,,,,,,,,,,,,,,,,,,,,,,,,,,,,,,,,,,,
CA_S62_O1,3,2.23E+00,3.32E+00,4.78E+00,5.82E+00,1.42E+01,,,,,,,,,,,,,,,,,,,,,,,,,,,,,,,,,,,
CA_S62_O1,3,2.24E+00,3.32E+00,4.89E+00,5.91E+00,1.27E+01,,,,,,,,,,,,,,,,,,,,,,,,,,,,,,,,,,,
CA_S62_O1,3,2.24E+00,3.38E+00,4.99E+00,6.02E+00,1.48E+01,,,,,,,,,,,,,,,,,,,,,,,,,,,,,,,,,,,
CA_S62_O1,3,2.25E+00,3.40E+00,5.13E+00,6.15E+00,,,,,,,,,,,,,,,,,,,,,,,,,,,,,,,,,,,,
,,,,,,,,,,,,,,,,,,,,,,,,,,,,,,,,,,,,,,,,,
CA_S62_O1,4,2.60E+00,2.38E+00,2.02E+00,3.12E+00,,,,,,,,,,,,,,,,,,,,,,,,,,,,,,,,,,,,
CA_S62_O1,4,2.61E+00,2.40E+00,2.10E+00,3.19E+00,1.13E+01,,,,,,,,,,,,,,,,,,,,,,,,,,,,,,,,,,,
CA_S62_O1,4,2.62E+00,2.41E+00,2.20E+00,3.26E+00,1.13E+01,,,,,,,,,,,,,,,,,,,,,,,,,,,,,,,,,,,
CA_S62_O1,4,2.63E+00,2.42E+00,2.29E+00,3.33E+00,1.38E+01,,,,,,,,,,,,,,,,,,,,,,,,,,,,,,,,,,,
CA_S62_O1,4,2.64E+00,2.47E+00,2.43E+00,3.46E+00,1.51E+01,,,,,,,,,,,,,,,,,,,,,,,,,,,,,,,,,,,
CA_S62_O1,4,2.64E+00,2.48E+00,2.53E+00,3.54E+00,1.42E+01,,,,,,,,,,,,,,,,,,,,,,,,,,,,,,,,,,,
CA_S62_O1,4,2.65E+00,2.50E+00,2.66E+00,3.65E+00,1.63E+01,,,,,,,,,,,,,,,,,,,,,,,,,,,,,,,,,,,
CA_S62_O1,4,2.66E+00,2.52E+00,2.80E+00,3.77E+00,1.81E+01,,,,,,,,,,,,,,,,,,,,,,,,,,,,,,,,,,,
CA_S62_O1,4,2.67E+00,2.56E+00,2.96E+00,3.91E+00,1.91E+01,,,,,,,,,,,,,,,,,,,,,,,,,,,,,,,,,,,
CA_S62_O1,4,2.68E+00,2.61E+00,3.11E+00,4.06E+00,1.61E+01,,,,,,,,,,,,,,,,,,,,,,,,,,,,,,,,,,,
CA_S62_O1,4,2.69E+00,2.64E+00,3.22E+00,4.16E+00,1.33E+01,,,,,,,,,,,,,,,,,,,,,,,,,,,,,,,,,,,
CA_S62_O1,4,2.69E+00,2.68E+00,3.32E+00,4.27E+00,1.63E+01,,,,,,,,,,,,,,,,,,,,,,,,,,,,,,,,,,,
CA_S62_O1,4,2.70E+00,2.77E+00,3.46E+00,4.43E+00,1.56E+01,,,,,,,,,,,,,,,,,,,,,,,,,,,,,,,,,,,
CA_S62_O1,4,2.71E+00,2.80E+00,3.55E+00,4.52E+00,1.26E+01,,,,,,,,,,,,,,,,,,,,,,,,,,,,,,,,,,,
CA_S62_O1,4,2.72E+00,2.86E+00,3.64E+00,4.63E+00,1.21E+01,,,,,,,,,,,,,,,,,,,,,,,,,,,,,,,,,,,
CA_S62_O1,4,2.73E+00,2.91E+00,3.72E+00,4.72E+00,1.41E+01,,,,,,,,,,,,,,,,,,,,,,,,,,,,,,,,,,,
CA_S62_O1,4,2.74E+00,2.99E+00,3.84E+00,4.87E+00,1.51E+01,,,,,,,,,,,,,,,,,,,,,,,,,,,,,,,,,,,
CA_S62_O1,4,2.74E+00,3.05E+00,3.93E+00,4.97E+00,1.46E+01,,,,,,,,,,,,,,,,,,,,,,,,,,,,,,,,,,,
CA_S62_O1,4,2.75E+00,3.11E+00,4.05E+00,5.11E+00,1.65E+01,,,,,,,,,,,,,,,,,,,,,,,,,,,,,,,,,,,
CA_S62_O1,4,2.76E+00,3.19E+00,4.17E+00,5.25E+00,1.58E+01,,,,,,,,,,,,,,,,,,,,,,,,,,,,,,,,,,,
CA_S62_O1,4,2.77E+00,3.25E+00,4.28E+00,5.37E+00,1.52E+01,,,,,,,,,,,,,,,,,,,,,,,,,,,,,,,,,,,
CA_S62_O1,4,2.78E+00,3.32E+00,4.38E+00,5.50E+00,1.54E+01,,,,,,,,,,,,,,,,,,,,,,,,,,,,,,,,,,,
CA_S62_O1,4,2.79E+00,3.39E+00,4.49E+00,5.63E+00,1.51E+01,,,,,,,,,,,,,,,,,,,,,,,,,,,,,,,,,,,
CA_S62_O1,4,2.79E+00,3.48E+00,4.58E+00,5.75E+00,1.55E+01,,,,,,,,,,,,,,,,,,,,,,,,,,,,,,,,,,,
CA_S62_O1,4,2.80E+00,3.58E+00,4.67E+00,5.88E+00,1.65E+01,,,,,,,,,,,,,,,,,,,,,,,,,,,,,,,,,,,
CA_S62_O1,4,2.81E+00,3.67E+00,4.78E+00,6.02E+00,1.64E+01,,,,,,,,,,,,,,,,,,,,,,,,,,,,,,,,,,,
CA_S62_O1,4,2.82E+00,3.76E+00,4.88E+00,6.16E+00,1.52E+01,,,,,,,,,,,,,,,,,,,,,,,,,,,,,,,,,,,
CA_S62_O1,4,2.83E+00,3.85E+00,4.95E+00,6.27E+00,1.76E+01,,,,,,,,,,,,,,,,,,,,,,,,,,,,,,,,,,,
CA_S62_O1,4,2.84E+00,3.99E+00,5.06E+00,6.44E+00,,,,,,,,,,,,,,,,,,,,,,,,,,,,,,,,,,,,
,,,,,,,,,,,,,,,,,,,,,,,,,,,,,,,,,,,,,,,,,
CA_S62_O1,5,3.83E+00,2.38E+00,1.89E+00,3.04E+00,,,,,,,,,,,,,,,,,,,,,,,,,,,,,,,,,,,,
CA_S62_O1,5,3.84E+00,2.37E+00,2.01E+00,3.11E+00,1.53E+01,,,,,,,,,,,,,,,,,,,,,,,,,,,,,,,,,,,
CA_S62_O1,5,3.85E+00,2.38E+00,2.14E+00,3.20E+00,1.16E+01,,,,,,,,,,,,,,,,,,,,,,,,,,,,,,,,,,,
CA_S62_O1,5,3.85E+00,2.38E+00,2.20E+00,3.24E+00,1.35E+01,,,,,,,,,,,,,,,,,,,,,,,,,,,,,,,,,,,
CA_S62_O1,5,3.86E+00,2.39E+00,2.37E+00,3.36E+00,1.73E+01,,,,,,,,,,,,,,,,,,,,,,,,,,,,,,,,,,,
CA_S62_O1,5,3.87E+00,2.39E+00,2.49E+00,3.45E+00,1.50E+01,,,,,,,,,,,,,,,,,,,,,,,,,,,,,,,,,,,
CA_S62_O1,5,3.88E+00,2.40E+00,2.62E+00,3.55E+00,1.45E+01,,,,,,,,,,,,,,,,,,,,,,,,,,,,,,,,,,,
CA_S62_O1,5,3.89E+00,2.41E+00,2.73E+00,3.64E+00,1.23E+01,,,,,,,,,,,,,,,,,,,,,,,,,,,,,,,,,,,
CA_S62_O1,5,3.90E+00,2.43E+00,2.82E+00,3.72E+00,1.23E+01,,,,,,,,,,,,,,,,,,,,,,,,,,,,,,,,,,,
CA_S62_O1,5,3.90E+00,2.46E+00,2.93E+00,3.83E+00,1.36E+01,,,,,,,,,,,,,,,,,,,,,,,,,,,,,,,,,,,
CA_S62_O1,5,3.91E+00,2.48E+00,3.04E+00,3.92E+00,1.42E+01,,,,,,,,,,,,,,,,,,,,,,,,,,,,,,,,,,,
CA_S62_O1,5,3.92E+00,2.52E+00,3.16E+00,4.04E+00,1.29E+01,,,,,,,,,,,,,,,,,,,,,,,,,,,,,,,,,,,
CA_S62_O1,5,3.93E+00,2.56E+00,3.24E+00,4.13E+00,1.26E+01,,,,,,,,,,,,,,,,,,,,,,,,,,,,,,,,,,,
CA_S62_O1,5,3.94E+00,2.56E+00,3.36E+00,4.23E+00,1.41E+01,,,,,,,,,,,,,,,,,,,,,,,,,,,,,,,,,,,
CA_S62_O1,5,3.95E+00,2.58E+00,3.48E+00,4.33E+00,1.42E+01,,,,,,,,,,,,,,,,,,,,,,,,,,,,,,,,,,,
CA_S62_O1,5,3.95E+00,2.62E+00,3.60E+00,4.45E+00,1.29E+01,,,,,,,,,,,,,,,,,,,,,,,,,,,,,,,,,,,
CA_S62_O1,5,3.96E+00,2.64E+00,3.69E+00,4.53E+00,1.24E+01,,,,,,,,,,,,,,,,,,,,,,,,,,,,,,,,,,,
CA_S62_O1,5,3.97E+00,2.66E+00,3.80E+00,4.64E+00,1.35E+01,,,,,,,,,,,,,,,,,,,,,,,,,,,,,,,,,,,
CA_S62_O1,5,3.98E+00,2.68E+00,3.91E+00,4.74E+00,1.30E+01,,,,,,,,,,,,,,,,,,,,,,,,,,,,,,,,,,,
CA_S62_O1,5,3.99E+00,2.70E+00,4.01E+00,4.84E+00,1.60E+01,,,,,,,,,,,,,,,,,,,,,,,,,,,,,,,,,,,
CA_S62_O1,5,4.00E+00,2.74E+00,4.17E+00,4.99E+00,1.59E+01,,,,,,,,,,,,,,,,,,,,,,,,,,,,,,,,,,,
CA_S62_O1,5,4.00E+00,2.75E+00,4.27E+00,5.08E+00,1.69E+01,,,,,,,,,,,,,,,,,,,,,,,,,,,,,,,,,,,
CA_S62_O1,5,4.01E+00,2.75E+00,4.45E+00,5.23E+00,1.95E+01,,,,,,,,,,,,,,,,,,,,,,,,,,,,,,,,,,,
CA_S62_O1,5,4.02E+00,2.81E+00,4.59E+00,5.38E+00,1.70E+01,,,,,,,,,,,,,,,,,,,,,,,,,,,,,,,,,,,
CA_S62_O1,5,4.03E+00,2.86E+00,4.71E+00,5.51E+00,1.65E+01,,,,,,,,,,,,,,,,,,,,,,,,,,,,,,,,,,,
CA_S62_O1,5,4.04E+00,2.90E+00,4.85E+00,5.65E+00,1.29E+01,,,,,,,,,,,,,,,,,,,,,,,,,,,,,,,,,,,
CA_S62_O1,5,4.05E+00,2.92E+00,4.92E+00,5.72E+00,,,,,,,,,,,,,,,,,,,,,,,,,,,,,,,,,,,,
,,,,,,,,,,,,,,,,,,,,,,,,,,,,,,,,,,,,,,,,,
CA_S63_O1,1,1.07E+00,1.41E+00,3.09E+00,3.40E+00,,,,,,,,,,,,,,,,,,,,,,,,,,,,,,,,,,,,
CA_S63_O1,1,1.08E+00,1.41E+00,3.18E+00,3.48E+00,1.12E+01,,,,,,,,,,,,,,,,,,,,,,,,,,,,,,,,,,,
CA_S63_O1,1,1.08E+00,1.40E+00,3.28E+00,3.57E+00,1.16E+01,,,,,,,,,,,,,,,,,,,,,,,,,,,,,,,,,,,
CA_S63_O1,1,1.09E+00,1.37E+00,3.37E+00,3.64E+00,1.21E+01,,,,,,,,,,,,,,,,,,,,,,,,,,,,,,,,,,,
CA_S63_O1,1,1.10E+00,1.34E+00,3.47E+00,3.72E+00,1.47E+01,,,,,,,,,,,,,,,,,,,,,,,,,,,,,,,,,,,
CA_S63_O1,1,1.11E+00,1.35E+00,3.62E+00,3.86E+00,1.57E+01,,,,,,,,,,,,,,,,,,,,,,,,,,,,,,,,,,,
CA_S63_O1,1,1.12E+00,1.33E+00,3.74E+00,3.97E+00,1.58E+01,,,,,,,,,,,,,,,,,,,,,,,,,,,,,,,,,,,
CA_S63_O1,1,1.13E+00,1.31E+00,3.88E+00,4.10E+00,1.80E+01,,,,,,,,,,,,,,,,,,,,,,,,,,,,,,,,,,,
CA_S63_O1,1,1.13E+00,1.29E+00,4.03E+00,4.23E+00,1.71E+01,,,,,,,,,,,,,,,,,,,,,,,,,,,,,,,,,,,
CA_S63_O1,1,1.14E+00,1.30E+00,4.16E+00,4.36E+00,1.63E+01,,,,,,,,,,,,,,,,,,,,,,,,,,,,,,,,,,,
CA_S63_O1,1,1.15E+00,1.29E+00,4.30E+00,4.49E+00,1.70E+01,,,,,,,,,,,,,,,,,,,,,,,,,,,,,,,,,,,
CA_S63_O1,1,1.16E+00,1.27E+00,4.45E+00,4.63E+00,1.71E+01,,,,,,,,,,,,,,,,,,,,,,,,,,,,,,,,,,,
CA_S63_O1,1,1.17E+00,1.31E+00,4.59E+00,4.77E+00,1.59E+01,,,,,,,,,,,,,,,,,,,,,,,,,,,,,,,,,,,
CA_S63_O1,1,1.18E+00,1.30E+00,4.71E+00,4.89E+00,1.47E+01,,,,,,,,,,,,,,,,,,,,,,,,,,,,,,,,,,,
CA_S63_O1,1,1.18E+00,1.28E+00,4.83E+00,5.00E+00,1.78E+01,,,,,,,,,,,,,,,,,,,,,,,,,,,,,,,,,,,
CA_S63_O1,1,1.19E+00,1.30E+00,5.01E+00,5.17E+00,1.99E+01,,,,,,,,,,,,,,,,,,,,,,,,,,,,,,,,,,,
CA_S63_O1,1,1.20E+00,1.31E+00,5.16E+00,5.33E+00,1.91E+01,,,,,,,,,,,,,,,,,,,,,,,,,,,,,,,,,,,
CA_S63_O1,1,1.21E+00,1.33E+00,5.32E+00,5.49E+00,1.71E+01,,,,,,,,,,,,,,,,,,,,,,,,,,,,,,,,,,,
CA_S63_O1,1,1.22E+00,1.33E+00,5.45E+00,5.61E+00,1.63E+01,,,,,,,,,,,,,,,,,,,,,,,,,,,,,,,,,,,
CA_S63_O1,1,1.23E+00,1.31E+00,5.60E+00,5.75E+00,1.89E+01,,,,,,,,,,,,,,,,,,,,,,,,,,,,,,,,,,,
CA_S63_O1,1,1.23E+00,1.32E+00,5.76E+00,5.91E+00,2.08E+01,,,,,,,,,,,,,,,,,,,,,,,,,,,,,,,,,,,
CA_S63_O1,1,1.24E+00,1.32E+00,5.94E+00,6.09E+00,1.95E+01,,,,,,,,,,,,,,,,,,,,,,,,,,,,,,,,,,,
CA_S63_O1,1,1.25E+00,1.32E+00,6.09E+00,6.23E+00,1.83E+01,,,,,,,,,,,,,,,,,,,,,,,,,,,,,,,,,,,
CA_S63_O1,1,1.26E+00,1.34E+00,6.25E+00,6.39E+00,,,,,,,,,,,,,,,,,,,,,,,,,,,,,,,,,,,,
,,,,,,,,,,,,,,,,,,,,,,,,,,,,,,,,,,,,,,,,,
CA_S63_O1,2,1.87E+00,1.32E+00,2.75E+00,3.05E+00,,,,,,,,,,,,,,,,,,,,,,,,,,,,,,,,,,,,
CA_S63_O1,2,1.88E+00,1.32E+00,2.79E+00,3.09E+00,5.26E+00,,,,,,,,,,,,,,,,,,,,,,,,,,,,,,,,,,,
CA_S63_O1,2,1.89E+00,1.33E+00,2.84E+00,3.14E+00,6.07E+00,,,,,,,,,,,,,,,,,,,,,,,,,,,,,,,,,,,
CA_S63_O1,2,1.89E+00,1.35E+00,2.89E+00,3.19E+00,8.74E+00,,,,,,,,,,,,,,,,,,,,,,,,,,,,,,,,,,,
CA_S63_O1,2,1.90E+00,1.36E+00,2.98E+00,3.28E+00,1.10E+01,,,,,,,,,,,,,,,,,,,,,,,,,,,,,,,,,,,
CA_S63_O1,2,1.91E+00,1.37E+00,3.07E+00,3.36E+00,1.30E+01,,,,,,,,,,,,,,,,,,,,,,,,,,,,,,,,,,,
CA_S63_O1,2,1.92E+00,1.37E+00,3.20E+00,3.48E+00,1.54E+01,,,,,,,,,,,,,,,,,,,,,,,,,,,,,,,,,,,
CA_S63_O1,2,1.93E+00,1.37E+00,3.33E+00,3.60E+00,1.42E+01,,,,,,,,,,,,,,,,,,,,,,,,,,,,,,,,,,,
CA_S63_O1,2,1.94E+00,1.36E+00,3.44E+00,3.70E+00,1.57E+01,,,,,,,,,,,,,,,,,,,,,,,,,,,,,,,,,,,
CA_S63_O1,2,1.94E+00,1.34E+00,3.59E+00,3.83E+00,1.53E+01,,,,,,,,,,,,,,,,,,,,,,,,,,,,,,,,,,,
CA_S63_O1,2,1.95E+00,1.33E+00,3.69E+00,3.92E+00,1.41E+01,,,,,,,,,,,,,,,,,,,,,,,,,,,,,,,,,,,
CA_S63_O1,2,1.96E+00,1.32E+00,3.82E+00,4.05E+00,1.96E+01,,,,,,,,,,,,,,,,,,,,,,,,,,,,,,,,,,,
CA_S63_O1,2,1.97E+00,1.31E+00,4.02E+00,4.23E+00,1.73E+01,,,,,,,,,,,,,,,,,,,,,,,,,,,,,,,,,,,
CA_S63_O1,2,1.98E+00,1.31E+00,4.11E+00,4.31E+00,1.19E+01,,,,,,,,,,,,,,,,,,,,,,,,,,,,,,,,,,,
CA_S63_O1,2,1.99E+00,1.31E+00,4.21E+00,4.41E+00,1.30E+01,,,,,,,,,,,,,,,,,,,,,,,,,,,,,,,,,,,
CA_S63_O1,2,1.99E+00,1.32E+00,4.33E+00,4.52E+00,1.36E+01,,,,,,,,,,,,,,,,,,,,,,,,,,,,,,,,,,,
CA_S63_O1,2,2.00E+00,1.29E+00,4.44E+00,4.62E+00,1.31E+01,,,,,,,,,,,,,,,,,,,,,,,,,,,,,,,,,,,
CA_S63_O1,2,2.01E+00,1.28E+00,4.54E+00,4.72E+00,1.35E+01,,,,,,,,,,,,,,,,,,,,,,,,,,,,,,,,,,,
CA_S63_O1,2,2.02E+00,1.26E+00,4.66E+00,4.83E+00,1.55E+01,,,,,,,,,,,,,,,,,,,,,,,,,,,,,,,,,,,
CA_S63_O1,2,2.03E+00,1.26E+00,4.80E+00,4.96E+00,1.57E+01,,,,,,,,,,,,,,,,,,,,,,,,,,,,,,,,,,,
CA_S63_O1,2,2.04E+00,1.25E+00,4.93E+00,5.08E+00,1.51E+01,,,,,,,,,,,,,,,,,,,,,,,,,,,,,,,,,,,
CA_S63_O1,2,2.04E+00,1.24E+00,5.05E+00,5.20E+00,1.59E+01,,,,,,,,,,,,,,,,,,,,,,,,,,,,,,,,,,,
CA_S63_O1,2,2.05E+00,1.23E+00,5.19E+00,5.33E+00,1.65E+01,,,,,,,,,,,,,,,,,,,,,,,,,,,,,,,,,,,
CA_S63_O1,2,2.06E+00,1.23E+00,5.33E+00,5.47E+00,1.73E+01,,,,,,,,,,,,,,,,,,,,,,,,,,,,,,,,,,,
CA_S63_O1,2,2.07E+00,1.21E+00,5.48E+00,5.61E+00,1.53E+01,,,,,,,,,,,,,,,,,,,,,,,,,,,,,,,,,,,
CA_S63_O1,2,2.08E+00,1.20E+00,5.58E+00,5.71E+00,1.55E+01,,,,,,,,,,,,,,,,,,,,,,,,,,,,,,,,,,,
CA_S63_O1,2,2.09E+00,1.19E+00,5.74E+00,5.86E+00,1.65E+01,,,,,,,,,,,,,,,,,,,,,,,,,,,,,,,,,,,
CA_S63_O1,2,2.09E+00,1.18E+00,5.85E+00,5.97E+00,1.74E+01,,,,,,,,,,,,,,,,,,,,,,,,,,,,,,,,,,,
CA_S63_O1,2,2.10E+00,1.14E+00,6.02E+00,6.13E+00,,,,,,,,,,,,,,,,,,,,,,,,,,,,,,,,,,,,
,,,,,,,,,,,,,,,,,,,,,,,,,,,,,,,,,,,,,,,,,
CA_S63_O1,3,2.54E+00,1.56E+00,2.83E+00,3.23E+00,,,,,,,,,,,,,,,,,,,,,,,,,,,,,,,,,,,,
CA_S63_O1,3,2.55E+00,1.57E+00,2.93E+00,3.33E+00,1.38E+01,,,,,,,,,,,,,,,,,,,,,,,,,,,,,,,,,,,
CA_S63_O1,3,2.56E+00,1.56E+00,3.06E+00,3.43E+00,1.45E+01,,,,,,,,,,,,,,,,,,,,,,,,,,,,,,,,,,,
CA_S63_O1,3,2.57E+00,1.56E+00,3.17E+00,3.54E+00,1.41E+01,,,,,,,,,,,,,,,,,,,,,,,,,,,,,,,,,,,
CA_S63_O1,3,2.58E+00,1.56E+00,3.30E+00,3.65E+00,1.66E+01,,,,,,,,,,,,,,,,,,,,,,,,,,,,,,,,,,,
CA_S63_O1,3,2.59E+00,1.57E+00,3.45E+00,3.79E+00,1.78E+01,,,,,,,,,,,,,,,,,,,,,,,,,,,,,,,,,,,
CA_S63_O1,3,2.59E+00,1.56E+00,3.59E+00,3.92E+00,1.89E+01,,,,,,,,,,,,,,,,,,,,,,,,,,,,,,,,,,,
CA_S63_O1,3,2.60E+00,1.56E+00,3.77E+00,4.08E+00,1.85E+01,,,,,,,,,,,,,,,,,,,,,,,,,,,,,,,,,,,
CA_S63_O1,3,2.61E+00,1.55E+00,3.90E+00,4.20E+00,1.82E+01,,,,,,,,,,,,,,,,,,,,,,,,,,,,,,,,,,,
CA_S63_O1,3,2.62E+00,1.54E+00,4.07E+00,4.35E+00,1.78E+01,,,,,,,,,,,,,,,,,,,,,,,,,,,,,,,,,,,
CA_S63_O1,3,2.63E+00,1.55E+00,4.20E+00,4.47E+00,1.81E+01,,,,,,,,,,,,,,,,,,,,,,,,,,,,,,,,,,,
CA_S63_O1,3,2.64E+00,1.53E+00,4.37E+00,4.63E+00,2.09E+01,,,,,,,,,,,,,,,,,,,,,,,,,,,,,,,,,,,
CA_S63_O1,3,2.64E+00,1.51E+00,4.54E+00,4.79E+00,1.98E+01,,,,,,,,,,,,,,,,,,,,,,,,,,,,,,,,,,,
CA_S63_O1,3,2.65E+00,1.52E+00,4.70E+00,4.94E+00,2.01E+01,,,,,,,,,,,,,,,,,,,,,,,,,,,,,,,,,,,
CA_S63_O1,3,2.66E+00,1.51E+00,4.88E+00,5.11E+00,2.09E+01,,,,,,,,,,,,,,,,,,,,,,,,,,,,,,,,,,,
CA_S63_O1,3,2.67E+00,1.50E+00,5.05E+00,5.27E+00,1.95E+01,,,,,,,,,,,,,,,,,,,,,,,,,,,,,,,,,,,
CA_S63_O1,3,2.68E+00,1.47E+00,5.20E+00,5.41E+00,1.87E+01,,,,,,,,,,,,,,,,,,,,,,,,,,,,,,,,,,,
CA_S63_O1,3,2.69E+00,1.46E+00,5.36E+00,5.55E+00,1.90E+01,,,,,,,,,,,,,,,,,,,,,,,,,,,,,,,,,,,
CA_S63_O1,3,2.69E+00,1.46E+00,5.52E+00,5.71E+00,1.98E+01,,,,,,,,,,,,,,,,,,,,,,,,,,,,,,,,,,,
CA_S63_O1,3,2.70E+00,1.44E+00,5.69E+00,5.87E+00,2.07E+01,,,,,,,,,,,,,,,,,,,,,,,,,,,,,,,,,,,
CA_S63_O1,3,2.71E+00,1.41E+00,5.86E+00,6.03E+00,1.82E+01,,,,,,,,,,,,,,,,,,,,,,,,,,,,,,,,,,,
CA_S63_O1,3,2.72E+00,1.38E+00,5.99E+00,6.14E+00,1.76E+01,,,,,,,,,,,,,,,,,,,,,,,,,,,,,,,,,,,
CA_S63_O1,3,2.73E+00,1.36E+00,6.15E+00,6.30E+00,,,,,,,,,,,,,,,,,,,,,,,,,,,,,,,,,,,,
,,,,,,,,,,,,,,,,,,,,,,,,,,,,,,,,,,,,,,,,,
CA_S64_O1,1,9.43E-01,1.57E+00,1.44E+00,2.13E+00,,,,,,,,,,,,,,,,,,,,,,,,,,,,,,,,,,,,
CA_S64_O1,1,9.51E-01,1.58E+00,1.50E+00,2.18E+00,5.24E+00,,,,,,,,,,,,,,,,,,,,,,,,,,,,,,,,,,,
CA_S64_O1,1,9.59E-01,1.58E+00,1.53E+00,2.20E+00,5.13E+00,,,,,,,,,,,,,,,,,,,,,,,,,,,,,,,,,,,
CA_S64_O1,1,9.68E-01,1.57E+00,1.59E+00,2.24E+00,6.38E+00,,,,,,,,,,,,,,,,,,,,,,,,,,,,,,,,,,,
CA_S64_O1,1,9.76E-01,1.57E+00,1.64E+00,2.26E+00,5.75E+00,,,,,,,,,,,,,,,,,,,,,,,,,,,,,,,,,,,
CA_S64_O1,1,9.84E-01,1.57E+00,1.68E+00,2.30E+00,5.99E+00,,,,,,,,,,,,,,,,,,,,,,,,,,,,,,,,,,,
CA_S64_O1,1,9.93E-01,1.55E+00,1.73E+00,2.33E+00,5.20E+00,,,,,,,,,,,,,,,,,,,,,,,,,,,,,,,,,,,
CA_S64_O1,1,1.00E+00,1.54E+00,1.76E+00,2.34E+00,4.55E+00,,,,,,,,,,,,,,,,,,,,,,,,,,,,,,,,,,,
CA_S64_O1,1,1.01E+00,1.52E+00,1.80E+00,2.36E+00,4.59E+00,,,,,,,,,,,,,,,,,,,,,,,,,,,,,,,,,,,
CA_S64_O1,1,1.02E+00,1.52E+00,1.84E+00,2.38E+00,4.11E+00,,,,,,,,,,,,,,,,,,,,,,,,,,,,,,,,,,,
CA_S64_O1,1,1.03E+00,1.52E+00,1.87E+00,2.41E+00,3.95E+00,,,,,,,,,,,,,,,,,,,,,,,,,,,,,,,,,,,
CA_S64_O1,1,1.03E+00,1.50E+00,1.90E+00,2.43E+00,4.27E+00,,,,,,,,,,,,,,,,,,,,,,,,,,,,,,,,,,,
CA_S64_O1,1,1.04E+00,1.50E+00,1.94E+00,2.45E+00,6.38E+00,,,,,,,,,,,,,,,,,,,,,,,,,,,,,,,,,,,
CA_S64_O1,1,1.05E+00,1.49E+00,2.01E+00,2.50E+00,5.99E+00,,,,,,,,,,,,,,,,,,,,,,,,,,,,,,,,,,,
CA_S64_O1,1,1.06E+00,1.48E+00,2.04E+00,2.52E+00,5.13E+00,,,,,,,,,,,,,,,,,,,,,,,,,,,,,,,,,,,
CA_S64_O1,1,1.07E+00,1.48E+00,2.09E+00,2.57E+00,5.97E+00,,,,,,,,,,,,,,,,,,,,,,,,,,,,,,,,,,,
CA_S64_O1,1,1.08E+00,1.48E+00,2.14E+00,2.60E+00,5.44E+00,,,,,,,,,,,,,,,,,,,,,,,,,,,,,,,,,,,
CA_S64_O1,1,1.08E+00,1.48E+00,2.18E+00,2.64E+00,6.07E+00,,,,,,,,,,,,,,,,,,,,,,,,,,,,,,,,,,,
CA_S64_O1,1,1.09E+00,1.47E+00,2.24E+00,2.68E+00,7.12E+00,,,,,,,,,,,,,,,,,,,,,,,,,,,,,,,,,,,
CA_S64_O1,1,1.10E+00,1.48E+00,2.30E+00,2.74E+00,6.53E+00,,,,,,,,,,,,,,,,,,,,,,,,,,,,,,,,,,,
CA_S64_O1,1,1.11E+00,1.48E+00,2.35E+00,2.78E+00,6.40E+00,,,,,,,,,,,,,,,,,,,,,,,,,,,,,,,,,,,
CA_S64_O1,1,1.12E+00,1.48E+00,2.41E+00,2.83E+00,6.69E+00,,,,,,,,,,,,,,,,,,,,,,,,,,,,,,,,,,,
CA_S64_O1,1,1.13E+00,1.49E+00,2.46E+00,2.88E+00,7.26E+00,,,,,,,,,,,,,,,,,,,,,,,,,,,,,,,,,,,
CA_S64_O1,1,1.13E+00,1.49E+00,2.53E+00,2.94E+00,8.28E+00,,,,,,,,,,,,,,,,,,,,,,,,,,,,,,,,,,,
CA_S64_O1,1,1.14E+00,1.50E+00,2.60E+00,3.00E+00,6.69E+00,,,,,,,,,,,,,,,,,,,,,,,,,,,,,,,,,,,
CA_S64_O1,1,1.15E+00,1.51E+00,2.64E+00,3.04E+00,6.25E+00,,,,,,,,,,,,,,,,,,,,,,,,,,,,,,,,,,,
CA_S64_O1,1,1.16E+00,1.51E+00,2.70E+00,3.10E+00,7.42E+00,,,,,,,,,,,,,,,,,,,,,,,,,,,,,,,,,,,
CA_S64_O1,1,1.17E+00,1.51E+00,2.76E+00,3.15E+00,6.78E+00,,,,,,,,,,,,,,,,,,,,,,,,,,,,,,,,,,,
CA_S64_O1,1,1.18E+00,1.50E+00,2.81E+00,3.19E+00,6.07E+00,,,,,,,,,,,,,,,,,,,,,,,,,,,,,,,,,,,
CA_S64_O1,1,1.18E+00,1.50E+00,2.87E+00,3.23E+00,6.16E+00,,,,,,,,,,,,,,,,,,,,,,,,,,,,,,,,,,,
CA_S64_O1,1,1.19E+00,1.49E+00,2.92E+00,3.28E+00,6.47E+00,,,,,,,,,,,,,,,,,,,,,,,,,,,,,,,,,,,
CA_S64_O1,1,1.20E+00,1.49E+00,2.97E+00,3.32E+00,7.09E+00,,,,,,,,,,,,,,,,,,,,,,,,,,,,,,,,,,,
CA_S64_O1,1,1.21E+00,1.48E+00,3.03E+00,3.38E+00,6.57E+00,,,,,,,,,,,,,,,,,,,,,,,,,,,,,,,,,,,
CA_S64_O1,1,1.22E+00,1.48E+00,3.08E+00,3.42E+00,5.67E+00,,,,,,,,,,,,,,,,,,,,,,,,,,,,,,,,,,,
CA_S64_O1,1,1.23E+00,1.48E+00,3.13E+00,3.46E+00,6.16E+00,,,,,,,,,,,,,,,,,,,,,,,,,,,,,,,,,,,
CA_S64_O1,1,1.23E+00,1.48E+00,3.19E+00,3.51E+00,6.38E+00,,,,,,,,,,,,,,,,,,,,,,,,,,,,,,,,,,,
CA_S64_O1,1,1.24E+00,1.47E+00,3.23E+00,3.55E+00,5.35E+00,,,,,,,,,,,,,,,,,,,,,,,,,,,,,,,,,,,
CA_S64_O1,1,1.25E+00,1.46E+00,3.27E+00,3.59E+00,5.75E+00,,,,,,,,,,,,,,,,,,,,,,,,,,,,,,,,,,,
CA_S64_O1,1,1.26E+00,1.46E+00,3.33E+00,3.64E+00,5.85E+00,,,,,,,,,,,,,,,,,,,,,,,,,,,,,,,,,,,
CA_S64_O1,1,1.27E+00,1.46E+00,3.37E+00,3.67E+00,6.16E+00,,,,,,,,,,,,,,,,,,,,,,,,,,,,,,,,,,,
CA_S64_O1,1,1.28E+00,1.45E+00,3.43E+00,3.73E+00,6.16E+00,,,,,,,,,,,,,,,,,,,,,,,,,,,,,,,,,,,
CA_S64_O1,1,1.28E+00,1.45E+00,3.47E+00,3.76E+00,5.55E+00,,,,,,,,,,,,,,,,,,,,,,,,,,,,,,,,,,,
CA_S64_O1,1,1.29E+00,1.45E+00,3.52E+00,3.81E+00,6.16E+00,,,,,,,,,,,,,,,,,,,,,,,,,,,,,,,,,,,
CA_S64_O1,1,1.30E+00,1.45E+00,3.58E+00,3.86E+00,6.16E+00,,,,,,,,,,,,,,,,,,,,,,,,,,,,,,,,,,,
CA_S64_O1,1,1.31E+00,1.44E+00,3.63E+00,3.90E+00,5.37E+00,,,,,,,,,,,,,,,,,,,,,,,,,,,,,,,,,,,
CA_S64_O1,1,1.32E+00,1.45E+00,3.67E+00,3.94E+00,4.11E+00,,,,,,,,,,,,,,,,,,,,,,,,,,,,,,,,,,,
CA_S64_O1,1,1.33E+00,1.44E+00,3.70E+00,3.97E+00,5.67E+00,,,,,,,,,,,,,,,,,,,,,,,,,,,,,,,,,,,
CA_S64_O1,1,1.33E+00,1.44E+00,3.76E+00,4.02E+00,5.55E+00,,,,,,,,,,,,,,,,,,,,,,,,,,,,,,,,,,,
CA_S64_O1,1,1.34E+00,1.43E+00,3.79E+00,4.05E+00,4.83E+00,,,,,,,,,,,,,,,,,,,,,,,,,,,,,,,,,,,
CA_S64_O1,1,1.35E+00,1.43E+00,3.84E+00,4.10E+00,6.69E+00,,,,,,,,,,,,,,,,,,,,,,,,,,,,,,,,,,,
CA_S64_O1,1,1.36E+00,1.42E+00,3.90E+00,4.15E+00,6.25E+00,,,,,,,,,,,,,,,,,,,,,,,,,,,,,,,,,,,
CA_S64_O1,1,1.37E+00,1.41E+00,3.94E+00,4.18E+00,5.92E+00,,,,,,,,,,,,,,,,,,,,,,,,,,,,,,,,,,,
CA_S64_O1,1,1.38E+00,1.40E+00,4.00E+00,4.23E+00,6.69E+00,,,,,,,,,,,,,,,,,,,,,,,,,,,,,,,,,,,
CA_S64_O1,1,1.38E+00,1.39E+00,4.05E+00,4.28E+00,5.67E+00,,,,,,,,,,,,,,,,,,,,,,,,,,,,,,,,,,,
CA_S64_O1,1,1.39E+00,1.38E+00,4.09E+00,4.32E+00,4.65E+00,,,,,,,,,,,,,,,,,,,,,,,,,,,,,,,,,,,
CA_S64_O1,1,1.40E+00,1.38E+00,4.13E+00,4.35E+00,5.44E+00,,,,,,,,,,,,,,,,,,,,,,,,,,,,,,,,,,,
CA_S64_O1,1,1.41E+00,1.37E+00,4.18E+00,4.40E+00,6.16E+00,,,,,,,,,,,,,,,,,,,,,,,,,,,,,,,,,,,
CA_S64_O1,1,1.42E+00,1.37E+00,4.23E+00,4.45E+00,5.67E+00,,,,,,,,,,,,,,,,,,,,,,,,,,,,,,,,,,,
CA_S64_O1,1,1.43E+00,1.36E+00,4.27E+00,4.48E+00,5.29E+00,,,,,,,,,,,,,,,,,,,,,,,,,,,,,,,,,,,
CA_S64_O1,1,1.43E+00,1.35E+00,4.32E+00,4.52E+00,5.85E+00,,,,,,,,,,,,,,,,,,,,,,,,,,,,,,,,,,,
CA_S64_O1,1,1.44E+00,1.35E+00,4.37E+00,4.58E+00,5.55E+00,,,,,,,,,,,,,,,,,,,,,,,,,,,,,,,,,,,
CA_S64_O1,1,1.45E+00,1.35E+00,4.41E+00,4.61E+00,4.73E+00,,,,,,,,,,,,,,,,,,,,,,,,,,,,,,,,,,,
CA_S64_O1,1,1.46E+00,1.35E+00,4.45E+00,4.65E+00,6.78E+00,,,,,,,,,,,,,,,,,,,,,,,,,,,,,,,,,,,
CA_S64_O1,1,1.47E+00,1.34E+00,4.52E+00,4.72E+00,,,,,,,,,,,,,,,,,,,,,,,,,,,,,,,,,,,,
,,,,,,,,,,,,,,,,,,,,,,,,,,,,,,,,,,,,,,,,,
CA_S64_O1,2,3.24E+00,1.18E+00,1.31E+00,1.76E+00,,,,,,,,,,,,,,,,,,,,,,,,,,,,,,,,,,,,
CA_S64_O1,2,3.25E+00,1.18E+00,1.38E+00,1.81E+00,8.32E+00,,,,,,,,,,,,,,,,,,,,,,,,,,,,,,,,,,,
CA_S64_O1,2,3.26E+00,1.17E+00,1.45E+00,1.87E+00,8.83E+00,,,,,,,,,,,,,,,,,,,,,,,,,,,,,,,,,,,
CA_S64_O1,2,3.27E+00,1.16E+00,1.52E+00,1.92E+00,8.43E+00,,,,,,,,,,,,,,,,,,,,,,,,,,,,,,,,,,,
CA_S64_O1,2,3.28E+00,1.16E+00,1.59E+00,1.97E+00,8.83E+00,,,,,,,,,,,,,,,,,,,,,,,,,,,,,,,,,,,
CA_S64_O1,2,3.29E+00,1.15E+00,1.67E+00,2.03E+00,8.93E+00,,,,,,,,,,,,,,,,,,,,,,,,,,,,,,,,,,,
CA_S64_O1,2,3.29E+00,1.15E+00,1.74E+00,2.09E+00,8.32E+00,,,,,,,,,,,,,,,,,,,,,,,,,,,,,,,,,,,
CA_S64_O1,2,3.30E+00,1.14E+00,1.81E+00,2.14E+00,8.52E+00,,,,,,,,,,,,,,,,,,,,,,,,,,,,,,,,,,,
CA_S64_O1,2,3.31E+00,1.14E+00,1.88E+00,2.20E+00,8.43E+00,,,,,,,,,,,,,,,,,,,,,,,,,,,,,,,,,,,
CA_S64_O1,2,3.32E+00,1.13E+00,1.95E+00,2.25E+00,8.22E+00,,,,,,,,,,,,,,,,,,,,,,,,,,,,,,,,,,,
CA_S64_O1,2,3.33E+00,1.11E+00,2.02E+00,2.30E+00,8.54E+00,,,,,,,,,,,,,,,,,,,,,,,,,,,,,,,,,,,
CA_S64_O1,2,3.34E+00,1.10E+00,2.09E+00,2.36E+00,9.55E+00,,,,,,,,,,,,,,,,,,,,,,,,,,,,,,,,,,,
CA_S64_O1,2,3.35E+00,1.07E+00,2.17E+00,2.42E+00,9.50E+00,,,,,,,,,,,,,,,,,,,,,,,,,,,,,,,,,,,
CA_S64_O1,2,3.35E+00,1.06E+00,2.24E+00,2.48E+00,8.60E+00,,,,,,,,,,,,,,,,,,,,,,,,,,,,,,,,,,,
CA_S64_O1,2,3.36E+00,1.04E+00,2.31E+00,2.54E+00,8.66E+00,,,,,,,,,,,,,,,,,,,,,,,,,,,,,,,,,,,
CA_S64_O1,2,3.37E+00,1.03E+00,2.38E+00,2.60E+00,8.74E+00,,,,,,,,,,,,,,,,,,,,,,,,,,,,,,,,,,,
CA_S64_O1,2,3.38E+00,1.03E+00,2.46E+00,2.66E+00,9.37E+00,,,,,,,,,,,,,,,,,,,,,,,,,,,,,,,,,,,
CA_S64_O1,2,3.39E+00,1.01E+00,2.54E+00,2.73E+00,8.74E+00,,,,,,,,,,,,,,,,,,,,,,,,,,,,,,,,,,,
CA_S64_O1,2,3.40E+00,1.01E+00,2.60E+00,2.79E+00,8.43E+00,,,,,,,,,,,,,,,,,,,,,,,,,,,,,,,,,,,
CA_S64_O1,2,3.40E+00,9.94E-01,2.68E+00,2.86E+00,7.72E+00,,,,,,,,,,,,,,,,,,,,,,,,,,,,,,,,,,,
CA_S64_O1,2,3.41E+00,9.91E-01,2.73E+00,2.90E+00,7.64E+00,,,,,,,,,,,,,,,,,,,,,,,,,,,,,,,,,,,
CA_S64_O1,2,3.42E+00,9.72E-01,2.80E+00,2.97E+00,8.22E+00,,,,,,,,,,,,,,,,,,,,,,,,,,,,,,,,,,,
CA_S64_O1,2,3.43E+00,9.59E-01,2.86E+00,3.02E+00,7.32E+00,,,,,,,,,,,,,,,,,,,,,,,,,,,,,,,,,,,
CA_S64_O1,2,3.44E+00,9.52E-01,2.92E+00,3.07E+00,8.28E+00,,,,,,,,,,,,,,,,,,,,,,,,,,,,,,,,,,,
CA_S64_O1,2,3.45E+00,9.33E-01,3.00E+00,3.14E+00,8.35E+00,,,,,,,,,,,,,,,,,,,,,,,,,,,,,,,,,,,
CA_S64_O1,2,3.45E+00,9.31E-01,3.06E+00,3.20E+00,6.57E+00,,,,,,,,,,,,,,,,,,,,,,,,,,,,,,,,,,,
CA_S64_O1,2,3.46E+00,9.29E-01,3.11E+00,3.24E+00,7.60E+00,,,,,,,,,,,,,,,,,,,,,,,,,,,,,,,,,,,
CA_S64_O1,2,3.47E+00,9.26E-01,3.19E+00,3.32E+00,8.63E+00,,,,,,,,,,,,,,,,,,,,,,,,,,,,,,,,,,,
CA_S64_O1,2,3.48E+00,9.23E-01,3.25E+00,3.38E+00,8.21E+00,,,,,,,,,,,,,,,,,,,,,,,,,,,,,,,,,,,
CA_S64_O1,2,3.49E+00,9.17E-01,3.32E+00,3.45E+00,7.91E+00,,,,,,,,,,,,,,,,,,,,,,,,,,,,,,,,,,,
CA_S64_O1,2,3.50E+00,9.16E-01,3.38E+00,3.50E+00,6.62E+00,,,,,,,,,,,,,,,,,,,,,,,,,,,,,,,,,,,
CA_S64_O1,2,3.50E+00,8.96E-01,3.43E+00,3.55E+00,7.53E+00,,,,,,,,,,,,,,,,,,,,,,,,,,,,,,,,,,,
CA_S64_O1,2,3.51E+00,8.84E-01,3.50E+00,3.61E+00,8.03E+00,,,,,,,,,,,,,,,,,,,,,,,,,,,,,,,,,,,
CA_S64_O1,2,3.52E+00,8.76E-01,3.57E+00,3.67E+00,7.72E+00,,,,,,,,,,,,,,,,,,,,,,,,,,,,,,,,,,,
CA_S64_O1,2,3.53E+00,8.67E-01,3.63E+00,3.73E+00,7.64E+00,,,,,,,,,,,,,,,,,,,,,,,,,,,,,,,,,,,
CA_S64_O1,2,3.54E+00,8.54E-01,3.69E+00,3.79E+00,6.62E+00,,,,,,,,,,,,,,,,,,,,,,,,,,,,,,,,,,,
CA_S64_O1,2,3.55E+00,8.46E-01,3.74E+00,3.83E+00,6.38E+00,,,,,,,,,,,,,,,,,,,,,,,,,,,,,,,,,,,
CA_S64_O1,2,3.55E+00,8.40E-01,3.80E+00,3.89E+00,6.69E+00,,,,,,,,,,,,,,,,,,,,,,,,,,,,,,,,,,,
CA_S64_O1,2,3.56E+00,8.30E-01,3.85E+00,3.94E+00,8.03E+00,,,,,,,,,,,,,,,,,,,,,,,,,,,,,,,,,,,
CA_S64_O1,2,3.57E+00,8.21E-01,3.93E+00,4.01E+00,8.43E+00,,,,,,,,,,,,,,,,,,,,,,,,,,,,,,,,,,,
CA_S64_O1,2,3.58E+00,8.14E-01,3.99E+00,4.07E+00,6.69E+00,,,,,,,,,,,,,,,,,,,,,,,,,,,,,,,,,,,
CA_S64_O1,2,3.59E+00,8.05E-01,4.04E+00,4.12E+00,5.99E+00,,,,,,,,,,,,,,,,,,,,,,,,,,,,,,,,,,,
CA_S64_O1,2,3.60E+00,7.97E-01,4.09E+00,4.17E+00,7.01E+00,,,,,,,,,,,,,,,,,,,,,,,,,,,,,,,,,,,
CA_S64_O1,2,3.60E+00,7.87E-01,4.16E+00,4.23E+00,8.35E+00,,,,,,,,,,,,,,,,,,,,,,,,,,,,,,,,,,,
CA_S64_O1,2,3.61E+00,7.76E-01,4.23E+00,4.30E+00,7.01E+00,,,,,,,,,,,,,,,,,,,,,,,,,,,,,,,,,,,
CA_S64_O1,2,3.62E+00,7.69E-01,4.27E+00,4.34E+00,5.92E+00,,,,,,,,,,,,,,,,,,,,,,,,,,,,,,,,,,,
CA_S64_O1,2,3.63E+00,7.54E-01,4.32E+00,4.39E+00,5.92E+00,,,,,,,,,,,,,,,,,,,,,,,,,,,,,,,,,,,
CA_S64_O1,2,3.64E+00,7.47E-01,4.37E+00,4.43E+00,,,,,,,,,,,,,,,,,,,,,,,,,,,,,,,,,,,,
,,,,,,,,,,,,,,,,,,,,,,,,,,,,,,,,,,,,,,,,,
CA_S64_O1,3,3.75E+00,9.72E-01,1.33E+00,1.65E+00,,,,,,,,,,,,,,,,,,,,,,,,,,,,,,,,,,,,
CA_S64_O1,3,3.75E+00,9.81E-01,1.41E+00,1.72E+00,8.28E+00,,,,,,,,,,,,,,,,,,,,,,,,,,,,,,,,,,,
CA_S64_O1,3,3.76E+00,9.80E-01,1.47E+00,1.76E+00,7.41E+00,,,,,,,,,,,,,,,,,,,,,,,,,,,,,,,,,,,
CA_S64_O1,3,3.77E+00,9.95E-01,1.53E+00,1.83E+00,8.57E+00,,,,,,,,,,,,,,,,,,,,,,,,,,,,,,,,,,,
CA_S64_O1,3,3.78E+00,9.86E-01,1.61E+00,1.89E+00,9.45E+00,,,,,,,,,,,,,,,,,,,,,,,,,,,,,,,,,,,
CA_S64_O1,3,3.79E+00,9.78E-01,1.69E+00,1.95E+00,1.04E+01,,,,,,,,,,,,,,,,,,,,,,,,,,,,,,,,,,,
CA_S64_O1,3,3.80E+00,9.80E-01,1.78E+00,2.03E+00,9.96E+00,,,,,,,,,,,,,,,,,,,,,,,,,,,,,,,,,,,
CA_S64_O1,3,3.80E+00,9.68E-01,1.85E+00,2.09E+00,9.45E+00,,,,,,,,,,,,,,,,,,,,,,,,,,,,,,,,,,,
CA_S64_O1,3,3.81E+00,9.63E-01,1.94E+00,2.16E+00,9.65E+00,,,,,,,,,,,,,,,,,,,,,,,,,,,,,,,,,,,
CA_S64_O1,3,3.82E+00,9.61E-01,2.01E+00,2.23E+00,9.24E+00,,,,,,,,,,,,,,,,,,,,,,,,,,,,,,,,,,,
CA_S64_O1,3,3.83E+00,9.52E-01,2.09E+00,2.30E+00,1.06E+01,,,,,,,,,,,,,,,,,,,,,,,,,,,,,,,,,,,
CA_S64_O1,3,3.84E+00,9.30E-01,2.19E+00,2.38E+00,1.10E+01,,,,,,,,,,,,,,,,,,,,,,,,,,,,,,,,,,,
CA_S64_O1,3,3.85E+00,9.20E-01,2.27E+00,2.45E+00,9.61E+00,,,,,,,,,,,,,,,,,,,,,,,,,,,,,,,,,,,
CA_S64_O1,3,3.85E+00,9.01E-01,2.35E+00,2.51E+00,8.92E+00,,,,,,,,,,,,,,,,,,,,,,,,,,,,,,,,,,,
CA_S64_O1,3,3.86E+00,8.89E-01,2.42E+00,2.58E+00,8.98E+00,,,,,,,,,,,,,,,,,,,,,,,,,,,,,,,,,,,
CA_S64_O1,3,3.87E+00,8.76E-01,2.49E+00,2.64E+00,9.69E+00,,,,,,,,,,,,,,,,,,,,,,,,,,,,,,,,,,,
CA_S64_O1,3,3.88E+00,8.65E-01,2.58E+00,2.72E+00,1.02E+01,,,,,,,,,,,,,,,,,,,,,,,,,,,,,,,,,,,
CA_S64_O1,3,3.89E+00,8.59E-01,2.66E+00,2.80E+00,1.07E+01,,,,,,,,,,,,,,,,,,,,,,,,,,,,,,,,,,,
CA_S64_O1,3,3.90E+00,8.57E-01,2.76E+00,2.89E+00,1.30E+01,,,,,,,,,,,,,,,,,,,,,,,,,,,,,,,,,,,
CA_S64_O1,3,3.90E+00,8.24E-01,2.88E+00,2.99E+00,1.36E+01,,,,,,,,,,,,,,,,,,,,,,,,,,,,,,,,,,,
CA_S64_O1,3,3.91E+00,8.13E-01,2.98E+00,3.09E+00,1.21E+01,,,,,,,,,,,,,,,,,,,,,,,,,,,,,,,,,,,
CA_S64_O1,3,3.92E+00,8.01E-01,3.08E+00,3.18E+00,1.20E+01,,,,,,,,,,,,,,,,,,,,,,,,,,,,,,,,,,,
CA_S64_O1,3,3.93E+00,7.79E-01,3.17E+00,3.27E+00,1.28E+01,,,,,,,,,,,,,,,,,,,,,,,,,,,,,,,,,,,
CA_S64_O1,3,3.94E+00,7.73E-01,3.29E+00,3.38E+00,1.25E+01,,,,,,,,,,,,,,,,,,,,,,,,,,,,,,,,,,,
CA_S64_O1,3,3.95E+00,7.75E-01,3.38E+00,3.47E+00,1.13E+01,,,,,,,,,,,,,,,,,,,,,,,,,,,,,,,,,,,
CA_S64_O1,3,3.95E+00,7.78E-01,3.48E+00,3.56E+00,9.77E+00,,,,,,,,,,,,,,,,,,,,,,,,,,,,,,,,,,,
CA_S64_O1,3,3.96E+00,7.73E-01,3.55E+00,3.63E+00,9.47E+00,,,,,,,,,,,,,,,,,,,,,,,,,,,,,,,,,,,
CA_S64_O1,3,3.97E+00,7.77E-01,3.64E+00,3.72E+00,1.13E+01,,,,,,,,,,,,,,,,,,,,,,,,,,,,,,,,,,,
CA_S64_O1,3,3.98E+00,7.60E-01,3.73E+00,3.81E+00,1.23E+01,,,,,,,,,,,,,,,,,,,,,,,,,,,,,,,,,,,
CA_S64_O1,3,3.99E+00,7.64E-01,3.84E+00,3.92E+00,1.37E+01,,,,,,,,,,,,,,,,,,,,,,,,,,,,,,,,,,,
CA_S64_O1,3,4.00E+00,7.85E-01,3.96E+00,4.04E+00,9.36E+00,,,,,,,,,,,,,,,,,,,,,,,,,,,,,,,,,,,
CA_S64_O1,3,4.00E+00,7.95E-01,3.99E+00,4.07E+00,8.14E+00,,,,,,,,,,,,,,,,,,,,,,,,,,,,,,,,,,,
CA_S64_O1,3,4.01E+00,7.88E-01,4.10E+00,4.17E+00,1.10E+01,,,,,,,,,,,,,,,,,,,,,,,,,,,,,,,,,,,
CA_S64_O1,3,4.02E+00,7.84E-01,4.18E+00,4.25E+00,1.14E+01,,,,,,,,,,,,,,,,,,,,,,,,,,,,,,,,,,,
CA_S64_O1,3,4.03E+00,7.80E-01,4.29E+00,4.36E+00,1.16E+01,,,,,,,,,,,,,,,,,,,,,,,,,,,,,,,,,,,
CA_S64_O1,3,4.04E+00,7.99E-01,4.37E+00,4.44E+00,1.02E+01,,,,,,,,,,,,,,,,,,,,,,,,,,,,,,,,,,,
CA_S64_O1,3,4.05E+00,7.93E-01,4.46E+00,4.53E+00,,,,,,,,,,,,,,,,,,,,,,,,,,,,,,,,,,,,
,,,,,,,,,,,,,,,,,,,,,,,,,,,,,,,,,,,,,,,,,
CA_S64_O1,4,4.40E+00,9.86E-01,1.28E+00,1.62E+00,,,,,,,,,,,,,,,,,,,,,,,,,,,,,,,,,,,,
CA_S64_O1,4,4.40E+00,1.00E+00,1.35E+00,1.68E+00,8.57E+00,,,,,,,,,,,,,,,,,,,,,,,,,,,,,,,,,,,
CA_S64_O1,4,4.41E+00,1.02E+00,1.42E+00,1.75E+00,6.30E+00,,,,,,,,,,,,,,,,,,,,,,,,,,,,,,,,,,,
CA_S64_O1,4,4.42E+00,1.02E+00,1.45E+00,1.77E+00,5.97E+00,,,,,,,,,,,,,,,,,,,,,,,,,,,,,,,,,,,
CA_S64_O1,4,4.43E+00,1.02E+00,1.52E+00,1.83E+00,7.55E+00,,,,,,,,,,,,,,,,,,,,,,,,,,,,,,,,,,,
CA_S64_O1,4,4.44E+00,1.03E+00,1.57E+00,1.88E+00,6.85E+00,,,,,,,,,,,,,,,,,,,,,,,,,,,,,,,,,,,
CA_S64_O1,4,4.45E+00,1.04E+00,1.63E+00,1.94E+00,5.52E+00,,,,,,,,,,,,,,,,,,,,,,,,,,,,,,,,,,,
CA_S64_O1,4,4.45E+00,1.04E+00,1.67E+00,1.96E+00,4.96E+00,,,,,,,,,,,,,,,,,,,,,,,,,,,,,,,,,,,
CA_S64_O1,4,4.46E+00,1.05E+00,1.71E+00,2.01E+00,5.67E+00,,,,,,,,,,,,,,,,,,,,,,,,,,,,,,,,,,,
CA_S64_O1,4,4.47E+00,1.04E+00,1.76E+00,2.05E+00,5.99E+00,,,,,,,,,,,,,,,,,,,,,,,,,,,,,,,,,,,
CA_S64_O1,4,4.48E+00,1.04E+00,1.81E+00,2.09E+00,4.73E+00,,,,,,,,,,,,,,,,,,,,,,,,,,,,,,,,,,,
CA_S64_O1,4,4.49E+00,1.03E+00,1.84E+00,2.11E+00,4.73E+00,,,,,,,,,,,,,,,,,,,,,,,,,,,,,,,,,,,
CA_S64_O1,4,4.50E+00,1.03E+00,1.89E+00,2.15E+00,6.69E+00,,,,,,,,,,,,,,,,,,,,,,,,,,,,,,,,,,,
CA_S64_O1,4,4.50E+00,1.03E+00,1.95E+00,2.21E+00,7.26E+00,,,,,,,,,,,,,,,,,,,,,,,,,,,,,,,,,,,
CA_S64_O1,4,4.51E+00,1.04E+00,2.01E+00,2.26E+00,6.53E+00,,,,,,,,,,,,,,,,,,,,,,,,,,,,,,,,,,,
CA_S64_O1,4,4.52E+00,1.04E+00,2.06E+00,2.31E+00,6.78E+00,,,,,,,,,,,,,,,,,,,,,,,,,,,,,,,,,,,
CA_S64_O1,4,4.53E+00,1.03E+00,2.12E+00,2.36E+00,8.60E+00,,,,,,,,,,,,,,,,,,,,,,,,,,,,,,,,,,,
CA_S64_O1,4,4.54E+00,1.01E+00,2.20E+00,2.42E+00,6.94E+00,,,,,,,,,,,,,,,,,,,,,,,,,,,,,,,,,,,
CA_S64_O1,4,4.55E+00,1.00E+00,2.24E+00,2.45E+00,8.28E+00,,,,,,,,,,,,,,,,,,,,,,,,,,,,,,,,,,,
CA_S64_O1,4,4.55E+00,9.88E-01,2.34E+00,2.54E+00,1.02E+01,,,,,,,,,,,,,,,,,,,,,,,,,,,,,,,,,,,
CA_S64_O1,4,4.56E+00,9.66E-01,2.40E+00,2.59E+00,8.17E+00,,,,,,,,,,,,,,,,,,,,,,,,,,,,,,,,,,,
CA_S64_O1,4,4.57E+00,9.51E-01,2.47E+00,2.64E+00,8.17E+00,,,,,,,,,,,,,,,,,,,,,,,,,,,,,,,,,,,
CA_S64_O1,4,4.58E+00,9.30E-01,2.53E+00,2.70E+00,8.79E+00,,,,,,,,,,,,,,,,,,,,,,,,,,,,,,,,,,,
CA_S64_O1,4,4.59E+00,9.06E-01,2.61E+00,2.76E+00,9.23E+00,,,,,,,,,,,,,,,,,,,,,,,,,,,,,,,,,,,
CA_S64_O1,4,4.60E+00,8.97E-01,2.68E+00,2.83E+00,7.85E+00,,,,,,,,,,,,,,,,,,,,,,,,,,,,,,,,,,,
CA_S64_O1,4,4.60E+00,8.72E-01,2.73E+00,2.87E+00,7.85E+00,,,,,,,,,,,,,,,,,,,,,,,,,,,,,,,,,,,
CA_S64_O1,4,4.61E+00,8.63E-01,2.81E+00,2.94E+00,8.52E+00,,,,,,,,,,,,,,,,,,,,,,,,,,,,,,,,,,,
CA_S64_O1,4,4.62E+00,8.61E-01,2.87E+00,3.00E+00,7.50E+00,,,,,,,,,,,,,,,,,,,,,,,,,,,,,,,,,,,
CA_S64_O1,4,4.63E+00,8.53E-01,2.94E+00,3.06E+00,8.21E+00,,,,,,,,,,,,,,,,,,,,,,,,,,,,,,,,,,,
CA_S64_O1,4,4.64E+00,8.52E-01,3.01E+00,3.13E+00,9.30E+00,,,,,,,,,,,,,,,,,,,,,,,,,,,,,,,,,,,
CA_S64_O1,4,4.65E+00,8.26E-01,3.09E+00,3.20E+00,9.47E+00,,,,,,,,,,,,,,,,,,,,,,,,,,,,,,,,,,,
CA_S64_O1,4,4.65E+00,8.07E-01,3.16E+00,3.26E+00,7.47E+00,,,,,,,,,,,,,,,,,,,,,,,,,,,,,,,,,,,
CA_S64_O1,4,4.66E+00,7.84E-01,3.21E+00,3.30E+00,6.85E+00,,,,,,,,,,,,,,,,,,,,,,,,,,,,,,,,,,,
CA_S64_O1,4,4.67E+00,7.74E-01,3.27E+00,3.36E+00,9.14E+00,,,,,,,,,,,,,,,,,,,,,,,,,,,,,,,,,,,
CA_S64_O1,4,4.68E+00,7.41E-01,3.35E+00,3.43E+00,8.44E+00,,,,,,,,,,,,,,,,,,,,,,,,,,,,,,,,,,,
CA_S64_O1,4,4.69E+00,7.21E-01,3.40E+00,3.48E+00,7.14E+00,,,,,,,,,,,,,,,,,,,,,,,,,,,,,,,,,,,
CA_S64_O1,4,4.70E+00,6.96E-01,3.46E+00,3.53E+00,,,,,,,,,,,,,,,,,,,,,,,,,,,,,,,,,,,,
,,,,,,,,,,,,,,,,,,,,,,,,,,,,,,,,,,,,,,,,,
CA_S64_O1,5,6.27E+00,5.85E-01,1.54E+00,1.65E+00,,,,,,,,,,,,,,,,,,,,,,,,,,,,,,,,,,,,
CA_S64_O1,5,6.28E+00,5.89E-01,1.62E+00,1.73E+00,9.30E+00,,,,,,,,,,,,,,,,,,,,,,,,,,,,,,,,,,,
CA_S64_O1,5,6.29E+00,5.92E-01,1.70E+00,1.80E+00,9.47E+00,,,,,,,,,,,,,,,,,,,,,,,,,,,,,,,,,,,
CA_S64_O1,5,6.30E+00,5.89E-01,1.78E+00,1.87E+00,8.74E+00,,,,,,,,,,,,,,,,,,,,,,,,,,,,,,,,,,,
CA_S64_O1,5,6.31E+00,5.91E-01,1.85E+00,1.94E+00,7.42E+00,,,,,,,,,,,,,,,,,,,,,,,,,,,,,,,,,,,
CA_S64_O1,5,6.31E+00,5.91E-01,1.90E+00,1.99E+00,7.99E+00,,,,,,,,,,,,,,,,,,,,,,,,,,,,,,,,,,,
CA_S64_O1,5,6.32E+00,6.01E-01,1.98E+00,2.07E+00,8.71E+00,,,,,,,,,,,,,,,,,,,,,,,,,,,,,,,,,,,
CA_S64_O1,5,6.33E+00,6.02E-01,2.05E+00,2.14E+00,7.72E+00,,,,,,,,,,,,,,,,,,,,,,,,,,,,,,,,,,,
CA_S64_O1,5,6.34E+00,6.01E-01,2.11E+00,2.19E+00,8.74E+00,,,,,,,,,,,,,,,,,,,,,,,,,,,,,,,,,,,
CA_S64_O1,5,6.35E+00,6.00E-01,2.19E+00,2.28E+00,9.04E+00,,,,,,,,,,,,,,,,,,,,,,,,,,,,,,,,,,,
CA_S64_O1,5,6.36E+00,5.98E-01,2.26E+00,2.34E+00,7.50E+00,,,,,,,,,,,,,,,,,,,,,,,,,,,,,,,,,,,
CA_S64_O1,5,6.36E+00,5.90E-01,2.32E+00,2.39E+00,7.60E+00,,,,,,,,,,,,,,,,,,,,,,,,,,,,,,,,,,,
CA_S64_O1,5,6.37E+00,5.93E-01,2.38E+00,2.46E+00,9.24E+00,,,,,,,,,,,,,,,,,,,,,,,,,,,,,,,,,,,
CA_S64_O1,5,6.38E+00,5.80E-01,2.47E+00,2.54E+00,9.86E+00,,,,,,,,,,,,,,,,,,,,,,,,,,,,,,,,,,,
CA_S64_O1,5,6.39E+00,5.79E-01,2.55E+00,2.61E+00,8.32E+00,,,,,,,,,,,,,,,,,,,,,,,,,,,,,,,,,,,
CA_S64_O1,5,6.40E+00,5.76E-01,2.61E+00,2.67E+00,7.30E+00,,,,,,,,,,,,,,,,,,,,,,,,,,,,,,,,,,,
CA_S64_O1,5,6.41E+00,5.76E-01,2.67E+00,2.73E+00,8.21E+00,,,,,,,,,,,,,,,,,,,,,,,,,,,,,,,,,,,
CA_S64_O1,5,6.41E+00,5.67E-01,2.75E+00,2.81E+00,8.12E+00,,,,,,,,,,,,,,,,,,,,,,,,,,,,,,,,,,,
CA_S64_O1,5,6.42E+00,5.61E-01,2.80E+00,2.86E+00,8.02E+00,,,,,,,,,,,,,,,,,,,,,,,,,,,,,,,,,,,
CA_S64_O1,5,6.43E+00,5.65E-01,2.88E+00,2.94E+00,7.42E+00,,,,,,,,,,,,,,,,,,,,,,,,,,,,,,,,,,,
CA_S64_O1,5,6.44E+00,5.64E-01,2.93E+00,2.98E+00,7.60E+00,,,,,,,,,,,,,,,,,,,,,,,,,,,,,,,,,,,
CA_S64_O1,5,6.45E+00,5.60E-01,3.01E+00,3.06E+00,9.14E+00,,,,,,,,,,,,,,,,,,,,,,,,,,,,,,,,,,,
CA_S64_O1,5,6.46E+00,5.48E-01,3.08E+00,3.13E+00,8.74E+00,,,,,,,,,,,,,,,,,,,,,,,,,,,,,,,,,,,
CA_S64_O1,5,6.46E+00,5.42E-01,3.15E+00,3.20E+00,9.77E+00,,,,,,,,,,,,,,,,,,,,,,,,,,,,,,,,,,,
CA_S64_O1,5,6.47E+00,5.29E-01,3.24E+00,3.28E+00,8.66E+00,,,,,,,,,,,,,,,,,,,,,,,,,,,,,,,,,,,
CA_S64_O1,5,6.48E+00,5.18E-01,3.30E+00,3.34E+00,5.67E+00,,,,,,,,,,,,,,,,,,,,,,,,,,,,,,,,,,,
CA_S64_O1,5,6.49E+00,5.14E-01,3.34E+00,3.37E+00,6.16E+00,,,,,,,,,,,,,,,,,,,,,,,,,,,,,,,,,,,
CA_S64_O1,5,6.50E+00,5.12E-01,3.40E+00,3.44E+00,7.72E+00,,,,,,,,,,,,,,,,,,,,,,,,,,,,,,,,,,,
CA_S64_O1,5,6.51E+00,5.14E-01,3.46E+00,3.50E+00,7.42E+00,,,,,,,,,,,,,,,,,,,,,,,,,,,,,,,,,,,
CA_S64_O1,5,6.51E+00,5.14E-01,3.52E+00,3.56E+00,6.57E+00,,,,,,,,,,,,,,,,,,,,,,,,,,,,,,,,,,,
CA_S64_O1,5,6.52E+00,5.10E-01,3.57E+00,3.61E+00,7.30E+00,,,,,,,,,,,,,,,,,,,,,,,,,,,,,,,,,,,
CA_S64_O1,5,6.53E+00,5.11E-01,3.64E+00,3.68E+00,7.30E+00,,,,,,,,,,,,,,,,,,,,,,,,,,,,,,,,,,,
CA_S64_O1,5,6.54E+00,5.07E-01,3.70E+00,3.73E+00,7.42E+00,,,,,,,,,,,,,,,,,,,,,,,,,,,,,,,,,,,
CA_S64_O1,5,6.55E+00,5.13E-01,3.77E+00,3.80E+00,4.36E+00,,,,,,,,,,,,,,,,,,,,,,,,,,,,,,,,,,,
CA_S64_O1,5,6.56E+00,5.13E-01,3.77E+00,3.80E+00,,,,,,,,,,,,,,,,,,,,,,,,,,,,,,,,,,,,
,,,,,,,,,,,,,,,,,,,,,,,,,,,,,,,,,,,,,,,,,
CA_S65_O1,1,1.93E+00,3.77E+00,2.70E+00,4.64E+00,,,,,,,,,,,,,,,,,,,,,,,,,,,,,,,,,,,,
CA_S65_O1,1,1.94E+00,3.77E+00,2.75E+00,4.67E+00,7.31E+00,,,,,,,,,,,,,,,,,,,,,,,,,,,,,,,,,,,
CA_S65_O1,1,1.94E+00,3.80E+00,2.82E+00,4.73E+00,7.31E+00,,,,,,,,,,,,,,,,,,,,,,,,,,,,,,,,,,,
CA_S65_O1,1,1.95E+00,3.80E+00,2.87E+00,4.76E+00,5.68E+00,,,,,,,,,,,,,,,,,,,,,,,,,,,,,,,,,,,
CA_S65_O1,1,1.96E+00,3.82E+00,2.91E+00,4.80E+00,6.00E+00,,,,,,,,,,,,,,,,,,,,,,,,,,,,,,,,,,,
CA_S65_O1,1,1.97E+00,3.81E+00,2.97E+00,4.83E+00,7.94E+00,,,,,,,,,,,,,,,,,,,,,,,,,,,,,,,,,,,
CA_S65_O1,1,1.98E+00,3.81E+00,3.04E+00,4.88E+00,9.13E+00,,,,,,,,,,,,,,,,,,,,,,,,,,,,,,,,,,,
CA_S65_O1,1,1.99E+00,3.82E+00,3.12E+00,4.93E+00,9.15E+00,,,,,,,,,,,,,,,,,,,,,,,,,,,,,,,,,,,
CA_S65_O1,1,1.99E+00,3.82E+00,3.20E+00,4.98E+00,9.15E+00,,,,,,,,,,,,,,,,,,,,,,,,,,,,,,,,,,,
CA_S65_O1,1,2.00E+00,3.83E+00,3.27E+00,5.04E+00,7.94E+00,,,,,,,,,,,,,,,,,,,,,,,,,,,,,,,,,,,
CA_S65_O1,1,2.01E+00,3.83E+00,3.33E+00,5.07E+00,7.14E+00,,,,,,,,,,,,,,,,,,,,,,,,,,,,,,,,,,,
CA_S65_O1,1,2.02E+00,3.83E+00,3.39E+00,5.12E+00,9.13E+00,,,,,,,,,,,,,,,,,,,,,,,,,,,,,,,,,,,
CA_S65_O1,1,2.03E+00,3.84E+00,3.48E+00,5.18E+00,9.15E+00,,,,,,,,,,,,,,,,,,,,,,,,,,,,,,,,,,,
CA_S65_O1,1,2.04E+00,3.84E+00,3.55E+00,5.23E+00,9.91E+00,,,,,,,,,,,,,,,,,,,,,,,,,,,,,,,,,,,
CA_S65_O1,1,2.04E+00,3.84E+00,3.65E+00,5.29E+00,1.03E+01,,,,,,,,,,,,,,,,,,,,,,,,,,,,,,,,,,,
CA_S65_O1,1,2.05E+00,3.84E+00,3.72E+00,5.34E+00,9.91E+00,,,,,,,,,,,,,,,,,,,,,,,,,,,,,,,,,,,
CA_S65_O1,1,2.06E+00,3.84E+00,3.81E+00,5.41E+00,1.11E+01,,,,,,,,,,,,,,,,,,,,,,,,,,,,,,,,,,,
CA_S65_O1,1,2.07E+00,3.84E+00,3.90E+00,5.47E+00,1.07E+01,,,,,,,,,,,,,,,,,,,,,,,,,,,,,,,,,,,
CA_S65_O1,1,2.08E+00,3.84E+00,3.99E+00,5.53E+00,9.94E+00,,,,,,,,,,,,,,,,,,,,,,,,,,,,,,,,,,,
CA_S65_O1,1,2.09E+00,3.82E+00,4.07E+00,5.58E+00,9.94E+00,,,,,,,,,,,,,,,,,,,,,,,,,,,,,,,,,,,
CA_S65_O1,1,2.09E+00,3.82E+00,4.15E+00,5.65E+00,9.52E+00,,,,,,,,,,,,,,,,,,,,,,,,,,,,,,,,,,,
CA_S65_O1,1,2.10E+00,3.83E+00,4.23E+00,5.70E+00,8.34E+00,,,,,,,,,,,,,,,,,,,,,,,,,,,,,,,,,,,
CA_S65_O1,1,2.11E+00,3.83E+00,4.29E+00,5.75E+00,7.15E+00,,,,,,,,,,,,,,,,,,,,,,,,,,,,,,,,,,,
CA_S65_O1,1,2.12E+00,3.84E+00,4.35E+00,5.80E+00,8.72E+00,,,,,,,,,,,,,,,,,,,,,,,,,,,,,,,,,,,
CA_S65_O1,1,2.13E+00,3.83E+00,4.44E+00,5.86E+00,1.03E+01,,,,,,,,,,,,,,,,,,,,,,,,,,,,,,,,,,,
CA_S65_O1,1,2.14E+00,3.83E+00,4.52E+00,5.92E+00,9.52E+00,,,,,,,,,,,,,,,,,,,,,,,,,,,,,,,,,,,
CA_S65_O1,1,2.14E+00,3.83E+00,4.60E+00,5.98E+00,8.73E+00,,,,,,,,,,,,,,,,,,,,,,,,,,,,,,,,,,,
CA_S65_O1,1,2.15E+00,3.84E+00,4.66E+00,6.04E+00,8.73E+00,,,,,,,,,,,,,,,,,,,,,,,,,,,,,,,,,,,
CA_S65_O1,1,2.16E+00,3.84E+00,4.74E+00,6.10E+00,9.13E+00,,,,,,,,,,,,,,,,,,,,,,,,,,,,,,,,,,,
CA_S65_O1,1,2.17E+00,3.84E+00,4.82E+00,6.16E+00,1.03E+01,,,,,,,,,,,,,,,,,,,,,,,,,,,,,,,,,,,
CA_S65_O1,1,2.18E+00,3.85E+00,4.92E+00,6.24E+00,1.03E+01,,,,,,,,,,,,,,,,,,,,,,,,,,,,,,,,,,,
CA_S65_O1,1,2.19E+00,3.85E+00,4.99E+00,6.30E+00,7.14E+00,,,,,,,,,,,,,,,,,,,,,,,,,,,,,,,,,,,
CA_S65_O1,1,2.19E+00,3.85E+00,5.03E+00,6.34E+00,7.58E+00,,,,,,,,,,,,,,,,,,,,,,,,,,,,,,,,,,,
CA_S65_O1,1,2.20E+00,3.86E+00,5.11E+00,6.41E+00,8.73E+00,,,,,,,,,,,,,,,,,,,,,,,,,,,,,,,,,,,
CA_S65_O1,1,2.21E+00,3.86E+00,5.18E+00,6.46E+00,8.76E+00,,,,,,,,,,,,,,,,,,,,,,,,,,,,,,,,,,,
CA_S65_O1,1,2.22E+00,3.85E+00,5.26E+00,6.52E+00,9.52E+00,,,,,,,,,,,,,,,,,,,,,,,,,,,,,,,,,,,
CA_S65_O1,1,2.23E+00,3.86E+00,5.34E+00,6.59E+00,1.15E+01,,,,,,,,,,,,,,,,,,,,,,,,,,,,,,,,,,,
CA_S65_O1,1,2.24E+00,3.86E+00,5.45E+00,6.68E+00,1.19E+01,,,,,,,,,,,,,,,,,,,,,,,,,,,,,,,,,,,
CA_S65_O1,1,2.24E+00,3.85E+00,5.54E+00,6.74E+00,1.11E+01,,,,,,,,,,,,,,,,,,,,,,,,,,,,,,,,,,,
CA_S65_O1,1,2.25E+00,3.84E+00,5.64E+00,6.82E+00,1.19E+01,,,,,,,,,,,,,,,,,,,,,,,,,,,,,,,,,,,
CA_S65_O1,1,2.26E+00,3.84E+00,5.74E+00,6.90E+00,1.03E+01,,,,,,,,,,,,,,,,,,,,,,,,,,,,,,,,,,,
CA_S65_O1,1,2.27E+00,3.86E+00,5.81E+00,6.97E+00,,,,,,,,,,,,,,,,,,,,,,,,,,,,,,,,,,,,
,,,,,,,,,,,,,,,,,,,,,,,,,,,,,,,,,,,,,,,,,
CA_S65_O1,2,4.60E+00,2.79E+00,2.73E+00,3.90E+00,,,,,,,,,,,,,,,,,,,,,,,,,,,,,,,,,,,,
CA_S65_O1,2,4.60E+00,2.79E+00,2.82E+00,3.97E+00,1.19E+01,,,,,,,,,,,,,,,,,,,,,,,,,,,,,,,,,,,
CA_S65_O1,2,4.61E+00,2.79E+00,2.92E+00,4.04E+00,1.07E+01,,,,,,,,,,,,,,,,,,,,,,,,,,,,,,,,,,,
CA_S65_O1,2,4.62E+00,2.79E+00,3.00E+00,4.10E+00,1.19E+01,,,,,,,,,,,,,,,,,,,,,,,,,,,,,,,,,,,
CA_S65_O1,2,4.63E+00,2.79E+00,3.12E+00,4.18E+00,1.43E+01,,,,,,,,,,,,,,,,,,,,,,,,,,,,,,,,,,,
CA_S65_O1,2,4.64E+00,2.79E+00,3.24E+00,4.28E+00,1.39E+01,,,,,,,,,,,,,,,,,,,,,,,,,,,,,,,,,,,
CA_S65_O1,2,4.65E+00,2.79E+00,3.35E+00,4.36E+00,1.47E+01,,,,,,,,,,,,,,,,,,,,,,,,,,,,,,,,,,,
CA_S65_O1,2,4.65E+00,2.79E+00,3.49E+00,4.47E+00,1.71E+01,,,,,,,,,,,,,,,,,,,,,,,,,,,,,,,,,,,
CA_S65_O1,2,4.66E+00,2.80E+00,3.64E+00,4.59E+00,1.99E+01,,,,,,,,,,,,,,,,,,,,,,,,,,,,,,,,,,,
CA_S65_O1,2,4.67E+00,2.81E+00,3.82E+00,4.74E+00,1.83E+01,,,,,,,,,,,,,,,,,,,,,,,,,,,,,,,,,,,
CA_S65_O1,2,4.68E+00,2.83E+00,3.94E+00,4.85E+00,1.51E+01,,,,,,,,,,,,,,,,,,,,,,,,,,,,,,,,,,,
CA_S65_O1,2,4.69E+00,2.83E+00,4.07E+00,4.96E+00,1.83E+01,,,,,,,,,,,,,,,,,,,,,,,,,,,,,,,,,,,
CA_S65_O1,2,4.70E+00,2.85E+00,4.25E+00,5.12E+00,1.83E+01,,,,,,,,,,,,,,,,,,,,,,,,,,,,,,,,,,,
CA_S65_O1,2,4.70E+00,2.86E+00,4.37E+00,5.23E+00,1.68E+01,,,,,,,,,,,,,,,,,,,,,,,,,,,,,,,,,,,
CA_S65_O1,2,4.71E+00,2.89E+00,4.52E+00,5.37E+00,1.55E+01,,,,,,,,,,,,,,,,,,,,,,,,,,,,,,,,,,,
CA_S65_O1,2,4.72E+00,2.88E+00,4.63E+00,5.46E+00,1.45E+01,,,,,,,,,,,,,,,,,,,,,,,,,,,,,,,,,,,
CA_S65_O1,2,4.73E+00,2.94E+00,4.76E+00,5.60E+00,1.68E+01,,,,,,,,,,,,,,,,,,,,,,,,,,,,,,,,,,,
CA_S65_O1,2,4.74E+00,2.96E+00,4.90E+00,5.72E+00,1.57E+01,,,,,,,,,,,,,,,,,,,,,,,,,,,,,,,,,,,
CA_S65_O1,2,4.75E+00,2.98E+00,5.02E+00,5.84E+00,1.64E+01,,,,,,,,,,,,,,,,,,,,,,,,,,,,,,,,,,,
CA_S65_O1,2,4.75E+00,2.99E+00,5.17E+00,5.98E+00,1.75E+01,,,,,,,,,,,,,,,,,,,,,,,,,,,,,,,,,,,
CA_S65_O1,2,4.76E+00,3.00E+00,5.31E+00,6.10E+00,1.68E+01,,,,,,,,,,,,,,,,,,,,,,,,,,,,,,,,,,,
CA_S65_O1,2,4.77E+00,3.02E+00,5.45E+00,6.23E+00,1.77E+01,,,,,,,,,,,,,,,,,,,,,,,,,,,,,,,,,,,
CA_S65_O1,2,4.78E+00,3.06E+00,5.60E+00,6.38E+00,1.72E+01,,,,,,,,,,,,,,,,,,,,,,,,,,,,,,,,,,,
CA_S65_O1,2,4.79E+00,3.06E+00,5.74E+00,6.50E+00,1.75E+01,,,,,,,,,,,,,,,,,,,,,,,,,,,,,,,,,,,
CA_S65_O1,2,4.80E+00,3.08E+00,5.89E+00,6.65E+00,,,,,,,,,,,,,,,,,,,,,,,,,,,,,,,,,,,,
,,,,,,,,,,,,,,,,,,,,,,,,,,,,,,,,,,,,,,,,,
CA_S65_O1,3,6.16E+00,2.66E+00,2.19E+00,3.44E+00,,,,,,,,,,,,,,,,,,,,,,,,,,,,,,,,,,,,
CA_S65_O1,3,6.17E+00,2.67E+00,2.30E+00,3.52E+00,1.23E+01,,,,,,,,,,,,,,,,,,,,,,,,,,,,,,,,,,,
CA_S65_O1,3,6.18E+00,2.66E+00,2.39E+00,3.58E+00,1.35E+01,,,,,,,,,,,,,,,,,,,,,,,,,,,,,,,,,,,
CA_S65_O1,3,6.19E+00,2.66E+00,2.52E+00,3.66E+00,1.71E+01,,,,,,,,,,,,,,,,,,,,,,,,,,,,,,,,,,,
CA_S65_O1,3,6.20E+00,2.65E+00,2.68E+00,3.77E+00,1.80E+01,,,,,,,,,,,,,,,,,,,,,,,,,,,,,,,,,,,
CA_S65_O1,3,6.21E+00,2.63E+00,2.82E+00,3.85E+00,1.48E+01,,,,,,,,,,,,,,,,,,,,,,,,,,,,,,,,,,,
CA_S65_O1,3,6.21E+00,2.62E+00,2.92E+00,3.93E+00,1.23E+01,,,,,,,,,,,,,,,,,,,,,,,,,,,,,,,,,,,
CA_S65_O1,3,6.22E+00,2.62E+00,3.02E+00,4.00E+00,1.31E+01,,,,,,,,,,,,,,,,,,,,,,,,,,,,,,,,,,,
CA_S65_O1,3,6.23E+00,2.62E+00,3.14E+00,4.09E+00,1.55E+01,,,,,,,,,,,,,,,,,,,,,,,,,,,,,,,,,,,
CA_S65_O1,3,6.24E+00,2.61E+00,3.28E+00,4.19E+00,1.55E+01,,,,,,,,,,,,,,,,,,,,,,,,,,,,,,,,,,,
CA_S65_O1,3,6.25E+00,2.61E+00,3.40E+00,4.28E+00,1.39E+01,,,,,,,,,,,,,,,,,,,,,,,,,,,,,,,,,,,
CA_S65_O1,3,6.26E+00,2.61E+00,3.51E+00,4.37E+00,1.35E+01,,,,,,,,,,,,,,,,,,,,,,,,,,,,,,,,,,,
CA_S65_O1,3,6.26E+00,2.59E+00,3.63E+00,4.46E+00,1.51E+01,,,,,,,,,,,,,,,,,,,,,,,,,,,,,,,,,,,
CA_S65_O1,3,6.27E+00,2.59E+00,3.76E+00,4.57E+00,1.71E+01,,,,,,,,,,,,,,,,,,,,,,,,,,,,,,,,,,,
CA_S65_O1,3,6.28E+00,2.59E+00,3.91E+00,4.69E+00,1.78E+01,,,,,,,,,,,,,,,,,,,,,,,,,,,,,,,,,,,
CA_S65_O1,3,6.29E+00,2.59E+00,4.06E+00,4.82E+00,1.83E+01,,,,,,,,,,,,,,,,,,,,,,,,,,,,,,,,,,,
CA_S65_O1,3,6.30E+00,2.60E+00,4.21E+00,4.95E+00,1.87E+01,,,,,,,,,,,,,,,,,,,,,,,,,,,,,,,,,,,
CA_S65_O1,3,6.31E+00,2.60E+00,4.37E+00,5.09E+00,2.15E+01,,,,,,,,,,,,,,,,,,,,,,,,,,,,,,,,,,,
CA_S65_O1,3,6.31E+00,2.57E+00,4.57E+00,5.24E+00,1.99E+01,,,,,,,,,,,,,,,,,,,,,,,,,,,,,,,,,,,
CA_S65_O1,3,6.32E+00,2.58E+00,4.70E+00,5.36E+00,1.35E+01,,,,,,,,,,,,,,,,,,,,,,,,,,,,,,,,,,,
CA_S65_O1,3,6.33E+00,2.59E+00,4.80E+00,5.45E+00,1.27E+01,,,,,,,,,,,,,,,,,,,,,,,,,,,,,,,,,,,
CA_S65_O1,3,6.34E+00,2.57E+00,4.92E+00,5.55E+00,1.47E+01,,,,,,,,,,,,,,,,,,,,,,,,,,,,,,,,,,,
CA_S65_O1,3,6.35E+00,2.57E+00,5.04E+00,5.66E+00,1.59E+01,,,,,,,,,,,,,,,,,,,,,,,,,,,,,,,,,,,
CA_S65_O1,3,6.36E+00,2.56E+00,5.18E+00,5.78E+00,1.67E+01,,,,,,,,,,,,,,,,,,,,,,,,,,,,,,,,,,,
CA_S65_O1,3,6.36E+00,2.56E+00,5.32E+00,5.90E+00,1.63E+01,,,,,,,,,,,,,,,,,,,,,,,,,,,,,,,,,,,
CA_S65_O1,3,6.37E+00,2.55E+00,5.45E+00,6.02E+00,1.75E+01,,,,,,,,,,,,,,,,,,,,,,,,,,,,,,,,,,,
CA_S65_O1,3,6.38E+00,2.54E+00,5.61E+00,6.16E+00,1.75E+01,,,,,,,,,,,,,,,,,,,,,,,,,,,,,,,,,,,
CA_S65_O1,3,6.39E+00,2.53E+00,5.74E+00,6.28E+00,1.47E+01,,,,,,,,,,,,,,,,,,,,,,,,,,,,,,,,,,,
CA_S65_O1,3,6.40E+00,2.56E+00,5.85E+00,6.39E+00,1.48E+01,,,,,,,,,,,,,,,,,,,,,,,,,,,,,,,,,,,
CA_S65_O1,3,6.41E+00,2.56E+00,5.99E+00,6.51E+00,,,,,,,,,,,,,,,,,,,,,,,,,,,,,,,,,,,,
,,,,,,,,,,,,,,,,,,,,,,,,,,,,,,,,,,,,,,,,,
CA_S65_O1,4,9.17E+00,1.80E+00,1.31E+00,2.23E+00,,,,,,,,,,,,,,,,,,,,,,,,,,,,,,,,,,,,
CA_S65_O1,4,9.18E+00,1.83E+00,1.42E+00,2.31E+00,1.34E+01,,,,,,,,,,,,,,,,,,,,,,,,,,,,,,,,,,,
CA_S65_O1,4,9.18E+00,1.85E+00,1.53E+00,2.40E+00,1.32E+01,,,,,,,,,,,,,,,,,,,,,,,,,,,,,,,,,,,
CA_S65_O1,4,9.19E+00,1.85E+00,1.64E+00,2.47E+00,1.39E+01,,,,,,,,,,,,,,,,,,,,,,,,,,,,,,,,,,,
CA_S65_O1,4,9.20E+00,1.86E+00,1.76E+00,2.56E+00,1.23E+01,,,,,,,,,,,,,,,,,,,,,,,,,,,,,,,,,,,
CA_S65_O1,4,9.21E+00,1.87E+00,1.85E+00,2.62E+00,1.31E+01,,,,,,,,,,,,,,,,,,,,,,,,,,,,,,,,,,,
CA_S65_O1,4,9.22E+00,1.87E+00,1.98E+00,2.72E+00,1.47E+01,,,,,,,,,,,,,,,,,,,,,,,,,,,,,,,,,,,
CA_S65_O1,4,9.23E+00,1.89E+00,2.09E+00,2.82E+00,1.43E+01,,,,,,,,,,,,,,,,,,,,,,,,,,,,,,,,,,,
CA_S65_O1,4,9.23E+00,1.89E+00,2.22E+00,2.91E+00,1.51E+01,,,,,,,,,,,,,,,,,,,,,,,,,,,,,,,,,,,
CA_S65_O1,4,9.24E+00,1.90E+00,2.34E+00,3.01E+00,1.63E+01,,,,,,,,,,,,,,,,,,,,,,,,,,,,,,,,,,,
CA_S65_O1,4,9.25E+00,1.90E+00,2.49E+00,3.13E+00,1.78E+01,,,,,,,,,,,,,,,,,,,,,,,,,,,,,,,,,,,
CA_S65_O1,4,9.26E+00,1.89E+00,2.64E+00,3.25E+00,1.78E+01,,,,,,,,,,,,,,,,,,,,,,,,,,,,,,,,,,,
CA_S65_O1,4,9.27E+00,1.89E+00,2.79E+00,3.37E+00,1.71E+01,,,,,,,,,,,,,,,,,,,,,,,,,,,,,,,,,,,
CA_S65_O1,4,9.28E+00,1.89E+00,2.92E+00,3.48E+00,1.71E+01,,,,,,,,,,,,,,,,,,,,,,,,,,,,,,,,,,,
CA_S65_O1,4,9.28E+00,1.90E+00,3.07E+00,3.61E+00,1.71E+01,,,,,,,,,,,,,,,,,,,,,,,,,,,,,,,,,,,
CA_S65_O1,4,9.29E+00,1.90E+00,3.21E+00,3.73E+00,1.67E+01,,,,,,,,,,,,,,,,,,,,,,,,,,,,,,,,,,,
CA_S65_O1,4,9.30E+00,1.91E+00,3.35E+00,3.85E+00,1.67E+01,,,,,,,,,,,,,,,,,,,,,,,,,,,,,,,,,,,
CA_S65_O1,4,9.31E+00,1.91E+00,3.49E+00,3.97E+00,1.74E+01,,,,,,,,,,,,,,,,,,,,,,,,,,,,,,,,,,,
CA_S65_O1,4,9.32E+00,1.91E+00,3.64E+00,4.11E+00,2.10E+01,,,,,,,,,,,,,,,,,,,,,,,,,,,,,,,,,,,
CA_S65_O1,4,9.33E+00,1.91E+00,3.84E+00,4.29E+00,2.22E+01,,,,,,,,,,,,,,,,,,,,,,,,,,,,,,,,,,,
CA_S65_O1,4,9.33E+00,1.92E+00,4.01E+00,4.44E+00,1.94E+01,,,,,,,,,,,,,,,,,,,,,,,,,,,,,,,,,,,
CA_S65_O1,4,9.34E+00,1.93E+00,4.16E+00,4.58E+00,1.90E+01,,,,,,,,,,,,,,,,,,,,,,,,,,,,,,,,,,,
CA_S65_O1,4,9.35E+00,1.93E+00,4.33E+00,4.74E+00,1.67E+01,,,,,,,,,,,,,,,,,,,,,,,,,,,,,,,,,,,
CA_S65_O1,4,9.36E+00,1.94E+00,4.44E+00,4.85E+00,1.79E+01,,,,,,,,,,,,,,,,,,,,,,,,,,,,,,,,,,,
CA_S65_O1,4,9.37E+00,1.94E+00,4.62E+00,5.02E+00,1.87E+01,,,,,,,,,,,,,,,,,,,,,,,,,,,,,,,,,,,
CA_S65_O1,4,9.38E+00,1.98E+00,4.75E+00,5.15E+00,1.67E+01,,,,,,,,,,,,,,,,,,,,,,,,,,,,,,,,,,,
CA_S65_O1,4,9.38E+00,1.97E+00,4.90E+00,5.28E+00,1.83E+01,,,,,,,,,,,,,,,,,,,,,,,,,,,,,,,,,,,
CA_S65_O1,4,9.39E+00,2.00E+00,5.05E+00,5.44E+00,1.99E+01,,,,,,,,,,,,,,,,,,,,,,,,,,,,,,,,,,,
CA_S65_O1,4,9.40E+00,2.00E+00,5.23E+00,5.60E+00,,,,,,,,,,,,,,,,,,,,,,,,,,,,,,,,,,,,
,,,,,,,,,,,,,,,,,,,,,,,,,,,,,,,,,,,,,,,,,
CA_S65_O1,5,1.16E+01,2.10E+00,9.06E-01,2.29E+00,,,,,,,,,,,,,,,,,,,,,,,,,,,,,,,,,,,,
CA_S65_O1,5,1.16E+01,2.11E+00,9.99E-01,2.33E+00,1.12E+01,,,,,,,,,,,,,,,,,,,,,,,,,,,,,,,,,,,
CA_S65_O1,5,1.16E+01,2.13E+00,1.09E+00,2.39E+00,1.29E+01,,,,,,,,,,,,,,,,,,,,,,,,,,,,,,,,,,,
CA_S65_O1,5,1.16E+01,2.15E+00,1.21E+00,2.47E+00,1.36E+01,,,,,,,,,,,,,,,,,,,,,,,,,,,,,,,,,,,
CA_S65_O1,5,1.16E+01,2.16E+00,1.32E+00,2.53E+00,1.35E+01,,,,,,,,,,,,,,,,,,,,,,,,,,,,,,,,,,,
CA_S65_O1,5,1.16E+01,2.17E+00,1.44E+00,2.60E+00,1.63E+01,,,,,,,,,,,,,,,,,,,,,,,,,,,,,,,,,,,
CA_S65_O1,5,1.16E+01,2.19E+00,1.59E+00,2.70E+00,1.87E+01,,,,,,,,,,,,,,,,,,,,,,,,,,,,,,,,,,,
CA_S65_O1,5,1.16E+01,2.20E+00,1.75E+00,2.81E+00,1.63E+01,,,,,,,,,,,,,,,,,,,,,,,,,,,,,,,,,,,
CA_S65_O1,5,1.16E+01,2.21E+00,1.86E+00,2.89E+00,1.47E+01,,,,,,,,,,,,,,,,,,,,,,,,,,,,,,,,,,,
CA_S65_O1,5,1.16E+01,2.22E+00,1.99E+00,2.98E+00,1.55E+01,,,,,,,,,,,,,,,,,,,,,,,,,,,,,,,,,,,
CA_S65_O1,5,1.16E+01,2.24E+00,2.12E+00,3.08E+00,1.79E+01,,,,,,,,,,,,,,,,,,,,,,,,,,,,,,,,,,,
CA_S65_O1,5,1.16E+01,2.24E+00,2.29E+00,3.20E+00,1.87E+01,,,,,,,,,,,,,,,,,,,,,,,,,,,,,,,,,,,
CA_S65_O1,5,1.17E+01,2.27E+00,2.43E+00,3.32E+00,1.88E+01,,,,,,,,,,,,,,,,,,,,,,,,,,,,,,,,,,,
CA_S65_O1,5,1.17E+01,2.29E+00,2.60E+00,3.46E+00,2.04E+01,,,,,,,,,,,,,,,,,,,,,,,,,,,,,,,,,,,
CA_S65_O1,5,1.17E+01,2.32E+00,2.77E+00,3.61E+00,1.96E+01,,,,,,,,,,,,,,,,,,,,,,,,,,,,,,,,,,,
CA_S65_O1,5,1.17E+01,2.34E+00,2.92E+00,3.74E+00,1.92E+01,,,,,,,,,,,,,,,,,,,,,,,,,,,,,,,,,,,
CA_S65_O1,5,1.17E+01,2.36E+00,3.08E+00,3.88E+00,2.01E+01,,,,,,,,,,,,,,,,,,,,,,,,,,,,,,,,,,,
CA_S65_O1,5,1.17E+01,2.39E+00,3.25E+00,4.04E+00,2.28E+01,,,,,,,,,,,,,,,,,,,,,,,,,,,,,,,,,,,
CA_S65_O1,5,1.17E+01,2.41E+00,3.46E+00,4.22E+00,2.21E+01,,,,,,,,,,,,,,,,,,,,,,,,,,,,,,,,,,,
CA_S65_O1,5,1.17E+01,2.45E+00,3.62E+00,4.37E+00,2.01E+01,,,,,,,,,,,,,,,,,,,,,,,,,,,,,,,,,,,
CA_S65_O1,5,1.17E+01,2.47E+00,3.79E+00,4.52E+00,2.05E+01,,,,,,,,,,,,,,,,,,,,,,,,,,,,,,,,,,,
CA_S65_O1,5,1.17E+01,2.50E+00,3.96E+00,4.68E+00,2.05E+01,,,,,,,,,,,,,,,,,,,,,,,,,,,,,,,,,,,
CA_S65_O1,5,1.17E+01,2.53E+00,4.13E+00,4.84E+00,,,,,,,,,,,,,,,,,,,,,,,,,,,,,,,,,,,,
,,,,,,,,,,,,,,,,,,,,,,,,,,,,,,,,,,,,,,,,,
CA_S66_O1,1,1.42E-01,1.74E+00,1.02E+00,2.02E+00,,,,,,,,,,,,,,,,,,,,,,,,,,,,,,,,,,,,
CA_S66_O1,1,1.50E-01,1.76E+00,1.13E+00,2.09E+00,1.33E+01,,,,,,,,,,,,,,,,,,,,,,,,,,,,,,,,,,,
CA_S66_O1,1,1.58E-01,1.76E+00,1.24E+00,2.16E+00,1.26E+01,,,,,,,,,,,,,,,,,,,,,,,,,,,,,,,,,,,
CA_S66_O1,1,1.67E-01,1.77E+00,1.34E+00,2.22E+00,1.26E+01,,,,,,,,,,,,,,,,,,,,,,,,,,,,,,,,,,,
CA_S66_O1,1,1.75E-01,1.80E+00,1.45E+00,2.31E+00,1.62E+01,,,,,,,,,,,,,,,,,,,,,,,,,,,,,,,,,,,
CA_S66_O1,1,1.84E-01,1.80E+00,1.61E+00,2.41E+00,1.72E+01,,,,,,,,,,,,,,,,,,,,,,,,,,,,,,,,,,,
CA_S66_O1,1,1.92E-01,1.80E+00,1.74E+00,2.51E+00,1.54E+01,,,,,,,,,,,,,,,,,,,,,,,,,,,,,,,,,,,
CA_S66_O1,1,2.00E-01,1.82E+00,1.86E+00,2.61E+00,1.73E+01,,,,,,,,,,,,,,,,,,,,,,,,,,,,,,,,,,,
CA_S66_O1,1,2.09E-01,1.82E+00,2.03E+00,2.72E+00,1.70E+01,,,,,,,,,,,,,,,,,,,,,,,,,,,,,,,,,,,
CA_S66_O1,1,2.17E-01,1.84E+00,2.15E+00,2.83E+00,1.66E+01,,,,,,,,,,,,,,,,,,,,,,,,,,,,,,,,,,,
CA_S66_O1,1,2.25E-01,1.86E+00,2.30E+00,2.96E+00,1.70E+01,,,,,,,,,,,,,,,,,,,,,,,,,,,,,,,,,,,
CA_S66_O1,1,2.34E-01,1.88E+00,2.43E+00,3.07E+00,1.82E+01,,,,,,,,,,,,,,,,,,,,,,,,,,,,,,,,,,,
CA_S66_O1,1,2.42E-01,1.90E+00,2.60E+00,3.22E+00,1.83E+01,,,,,,,,,,,,,,,,,,,,,,,,,,,,,,,,,,,
CA_S66_O1,1,2.50E-01,1.93E+00,2.73E+00,3.34E+00,1.72E+01,,,,,,,,,,,,,,,,,,,,,,,,,,,,,,,,,,,
CA_S66_O1,1,2.59E-01,1.95E+00,2.89E+00,3.48E+00,1.95E+01,,,,,,,,,,,,,,,,,,,,,,,,,,,,,,,,,,,
CA_S66_O1,1,2.67E-01,1.97E+00,3.05E+00,3.63E+00,1.93E+01,,,,,,,,,,,,,,,,,,,,,,,,,,,,,,,,,,,
CA_S66_O1,1,2.75E-01,1.97E+00,3.21E+00,3.76E+00,1.94E+01,,,,,,,,,,,,,,,,,,,,,,,,,,,,,,,,,,,
CA_S66_O1,1,2.84E-01,2.00E+00,3.38E+00,3.93E+00,1.85E+01,,,,,,,,,,,,,,,,,,,,,,,,,,,,,,,,,,,
CA_S66_O1,1,2.92E-01,2.03E+00,3.51E+00,4.05E+00,1.67E+01,,,,,,,,,,,,,,,,,,,,,,,,,,,,,,,,,,,
CA_S66_O1,1,3.00E-01,2.03E+00,3.65E+00,4.18E+00,1.80E+01,,,,,,,,,,,,,,,,,,,,,,,,,,,,,,,,,,,
CA_S66_O1,1,3.09E-01,2.05E+00,3.81E+00,4.33E+00,1.88E+01,,,,,,,,,,,,,,,,,,,,,,,,,,,,,,,,,,,
CA_S66_O1,1,3.17E-01,2.05E+00,3.97E+00,4.47E+00,1.98E+01,,,,,,,,,,,,,,,,,,,,,,,,,,,,,,,,,,,
CA_S66_O1,1,3.25E-01,2.05E+00,4.14E+00,4.62E+00,1.99E+01,,,,,,,,,,,,,,,,,,,,,,,,,,,,,,,,,,,
CA_S66_O1,1,3.34E-01,2.06E+00,4.30E+00,4.77E+00,,,,,,,,,,,,,,,,,,,,,,,,,,,,,,,,,,,,
,,,,,,,,,,,,,,,,,,,,,,,,,,,,,,,,,,,,,,,,,
CA_S66_O1,2,1.02E+00,1.88E+00,5.73E-01,1.96E+00,,,,,,,,,,,,,,,,,,,,,,,,,,,,,,,,,,,,
CA_S66_O1,2,1.03E+00,1.87E+00,6.42E-01,1.97E+00,8.00E+00,,,,,,,,,,,,,,,,,,,,,,,,,,,,,,,,,,,
CA_S66_O1,2,1.03E+00,1.86E+00,7.05E-01,1.99E+00,8.42E+00,,,,,,,,,,,,,,,,,,,,,,,,,,,,,,,,,,,
CA_S66_O1,2,1.04E+00,1.84E+00,7.80E-01,2.00E+00,1.05E+01,,,,,,,,,,,,,,,,,,,,,,,,,,,,,,,,,,,
CA_S66_O1,2,1.05E+00,1.81E+00,8.74E-01,2.01E+00,1.22E+01,,,,,,,,,,,,,,,,,,,,,,,,,,,,,,,,,,,
CA_S66_O1,2,1.06E+00,1.79E+00,9.77E-01,2.04E+00,1.35E+01,,,,,,,,,,,,,,,,,,,,,,,,,,,,,,,,,,,
CA_S66_O1,2,1.07E+00,1.79E+00,1.10E+00,2.10E+00,1.36E+01,,,,,,,,,,,,,,,,,,,,,,,,,,,,,,,,,,,
CA_S66_O1,2,1.08E+00,1.78E+00,1.20E+00,2.15E+00,1.36E+01,,,,,,,,,,,,,,,,,,,,,,,,,,,,,,,,,,,
CA_S66_O1,2,1.08E+00,1.77E+00,1.32E+00,2.21E+00,1.37E+01,,,,,,,,,,,,,,,,,,,,,,,,,,,,,,,,,,,
CA_S66_O1,2,1.09E+00,1.77E+00,1.43E+00,2.28E+00,1.48E+01,,,,,,,,,,,,,,,,,,,,,,,,,,,,,,,,,,,
CA_S66_O1,2,1.10E+00,1.79E+00,1.57E+00,2.38E+00,1.48E+01,,,,,,,,,,,,,,,,,,,,,,,,,,,,,,,,,,,
CA_S66_O1,2,1.11E+00,1.79E+00,1.68E+00,2.45E+00,1.43E+01,,,,,,,,,,,,,,,,,,,,,,,,,,,,,,,,,,,
CA_S66_O1,2,1.12E+00,1.76E+00,1.81E+00,2.52E+00,1.69E+01,,,,,,,,,,,,,,,,,,,,,,,,,,,,,,,,,,,
CA_S66_O1,2,1.13E+00,1.77E+00,1.96E+00,2.64E+00,1.81E+01,,,,,,,,,,,,,,,,,,,,,,,,,,,,,,,,,,,
CA_S66_O1,2,1.13E+00,1.76E+00,2.11E+00,2.75E+00,1.76E+01,,,,,,,,,,,,,,,,,,,,,,,,,,,,,,,,,,,
CA_S66_O1,2,1.14E+00,1.76E+00,2.25E+00,2.86E+00,1.71E+01,,,,,,,,,,,,,,,,,,,,,,,,,,,,,,,,,,,
CA_S66_O1,2,1.15E+00,1.76E+00,2.40E+00,2.97E+00,1.90E+01,,,,,,,,,,,,,,,,,,,,,,,,,,,,,,,,,,,
CA_S66_O1,2,1.16E+00,1.77E+00,2.57E+00,3.12E+00,1.93E+01,,,,,,,,,,,,,,,,,,,,,,,,,,,,,,,,,,,
CA_S66_O1,2,1.17E+00,1.79E+00,2.72E+00,3.25E+00,1.82E+01,,,,,,,,,,,,,,,,,,,,,,,,,,,,,,,,,,,
CA_S66_O1,2,1.18E+00,1.79E+00,2.87E+00,3.38E+00,1.97E+01,,,,,,,,,,,,,,,,,,,,,,,,,,,,,,,,,,,
CA_S66_O1,2,1.18E+00,1.79E+00,3.05E+00,3.53E+00,2.14E+01,,,,,,,,,,,,,,,,,,,,,,,,,,,,,,,,,,,
CA_S66_O1,2,1.19E+00,1.78E+00,3.23E+00,3.69E+00,1.99E+01,,,,,,,,,,,,,,,,,,,,,,,,,,,,,,,,,,,
CA_S66_O1,2,1.20E+00,1.80E+00,3.38E+00,3.82E+00,1.91E+01,,,,,,,,,,,,,,,,,,,,,,,,,,,,,,,,,,,
CA_S66_O1,2,1.21E+00,1.80E+00,3.55E+00,3.98E+00,2.05E+01,,,,,,,,,,,,,,,,,,,,,,,,,,,,,,,,,,,
CA_S66_O1,2,1.22E+00,1.79E+00,3.72E+00,4.13E+00,2.09E+01,,,,,,,,,,,,,,,,,,,,,,,,,,,,,,,,,,,
CA_S66_O1,2,1.23E+00,1.82E+00,3.90E+00,4.30E+00,2.10E+01,,,,,,,,,,,,,,,,,,,,,,,,,,,,,,,,,,,
CA_S66_O1,2,1.23E+00,1.82E+00,4.07E+00,4.46E+00,2.07E+01,,,,,,,,,,,,,,,,,,,,,,,,,,,,,,,,,,,
CA_S66_O1,2,1.24E+00,1.83E+00,4.24E+00,4.62E+00,2.10E+01,,,,,,,,,,,,,,,,,,,,,,,,,,,,,,,,,,,
CA_S66_O1,2,1.25E+00,1.85E+00,4.42E+00,4.79E+00,2.16E+01,,,,,,,,,,,,,,,,,,,,,,,,,,,,,,,,,,,
CA_S66_O1,2,1.26E+00,1.84E+00,4.60E+00,4.96E+00,,,,,,,,,,,,,,,,,,,,,,,,,,,,,,,,,,,,
,,,,,,,,,,,,,,,,,,,,,,,,,,,,,,,,,,,,,,,,,
CA_S66_O1,3,2.05E+00,1.84E+00,6.73E-01,1.96E+00,,,,,,,,,,,,,,,,,,,,,,,,,,,,,,,,,,,,
CA_S66_O1,3,2.06E+00,1.83E+00,7.57E-01,1.98E+00,1.18E+01,,,,,,,,,,,,,,,,,,,,,,,,,,,,,,,,,,,
CA_S66_O1,3,2.07E+00,1.82E+00,8.68E-01,2.02E+00,1.39E+01,,,,,,,,,,,,,,,,,,,,,,,,,,,,,,,,,,,
CA_S66_O1,3,2.08E+00,1.80E+00,9.87E-01,2.05E+00,1.56E+01,,,,,,,,,,,,,,,,,,,,,,,,,,,,,,,,,,,
CA_S66_O1,3,2.09E+00,1.77E+00,1.12E+00,2.10E+00,1.56E+01,,,,,,,,,,,,,,,,,,,,,,,,,,,,,,,,,,,
CA_S66_O1,3,2.09E+00,1.77E+00,1.24E+00,2.16E+00,1.41E+01,,,,,,,,,,,,,,,,,,,,,,,,,,,,,,,,,,,
CA_S66_O1,3,2.10E+00,1.80E+00,1.36E+00,2.25E+00,1.58E+01,,,,,,,,,,,,,,,,,,,,,,,,,,,,,,,,,,,
CA_S66_O1,3,2.11E+00,1.79E+00,1.51E+00,2.34E+00,1.59E+01,,,,,,,,,,,,,,,,,,,,,,,,,,,,,,,,,,,
CA_S66_O1,3,2.12E+00,1.80E+00,1.62E+00,2.42E+00,1.58E+01,,,,,,,,,,,,,,,,,,,,,,,,,,,,,,,,,,,
CA_S66_O1,3,2.13E+00,1.79E+00,1.77E+00,2.52E+00,1.53E+01,,,,,,,,,,,,,,,,,,,,,,,,,,,,,,,,,,,
CA_S66_O1,3,2.14E+00,1.78E+00,1.88E+00,2.59E+00,1.45E+01,,,,,,,,,,,,,,,,,,,,,,,,,,,,,,,,,,,
CA_S66_O1,3,2.14E+00,1.78E+00,2.01E+00,2.69E+00,1.64E+01,,,,,,,,,,,,,,,,,,,,,,,,,,,,,,,,,,,
CA_S66_O1,3,2.15E+00,1.79E+00,2.15E+00,2.80E+00,1.63E+01,,,,,,,,,,,,,,,,,,,,,,,,,,,,,,,,,,,
CA_S66_O1,3,2.16E+00,1.78E+00,2.29E+00,2.90E+00,1.71E+01,,,,,,,,,,,,,,,,,,,,,,,,,,,,,,,,,,,
CA_S66_O1,3,2.17E+00,1.78E+00,2.44E+00,3.02E+00,1.84E+01,,,,,,,,,,,,,,,,,,,,,,,,,,,,,,,,,,,
CA_S66_O1,3,2.18E+00,1.78E+00,2.59E+00,3.14E+00,2.09E+01,,,,,,,,,,,,,,,,,,,,,,,,,,,,,,,,,,,
CA_S66_O1,3,2.19E+00,1.77E+00,2.79E+00,3.30E+00,1.98E+01,,,,,,,,,,,,,,,,,,,,,,,,,,,,,,,,,,,
CA_S66_O1,3,2.19E+00,1.78E+00,2.92E+00,3.42E+00,1.91E+01,,,,,,,,,,,,,,,,,,,,,,,,,,,,,,,,,,,
CA_S66_O1,3,2.20E+00,1.79E+00,3.10E+00,3.58E+00,1.92E+01,,,,,,,,,,,,,,,,,,,,,,,,,,,,,,,,,,,
CA_S66_O1,3,2.21E+00,1.80E+00,3.24E+00,3.71E+00,1.73E+01,,,,,,,,,,,,,,,,,,,,,,,,,,,,,,,,,,,
CA_S66_O1,3,2.22E+00,1.82E+00,3.39E+00,3.85E+00,1.86E+01,,,,,,,,,,,,,,,,,,,,,,,,,,,,,,,,,,,
CA_S66_O1,3,2.23E+00,1.84E+00,3.55E+00,4.00E+00,1.94E+01,,,,,,,,,,,,,,,,,,,,,,,,,,,,,,,,,,,
CA_S66_O1,3,2.24E+00,1.86E+00,3.71E+00,4.15E+00,,,,,,,,,,,,,,,,,,,,,,,,,,,,,,,,,,,,
,,,,,,,,,,,,,,,,,,,,,,,,,,,,,,,,,,,,,,,,,
CA_S66_O1,4,3.39E+00,1.40E+00,5.54E-01,1.51E+00,,,,,,,,,,,,,,,,,,,,,,,,,,,,,,,,,,,,
CA_S66_O1,4,3.40E+00,1.38E+00,6.99E-01,1.55E+00,1.85E+01,,,,,,,,,,,,,,,,,,,,,,,,,,,,,,,,,,,
CA_S66_O1,4,3.40E+00,1.36E+00,8.60E-01,1.61E+00,1.94E+01,,,,,,,,,,,,,,,,,,,,,,,,,,,,,,,,,,,
CA_S66_O1,4,3.41E+00,1.35E+00,1.02E+00,1.69E+00,1.82E+01,,,,,,,,,,,,,,,,,,,,,,,,,,,,,,,,,,,
CA_S66_O1,4,3.42E+00,1.33E+00,1.16E+00,1.76E+00,1.90E+01,,,,,,,,,,,,,,,,,,,,,,,,,,,,,,,,,,,
CA_S66_O1,4,3.43E+00,1.31E+00,1.34E+00,1.87E+00,1.86E+01,,,,,,,,,,,,,,,,,,,,,,,,,,,,,,,,,,,
CA_S66_O1,4,3.44E+00,1.29E+00,1.47E+00,1.96E+00,1.73E+01,,,,,,,,,,,,,,,,,,,,,,,,,,,,,,,,,,,
CA_S66_O1,4,3.45E+00,1.27E+00,1.62E+00,2.06E+00,1.82E+01,,,,,,,,,,,,,,,,,,,,,,,,,,,,,,,,,,,
CA_S66_O1,4,3.45E+00,1.26E+00,1.77E+00,2.17E+00,2.15E+01,,,,,,,,,,,,,,,,,,,,,,,,,,,,,,,,,,,
CA_S66_O1,4,3.46E+00,1.23E+00,1.98E+00,2.33E+00,2.12E+01,,,,,,,,,,,,,,,,,,,,,,,,,,,,,,,,,,,
CA_S66_O1,4,3.47E+00,1.23E+00,2.12E+00,2.45E+00,1.91E+01,,,,,,,,,,,,,,,,,,,,,,,,,,,,,,,,,,,
CA_S66_O1,4,3.48E+00,1.22E+00,2.30E+00,2.60E+00,2.00E+01,,,,,,,,,,,,,,,,,,,,,,,,,,,,,,,,,,,
CA_S66_O1,4,3.49E+00,1.21E+00,2.45E+00,2.74E+00,2.02E+01,,,,,,,,,,,,,,,,,,,,,,,,,,,,,,,,,,,
CA_S66_O1,4,3.50E+00,1.16E+00,2.63E+00,2.88E+00,2.11E+01,,,,,,,,,,,,,,,,,,,,,,,,,,,,,,,,,,,
CA_S66_O1,4,3.50E+00,1.16E+00,2.80E+00,3.03E+00,2.00E+01,,,,,,,,,,,,,,,,,,,,,,,,,,,,,,,,,,,
CA_S66_O1,4,3.51E+00,1.14E+00,2.96E+00,3.18E+00,1.98E+01,,,,,,,,,,,,,,,,,,,,,,,,,,,,,,,,,,,
CA_S66_O1,4,3.52E+00,1.12E+00,3.13E+00,3.32E+00,2.16E+01,,,,,,,,,,,,,,,,,,,,,,,,,,,,,,,,,,,
CA_S66_O1,4,3.53E+00,1.12E+00,3.32E+00,3.51E+00,2.38E+01,,,,,,,,,,,,,,,,,,,,,,,,,,,,,,,,,,,
CA_S66_O1,4,3.54E+00,1.09E+00,3.53E+00,3.69E+00,2.19E+01,,,,,,,,,,,,,,,,,,,,,,,,,,,,,,,,,,,
CA_S66_O1,4,3.55E+00,1.07E+00,3.69E+00,3.84E+00,,,,,,,,,,,,,,,,,,,,,,,,,,,,,,,,,,,,
,,,,,,,,,,,,,,,,,,,,,,,,,,,,,,,,,,,,,,,,,
CA_S66_O2,1,1.27E+00,1.38E+00,9.88E-01,1.70E+00,,,,,,,,,,,,,,,,,,,,,,,,,,,,,,,,,,,,
CA_S66_O2,1,1.28E+00,1.44E+00,1.10E+00,1.81E+00,1.37E+01,,,,,,,,,,,,,,,,,,,,,,,,,,,,,,,,,,,
CA_S66_O2,1,1.28E+00,1.45E+00,1.21E+00,1.89E+00,1.29E+01,,,,,,,,,,,,,,,,,,,,,,,,,,,,,,,,,,,
CA_S66_O2,1,1.29E+00,1.48E+00,1.31E+00,1.98E+00,1.42E+01,,,,,,,,,,,,,,,,,,,,,,,,,,,,,,,,,,,
CA_S66_O2,1,1.30E+00,1.50E+00,1.44E+00,2.08E+00,1.58E+01,,,,,,,,,,,,,,,,,,,,,,,,,,,,,,,,,,,
CA_S66_O2,1,1.31E+00,1.51E+00,1.58E+00,2.18E+00,1.70E+01,,,,,,,,,,,,,,,,,,,,,,,,,,,,,,,,,,,
CA_S66_O2,1,1.32E+00,1.52E+00,1.72E+00,2.30E+00,1.73E+01,,,,,,,,,,,,,,,,,,,,,,,,,,,,,,,,,,,
CA_S66_O2,1,1.33E+00,1.54E+00,1.86E+00,2.42E+00,1.60E+01,,,,,,,,,,,,,,,,,,,,,,,,,,,,,,,,,,,
CA_S66_O2,1,1.33E+00,1.57E+00,1.99E+00,2.53E+00,1.55E+01,,,,,,,,,,,,,,,,,,,,,,,,,,,,,,,,,,,
CA_S66_O2,1,1.34E+00,1.60E+00,2.11E+00,2.65E+00,1.47E+01,,,,,,,,,,,,,,,,,,,,,,,,,,,,,,,,,,,
CA_S66_O2,1,1.35E+00,1.63E+00,2.22E+00,2.76E+00,1.34E+01,,,,,,,,,,,,,,,,,,,,,,,,,,,,,,,,,,,
CA_S66_O2,1,1.36E+00,1.69E+00,2.32E+00,2.87E+00,1.35E+01,,,,,,,,,,,,,,,,,,,,,,,,,,,,,,,,,,,
CA_S66_O2,1,1.37E+00,1.71E+00,2.43E+00,2.97E+00,1.29E+01,,,,,,,,,,,,,,,,,,,,,,,,,,,,,,,,,,,
CA_S66_O2,1,1.38E+00,1.73E+00,2.53E+00,3.07E+00,1.29E+01,,,,,,,,,,,,,,,,,,,,,,,,,,,,,,,,,,,
CA_S66_O2,1,1.38E+00,1.75E+00,2.65E+00,3.17E+00,1.48E+01,,,,,,,,,,,,,,,,,,,,,,,,,,,,,,,,,,,
CA_S66_O2,1,1.39E+00,1.77E+00,2.78E+00,3.29E+00,1.60E+01,,,,,,,,,,,,,,,,,,,,,,,,,,,,,,,,,,,
CA_S66_O2,1,1.40E+00,1.79E+00,2.91E+00,3.42E+00,1.72E+01,,,,,,,,,,,,,,,,,,,,,,,,,,,,,,,,,,,
CA_S66_O2,1,1.41E+00,1.83E+00,3.06E+00,3.57E+00,1.66E+01,,,,,,,,,,,,,,,,,,,,,,,,,,,,,,,,,,,
CA_S66_O2,1,1.42E+00,1.87E+00,3.18E+00,3.68E+00,1.51E+01,,,,,,,,,,,,,,,,,,,,,,,,,,,,,,,,,,,
CA_S66_O2,1,1.43E+00,1.92E+00,3.30E+00,3.81E+00,1.54E+01,,,,,,,,,,,,,,,,,,,,,,,,,,,,,,,,,,,
CA_S66_O2,1,1.43E+00,1.95E+00,3.42E+00,3.94E+00,1.41E+01,,,,,,,,,,,,,,,,,,,,,,,,,,,,,,,,,,,
CA_S66_O2,1,1.44E+00,1.97E+00,3.52E+00,4.04E+00,1.40E+01,,,,,,,,,,,,,,,,,,,,,,,,,,,,,,,,,,,
CA_S66_O2,1,1.45E+00,2.01E+00,3.64E+00,4.16E+00,1.59E+01,,,,,,,,,,,,,,,,,,,,,,,,,,,,,,,,,,,
CA_S66_O2,1,1.46E+00,2.04E+00,3.78E+00,4.30E+00,1.65E+01,,,,,,,,,,,,,,,,,,,,,,,,,,,,,,,,,,,
CA_S66_O2,1,1.47E+00,2.11E+00,3.90E+00,4.44E+00,1.84E+01,,,,,,,,,,,,,,,,,,,,,,,,,,,,,,,,,,,
CA_S66_O2,1,1.48E+00,2.17E+00,4.06E+00,4.60E+00,,,,,,,,,,,,,,,,,,,,,,,,,,,,,,,,,,,,
,,,,,,,,,,,,,,,,,,,,,,,,,,,,,,,,,,,,,,,,,
CA_S66_O2,2,2.08E+00,1.42E+00,1.02E+00,1.75E+00,,,,,,,,,,,,,,,,,,,,,,,,,,,,,,,,,,,,
CA_S66_O2,2,2.09E+00,1.43E+00,1.16E+00,1.84E+00,1.78E+01,,,,,,,,,,,,,,,,,,,,,,,,,,,,,,,,,,,
CA_S66_O2,2,2.09E+00,1.46E+00,1.32E+00,1.97E+00,1.92E+01,,,,,,,,,,,,,,,,,,,,,,,,,,,,,,,,,,,
CA_S66_O2,2,2.10E+00,1.48E+00,1.48E+00,2.09E+00,1.97E+01,,,,,,,,,,,,,,,,,,,,,,,,,,,,,,,,,,,
CA_S66_O2,2,2.11E+00,1.51E+00,1.64E+00,2.23E+00,2.18E+01,,,,,,,,,,,,,,,,,,,,,,,,,,,,,,,,,,,
CA_S66_O2,2,2.12E+00,1.53E+00,1.84E+00,2.39E+00,2.03E+01,,,,,,,,,,,,,,,,,,,,,,,,,,,,,,,,,,,
CA_S66_O2,2,2.13E+00,1.53E+00,1.98E+00,2.50E+00,1.97E+01,,,,,,,,,,,,,,,,,,,,,,,,,,,,,,,,,,,
CA_S66_O2,2,2.14E+00,1.53E+00,2.16E+00,2.65E+00,2.31E+01,,,,,,,,,,,,,,,,,,,,,,,,,,,,,,,,,,,
CA_S66_O2,2,2.14E+00,1.54E+00,2.37E+00,2.82E+00,2.15E+01,,,,,,,,,,,,,,,,,,,,,,,,,,,,,,,,,,,
CA_S66_O2,2,2.15E+00,1.54E+00,2.52E+00,2.96E+00,2.01E+01,,,,,,,,,,,,,,,,,,,,,,,,,,,,,,,,,,,
CA_S66_O2,2,2.16E+00,1.57E+00,2.70E+00,3.12E+00,2.15E+01,,,,,,,,,,,,,,,,,,,,,,,,,,,,,,,,,,,
CA_S66_O2,2,2.17E+00,1.58E+00,2.88E+00,3.28E+00,1.97E+01,,,,,,,,,,,,,,,,,,,,,,,,,,,,,,,,,,,
CA_S66_O2,2,2.18E+00,1.60E+00,3.03E+00,3.42E+00,2.18E+01,,,,,,,,,,,,,,,,,,,,,,,,,,,,,,,,,,,
CA_S66_O2,2,2.19E+00,1.62E+00,3.24E+00,3.62E+00,2.37E+01,,,,,,,,,,,,,,,,,,,,,,,,,,,,,,,,,,,
CA_S66_O2,2,2.19E+00,1.65E+00,3.42E+00,3.80E+00,2.10E+01,,,,,,,,,,,,,,,,,,,,,,,,,,,,,,,,,,,
CA_S66_O2,2,2.20E+00,1.68E+00,3.59E+00,3.96E+00,2.18E+01,,,,,,,,,,,,,,,,,,,,,,,,,,,,,,,,,,,
CA_S66_O2,2,2.21E+00,1.70E+00,3.78E+00,4.15E+00,2.13E+01,,,,,,,,,,,,,,,,,,,,,,,,,,,,,,,,,,,
CA_S66_O2,2,2.22E+00,1.74E+00,3.94E+00,4.30E+00,2.10E+01,,,,,,,,,,,,,,,,,,,,,,,,,,,,,,,,,,,
CA_S66_O2,2,2.23E+00,1.79E+00,4.12E+00,4.49E+00,,,,,,,,,,,,,,,,,,,,,,,,,,,,,,,,,,,,
,,,,,,,,,,,,,,,,,,,,,,,,,,,,,,,,,,,,,,,,,
CA_S66_O2,3,6.91E+00,1.25E+00,1.08E+00,1.65E+00,,,,,,,,,,,,,,,,,,,,,,,,,,,,,,,,,,,,
CA_S66_O2,3,6.92E+00,1.29E+00,1.20E+00,1.77E+00,1.68E+01,,,,,,,,,,,,,,,,,,,,,,,,,,,,,,,,,,,
CA_S66_O2,3,6.92E+00,1.34E+00,1.35E+00,1.90E+00,1.70E+01,,,,,,,,,,,,,,,,,,,,,,,,,,,,,,,,,,,
CA_S66_O2,3,6.93E+00,1.38E+00,1.48E+00,2.02E+00,1.83E+01,,,,,,,,,,,,,,,,,,,,,,,,,,,,,,,,,,,
CA_S66_O2,3,6.94E+00,1.42E+00,1.64E+00,2.17E+00,1.98E+01,,,,,,,,,,,,,,,,,,,,,,,,,,,,,,,,,,,
CA_S66_O2,3,6.95E+00,1.46E+00,1.80E+00,2.31E+00,1.93E+01,,,,,,,,,,,,,,,,,,,,,,,,,,,,,,,,,,,
CA_S66_O2,3,6.96E+00,1.49E+00,1.96E+00,2.46E+00,1.91E+01,,,,,,,,,,,,,,,,,,,,,,,,,,,,,,,,,,,
CA_S66_O2,3,6.97E+00,1.53E+00,2.10E+00,2.60E+00,1.92E+01,,,,,,,,,,,,,,,,,,,,,,,,,,,,,,,,,,,
CA_S66_O2,3,6.97E+00,1.58E+00,2.26E+00,2.76E+00,2.01E+01,,,,,,,,,,,,,,,,,,,,,,,,,,,,,,,,,,,
CA_S66_O2,3,6.98E+00,1.65E+00,2.42E+00,2.93E+00,1.98E+01,,,,,,,,,,,,,,,,,,,,,,,,,,,,,,,,,,,
CA_S66_O2,3,6.99E+00,1.70E+00,2.57E+00,3.08E+00,1.81E+01,,,,,,,,,,,,,,,,,,,,,,,,,,,,,,,,,,,
CA_S66_O2,3,7.00E+00,1.72E+00,2.71E+00,3.21E+00,1.73E+01,,,,,,,,,,,,,,,,,,,,,,,,,,,,,,,,,,,
CA_S66_O2,3,7.01E+00,1.75E+00,2.86E+00,3.35E+00,1.86E+01,,,,,,,,,,,,,,,,,,,,,,,,,,,,,,,,,,,
CA_S66_O2,3,7.02E+00,1.78E+00,3.02E+00,3.50E+00,1.85E+01,,,,,,,,,,,,,,,,,,,,,,,,,,,,,,,,,,,
CA_S66_O2,3,7.02E+00,1.82E+00,3.16E+00,3.64E+00,1.67E+01,,,,,,,,,,,,,,,,,,,,,,,,,,,,,,,,,,,
CA_S66_O2,3,7.03E+00,1.84E+00,3.29E+00,3.77E+00,1.97E+01,,,,,,,,,,,,,,,,,,,,,,,,,,,,,,,,,,,
CA_S66_O2,3,7.04E+00,1.88E+00,3.48E+00,3.96E+00,1.83E+01,,,,,,,,,,,,,,,,,,,,,,,,,,,,,,,,,,,
CA_S66_O2,3,7.05E+00,1.90E+00,3.59E+00,4.06E+00,1.64E+01,,,,,,,,,,,,,,,,,,,,,,,,,,,,,,,,,,,
CA_S66_O2,3,7.06E+00,1.95E+00,3.75E+00,4.22E+00,1.78E+01,,,,,,,,,,,,,,,,,,,,,,,,,,,,,,,,,,,
CA_S66_O2,3,7.07E+00,1.98E+00,3.88E+00,4.35E+00,1.91E+01,,,,,,,,,,,,,,,,,,,,,,,,,,,,,,,,,,,
CA_S66_O2,3,7.07E+00,2.01E+00,4.06E+00,4.53E+00,2.22E+01,,,,,,,,,,,,,,,,,,,,,,,,,,,,,,,,,,,
CA_S66_O2,3,7.08E+00,2.05E+00,4.24E+00,4.71E+00,,,,,,,,,,,,,,,,,,,,,,,,,,,,,,,,,,,,
,,,,,,,,,,,,,,,,,,,,,,,,,,,,,,,,,,,,,,,,,
CA_S66_O2,4,1.37E+01,1.40E+00,1.19E+00,1.84E+00,,,,,,,,,,,,,,,,,,,,,,,,,,,,,,,,,,,,
CA_S66_O2,4,1.38E+01,1.42E+00,1.31E+00,1.93E+00,1.48E+01,,,,,,,,,,,,,,,,,,,,,,,,,,,,,,,,,,,
CA_S66_O2,4,1.38E+01,1.40E+00,1.44E+00,2.01E+00,1.46E+01,,,,,,,,,,,,,,,,,,,,,,,,,,,,,,,,,,,
CA_S66_O2,4,1.38E+01,1.41E+00,1.55E+00,2.10E+00,1.67E+01,,,,,,,,,,,,,,,,,,,,,,,,,,,,,,,,,,,
CA_S66_O2,4,1.38E+01,1.42E+00,1.71E+00,2.23E+00,1.64E+01,,,,,,,,,,,,,,,,,,,,,,,,,,,,,,,,,,,
CA_S66_O2,4,1.38E+01,1.44E+00,1.82E+00,2.32E+00,1.39E+01,,,,,,,,,,,,,,,,,,,,,,,,,,,,,,,,,,,
CA_S66_O2,4,1.38E+01,1.47E+00,1.94E+00,2.43E+00,1.56E+01,,,,,,,,,,,,,,,,,,,,,,,,,,,,,,,,,,,
CA_S66_O2,4,1.38E+01,1.49E+00,2.08E+00,2.56E+00,1.49E+01,,,,,,,,,,,,,,,,,,,,,,,,,,,,,,,,,,,
CA_S66_O2,4,1.38E+01,1.50E+00,2.19E+00,2.65E+00,1.57E+01,,,,,,,,,,,,,,,,,,,,,,,,,,,,,,,,,,,
CA_S66_O2,4,1.38E+01,1.53E+00,2.34E+00,2.80E+00,1.75E+01,,,,,,,,,,,,,,,,,,,,,,,,,,,,,,,,,,,
CA_S66_O2,4,1.38E+01,1.54E+00,2.48E+00,2.92E+00,1.51E+01,,,,,,,,,,,,,,,,,,,,,,,,,,,,,,,,,,,
CA_S66_O2,4,1.38E+01,1.57E+00,2.59E+00,3.03E+00,1.67E+01,,,,,,,,,,,,,,,,,,,,,,,,,,,,,,,,,,,
CA_S66_O2,4,1.38E+01,1.61E+00,2.75E+00,3.18E+00,1.88E+01,,,,,,,,,,,,,,,,,,,,,,,,,,,,,,,,,,,
CA_S66_O2,4,1.39E+01,1.65E+00,2.89E+00,3.33E+00,1.64E+01,,,,,,,,,,,,,,,,,,,,,,,,,,,,,,,,,,,
CA_S66_O2,4,1.39E+01,1.68E+00,3.01E+00,3.45E+00,1.80E+01,,,,,,,,,,,,,,,,,,,,,,,,,,,,,,,,,,,
CA_S66_O2,4,1.39E+01,1.70E+00,3.19E+00,3.61E+00,2.01E+01,,,,,,,,,,,,,,,,,,,,,,,,,,,,,,,,,,,
CA_S66_O2,4,1.39E+01,1.75E+00,3.34E+00,3.77E+00,1.87E+01,,,,,,,,,,,,,,,,,,,,,,,,,,,,,,,,,,,
CA_S66_O2,4,1.39E+01,1.79E+00,3.49E+00,3.92E+00,1.80E+01,,,,,,,,,,,,,,,,,,,,,,,,,,,,,,,,,,,
CA_S66_O2,4,1.39E+01,1.78E+00,3.64E+00,4.05E+00,1.84E+01,,,,,,,,,,,,,,,,,,,,,,,,,,,,,,,,,,,
CA_S66_O2,4,1.39E+01,1.83E+00,3.79E+00,4.21E+00,1.81E+01,,,,,,,,,,,,,,,,,,,,,,,,,,,,,,,,,,,
CA_S66_O2,4,1.39E+01,1.86E+00,3.93E+00,4.35E+00,1.40E+01,,,,,,,,,,,,,,,,,,,,,,,,,,,,,,,,,,,
CA_S66_O2,4,1.39E+01,1.89E+00,4.01E+00,4.44E+00,1.64E+01,,,,,,,,,,,,,,,,,,,,,,,,,,,,,,,,,,,
CA_S66_O2,4,1.39E+01,1.94E+00,4.19E+00,4.62E+00,1.76E+01,,,,,,,,,,,,,,,,,,,,,,,,,,,,,,,,,,,
CA_S66_O2,4,1.39E+01,1.95E+00,4.30E+00,4.72E+00,,,,,,,,,,,,,,,,,,,,,,,,,,,,,,,,,,,,
,,,,,,,,,,,,,,,,,,,,,,,,,,,,,,,,,,,,,,,,,
CA_S66_O2,5,2.14E+01,1.16E+00,1.00E+00,1.54E+00,,,,,,,,,,,,,,,,,,,,,,,,,,,,,,,,,,,,
CA_S66_O2,5,2.14E+01,1.19E+00,1.12E+00,1.64E+00,1.63E+01,,,,,,,,,,,,,,,,,,,,,,,,,,,,,,,,,,,
CA_S66_O2,5,2.14E+01,1.22E+00,1.27E+00,1.76E+00,1.66E+01,,,,,,,,,,,,,,,,,,,,,,,,,,,,,,,,,,,
CA_S66_O2,5,2.14E+01,1.24E+00,1.40E+00,1.87E+00,1.76E+01,,,,,,,,,,,,,,,,,,,,,,,,,,,,,,,,,,,
CA_S66_O2,5,2.14E+01,1.26E+00,1.56E+00,2.00E+00,2.09E+01,,,,,,,,,,,,,,,,,,,,,,,,,,,,,,,,,,,
CA_S66_O2,5,2.14E+01,1.29E+00,1.74E+00,2.17E+00,2.01E+01,,,,,,,,,,,,,,,,,,,,,,,,,,,,,,,,,,,
CA_S66_O2,5,2.14E+01,1.30E+00,1.89E+00,2.29E+00,1.84E+01,,,,,,,,,,,,,,,,,,,,,,,,,,,,,,,,,,,
CA_S66_O2,5,2.15E+01,1.33E+00,2.04E+00,2.44E+00,1.97E+01,,,,,,,,,,,,,,,,,,,,,,,,,,,,,,,,,,,
CA_S66_O2,5,2.15E+01,1.36E+00,2.21E+00,2.60E+00,2.11E+01,,,,,,,,,,,,,,,,,,,,,,,,,,,,,,,,,,,
CA_S66_O2,5,2.15E+01,1.39E+00,2.39E+00,2.77E+00,2.04E+01,,,,,,,,,,,,,,,,,,,,,,,,,,,,,,,,,,,
CA_S66_O2,5,2.15E+01,1.40E+00,2.55E+00,2.91E+00,1.82E+01,,,,,,,,,,,,,,,,,,,,,,,,,,,,,,,,,,,
CA_S66_O2,5,2.15E+01,1.39E+00,2.70E+00,3.04E+00,1.82E+01,,,,,,,,,,,,,,,,,,,,,,,,,,,,,,,,,,,
CA_S66_O2,5,2.15E+01,1.42E+00,2.86E+00,3.19E+00,1.82E+01,,,,,,,,,,,,,,,,,,,,,,,,,,,,,,,,,,,
CA_S66_O2,5,2.15E+01,1.44E+00,3.00E+00,3.32E+00,1.78E+01,,,,,,,,,,,,,,,,,,,,,,,,,,,,,,,,,,,
CA_S66_O2,5,2.15E+01,1.45E+00,3.15E+00,3.47E+00,1.64E+01,,,,,,,,,,,,,,,,,,,,,,,,,,,,,,,,,,,
CA_S66_O2,5,2.15E+01,1.47E+00,3.27E+00,3.58E+00,1.37E+01,,,,,,,,,,,,,,,,,,,,,,,,,,,,,,,,,,,
CA_S66_O2,5,2.15E+01,1.47E+00,3.38E+00,3.69E+00,1.37E+01,,,,,,,,,,,,,,,,,,,,,,,,,,,,,,,,,,,
CA_S66_O2,5,2.15E+01,1.50E+00,3.50E+00,3.80E+00,1.42E+01,,,,,,,,,,,,,,,,,,,,,,,,,,,,,,,,,,,
CA_S66_O2,5,2.15E+01,1.52E+00,3.61E+00,3.92E+00,1.70E+01,,,,,,,,,,,,,,,,,,,,,,,,,,,,,,,,,,,
CA_S66_O2,5,2.16E+01,1.56E+00,3.77E+00,4.08E+00,1.39E+01,,,,,,,,,,,,,,,,,,,,,,,,,,,,,,,,,,,
CA_S66_O2,5,2.16E+01,1.61E+00,3.83E+00,4.15E+00,1.19E+01,,,,,,,,,,,,,,,,,,,,,,,,,,,,,,,,,,,
CA_S66_O2,5,2.16E+01,1.61E+00,3.96E+00,4.28E+00,1.54E+01,,,,,,,,,,,,,,,,,,,,,,,,,,,,,,,,,,,
CA_S66_O2,5,2.16E+01,1.64E+00,4.08E+00,4.40E+00,1.39E+01,,,,,,,,,,,,,,,,,,,,,,,,,,,,,,,,,,,
CA_S66_O2,5,2.16E+01,1.70E+00,4.18E+00,4.51E+00,,,,,,,,,,,,,,,,,,,,,,,,,,,,,,,,,,,,
,,,,,,,,,,,,,,,,,,,,,,,,,,,,,,,,,,,,,,,,,
DA_S34_O1,1,1.22E+00,8.67E-01,9.99E-01,1.32E+00,,,,,,,,,,,,,,,,,,,,,,,,,,,,,,,,,,,,
DA_S34_O1,1,1.23E+00,8.55E-01,1.14E+00,1.43E+00,1.64E+01,,,,,,,,,,,,,,,,,,,,,,,,,,,,,,,,,,,
DA_S34_O1,1,1.23E+00,8.45E-01,1.27E+00,1.53E+00,1.49E+01,,,,,,,,,,,,,,,,,,,,,,,,,,,,,,,,,,,
DA_S34_O1,1,1.24E+00,8.36E-01,1.39E+00,1.62E+00,1.51E+01,,,,,,,,,,,,,,,,,,,,,,,,,,,,,,,,,,,
DA_S34_O1,1,1.25E+00,8.24E-01,1.52E+00,1.73E+00,1.66E+01,,,,,,,,,,,,,,,,,,,,,,,,,,,,,,,,,,,
DA_S34_O1,1,1.26E+00,7.96E-01,1.66E+00,1.84E+00,1.55E+01,,,,,,,,,,,,,,,,,,,,,,,,,,,,,,,,,,,
DA_S34_O1,1,1.27E+00,7.94E-01,1.78E+00,1.95E+00,1.44E+01,,,,,,,,,,,,,,,,,,,,,,,,,,,,,,,,,,,
DA_S34_O1,1,1.28E+00,7.72E-01,1.90E+00,2.05E+00,1.67E+01,,,,,,,,,,,,,,,,,,,,,,,,,,,,,,,,,,,
DA_S34_O1,1,1.28E+00,7.39E-01,2.05E+00,2.18E+00,1.68E+01,,,,,,,,,,,,,,,,,,,,,,,,,,,,,,,,,,,
DA_S34_O1,1,1.29E+00,7.22E-01,2.18E+00,2.29E+00,1.65E+01,,,,,,,,,,,,,,,,,,,,,,,,,,,,,,,,,,,
DA_S34_O1,1,1.30E+00,6.83E-01,2.32E+00,2.42E+00,1.63E+01,,,,,,,,,,,,,,,,,,,,,,,,,,,,,,,,,,,
DA_S34_O1,1,1.31E+00,6.67E-01,2.45E+00,2.53E+00,1.59E+01,,,,,,,,,,,,,,,,,,,,,,,,,,,,,,,,,,,
DA_S34_O1,1,1.32E+00,6.34E-01,2.58E+00,2.66E+00,1.59E+01,,,,,,,,,,,,,,,,,,,,,,,,,,,,,,,,,,,
DA_S34_O1,1,1.33E+00,6.18E-01,2.71E+00,2.78E+00,1.69E+01,,,,,,,,,,,,,,,,,,,,,,,,,,,,,,,,,,,
DA_S34_O1,1,1.33E+00,5.66E-01,2.86E+00,2.91E+00,1.93E+01,,,,,,,,,,,,,,,,,,,,,,,,,,,,,,,,,,,
DA_S34_O1,1,1.34E+00,5.15E-01,3.01E+00,3.05E+00,1.82E+01,,,,,,,,,,,,,,,,,,,,,,,,,,,,,,,,,,,
DA_S34_O1,1,1.35E+00,4.85E-01,3.15E+00,3.19E+00,1.88E+01,,,,,,,,,,,,,,,,,,,,,,,,,,,,,,,,,,,
DA_S34_O1,1,1.36E+00,4.18E-01,3.31E+00,3.34E+00,2.07E+01,,,,,,,,,,,,,,,,,,,,,,,,,,,,,,,,,,,
DA_S34_O1,1,1.37E+00,3.69E-01,3.47E+00,3.49E+00,1.85E+01,,,,,,,,,,,,,,,,,,,,,,,,,,,,,,,,,,,
DA_S34_O1,1,1.38E+00,3.32E-01,3.61E+00,3.62E+00,1.78E+01,,,,,,,,,,,,,,,,,,,,,,,,,,,,,,,,,,,
DA_S34_O1,1,1.38E+00,2.80E-01,3.76E+00,3.77E+00,1.91E+01,,,,,,,,,,,,,,,,,,,,,,,,,,,,,,,,,,,
DA_S34_O1,1,1.39E+00,2.30E-01,3.91E+00,3.91E+00,1.82E+01,,,,,,,,,,,,,,,,,,,,,,,,,,,,,,,,,,,
DA_S34_O1,1,1.40E+00,1.99E-01,4.05E+00,4.05E+00,1.85E+01,,,,,,,,,,,,,,,,,,,,,,,,,,,,,,,,,,,
DA_S34_O1,1,1.41E+00,1.58E-01,4.21E+00,4.21E+00,,,,,,,,,,,,,,,,,,,,,,,,,,,,,,,,,,,,
,,,,,,,,,,,,,,,,,,,,,,,,,,,,,,,,,,,,,,,,,
DA_S34_O1,2,3.53E+00,9.28E-01,8.30E-01,1.25E+00,,,,,,,,,,,,,,,,,,,,,,,,,,,,,,,,,,,,
DA_S34_O1,2,3.54E+00,9.39E-01,9.20E-01,1.31E+00,9.73E+00,,,,,,,,,,,,,,,,,,,,,,,,,,,,,,,,,,,
DA_S34_O1,2,3.55E+00,9.49E-01,9.91E-01,1.37E+00,1.25E+01,,,,,,,,,,,,,,,,,,,,,,,,,,,,,,,,,,,
DA_S34_O1,2,3.55E+00,9.56E-01,1.13E+00,1.48E+00,1.58E+01,,,,,,,,,,,,,,,,,,,,,,,,,,,,,,,,,,,
DA_S34_O1,2,3.56E+00,9.65E-01,1.25E+00,1.58E+00,1.51E+01,,,,,,,,,,,,,,,,,,,,,,,,,,,,,,,,,,,
DA_S34_O1,2,3.57E+00,9.61E-01,1.38E+00,1.68E+00,1.55E+01,,,,,,,,,,,,,,,,,,,,,,,,,,,,,,,,,,,
DA_S34_O1,2,3.58E+00,9.44E-01,1.51E+00,1.78E+00,1.40E+01,,,,,,,,,,,,,,,,,,,,,,,,,,,,,,,,,,,
DA_S34_O1,2,3.59E+00,9.43E-01,1.61E+00,1.87E+00,1.25E+01,,,,,,,,,,,,,,,,,,,,,,,,,,,,,,,,,,,
DA_S34_O1,2,3.60E+00,9.42E-01,1.72E+00,1.96E+00,1.40E+01,,,,,,,,,,,,,,,,,,,,,,,,,,,,,,,,,,,
DA_S34_O1,2,3.60E+00,9.31E-01,1.84E+00,2.07E+00,1.57E+01,,,,,,,,,,,,,,,,,,,,,,,,,,,,,,,,,,,
DA_S34_O1,2,3.61E+00,9.28E-01,1.98E+00,2.19E+00,1.38E+01,,,,,,,,,,,,,,,,,,,,,,,,,,,,,,,,,,,
DA_S34_O1,2,3.62E+00,9.27E-01,2.08E+00,2.27E+00,1.27E+01,,,,,,,,,,,,,,,,,,,,,,,,,,,,,,,,,,,
DA_S34_O1,2,3.63E+00,9.21E-01,2.19E+00,2.38E+00,1.30E+01,,,,,,,,,,,,,,,,,,,,,,,,,,,,,,,,,,,
DA_S34_O1,2,3.64E+00,9.17E-01,2.29E+00,2.47E+00,1.40E+01,,,,,,,,,,,,,,,,,,,,,,,,,,,,,,,,,,,
DA_S34_O1,2,3.65E+00,9.18E-01,2.43E+00,2.59E+00,1.68E+01,,,,,,,,,,,,,,,,,,,,,,,,,,,,,,,,,,,
DA_S34_O1,2,3.65E+00,9.14E-01,2.57E+00,2.73E+00,1.56E+01,,,,,,,,,,,,,,,,,,,,,,,,,,,,,,,,,,,
DA_S34_O1,2,3.66E+00,9.15E-01,2.69E+00,2.84E+00,1.49E+01,,,,,,,,,,,,,,,,,,,,,,,,,,,,,,,,,,,
DA_S34_O1,2,3.67E+00,8.94E-01,2.82E+00,2.96E+00,1.65E+01,,,,,,,,,,,,,,,,,,,,,,,,,,,,,,,,,,,
DA_S34_O1,2,3.68E+00,9.02E-01,2.96E+00,3.10E+00,1.64E+01,,,,,,,,,,,,,,,,,,,,,,,,,,,,,,,,,,,
DA_S34_O1,2,3.69E+00,9.05E-01,3.09E+00,3.22E+00,1.46E+01,,,,,,,,,,,,,,,,,,,,,,,,,,,,,,,,,,,
DA_S34_O1,2,3.70E+00,8.92E-01,3.21E+00,3.33E+00,1.52E+01,,,,,,,,,,,,,,,,,,,,,,,,,,,,,,,,,,,
DA_S34_O1,2,3.70E+00,8.87E-01,3.35E+00,3.46E+00,1.64E+01,,,,,,,,,,,,,,,,,,,,,,,,,,,,,,,,,,,
DA_S34_O1,2,3.71E+00,8.76E-01,3.48E+00,3.59E+00,1.50E+01,,,,,,,,,,,,,,,,,,,,,,,,,,,,,,,,,,,
DA_S34_O1,2,3.72E+00,8.96E-01,3.60E+00,3.71E+00,1.68E+01,,,,,,,,,,,,,,,,,,,,,,,,,,,,,,,,,,,
DA_S34_O1,2,3.73E+00,8.80E-01,3.76E+00,3.86E+00,1.81E+01,,,,,,,,,,,,,,,,,,,,,,,,,,,,,,,,,,,
DA_S34_O1,2,3.74E+00,8.83E-01,3.90E+00,4.00E+00,1.61E+01,,,,,,,,,,,,,,,,,,,,,,,,,,,,,,,,,,,
DA_S34_O1,2,3.75E+00,8.93E-01,4.03E+00,4.12E+00,,,,,,,,,,,,,,,,,,,,,,,,,,,,,,,,,,,,
,,,,,,,,,,,,,,,,,,,,,,,,,,,,,,,,,,,,,,,,,
DA_S34_O1,3,6.50E+00,8.55E-01,7.61E-01,1.14E+00,,,,,,,,,,,,,,,,,,,,,,,,,,,,,,,,,,,,
DA_S34_O1,3,6.51E+00,8.66E-01,8.31E-01,1.20E+00,8.61E+00,,,,,,,,,,,,,,,,,,,,,,,,,,,,,,,,,,,
DA_S34_O1,3,6.51E+00,8.72E-01,9.03E-01,1.26E+00,1.00E+01,,,,,,,,,,,,,,,,,,,,,,,,,,,,,,,,,,,
DA_S34_O1,3,6.52E+00,8.67E-01,9.99E-01,1.32E+00,1.10E+01,,,,,,,,,,,,,,,,,,,,,,,,,,,,,,,,,,,
DA_S34_O1,3,6.53E+00,8.72E-01,1.09E+00,1.39E+00,1.06E+01,,,,,,,,,,,,,,,,,,,,,,,,,,,,,,,,,,,
DA_S34_O1,3,6.54E+00,8.80E-01,1.18E+00,1.47E+00,1.02E+01,,,,,,,,,,,,,,,,,,,,,,,,,,,,,,,,,,,
DA_S34_O1,3,6.55E+00,8.85E-01,1.26E+00,1.54E+00,1.09E+01,,,,,,,,,,,,,,,,,,,,,,,,,,,,,,,,,,,
DA_S34_O1,3,6.56E+00,8.94E-01,1.36E+00,1.62E+00,1.24E+01,,,,,,,,,,,,,,,,,,,,,,,,,,,,,,,,,,,
DA_S34_O1,3,6.56E+00,9.04E-01,1.46E+00,1.72E+00,1.34E+01,,,,,,,,,,,,,,,,,,,,,,,,,,,,,,,,,,,
DA_S34_O1,3,6.57E+00,9.14E-01,1.58E+00,1.82E+00,1.32E+01,,,,,,,,,,,,,,,,,,,,,,,,,,,,,,,,,,,
DA_S34_O1,3,6.58E+00,9.11E-01,1.68E+00,1.91E+00,1.23E+01,,,,,,,,,,,,,,,,,,,,,,,,,,,,,,,,,,,
DA_S34_O1,3,6.59E+00,9.19E-01,1.78E+00,2.01E+00,1.22E+01,,,,,,,,,,,,,,,,,,,,,,,,,,,,,,,,,,,
DA_S34_O1,3,6.60E+00,9.21E-01,1.89E+00,2.10E+00,1.27E+01,,,,,,,,,,,,,,,,,,,,,,,,,,,,,,,,,,,
DA_S34_O1,3,6.61E+00,9.31E-01,2.00E+00,2.20E+00,1.22E+01,,,,,,,,,,,,,,,,,,,,,,,,,,,,,,,,,,,
DA_S34_O1,3,6.61E+00,9.40E-01,2.09E+00,2.29E+00,1.12E+01,,,,,,,,,,,,,,,,,,,,,,,,,,,,,,,,,,,
DA_S34_O1,3,6.62E+00,9.43E-01,2.18E+00,2.38E+00,1.15E+01,,,,,,,,,,,,,,,,,,,,,,,,,,,,,,,,,,,
DA_S34_O1,3,6.63E+00,9.39E-01,2.28E+00,2.47E+00,1.16E+01,,,,,,,,,,,,,,,,,,,,,,,,,,,,,,,,,,,
DA_S34_O1,3,6.64E+00,9.38E-01,2.37E+00,2.55E+00,1.17E+01,,,,,,,,,,,,,,,,,,,,,,,,,,,,,,,,,,,
DA_S34_O1,3,6.65E+00,9.30E-01,2.48E+00,2.64E+00,1.34E+01,,,,,,,,,,,,,,,,,,,,,,,,,,,,,,,,,,,
DA_S34_O1,3,6.66E+00,9.34E-01,2.60E+00,2.76E+00,1.26E+01,,,,,,,,,,,,,,,,,,,,,,,,,,,,,,,,,,,
DA_S34_O1,3,6.66E+00,9.36E-01,2.68E+00,2.84E+00,1.17E+01,,,,,,,,,,,,,,,,,,,,,,,,,,,,,,,,,,,
DA_S34_O1,3,6.67E+00,9.31E-01,2.79E+00,2.94E+00,1.23E+01,,,,,,,,,,,,,,,,,,,,,,,,,,,,,,,,,,,
DA_S34_O1,3,6.68E+00,9.22E-01,2.89E+00,3.03E+00,1.26E+01,,,,,,,,,,,,,,,,,,,,,,,,,,,,,,,,,,,
DA_S34_O1,3,6.69E+00,9.11E-01,3.00E+00,3.14E+00,1.31E+01,,,,,,,,,,,,,,,,,,,,,,,,,,,,,,,,,,,
DA_S34_O1,3,6.70E+00,9.08E-01,3.11E+00,3.24E+00,1.20E+01,,,,,,,,,,,,,,,,,,,,,,,,,,,,,,,,,,,
DA_S34_O1,3,6.71E+00,9.13E-01,3.20E+00,3.33E+00,1.33E+01,,,,,,,,,,,,,,,,,,,,,,,,,,,,,,,,,,,
DA_S34_O1,3,6.72E+00,9.05E-01,3.33E+00,3.45E+00,1.41E+01,,,,,,,,,,,,,,,,,,,,,,,,,,,,,,,,,,,
DA_S34_O1,3,6.72E+00,8.91E-01,3.44E+00,3.55E+00,1.26E+01,,,,,,,,,,,,,,,,,,,,,,,,,,,,,,,,,,,
DA_S34_O1,3,6.73E+00,8.85E-01,3.54E+00,3.65E+00,1.17E+01,,,,,,,,,,,,,,,,,,,,,,,,,,,,,,,,,,,
DA_S34_O1,3,6.74E+00,8.88E-01,3.63E+00,3.74E+00,1.28E+01,,,,,,,,,,,,,,,,,,,,,,,,,,,,,,,,,,,
DA_S34_O1,3,6.75E+00,8.87E-01,3.75E+00,3.86E+00,1.41E+01,,,,,,,,,,,,,,,,,,,,,,,,,,,,,,,,,,,
DA_S34_O1,3,6.76E+00,8.75E-01,3.87E+00,3.96E+00,,,,,,,,,,,,,,,,,,,,,,,,,,,,,,,,,,,,
,,,,,,,,,,,,,,,,,,,,,,,,,,,,,,,,,,,,,,,,,
DA_S34_O1,4,7.55E+00,5.57E-01,6.83E-01,8.82E-01,,,,,,,,,,,,,,,,,,,,,,,,,,,,,,,,,,,,
DA_S34_O1,4,7.56E+00,5.54E-01,7.54E-01,9.36E-01,8.55E+00,,,,,,,,,,,,,,,,,,,,,,,,,,,,,,,,,,,
DA_S34_O1,4,7.57E+00,5.61E-01,8.26E-01,9.98E-01,9.18E+00,,,,,,,,,,,,,,,,,,,,,,,,,,,,,,,,,,,
DA_S34_O1,4,7.57E+00,5.60E-01,9.07E-01,1.07E+00,9.42E+00,,,,,,,,,,,,,,,,,,,,,,,,,,,,,,,,,,,
DA_S34_O1,4,7.58E+00,5.54E-01,9.83E-01,1.13E+00,1.02E+01,,,,,,,,,,,,,,,,,,,,,,,,,,,,,,,,,,,
DA_S34_O1,4,7.59E+00,5.53E-01,1.08E+00,1.21E+00,1.05E+01,,,,,,,,,,,,,,,,,,,,,,,,,,,,,,,,,,,
DA_S34_O1,4,7.60E+00,5.39E-01,1.16E+00,1.28E+00,9.74E+00,,,,,,,,,,,,,,,,,,,,,,,,,,,,,,,,,,,
DA_S34_O1,4,7.61E+00,5.44E-01,1.24E+00,1.35E+00,8.86E+00,,,,,,,,,,,,,,,,,,,,,,,,,,,,,,,,,,,
DA_S34_O1,4,7.62E+00,5.40E-01,1.31E+00,1.41E+00,9.51E+00,,,,,,,,,,,,,,,,,,,,,,,,,,,,,,,,,,,
DA_S34_O1,4,7.62E+00,5.33E-01,1.40E+00,1.50E+00,1.09E+01,,,,,,,,,,,,,,,,,,,,,,,,,,,,,,,,,,,
DA_S34_O1,4,7.63E+00,5.24E-01,1.49E+00,1.58E+00,1.09E+01,,,,,,,,,,,,,,,,,,,,,,,,,,,,,,,,,,,
DA_S34_O1,4,7.64E+00,5.18E-01,1.58E+00,1.66E+00,1.10E+01,,,,,,,,,,,,,,,,,,,,,,,,,,,,,,,,,,,
DA_S34_O1,4,7.65E+00,5.02E-01,1.67E+00,1.74E+00,1.03E+01,,,,,,,,,,,,,,,,,,,,,,,,,,,,,,,,,,,
DA_S34_O1,4,7.66E+00,5.01E-01,1.75E+00,1.82E+00,9.37E+00,,,,,,,,,,,,,,,,,,,,,,,,,,,,,,,,,,,
DA_S34_O1,4,7.67E+00,4.77E-01,1.82E+00,1.89E+00,1.03E+01,,,,,,,,,,,,,,,,,,,,,,,,,,,,,,,,,,,
DA_S34_O1,4,7.67E+00,4.65E-01,1.92E+00,1.98E+00,1.06E+01,,,,,,,,,,,,,,,,,,,,,,,,,,,,,,,,,,,
DA_S34_O1,4,7.68E+00,4.46E-01,2.00E+00,2.05E+00,9.23E+00,,,,,,,,,,,,,,,,,,,,,,,,,,,,,,,,,,,
DA_S34_O1,4,7.69E+00,4.33E-01,2.07E+00,2.11E+00,8.84E+00,,,,,,,,,,,,,,,,,,,,,,,,,,,,,,,,,,,
DA_S34_O1,4,7.70E+00,4.13E-01,2.14E+00,2.18E+00,8.46E+00,,,,,,,,,,,,,,,,,,,,,,,,,,,,,,,,,,,
DA_S34_O1,4,7.71E+00,4.00E-01,2.21E+00,2.24E+00,9.05E+00,,,,,,,,,,,,,,,,,,,,,,,,,,,,,,,,,,,
DA_S34_O1,4,7.72E+00,3.67E-01,2.29E+00,2.32E+00,8.81E+00,,,,,,,,,,,,,,,,,,,,,,,,,,,,,,,,,,,
DA_S34_O1,4,7.72E+00,3.48E-01,2.34E+00,2.37E+00,8.36E+00,,,,,,,,,,,,,,,,,,,,,,,,,,,,,,,,,,,
DA_S34_O1,4,7.73E+00,3.27E-01,2.42E+00,2.44E+00,8.42E+00,,,,,,,,,,,,,,,,,,,,,,,,,,,,,,,,,,,
DA_S34_O1,4,7.74E+00,2.90E-01,2.47E+00,2.49E+00,5.33E+00,,,,,,,,,,,,,,,,,,,,,,,,,,,,,,,,,,,
DA_S34_O1,4,7.75E+00,2.74E-01,2.49E+00,2.51E+00,5.81E+00,,,,,,,,,,,,,,,,,,,,,,,,,,,,,,,,,,,
DA_S34_O1,4,7.76E+00,2.55E-01,2.56E+00,2.58E+00,8.36E+00,,,,,,,,,,,,,,,,,,,,,,,,,,,,,,,,,,,
DA_S34_O1,4,7.77E+00,2.34E-01,2.62E+00,2.63E+00,7.81E+00,,,,,,,,,,,,,,,,,,,,,,,,,,,,,,,,,,,
DA_S34_O1,4,7.77E+00,2.16E-01,2.69E+00,2.70E+00,8.65E+00,,,,,,,,,,,,,,,,,,,,,,,,,,,,,,,,,,,
DA_S34_O1,4,7.78E+00,1.85E-01,2.76E+00,2.77E+00,9.31E+00,,,,,,,,,,,,,,,,,,,,,,,,,,,,,,,,,,,
DA_S34_O1,4,7.79E+00,1.54E-01,2.83E+00,2.83E+00,9.18E+00,,,,,,,,,,,,,,,,,,,,,,,,,,,,,,,,,,,
DA_S34_O1,4,7.80E+00,1.33E-01,2.90E+00,2.91E+00,9.46E+00,,,,,,,,,,,,,,,,,,,,,,,,,,,,,,,,,,,
DA_S34_O1,4,7.81E+00,1.11E-01,2.98E+00,2.98E+00,1.11E+01,,,,,,,,,,,,,,,,,,,,,,,,,,,,,,,,,,,
DA_S34_O1,4,7.82E+00,7.17E-02,3.08E+00,3.08E+00,1.04E+01,,,,,,,,,,,,,,,,,,,,,,,,,,,,,,,,,,,
DA_S34_O1,4,7.82E+00,4.16E-02,3.14E+00,3.14E+00,1.09E+01,,,,,,,,,,,,,,,,,,,,,,,,,,,,,,,,,,,
DA_S34_O1,4,7.83E+00,8.89E-03,3.25E+00,3.25E+00,1.06E+01,,,,,,,,,,,,,,,,,,,,,,,,,,,,,,,,,,,
DA_S34_O1,4,7.84E+00,-2.38E-02,3.30E+00,3.30E+00,9.66E+00,,,,,,,,,,,,,,,,,,,,,,,,,,,,,,,,,,,
DA_S34_O1,4,7.85E+00,-7.09E-02,3.39E+00,3.39E+00,8.26E+00,,,,,,,,,,,,,,,,,,,,,,,,,,,,,,,,,,,
DA_S34_O1,4,7.86E+00,-9.31E-02,3.42E+00,3.42E+00,,,,,,,,,,,,,,,,,,,,,,,,,,,,,,,,,,,,
,,,,,,,,,,,,,,,,,,,,,,,,,,,,,,,,,,,,,,,,,
DA_S35_O1,1,1.59E+00,1.43E+00,7.40E-01,1.61E+00,,,,,,,,,,,,,,,,,,,,,,,,,,,,,,,,,,,,
DA_S35_O1,1,1.60E+00,1.42E+00,8.17E-01,1.64E+00,1.01E+01,,,,,,,,,,,,,,,,,,,,,,,,,,,,,,,,,,,
DA_S35_O1,1,1.61E+00,1.42E+00,9.07E-01,1.69E+00,1.19E+01,,,,,,,,,,,,,,,,,,,,,,,,,,,,,,,,,,,
DA_S35_O1,1,1.62E+00,1.40E+00,1.02E+00,1.73E+00,1.22E+01,,,,,,,,,,,,,,,,,,,,,,,,,,,,,,,,,,,
DA_S35_O1,1,1.63E+00,1.39E+00,1.11E+00,1.78E+00,1.25E+01,,,,,,,,,,,,,,,,,,,,,,,,,,,,,,,,,,,
DA_S35_O1,1,1.63E+00,1.35E+00,1.22E+00,1.82E+00,1.31E+01,,,,,,,,,,,,,,,,,,,,,,,,,,,,,,,,,,,
DA_S35_O1,1,1.64E+00,1.34E+00,1.32E+00,1.88E+00,1.46E+01,,,,,,,,,,,,,,,,,,,,,,,,,,,,,,,,,,,
DA_S35_O1,1,1.65E+00,1.31E+00,1.46E+00,1.96E+00,1.44E+01,,,,,,,,,,,,,,,,,,,,,,,,,,,,,,,,,,,
DA_S35_O1,1,1.66E+00,1.29E+00,1.56E+00,2.02E+00,1.28E+01,,,,,,,,,,,,,,,,,,,,,,,,,,,,,,,,,,,
DA_S35_O1,1,1.67E+00,1.26E+00,1.67E+00,2.09E+00,1.31E+01,,,,,,,,,,,,,,,,,,,,,,,,,,,,,,,,,,,
DA_S35_O1,1,1.68E+00,1.23E+00,1.77E+00,2.16E+00,1.42E+01,,,,,,,,,,,,,,,,,,,,,,,,,,,,,,,,,,,
DA_S35_O1,1,1.69E+00,1.21E+00,1.90E+00,2.25E+00,1.44E+01,,,,,,,,,,,,,,,,,,,,,,,,,,,,,,,,,,,
DA_S35_O1,1,1.69E+00,1.19E+00,2.01E+00,2.33E+00,1.39E+01,,,,,,,,,,,,,,,,,,,,,,,,,,,,,,,,,,,
DA_S35_O1,1,1.70E+00,1.18E+00,2.13E+00,2.43E+00,1.50E+01,,,,,,,,,,,,,,,,,,,,,,,,,,,,,,,,,,,
DA_S35_O1,1,1.71E+00,1.17E+00,2.25E+00,2.54E+00,1.56E+01,,,,,,,,,,,,,,,,,,,,,,,,,,,,,,,,,,,
DA_S35_O1,1,1.72E+00,1.15E+00,2.39E+00,2.65E+00,1.45E+01,,,,,,,,,,,,,,,,,,,,,,,,,,,,,,,,,,,
DA_S35_O1,1,1.73E+00,1.13E+00,2.49E+00,2.74E+00,1.40E+01,,,,,,,,,,,,,,,,,,,,,,,,,,,,,,,,,,,
DA_S35_O1,1,1.74E+00,1.12E+00,2.62E+00,2.85E+00,1.46E+01,,,,,,,,,,,,,,,,,,,,,,,,,,,,,,,,,,,
DA_S35_O1,1,1.74E+00,1.11E+00,2.74E+00,2.95E+00,1.52E+01,,,,,,,,,,,,,,,,,,,,,,,,,,,,,,,,,,,
DA_S35_O1,1,1.75E+00,1.09E+00,2.87E+00,3.07E+00,1.74E+01,,,,,,,,,,,,,,,,,,,,,,,,,,,,,,,,,,,
DA_S35_O1,1,1.76E+00,1.07E+00,3.02E+00,3.21E+00,1.64E+01,,,,,,,,,,,,,,,,,,,,,,,,,,,,,,,,,,,
DA_S35_O1,1,1.77E+00,1.05E+00,3.14E+00,3.31E+00,1.44E+01,,,,,,,,,,,,,,,,,,,,,,,,,,,,,,,,,,,
DA_S35_O1,1,1.78E+00,1.04E+00,3.26E+00,3.42E+00,1.50E+01,,,,,,,,,,,,,,,,,,,,,,,,,,,,,,,,,,,
DA_S35_O1,1,1.79E+00,1.02E+00,3.39E+00,3.54E+00,1.44E+01,,,,,,,,,,,,,,,,,,,,,,,,,,,,,,,,,,,
DA_S35_O1,1,1.79E+00,1.00E+00,3.50E+00,3.64E+00,1.43E+01,,,,,,,,,,,,,,,,,,,,,,,,,,,,,,,,,,,
DA_S35_O1,1,1.80E+00,9.87E-01,3.62E+00,3.76E+00,1.59E+01,,,,,,,,,,,,,,,,,,,,,,,,,,,,,,,,,,,
DA_S35_O1,1,1.81E+00,9.65E-01,3.76E+00,3.88E+00,,,,,,,,,,,,,,,,,,,,,,,,,,,,,,,,,,,,
,,,,,,,,,,,,,,,,,,,,,,,,,,,,,,,,,,,,,,,,,
DA_S35_O1,2,4.42E+00,2.41E+00,9.10E-01,2.57E+00,,,,,,,,,,,,,,,,,,,,,,,,,,,,,,,,,,,,
DA_S35_O1,2,4.43E+00,2.40E+00,1.03E+00,2.61E+00,1.45E+01,,,,,,,,,,,,,,,,,,,,,,,,,,,,,,,,,,,
DA_S35_O1,2,4.44E+00,2.39E+00,1.15E+00,2.65E+00,1.48E+01,,,,,,,,,,,,,,,,,,,,,,,,,,,,,,,,,,,
DA_S35_O1,2,4.45E+00,2.36E+00,1.28E+00,2.69E+00,1.43E+01,,,,,,,,,,,,,,,,,,,,,,,,,,,,,,,,,,,
DA_S35_O1,2,4.45E+00,2.35E+00,1.39E+00,2.73E+00,1.38E+01,,,,,,,,,,,,,,,,,,,,,,,,,,,,,,,,,,,
DA_S35_O1,2,4.46E+00,2.36E+00,1.51E+00,2.80E+00,1.46E+01,,,,,,,,,,,,,,,,,,,,,,,,,,,,,,,,,,,
DA_S35_O1,2,4.47E+00,2.38E+00,1.63E+00,2.88E+00,1.51E+01,,,,,,,,,,,,,,,,,,,,,,,,,,,,,,,,,,,
DA_S35_O1,2,4.48E+00,2.37E+00,1.76E+00,2.95E+00,1.48E+01,,,,,,,,,,,,,,,,,,,,,,,,,,,,,,,,,,,
DA_S35_O1,2,4.49E+00,2.37E+00,1.87E+00,3.02E+00,1.29E+01,,,,,,,,,,,,,,,,,,,,,,,,,,,,,,,,,,,
DA_S35_O1,2,4.50E+00,2.37E+00,1.97E+00,3.09E+00,1.41E+01,,,,,,,,,,,,,,,,,,,,,,,,,,,,,,,,,,,
DA_S35_O1,2,4.50E+00,2.38E+00,2.11E+00,3.18E+00,1.49E+01,,,,,,,,,,,,,,,,,,,,,,,,,,,,,,,,,,,
DA_S35_O1,2,4.51E+00,2.39E+00,2.22E+00,3.26E+00,1.30E+01,,,,,,,,,,,,,,,,,,,,,,,,,,,,,,,,,,,
DA_S35_O1,2,4.52E+00,2.40E+00,2.32E+00,3.34E+00,1.35E+01,,,,,,,,,,,,,,,,,,,,,,,,,,,,,,,,,,,
DA_S35_O1,2,4.53E+00,2.40E+00,2.45E+00,3.43E+00,1.42E+01,,,,,,,,,,,,,,,,,,,,,,,,,,,,,,,,,,,
DA_S35_O1,2,4.54E+00,2.40E+00,2.56E+00,3.51E+00,1.45E+01,,,,,,,,,,,,,,,,,,,,,,,,,,,,,,,,,,,
DA_S35_O1,2,4.55E+00,2.40E+00,2.69E+00,3.60E+00,1.58E+01,,,,,,,,,,,,,,,,,,,,,,,,,,,,,,,,,,,
DA_S35_O1,2,4.55E+00,2.40E+00,2.83E+00,3.70E+00,1.42E+01,,,,,,,,,,,,,,,,,,,,,,,,,,,,,,,,,,,
DA_S35_O1,2,4.56E+00,2.40E+00,2.93E+00,3.79E+00,1.29E+01,,,,,,,,,,,,,,,,,,,,,,,,,,,,,,,,,,,
DA_S35_O1,2,4.57E+00,2.39E+00,3.04E+00,3.87E+00,1.44E+01,,,,,,,,,,,,,,,,,,,,,,,,,,,,,,,,,,,
DA_S35_O1,2,4.58E+00,2.39E+00,3.17E+00,3.97E+00,1.48E+01,,,,,,,,,,,,,,,,,,,,,,,,,,,,,,,,,,,
DA_S35_O1,2,4.59E+00,2.38E+00,3.29E+00,4.06E+00,1.46E+01,,,,,,,,,,,,,,,,,,,,,,,,,,,,,,,,,,,
DA_S35_O1,2,4.60E+00,2.38E+00,3.41E+00,4.16E+00,1.41E+01,,,,,,,,,,,,,,,,,,,,,,,,,,,,,,,,,,,
DA_S35_O1,2,4.60E+00,2.36E+00,3.52E+00,4.24E+00,1.35E+01,,,,,,,,,,,,,,,,,,,,,,,,,,,,,,,,,,,
DA_S35_O1,2,4.61E+00,2.34E+00,3.63E+00,4.32E+00,1.36E+01,,,,,,,,,,,,,,,,,,,,,,,,,,,,,,,,,,,
DA_S35_O1,2,4.62E+00,2.33E+00,3.74E+00,4.41E+00,1.48E+01,,,,,,,,,,,,,,,,,,,,,,,,,,,,,,,,,,,
DA_S35_O1,2,4.63E+00,2.31E+00,3.88E+00,4.51E+00,1.57E+01,,,,,,,,,,,,,,,,,,,,,,,,,,,,,,,,,,,
DA_S35_O1,2,4.64E+00,2.31E+00,4.01E+00,4.62E+00,,,,,,,,,,,,,,,,,,,,,,,,,,,,,,,,,,,,
,,,,,,,,,,,,,,,,,,,,,,,,,,,,,,,,,,,,,,,,,
DA_S35_O1,3,7.12E+00,2.10E+00,7.40E-01,2.23E+00,,,,,,,,,,,,,,,,,,,,,,,,,,,,,,,,,,,,
DA_S35_O1,3,7.13E+00,2.10E+00,8.29E-01,2.26E+00,1.13E+01,,,,,,,,,,,,,,,,,,,,,,,,,,,,,,,,,,,
DA_S35_O1,3,7.14E+00,2.09E+00,9.27E-01,2.28E+00,1.28E+01,,,,,,,,,,,,,,,,,,,,,,,,,,,,,,,,,,,
DA_S35_O1,3,7.15E+00,2.07E+00,1.04E+00,2.32E+00,1.31E+01,,,,,,,,,,,,,,,,,,,,,,,,,,,,,,,,,,,
DA_S35_O1,3,7.16E+00,2.08E+00,1.15E+00,2.37E+00,1.38E+01,,,,,,,,,,,,,,,,,,,,,,,,,,,,,,,,,,,
DA_S35_O1,3,7.17E+00,2.07E+00,1.27E+00,2.43E+00,1.50E+01,,,,,,,,,,,,,,,,,,,,,,,,,,,,,,,,,,,
DA_S35_O1,3,7.17E+00,2.09E+00,1.40E+00,2.51E+00,1.48E+01,,,,,,,,,,,,,,,,,,,,,,,,,,,,,,,,,,,
DA_S35_O1,3,7.18E+00,2.10E+00,1.52E+00,2.59E+00,1.45E+01,,,,,,,,,,,,,,,,,,,,,,,,,,,,,,,,,,,
DA_S35_O1,3,7.19E+00,2.11E+00,1.64E+00,2.67E+00,1.35E+01,,,,,,,,,,,,,,,,,,,,,,,,,,,,,,,,,,,
DA_S35_O1,3,7.20E+00,2.11E+00,1.74E+00,2.73E+00,1.24E+01,,,,,,,,,,,,,,,,,,,,,,,,,,,,,,,,,,,
DA_S35_O1,3,7.21E+00,2.11E+00,1.84E+00,2.80E+00,1.27E+01,,,,,,,,,,,,,,,,,,,,,,,,,,,,,,,,,,,
DA_S35_O1,3,7.22E+00,2.11E+00,1.95E+00,2.88E+00,1.31E+01,,,,,,,,,,,,,,,,,,,,,,,,,,,,,,,,,,,
DA_S35_O1,3,7.22E+00,2.12E+00,2.06E+00,2.96E+00,1.26E+01,,,,,,,,,,,,,,,,,,,,,,,,,,,,,,,,,,,
DA_S35_O1,3,7.23E+00,2.13E+00,2.16E+00,3.03E+00,1.22E+01,,,,,,,,,,,,,,,,,,,,,,,,,,,,,,,,,,,
DA_S35_O1,3,7.24E+00,2.14E+00,2.26E+00,3.12E+00,1.22E+01,,,,,,,,,,,,,,,,,,,,,,,,,,,,,,,,,,,
DA_S35_O1,3,7.25E+00,2.15E+00,2.36E+00,3.20E+00,1.33E+01,,,,,,,,,,,,,,,,,,,,,,,,,,,,,,,,,,,
DA_S35_O1,3,7.26E+00,2.16E+00,2.48E+00,3.30E+00,1.30E+01,,,,,,,,,,,,,,,,,,,,,,,,,,,,,,,,,,,
DA_S35_O1,3,7.27E+00,2.19E+00,2.58E+00,3.38E+00,1.19E+01,,,,,,,,,,,,,,,,,,,,,,,,,,,,,,,,,,,
DA_S35_O1,3,7.27E+00,2.20E+00,2.68E+00,3.47E+00,1.11E+01,,,,,,,,,,,,,,,,,,,,,,,,,,,,,,,,,,,
DA_S35_O1,3,7.28E+00,2.22E+00,2.76E+00,3.54E+00,1.03E+01,,,,,,,,,,,,,,,,,,,,,,,,,,,,,,,,,,,
DA_S35_O1,3,7.29E+00,2.23E+00,2.85E+00,3.62E+00,1.06E+01,,,,,,,,,,,,,,,,,,,,,,,,,,,,,,,,,,,
DA_S35_O1,3,7.30E+00,2.23E+00,2.93E+00,3.69E+00,1.16E+01,,,,,,,,,,,,,,,,,,,,,,,,,,,,,,,,,,,
DA_S35_O1,3,7.31E+00,2.24E+00,3.04E+00,3.78E+00,1.07E+01,,,,,,,,,,,,,,,,,,,,,,,,,,,,,,,,,,,
DA_S35_O1,3,7.32E+00,2.25E+00,3.11E+00,3.84E+00,9.18E+00,,,,,,,,,,,,,,,,,,,,,,,,,,,,,,,,,,,
DA_S35_O1,3,7.32E+00,2.26E+00,3.19E+00,3.91E+00,1.03E+01,,,,,,,,,,,,,,,,,,,,,,,,,,,,,,,,,,,
DA_S35_O1,3,7.33E+00,2.27E+00,3.28E+00,3.99E+00,1.04E+01,,,,,,,,,,,,,,,,,,,,,,,,,,,,,,,,,,,
DA_S35_O1,3,7.34E+00,2.29E+00,3.37E+00,4.07E+00,1.01E+01,,,,,,,,,,,,,,,,,,,,,,,,,,,,,,,,,,,
DA_S35_O1,3,7.35E+00,2.29E+00,3.45E+00,4.14E+00,1.01E+01,,,,,,,,,,,,,,,,,,,,,,,,,,,,,,,,,,,
DA_S35_O1,3,7.36E+00,2.31E+00,3.53E+00,4.22E+00,1.02E+01,,,,,,,,,,,,,,,,,,,,,,,,,,,,,,,,,,,
DA_S35_O1,3,7.37E+00,2.34E+00,3.61E+00,4.30E+00,9.54E+00,,,,,,,,,,,,,,,,,,,,,,,,,,,,,,,,,,,
DA_S35_O1,3,7.37E+00,2.35E+00,3.69E+00,4.37E+00,9.97E+00,,,,,,,,,,,,,,,,,,,,,,,,,,,,,,,,,,,
DA_S35_O1,3,7.38E+00,2.38E+00,3.77E+00,4.46E+00,1.17E+01,,,,,,,,,,,,,,,,,,,,,,,,,,,,,,,,,,,
DA_S35_O1,3,7.39E+00,2.40E+00,3.88E+00,4.56E+00,,,,,,,,,,,,,,,,,,,,,,,,,,,,,,,,,,,,
,,,,,,,,,,,,,,,,,,,,,,,,,,,,,,,,,,,,,,,,,
DA_S31_O1,1,2.39E+00,2.79E+00,1.55E+00,3.20E+00,,,,,,,,,,,,,,,,,,,,,,,,,,,,,,,,,,,,
DA_S31_O1,1,2.39E+00,2.82E+00,1.63E+00,3.25E+00,9.38E+00,,,,,,,,,,,,,,,,,,,,,,,,,,,,,,,,,,,
DA_S31_O1,1,2.40E+00,2.83E+00,1.71E+00,3.30E+00,1.00E+01,,,,,,,,,,,,,,,,,,,,,,,,,,,,,,,,,,,
DA_S31_O1,1,2.41E+00,2.85E+00,1.79E+00,3.37E+00,9.84E+00,,,,,,,,,,,,,,,,,,,,,,,,,,,,,,,,,,,
DA_S31_O1,1,2.42E+00,2.86E+00,1.87E+00,3.41E+00,8.79E+00,,,,,,,,,,,,,,,,,,,,,,,,,,,,,,,,,,,
DA_S31_O1,1,2.43E+00,2.87E+00,1.94E+00,3.46E+00,8.44E+00,,,,,,,,,,,,,,,,,,,,,,,,,,,,,,,,,,,
DA_S31_O1,1,2.44E+00,2.86E+00,2.01E+00,3.50E+00,9.30E+00,,,,,,,,,,,,,,,,,,,,,,,,,,,,,,,,,,,
DA_S31_O1,1,2.44E+00,2.87E+00,2.09E+00,3.56E+00,9.77E+00,,,,,,,,,,,,,,,,,,,,,,,,,,,,,,,,,,,
DA_S31_O1,1,2.45E+00,2.88E+00,2.17E+00,3.61E+00,9.50E+00,,,,,,,,,,,,,,,,,,,,,,,,,,,,,,,,,,,
DA_S31_O1,1,2.46E+00,2.90E+00,2.25E+00,3.67E+00,9.99E+00,,,,,,,,,,,,,,,,,,,,,,,,,,,,,,,,,,,
DA_S31_O1,1,2.47E+00,2.90E+00,2.34E+00,3.73E+00,1.22E+01,,,,,,,,,,,,,,,,,,,,,,,,,,,,,,,,,,,
DA_S31_O1,1,2.48E+00,2.91E+00,2.45E+00,3.81E+00,1.08E+01,,,,,,,,,,,,,,,,,,,,,,,,,,,,,,,,,,,
DA_S31_O1,1,2.49E+00,2.92E+00,2.52E+00,3.85E+00,1.08E+01,,,,,,,,,,,,,,,,,,,,,,,,,,,,,,,,,,,
DA_S31_O1,1,2.49E+00,2.93E+00,2.63E+00,3.94E+00,1.21E+01,,,,,,,,,,,,,,,,,,,,,,,,,,,,,,,,,,,
DA_S31_O1,1,2.50E+00,2.92E+00,2.72E+00,3.99E+00,1.04E+01,,,,,,,,,,,,,,,,,,,,,,,,,,,,,,,,,,,
DA_S31_O1,1,2.51E+00,2.94E+00,2.81E+00,4.06E+00,1.33E+01,,,,,,,,,,,,,,,,,,,,,,,,,,,,,,,,,,,
DA_S31_O1,1,2.52E+00,2.96E+00,2.94E+00,4.17E+00,1.34E+01,,,,,,,,,,,,,,,,,,,,,,,,,,,,,,,,,,,
DA_S31_O1,1,2.53E+00,2.96E+00,3.03E+00,4.24E+00,9.89E+00,,,,,,,,,,,,,,,,,,,,,,,,,,,,,,,,,,,
DA_S31_O1,1,2.54E+00,2.97E+00,3.10E+00,4.29E+00,1.03E+01,,,,,,,,,,,,,,,,,,,,,,,,,,,,,,,,,,,
DA_S31_O1,1,2.54E+00,2.98E+00,3.20E+00,4.38E+00,1.04E+01,,,,,,,,,,,,,,,,,,,,,,,,,,,,,,,,,,,
DA_S31_O1,1,2.55E+00,3.00E+00,3.27E+00,4.44E+00,8.96E+00,,,,,,,,,,,,,,,,,,,,,,,,,,,,,,,,,,,
DA_S31_O1,1,2.56E+00,3.01E+00,3.35E+00,4.50E+00,1.03E+01,,,,,,,,,,,,,,,,,,,,,,,,,,,,,,,,,,,
DA_S31_O1,1,2.57E+00,3.02E+00,3.44E+00,4.58E+00,1.08E+01,,,,,,,,,,,,,,,,,,,,,,,,,,,,,,,,,,,
DA_S31_O1,1,2.58E+00,3.03E+00,3.53E+00,4.65E+00,1.26E+01,,,,,,,,,,,,,,,,,,,,,,,,,,,,,,,,,,,
DA_S31_O1,1,2.59E+00,3.04E+00,3.65E+00,4.75E+00,1.23E+01,,,,,,,,,,,,,,,,,,,,,,,,,,,,,,,,,,,
DA_S31_O1,1,2.59E+00,3.05E+00,3.73E+00,4.82E+00,9.57E+00,,,,,,,,,,,,,,,,,,,,,,,,,,,,,,,,,,,
DA_S31_O1,1,2.60E+00,3.07E+00,3.81E+00,4.89E+00,9.30E+00,,,,,,,,,,,,,,,,,,,,,,,,,,,,,,,,,,,
DA_S31_O1,1,2.61E+00,3.08E+00,3.88E+00,4.96E+00,7.74E+00,,,,,,,,,,,,,,,,,,,,,,,,,,,,,,,,,,,
DA_S31_O1,1,2.62E+00,3.09E+00,3.93E+00,5.00E+00,7.88E+00,,,,,,,,,,,,,,,,,,,,,,,,,,,,,,,,,,,
DA_S31_O1,1,2.63E+00,3.09E+00,4.01E+00,5.06E+00,9.02E+00,,,,,,,,,,,,,,,,,,,,,,,,,,,,,,,,,,,
DA_S31_O1,1,2.64E+00,3.09E+00,4.08E+00,5.12E+00,1.39E+01,,,,,,,,,,,,,,,,,,,,,,,,,,,,,,,,,,,
DA_S31_O1,1,2.64E+00,3.13E+00,4.24E+00,5.27E+00,1.56E+01,,,,,,,,,,,,,,,,,,,,,,,,,,,,,,,,,,,
DA_S31_O1,1,2.65E+00,3.14E+00,4.34E+00,5.36E+00,1.14E+01,,,,,,,,,,,,,,,,,,,,,,,,,,,,,,,,,,,
DA_S31_O1,1,2.66E+00,3.15E+00,4.43E+00,5.43E+00,1.22E+01,,,,,,,,,,,,,,,,,,,,,,,,,,,,,,,,,,,
DA_S31_O1,1,2.67E+00,3.16E+00,4.54E+00,5.54E+00,1.49E+01,,,,,,,,,,,,,,,,,,,,,,,,,,,,,,,,,,,
DA_S31_O1,1,2.68E+00,3.18E+00,4.68E+00,5.65E+00,,,,,,,,,,,,,,,,,,,,,,,,,,,,,,,,,,,,
,,,,,,,,,,,,,,,,,,,,,,,,,,,,,,,,,,,,,,,,,
DA_S31_O1,2,4.98E+00,2.62E+00,1.54E+00,3.04E+00,,,,,,,,,,,,,,,,,,,,,,,,,,,,,,,,,,,,
DA_S31_O1,2,4.99E+00,2.62E+00,1.64E+00,3.09E+00,1.21E+01,,,,,,,,,,,,,,,,,,,,,,,,,,,,,,,,,,,
DA_S31_O1,2,5.00E+00,2.62E+00,1.74E+00,3.15E+00,1.23E+01,,,,,,,,,,,,,,,,,,,,,,,,,,,,,,,,,,,
DA_S31_O1,2,5.01E+00,2.62E+00,1.84E+00,3.20E+00,1.18E+01,,,,,,,,,,,,,,,,,,,,,,,,,,,,,,,,,,,
DA_S31_O1,2,5.01E+00,2.62E+00,1.94E+00,3.26E+00,1.18E+01,,,,,,,,,,,,,,,,,,,,,,,,,,,,,,,,,,,
DA_S31_O1,2,5.02E+00,2.61E+00,2.04E+00,3.32E+00,1.23E+01,,,,,,,,,,,,,,,,,,,,,,,,,,,,,,,,,,,
DA_S31_O1,2,5.03E+00,2.61E+00,2.14E+00,3.38E+00,1.15E+01,,,,,,,,,,,,,,,,,,,,,,,,,,,,,,,,,,,
DA_S31_O1,2,5.04E+00,2.61E+00,2.23E+00,3.43E+00,1.18E+01,,,,,,,,,,,,,,,,,,,,,,,,,,,,,,,,,,,
DA_S31_O1,2,5.05E+00,2.60E+00,2.34E+00,3.50E+00,1.23E+01,,,,,,,,,,,,,,,,,,,,,,,,,,,,,,,,,,,
DA_S31_O1,2,5.06E+00,2.60E+00,2.44E+00,3.56E+00,1.12E+01,,,,,,,,,,,,,,,,,,,,,,,,,,,,,,,,,,,
DA_S31_O1,2,5.06E+00,2.60E+00,2.53E+00,3.62E+00,1.04E+01,,,,,,,,,,,,,,,,,,,,,,,,,,,,,,,,,,,
DA_S31_O1,2,5.07E+00,2.61E+00,2.61E+00,3.69E+00,1.07E+01,,,,,,,,,,,,,,,,,,,,,,,,,,,,,,,,,,,
DA_S31_O1,2,5.08E+00,2.61E+00,2.71E+00,3.76E+00,1.04E+01,,,,,,,,,,,,,,,,,,,,,,,,,,,,,,,,,,,
DA_S31_O1,2,5.09E+00,2.61E+00,2.79E+00,3.81E+00,9.80E+00,,,,,,,,,,,,,,,,,,,,,,,,,,,,,,,,,,,
DA_S31_O1,2,5.10E+00,2.60E+00,2.87E+00,3.87E+00,1.01E+01,,,,,,,,,,,,,,,,,,,,,,,,,,,,,,,,,,,
DA_S31_O1,2,5.11E+00,2.60E+00,2.95E+00,3.94E+00,9.61E+00,,,,,,,,,,,,,,,,,,,,,,,,,,,,,,,,,,,
DA_S31_O1,2,5.11E+00,2.61E+00,3.03E+00,4.00E+00,9.58E+00,,,,,,,,,,,,,,,,,,,,,,,,,,,,,,,,,,,
DA_S31_O1,2,5.12E+00,2.61E+00,3.11E+00,4.06E+00,9.27E+00,,,,,,,,,,,,,,,,,,,,,,,,,,,,,,,,,,,
DA_S31_O1,2,5.13E+00,2.61E+00,3.18E+00,4.12E+00,9.52E+00,,,,,,,,,,,,,,,,,,,,,,,,,,,,,,,,,,,
DA_S31_O1,2,5.14E+00,2.60E+00,3.27E+00,4.18E+00,9.80E+00,,,,,,,,,,,,,,,,,,,,,,,,,,,,,,,,,,,
DA_S31_O1,2,5.15E+00,2.60E+00,3.35E+00,4.24E+00,8.51E+00,,,,,,,,,,,,,,,,,,,,,,,,,,,,,,,,,,,
DA_S31_O1,2,5.16E+00,2.61E+00,3.41E+00,4.30E+00,8.44E+00,,,,,,,,,,,,,,,,,,,,,,,,,,,,,,,,,,,
DA_S31_O1,2,5.16E+00,2.60E+00,3.49E+00,4.35E+00,9.27E+00,,,,,,,,,,,,,,,,,,,,,,,,,,,,,,,,,,,
DA_S31_O1,2,5.17E+00,2.61E+00,3.57E+00,4.42E+00,9.27E+00,,,,,,,,,,,,,,,,,,,,,,,,,,,,,,,,,,,
DA_S31_O1,2,5.18E+00,2.61E+00,3.64E+00,4.48E+00,9.61E+00,,,,,,,,,,,,,,,,,,,,,,,,,,,,,,,,,,,
DA_S31_O1,2,5.19E+00,2.62E+00,3.73E+00,4.56E+00,1.11E+01,,,,,,,,,,,,,,,,,,,,,,,,,,,,,,,,,,,
DA_S31_O1,2,5.20E+00,2.63E+00,3.83E+00,4.64E+00,1.16E+01,,,,,,,,,,,,,,,,,,,,,,,,,,,,,,,,,,,
DA_S31_O1,2,5.21E+00,2.63E+00,3.92E+00,4.72E+00,1.21E+01,,,,,,,,,,,,,,,,,,,,,,,,,,,,,,,,,,,
DA_S31_O1,2,5.21E+00,2.66E+00,4.03E+00,4.83E+00,1.33E+01,,,,,,,,,,,,,,,,,,,,,,,,,,,,,,,,,,,
DA_S31_O1,2,5.22E+00,2.72E+00,4.12E+00,4.94E+00,1.23E+01,,,,,,,,,,,,,,,,,,,,,,,,,,,,,,,,,,,
DA_S31_O1,2,5.23E+00,2.75E+00,4.21E+00,5.03E+00,1.39E+01,,,,,,,,,,,,,,,,,,,,,,,,,,,,,,,,,,,
DA_S31_O1,2,5.24E+00,2.81E+00,4.34E+00,5.17E+00,1.44E+01,,,,,,,,,,,,,,,,,,,,,,,,,,,,,,,,,,,
DA_S31_O1,2,5.25E+00,2.82E+00,4.44E+00,5.26E+00,1.36E+01,,,,,,,,,,,,,,,,,,,,,,,,,,,,,,,,,,,
DA_S31_O1,2,5.26E+00,2.86E+00,4.56E+00,5.38E+00,1.28E+01,,,,,,,,,,,,,,,,,,,,,,,,,,,,,,,,,,,
DA_S31_O1,2,5.26E+00,2.88E+00,4.65E+00,5.47E+00,,,,,,,,,,,,,,,,,,,,,,,,,,,,,,,,,,,,
,,,,,,,,,,,,,,,,,,,,,,,,,,,,,,,,,,,,,,,,,
DA_S31_O1,3,7.03E+00,1.03E+00,1.31E+00,1.66E+00,,,,,,,,,,,,,,,,,,,,,,,,,,,,,,,,,,,,
DA_S31_O1,3,7.04E+00,1.01E+00,1.44E+00,1.76E+00,1.62E+01,,,,,,,,,,,,,,,,,,,,,,,,,,,,,,,,,,,
DA_S31_O1,3,7.05E+00,9.99E-01,1.58E+00,1.87E+00,1.65E+01,,,,,,,,,,,,,,,,,,,,,,,,,,,,,,,,,,,
DA_S31_O1,3,7.06E+00,9.93E-01,1.71E+00,1.98E+00,1.57E+01,,,,,,,,,,,,,,,,,,,,,,,,,,,,,,,,,,,
DA_S31_O1,3,7.07E+00,9.87E-01,1.84E+00,2.09E+00,1.48E+01,,,,,,,,,,,,,,,,,,,,,,,,,,,,,,,,,,,
DA_S31_O1,3,7.07E+00,9.73E-01,1.96E+00,2.19E+00,1.48E+01,,,,,,,,,,,,,,,,,,,,,,,,,,,,,,,,,,,
DA_S31_O1,3,7.08E+00,9.58E-01,2.08E+00,2.29E+00,1.51E+01,,,,,,,,,,,,,,,,,,,,,,,,,,,,,,,,,,,
DA_S31_O1,3,7.09E+00,9.57E-01,2.21E+00,2.41E+00,1.46E+01,,,,,,,,,,,,,,,,,,,,,,,,,,,,,,,,,,,
DA_S31_O1,3,7.10E+00,9.43E-01,2.33E+00,2.51E+00,1.40E+01,,,,,,,,,,,,,,,,,,,,,,,,,,,,,,,,,,,
DA_S31_O1,3,7.11E+00,9.47E-01,2.44E+00,2.62E+00,1.49E+01,,,,,,,,,,,,,,,,,,,,,,,,,,,,,,,,,,,
DA_S31_O1,3,7.12E+00,9.41E-01,2.58E+00,2.74E+00,1.51E+01,,,,,,,,,,,,,,,,,,,,,,,,,,,,,,,,,,,
DA_S31_O1,3,7.12E+00,9.36E-01,2.70E+00,2.85E+00,1.48E+01,,,,,,,,,,,,,,,,,,,,,,,,,,,,,,,,,,,
DA_S31_O1,3,7.13E+00,9.31E-01,2.82E+00,2.97E+00,1.54E+01,,,,,,,,,,,,,,,,,,,,,,,,,,,,,,,,,,,
DA_S31_O1,3,7.14E+00,9.34E-01,2.95E+00,3.10E+00,1.55E+01,,,,,,,,,,,,,,,,,,,,,,,,,,,,,,,,,,,
DA_S31_O1,3,7.15E+00,9.38E-01,3.08E+00,3.22E+00,1.46E+01,,,,,,,,,,,,,,,,,,,,,,,,,,,,,,,,,,,
DA_S31_O1,3,7.16E+00,9.28E-01,3.20E+00,3.33E+00,1.40E+01,,,,,,,,,,,,,,,,,,,,,,,,,,,,,,,,,,,
DA_S31_O1,3,7.17E+00,9.28E-01,3.31E+00,3.44E+00,1.43E+01,,,,,,,,,,,,,,,,,,,,,,,,,,,,,,,,,,,
DA_S31_O1,3,7.17E+00,9.32E-01,3.44E+00,3.56E+00,1.60E+01,,,,,,,,,,,,,,,,,,,,,,,,,,,,,,,,,,,
DA_S31_O1,3,7.18E+00,9.25E-01,3.58E+00,3.70E+00,1.80E+01,,,,,,,,,,,,,,,,,,,,,,,,,,,,,,,,,,,
DA_S31_O1,3,7.19E+00,9.41E-01,3.74E+00,3.85E+00,1.63E+01,,,,,,,,,,,,,,,,,,,,,,,,,,,,,,,,,,,
DA_S31_O1,3,7.20E+00,9.36E-01,3.85E+00,3.97E+00,1.57E+01,,,,,,,,,,,,,,,,,,,,,,,,,,,,,,,,,,,
DA_S31_O1,3,7.21E+00,9.38E-01,4.00E+00,4.11E+00,1.71E+01,,,,,,,,,,,,,,,,,,,,,,,,,,,,,,,,,,,
DA_S31_O1,3,7.22E+00,9.32E-01,4.14E+00,4.24E+00,1.57E+01,,,,,,,,,,,,,,,,,,,,,,,,,,,,,,,,,,,
DA_S31_O1,3,7.22E+00,9.31E-01,4.26E+00,4.36E+00,1.55E+01,,,,,,,,,,,,,,,,,,,,,,,,,,,,,,,,,,,
DA_S31_O1,3,7.23E+00,9.39E-01,4.40E+00,4.50E+00,1.45E+01,,,,,,,,,,,,,,,,,,,,,,,,,,,,,,,,,,,
DA_S31_O1,3,7.24E+00,9.58E-01,4.50E+00,4.60E+00,1.37E+01,,,,,,,,,,,,,,,,,,,,,,,,,,,,,,,,,,,
DA_S31_O1,3,7.25E+00,9.63E-01,4.62E+00,4.72E+00,,,,,,,,,,,,,,,,,,,,,,,,,,,,,,,,,,,,
,,,,,,,,,,,,,,,,,,,,,,,,,,,,,,,,,,,,,,,,,
DA_S31_O1,4,9.24E+00,1.19E+00,1.34E+00,1.79E+00,,,,,,,,,,,,,,,,,,,,,,,,,,,,,,,,,,,,
DA_S31_O1,4,9.25E+00,1.18E+00,1.51E+00,1.91E+00,1.99E+01,,,,,,,,,,,,,,,,,,,,,,,,,,,,,,,,,,,
DA_S31_O1,4,9.26E+00,1.17E+00,1.68E+00,2.04E+00,1.93E+01,,,,,,,,,,,,,,,,,,,,,,,,,,,,,,,,,,,
DA_S31_O1,4,9.27E+00,1.17E+00,1.83E+00,2.17E+00,1.60E+01,,,,,,,,,,,,,,,,,,,,,,,,,,,,,,,,,,,
DA_S31_O1,4,9.28E+00,1.18E+00,1.94E+00,2.27E+00,1.55E+01,,,,,,,,,,,,,,,,,,,,,,,,,,,,,,,,,,,
DA_S31_O1,4,9.28E+00,1.18E+00,2.09E+00,2.40E+00,1.52E+01,,,,,,,,,,,,,,,,,,,,,,,,,,,,,,,,,,,
DA_S31_O1,4,9.29E+00,1.18E+00,2.20E+00,2.49E+00,1.20E+01,,,,,,,,,,,,,,,,,,,,,,,,,,,,,,,,,,,
DA_S31_O1,4,9.30E+00,1.17E+00,2.29E+00,2.57E+00,1.15E+01,,,,,,,,,,,,,,,,,,,,,,,,,,,,,,,,,,,
DA_S31_O1,4,9.31E+00,1.17E+00,2.39E+00,2.66E+00,1.21E+01,,,,,,,,,,,,,,,,,,,,,,,,,,,,,,,,,,,
DA_S31_O1,4,9.32E+00,1.17E+00,2.49E+00,2.75E+00,1.29E+01,,,,,,,,,,,,,,,,,,,,,,,,,,,,,,,,,,,
DA_S31_O1,4,9.33E+00,1.20E+00,2.60E+00,2.87E+00,1.15E+01,,,,,,,,,,,,,,,,,,,,,,,,,,,,,,,,,,,
DA_S31_O1,4,9.33E+00,1.18E+00,2.68E+00,2.93E+00,1.23E+01,,,,,,,,,,,,,,,,,,,,,,,,,,,,,,,,,,,
DA_S31_O1,4,9.34E+00,1.18E+00,2.81E+00,3.05E+00,1.35E+01,,,,,,,,,,,,,,,,,,,,,,,,,,,,,,,,,,,
DA_S31_O1,4,9.35E+00,1.21E+00,2.91E+00,3.15E+00,1.39E+01,,,,,,,,,,,,,,,,,,,,,,,,,,,,,,,,,,,
DA_S31_O1,4,9.36E+00,1.24E+00,3.03E+00,3.27E+00,1.66E+01,,,,,,,,,,,,,,,,,,,,,,,,,,,,,,,,,,,
DA_S31_O1,4,9.37E+00,1.29E+00,3.17E+00,3.42E+00,1.59E+01,,,,,,,,,,,,,,,,,,,,,,,,,,,,,,,,,,,
DA_S31_O1,4,9.38E+00,1.33E+00,3.28E+00,3.54E+00,1.44E+01,,,,,,,,,,,,,,,,,,,,,,,,,,,,,,,,,,,
DA_S31_O1,4,9.38E+00,1.37E+00,3.40E+00,3.66E+00,1.59E+01,,,,,,,,,,,,,,,,,,,,,,,,,,,,,,,,,,,
DA_S31_O1,4,9.39E+00,1.44E+00,3.52E+00,3.81E+00,1.51E+01,,,,,,,,,,,,,,,,,,,,,,,,,,,,,,,,,,,
DA_S31_O1,4,9.40E+00,1.48E+00,3.62E+00,3.91E+00,1.43E+01,,,,,,,,,,,,,,,,,,,,,,,,,,,,,,,,,,,
DA_S31_O1,4,9.41E+00,1.52E+00,3.75E+00,4.04E+00,1.40E+01,,,,,,,,,,,,,,,,,,,,,,,,,,,,,,,,,,,
DA_S31_O1,4,9.42E+00,1.55E+00,3.85E+00,4.15E+00,1.53E+01,,,,,,,,,,,,,,,,,,,,,,,,,,,,,,,,,,,
DA_S31_O1,4,9.43E+00,1.59E+00,3.99E+00,4.30E+00,1.54E+01,,,,,,,,,,,,,,,,,,,,,,,,,,,,,,,,,,,
DA_S31_O1,4,9.43E+00,1.63E+00,4.09E+00,4.40E+00,1.55E+01,,,,,,,,,,,,,,,,,,,,,,,,,,,,,,,,,,,
DA_S31_O1,4,9.44E+00,1.68E+00,4.24E+00,4.56E+00,1.61E+01,,,,,,,,,,,,,,,,,,,,,,,,,,,,,,,,,,,
DA_S31_O1,4,9.45E+00,1.72E+00,4.34E+00,4.67E+00,1.64E+01,,,,,,,,,,,,,,,,,,,,,,,,,,,,,,,,,,,
DA_S31_O1,4,9.46E+00,1.78E+00,4.49E+00,4.83E+00,1.57E+01,,,,,,,,,,,,,,,,,,,,,,,,,,,,,,,,,,,
DA_S31_O1,4,9.47E+00,1.82E+00,4.58E+00,4.93E+00,1.44E+01,,,,,,,,,,,,,,,,,,,,,,,,,,,,,,,,,,,
DA_S31_O1,4,9.48E+00,1.85E+00,4.72E+00,5.07E+00,,,,,,,,,,,,,,,,,,,,,,,,,,,,,,,,,,,,
,,,,,,,,,,,,,,,,,,,,,,,,,,,,,,,,,,,,,,,,,
DA_S32_O1,1,0.00E+00,1.03E+00,1.76E+00,2.04E+00,,,,,,,,,,,,,,,,,,,,,,,,,,,,,,,,,,,,
DA_S32_O1,1,8.34E-03,1.06E+00,1.89E+00,2.17E+00,1.62E+01,,,,,,,,,,,,,,,,,,,,,,,,,,,,,,,,,,,
DA_S32_O1,1,1.67E-02,1.06E+00,2.03E+00,2.29E+00,1.70E+01,,,,,,,,,,,,,,,,,,,,,,,,,,,,,,,,,,,
DA_S32_O1,1,2.50E-02,1.09E+00,2.17E+00,2.43E+00,1.81E+01,,,,,,,,,,,,,,,,,,,,,,,,,,,,,,,,,,,
DA_S32_O1,1,3.34E-02,1.10E+00,2.33E+00,2.58E+00,1.81E+01,,,,,,,,,,,,,,,,,,,,,,,,,,,,,,,,,,,
DA_S32_O1,1,4.17E-02,1.10E+00,2.47E+00,2.71E+00,1.66E+01,,,,,,,,,,,,,,,,,,,,,,,,,,,,,,,,,,,
DA_S32_O1,1,5.01E-02,1.10E+00,2.61E+00,2.83E+00,1.68E+01,,,,,,,,,,,,,,,,,,,,,,,,,,,,,,,,,,,
DA_S32_O1,1,5.84E-02,1.11E+00,2.75E+00,2.97E+00,1.77E+01,,,,,,,,,,,,,,,,,,,,,,,,,,,,,,,,,,,
DA_S32_O1,1,6.67E-02,1.10E+00,2.90E+00,3.11E+00,1.62E+01,,,,,,,,,,,,,,,,,,,,,,,,,,,,,,,,,,,
DA_S32_O1,1,7.51E-02,1.11E+00,3.02E+00,3.22E+00,1.34E+01,,,,,,,,,,,,,,,,,,,,,,,,,,,,,,,,,,,
DA_S32_O1,1,8.34E-02,1.09E+00,3.13E+00,3.31E+00,1.55E+01,,,,,,,,,,,,,,,,,,,,,,,,,,,,,,,,,,,
DA_S32_O1,1,9.18E-02,1.10E+00,3.28E+00,3.46E+00,1.97E+01,,,,,,,,,,,,,,,,,,,,,,,,,,,,,,,,,,,
DA_S32_O1,1,1.00E-01,1.07E+00,3.46E+00,3.62E+00,2.06E+01,,,,,,,,,,,,,,,,,,,,,,,,,,,,,,,,,,,
DA_S32_O1,1,1.08E-01,1.07E+00,3.63E+00,3.78E+00,1.92E+01,,,,,,,,,,,,,,,,,,,,,,,,,,,,,,,,,,,
DA_S32_O1,1,1.17E-01,1.06E+00,3.78E+00,3.92E+00,1.85E+01,,,,,,,,,,,,,,,,,,,,,,,,,,,,,,,,,,,
DA_S32_O1,1,1.25E-01,1.05E+00,3.93E+00,4.07E+00,1.74E+01,,,,,,,,,,,,,,,,,,,,,,,,,,,,,,,,,,,
DA_S32_O1,1,1.33E-01,1.06E+00,4.07E+00,4.20E+00,1.78E+01,,,,,,,,,,,,,,,,,,,,,,,,,,,,,,,,,,,
DA_S32_O1,1,1.42E-01,1.05E+00,4.23E+00,4.36E+00,1.86E+01,,,,,,,,,,,,,,,,,,,,,,,,,,,,,,,,,,,
DA_S32_O1,1,1.50E-01,1.05E+00,4.38E+00,4.50E+00,1.66E+01,,,,,,,,,,,,,,,,,,,,,,,,,,,,,,,,,,,
DA_S32_O1,1,1.58E-01,1.05E+00,4.51E+00,4.63E+00,1.61E+01,,,,,,,,,,,,,,,,,,,,,,,,,,,,,,,,,,,
DA_S32_O1,1,1.67E-01,1.06E+00,4.65E+00,4.77E+00,1.61E+01,,,,,,,,,,,,,,,,,,,,,,,,,,,,,,,,,,,
DA_S32_O1,1,1.75E-01,1.06E+00,4.77E+00,4.89E+00,1.71E+01,,,,,,,,,,,,,,,,,,,,,,,,,,,,,,,,,,,
DA_S32_O1,1,1.84E-01,1.07E+00,4.93E+00,5.05E+00,,,,,,,,,,,,,,,,,,,,,,,,,,,,,,,,,,,,
,,,,,,,,,,,,,,,,,,,,,,,,,,,,,,,,,,,,,,,,,
DA_S32_O1,2,1.95E+00,7.67E-01,1.34E+00,1.54E+00,,,,,,,,,,,,,,,,,,,,,,,,,,,,,,,,,,,,
DA_S32_O1,2,1.96E+00,7.89E-01,1.42E+00,1.62E+00,1.33E+01,,,,,,,,,,,,,,,,,,,,,,,,,,,,,,,,,,,
DA_S32_O1,2,1.97E+00,8.24E-01,1.55E+00,1.76E+00,1.50E+01,,,,,,,,,,,,,,,,,,,,,,,,,,,,,,,,,,,
DA_S32_O1,2,1.98E+00,8.15E-01,1.67E+00,1.86E+00,1.47E+01,,,,,,,,,,,,,,,,,,,,,,,,,,,,,,,,,,,
DA_S32_O1,2,1.99E+00,7.95E-01,1.79E+00,1.96E+00,1.54E+01,,,,,,,,,,,,,,,,,,,,,,,,,,,,,,,,,,,
DA_S32_O1,2,1.99E+00,7.90E-01,1.92E+00,2.08E+00,1.46E+01,,,,,,,,,,,,,,,,,,,,,,,,,,,,,,,,,,,
DA_S32_O1,2,2.00E+00,7.94E-01,2.04E+00,2.19E+00,1.48E+01,,,,,,,,,,,,,,,,,,,,,,,,,,,,,,,,,,,
DA_S32_O1,2,2.01E+00,7.96E-01,2.17E+00,2.31E+00,1.44E+01,,,,,,,,,,,,,,,,,,,,,,,,,,,,,,,,,,,
DA_S32_O1,2,2.02E+00,8.04E-01,2.28E+00,2.41E+00,1.46E+01,,,,,,,,,,,,,,,,,,,,,,,,,,,,,,,,,,,
DA_S32_O1,2,2.03E+00,8.21E-01,2.41E+00,2.55E+00,1.65E+01,,,,,,,,,,,,,,,,,,,,,,,,,,,,,,,,,,,
DA_S32_O1,2,2.04E+00,8.11E-01,2.55E+00,2.68E+00,1.62E+01,,,,,,,,,,,,,,,,,,,,,,,,,,,,,,,,,,,
DA_S32_O1,2,2.04E+00,7.99E-01,2.68E+00,2.80E+00,1.58E+01,,,,,,,,,,,,,,,,,,,,,,,,,,,,,,,,,,,
DA_S32_O1,2,2.05E+00,8.08E-01,2.81E+00,2.93E+00,1.66E+01,,,,,,,,,,,,,,,,,,,,,,,,,,,,,,,,,,,
DA_S32_O1,2,2.06E+00,7.99E-01,2.96E+00,3.06E+00,1.78E+01,,,,,,,,,,,,,,,,,,,,,,,,,,,,,,,,,,,
DA_S32_O1,2,2.07E+00,7.51E-01,3.11E+00,3.20E+00,1.57E+01,,,,,,,,,,,,,,,,,,,,,,,,,,,,,,,,,,,
DA_S32_O1,2,2.08E+00,7.33E-01,3.21E+00,3.29E+00,1.21E+01,,,,,,,,,,,,,,,,,,,,,,,,,,,,,,,,,,,
DA_S32_O1,2,2.09E+00,7.31E-01,3.31E+00,3.39E+00,1.34E+01,,,,,,,,,,,,,,,,,,,,,,,,,,,,,,,,,,,
DA_S32_O1,2,2.09E+00,6.91E-01,3.43E+00,3.50E+00,1.60E+01,,,,,,,,,,,,,,,,,,,,,,,,,,,,,,,,,,,
DA_S32_O1,2,2.10E+00,6.44E-01,3.56E+00,3.62E+00,1.59E+01,,,,,,,,,,,,,,,,,,,,,,,,,,,,,,,,,,,
DA_S32_O1,2,2.11E+00,6.32E-01,3.69E+00,3.74E+00,1.52E+01,,,,,,,,,,,,,,,,,,,,,,,,,,,,,,,,,,,
DA_S32_O1,2,2.12E+00,6.11E-01,3.81E+00,3.86E+00,1.41E+01,,,,,,,,,,,,,,,,,,,,,,,,,,,,,,,,,,,
DA_S32_O1,2,2.13E+00,6.15E-01,3.92E+00,3.97E+00,1.34E+01,,,,,,,,,,,,,,,,,,,,,,,,,,,,,,,,,,,
DA_S32_O1,2,2.14E+00,5.69E-01,4.03E+00,4.07E+00,1.43E+01,,,,,,,,,,,,,,,,,,,,,,,,,,,,,,,,,,,
DA_S32_O1,2,2.14E+00,5.70E-01,4.16E+00,4.20E+00,1.55E+01,,,,,,,,,,,,,,,,,,,,,,,,,,,,,,,,,,,
DA_S32_O1,2,2.15E+00,5.58E-01,4.29E+00,4.33E+00,1.36E+01,,,,,,,,,,,,,,,,,,,,,,,,,,,,,,,,,,,
DA_S32_O1,2,2.16E+00,5.57E-01,4.38E+00,4.42E+00,1.22E+01,,,,,,,,,,,,,,,,,,,,,,,,,,,,,,,,,,,
DA_S32_O1,2,2.17E+00,5.79E-01,4.49E+00,4.53E+00,,,,,,,,,,,,,,,,,,,,,,,,,,,,,,,,,,,,
,,,,,,,,,,,,,,,,,,,,,,,,,,,,,,,,,,,,,,,,,
DA_S32_O1,3,3.49E+00,8.48E-01,1.54E+00,1.76E+00,,,,,,,,,,,,,,,,,,,,,,,,,,,,,,,,,,,,
DA_S32_O1,3,3.50E+00,9.20E-01,1.71E+00,1.94E+00,2.07E+01,,,,,,,,,,,,,,,,,,,,,,,,,,,,,,,,,,,
DA_S32_O1,3,3.50E+00,9.18E-01,1.88E+00,2.09E+00,1.99E+01,,,,,,,,,,,,,,,,,,,,,,,,,,,,,,,,,,,
DA_S32_O1,3,3.51E+00,9.15E-01,2.04E+00,2.23E+00,1.95E+01,,,,,,,,,,,,,,,,,,,,,,,,,,,,,,,,,,,
DA_S32_O1,3,3.52E+00,9.12E-01,2.20E+00,2.38E+00,1.90E+01,,,,,,,,,,,,,,,,,,,,,,,,,,,,,,,,,,,
DA_S32_O1,3,3.53E+00,9.13E-01,2.35E+00,2.53E+00,1.83E+01,,,,,,,,,,,,,,,,,,,,,,,,,,,,,,,,,,,
DA_S32_O1,3,3.54E+00,9.33E-01,2.50E+00,2.67E+00,1.84E+01,,,,,,,,,,,,,,,,,,,,,,,,,,,,,,,,,,,
DA_S32_O1,3,3.55E+00,9.28E-01,2.66E+00,2.82E+00,1.84E+01,,,,,,,,,,,,,,,,,,,,,,,,,,,,,,,,,,,
DA_S32_O1,3,3.55E+00,9.21E-01,2.81E+00,2.96E+00,1.74E+01,,,,,,,,,,,,,,,,,,,,,,,,,,,,,,,,,,,
DA_S32_O1,3,3.56E+00,9.25E-01,2.95E+00,3.09E+00,1.79E+01,,,,,,,,,,,,,,,,,,,,,,,,,,,,,,,,,,,
DA_S32_O1,3,3.57E+00,9.14E-01,3.11E+00,3.24E+00,1.84E+01,,,,,,,,,,,,,,,,,,,,,,,,,,,,,,,,,,,
DA_S32_O1,3,3.58E+00,9.34E-01,3.26E+00,3.39E+00,2.10E+01,,,,,,,,,,,,,,,,,,,,,,,,,,,,,,,,,,,
DA_S32_O1,3,3.59E+00,9.41E-01,3.46E+00,3.58E+00,2.14E+01,,,,,,,,,,,,,,,,,,,,,,,,,,,,,,,,,,,
DA_S32_O1,3,3.60E+00,9.36E-01,3.62E+00,3.73E+00,1.90E+01,,,,,,,,,,,,,,,,,,,,,,,,,,,,,,,,,,,
DA_S32_O1,3,3.60E+00,9.38E-01,3.78E+00,3.89E+00,1.84E+01,,,,,,,,,,,,,,,,,,,,,,,,,,,,,,,,,,,
DA_S32_O1,3,3.61E+00,9.24E-01,3.92E+00,4.03E+00,1.79E+01,,,,,,,,,,,,,,,,,,,,,,,,,,,,,,,,,,,
DA_S32_O1,3,3.62E+00,9.31E-01,4.07E+00,4.18E+00,1.80E+01,,,,,,,,,,,,,,,,,,,,,,,,,,,,,,,,,,,
DA_S32_O1,3,3.63E+00,9.37E-01,4.22E+00,4.32E+00,1.52E+01,,,,,,,,,,,,,,,,,,,,,,,,,,,,,,,,,,,
DA_S32_O1,3,3.64E+00,9.18E-01,4.33E+00,4.42E+00,1.63E+01,,,,,,,,,,,,,,,,,,,,,,,,,,,,,,,,,,,
DA_S32_O1,3,3.65E+00,9.09E-01,4.49E+00,4.58E+00,1.79E+01,,,,,,,,,,,,,,,,,,,,,,,,,,,,,,,,,,,
DA_S32_O1,3,3.65E+00,9.11E-01,4.63E+00,4.71E+00,1.54E+01,,,,,,,,,,,,,,,,,,,,,,,,,,,,,,,,,,,
DA_S32_O1,3,3.66E+00,9.04E-01,4.75E+00,4.83E+00,,,,,,,,,,,,,,,,,,,,,,,,,,,,,,,,,,,,
,,,,,,,,,,,,,,,,,,,,,,,,,,,,,,,,,,,,,,,,,
DA_S32_O1,4,4.96E+00,6.69E-01,1.28E+00,1.44E+00,,,,,,,,,,,,,,,,,,,,,,,,,,,,,,,,,,,,
DA_S32_O1,4,4.97E+00,6.79E-01,1.46E+00,1.61E+00,2.11E+01,,,,,,,,,,,,,,,,,,,,,,,,,,,,,,,,,,,
DA_S32_O1,4,4.98E+00,6.90E-01,1.63E+00,1.77E+00,1.90E+01,,,,,,,,,,,,,,,,,,,,,,,,,,,,,,,,,,,
DA_S32_O1,4,4.99E+00,7.04E-01,1.78E+00,1.91E+00,1.79E+01,,,,,,,,,,,,,,,,,,,,,,,,,,,,,,,,,,,
DA_S32_O1,4,5.00E+00,7.09E-01,1.92E+00,2.05E+00,1.87E+01,,,,,,,,,,,,,,,,,,,,,,,,,,,,,,,,,,,
DA_S32_O1,4,5.01E+00,7.27E-01,2.09E+00,2.21E+00,1.93E+01,,,,,,,,,,,,,,,,,,,,,,,,,,,,,,,,,,,
DA_S32_O1,4,5.01E+00,7.48E-01,2.24E+00,2.37E+00,2.00E+01,,,,,,,,,,,,,,,,,,,,,,,,,,,,,,,,,,,
DA_S32_O1,4,5.02E+00,7.75E-01,2.42E+00,2.54E+00,2.23E+01,,,,,,,,,,,,,,,,,,,,,,,,,,,,,,,,,,,
DA_S32_O1,4,5.03E+00,8.07E-01,2.61E+00,2.73E+00,2.27E+01,,,,,,,,,,,,,,,,,,,,,,,,,,,,,,,,,,,
DA_S32_O1,4,5.04E+00,7.96E-01,2.80E+00,2.91E+00,2.08E+01,,,,,,,,,,,,,,,,,,,,,,,,,,,,,,,,,,,
DA_S32_O1,4,5.05E+00,7.93E-01,2.96E+00,3.06E+00,2.08E+01,,,,,,,,,,,,,,,,,,,,,,,,,,,,,,,,,,,
DA_S32_O1,4,5.06E+00,7.82E-01,3.14E+00,3.24E+00,2.10E+01,,,,,,,,,,,,,,,,,,,,,,,,,,,,,,,,,,,
DA_S32_O1,4,5.06E+00,7.72E-01,3.31E+00,3.40E+00,2.11E+01,,,,,,,,,,,,,,,,,,,,,,,,,,,,,,,,,,,
DA_S32_O1,4,5.07E+00,7.55E-01,3.50E+00,3.58E+00,1.99E+01,,,,,,,,,,,,,,,,,,,,,,,,,,,,,,,,,,,
DA_S32_O1,4,5.08E+00,7.47E-01,3.64E+00,3.72E+00,1.76E+01,,,,,,,,,,,,,,,,,,,,,,,,,,,,,,,,,,,
DA_S32_O1,4,5.09E+00,7.05E-01,3.79E+00,3.85E+00,1.99E+01,,,,,,,,,,,,,,,,,,,,,,,,,,,,,,,,,,,
DA_S32_O1,4,5.10E+00,7.01E-01,3.97E+00,4.03E+00,2.03E+01,,,,,,,,,,,,,,,,,,,,,,,,,,,,,,,,,,,
DA_S32_O1,4,5.11E+00,6.61E-01,4.12E+00,4.17E+00,1.88E+01,,,,,,,,,,,,,,,,,,,,,,,,,,,,,,,,,,,
DA_S32_O1,4,5.11E+00,6.70E-01,4.28E+00,4.33E+00,1.84E+01,,,,,,,,,,,,,,,,,,,,,,,,,,,,,,,,,,,
DA_S32_O1,4,5.12E+00,6.69E-01,4.43E+00,4.48E+00,1.75E+01,,,,,,,,,,,,,,,,,,,,,,,,,,,,,,,,,,,
DA_S32_O1,4,5.13E+00,6.61E-01,4.57E+00,4.62E+00,,,,,,,,,,,,,,,,,,,,,,,,,,,,,,,,,,,,
,,,,,,,,,,,,,,,,,,,,,,,,,,,,,,,,,,,,,,,,,
DA_S32_O1,5,6.96E+00,7.13E-01,1.16E+00,1.36E+00,,,,,,,,,,,,,,,,,,,,,,,,,,,,,,,,,,,,
DA_S32_O1,5,6.97E+00,7.32E-01,1.33E+00,1.52E+00,2.06E+01,,,,,,,,,,,,,,,,,,,,,,,,,,,,,,,,,,,
DA_S32_O1,5,6.97E+00,7.44E-01,1.50E+00,1.68E+00,2.11E+01,,,,,,,,,,,,,,,,,,,,,,,,,,,,,,,,,,,
DA_S32_O1,5,6.98E+00,7.52E-01,1.68E+00,1.84E+00,1.99E+01,,,,,,,,,,,,,,,,,,,,,,,,,,,,,,,,,,,
DA_S32_O1,5,6.99E+00,7.66E-01,1.84E+00,1.99E+00,1.74E+01,,,,,,,,,,,,,,,,,,,,,,,,,,,,,,,,,,,
DA_S32_O1,5,7.00E+00,7.77E-01,1.97E+00,2.12E+00,1.84E+01,,,,,,,,,,,,,,,,,,,,,,,,,,,,,,,,,,,
DA_S32_O1,5,7.01E+00,7.81E-01,2.14E+00,2.28E+00,1.80E+01,,,,,,,,,,,,,,,,,,,,,,,,,,,,,,,,,,,
DA_S32_O1,5,7.02E+00,7.63E-01,2.27E+00,2.40E+00,1.68E+01,,,,,,,,,,,,,,,,,,,,,,,,,,,,,,,,,,,
DA_S32_O1,5,7.02E+00,7.69E-01,2.42E+00,2.54E+00,1.92E+01,,,,,,,,,,,,,,,,,,,,,,,,,,,,,,,,,,,
DA_S32_O1,5,7.03E+00,7.75E-01,2.59E+00,2.71E+00,1.90E+01,,,,,,,,,,,,,,,,,,,,,,,,,,,,,,,,,,,
DA_S32_O1,5,7.04E+00,8.00E-01,2.74E+00,2.85E+00,1.84E+01,,,,,,,,,,,,,,,,,,,,,,,,,,,,,,,,,,,
DA_S32_O1,5,7.05E+00,7.90E-01,2.90E+00,3.01E+00,1.76E+01,,,,,,,,,,,,,,,,,,,,,,,,,,,,,,,,,,,
DA_S32_O1,5,7.06E+00,7.85E-01,3.03E+00,3.13E+00,1.73E+01,,,,,,,,,,,,,,,,,,,,,,,,,,,,,,,,,,,
DA_S32_O1,5,7.07E+00,7.73E-01,3.19E+00,3.28E+00,1.85E+01,,,,,,,,,,,,,,,,,,,,,,,,,,,,,,,,,,,
DA_S32_O1,5,7.07E+00,7.87E-01,3.34E+00,3.43E+00,1.87E+01,,,,,,,,,,,,,,,,,,,,,,,,,,,,,,,,,,,
DA_S32_O1,5,7.08E+00,7.90E-01,3.50E+00,3.59E+00,1.78E+01,,,,,,,,,,,,,,,,,,,,,,,,,,,,,,,,,,,
DA_S32_O1,5,7.09E+00,7.86E-01,3.64E+00,3.72E+00,1.67E+01,,,,,,,,,,,,,,,,,,,,,,,,,,,,,,,,,,,
DA_S32_O1,5,7.10E+00,7.84E-01,3.78E+00,3.86E+00,1.73E+01,,,,,,,,,,,,,,,,,,,,,,,,,,,,,,,,,,,
DA_S32_O1,5,7.11E+00,7.90E-01,3.92E+00,4.00E+00,1.66E+01,,,,,,,,,,,,,,,,,,,,,,,,,,,,,,,,,,,
DA_S32_O1,5,7.12E+00,7.84E-01,4.05E+00,4.13E+00,1.70E+01,,,,,,,,,,,,,,,,,,,,,,,,,,,,,,,,,,,
DA_S32_O1,5,7.12E+00,7.65E-01,4.21E+00,4.28E+00,,,,,,,,,,,,,,,,,,,,,,,,,,,,,,,,,,,,
,,,,,,,,,,,,,,,,,,,,,,,,,,,,,,,,,,,,,,,,,
DA_S33_O1,1,2.50E-02,1.24E+00,2.02E+00,2.37E+00,,,,,,,,,,,,,,,,,,,,,,,,,,,,,,,,,,,,
DA_S33_O1,1,3.34E-02,1.25E+00,2.13E+00,2.47E+00,1.56E+01,,,,,,,,,,,,,,,,,,,,,,,,,,,,,,,,,,,
DA_S33_O1,1,4.17E-02,1.26E+00,2.28E+00,2.60E+00,1.66E+01,,,,,,,,,,,,,,,,,,,,,,,,,,,,,,,,,,,
DA_S33_O1,1,5.01E-02,1.27E+00,2.41E+00,2.72E+00,1.43E+01,,,,,,,,,,,,,,,,,,,,,,,,,,,,,,,,,,,
DA_S33_O1,1,5.84E-02,1.29E+00,2.51E+00,2.83E+00,1.23E+01,,,,,,,,,,,,,,,,,,,,,,,,,,,,,,,,,,,
DA_S33_O1,1,6.67E-02,1.25E+00,2.61E+00,2.89E+00,1.07E+01,,,,,,,,,,,,,,,,,,,,,,,,,,,,,,,,,,,
DA_S33_O1,1,7.51E-02,1.27E+00,2.69E+00,2.98E+00,1.20E+01,,,,,,,,,,,,,,,,,,,,,,,,,,,,,,,,,,,
DA_S33_O1,1,8.34E-02,1.30E+00,2.80E+00,3.09E+00,1.43E+01,,,,,,,,,,,,,,,,,,,,,,,,,,,,,,,,,,,
DA_S33_O1,1,9.18E-02,1.30E+00,2.93E+00,3.20E+00,1.51E+01,,,,,,,,,,,,,,,,,,,,,,,,,,,,,,,,,,,
DA_S33_O1,1,1.00E-01,1.29E+00,3.05E+00,3.32E+00,1.35E+01,,,,,,,,,,,,,,,,,,,,,,,,,,,,,,,,,,,
DA_S33_O1,1,1.08E-01,1.29E+00,3.15E+00,3.41E+00,1.30E+01,,,,,,,,,,,,,,,,,,,,,,,,,,,,,,,,,,,
DA_S33_O1,1,1.17E-01,1.29E+00,3.27E+00,3.52E+00,1.21E+01,,,,,,,,,,,,,,,,,,,,,,,,,,,,,,,,,,,
DA_S33_O1,1,1.25E-01,1.27E+00,3.36E+00,3.59E+00,1.25E+01,,,,,,,,,,,,,,,,,,,,,,,,,,,,,,,,,,,
DA_S33_O1,1,1.33E-01,1.28E+00,3.48E+00,3.71E+00,1.39E+01,,,,,,,,,,,,,,,,,,,,,,,,,,,,,,,,,,,
DA_S33_O1,1,1.42E-01,1.27E+00,3.59E+00,3.81E+00,1.33E+01,,,,,,,,,,,,,,,,,,,,,,,,,,,,,,,,,,,
DA_S33_O1,1,1.50E-01,1.27E+00,3.70E+00,3.91E+00,1.25E+01,,,,,,,,,,,,,,,,,,,,,,,,,,,,,,,,,,,
DA_S33_O1,1,1.58E-01,1.25E+00,3.80E+00,4.00E+00,1.19E+01,,,,,,,,,,,,,,,,,,,,,,,,,,,,,,,,,,,
DA_S33_O1,1,1.67E-01,1.26E+00,3.90E+00,4.10E+00,1.35E+01,,,,,,,,,,,,,,,,,,,,,,,,,,,,,,,,,,,
DA_S33_O1,1,1.75E-01,1.26E+00,4.02E+00,4.21E+00,1.44E+01,,,,,,,,,,,,,,,,,,,,,,,,,,,,,,,,,,,
DA_S33_O1,1,1.84E-01,1.28E+00,4.14E+00,4.33E+00,1.32E+01,,,,,,,,,,,,,,,,,,,,,,,,,,,,,,,,,,,
DA_S33_O1,1,1.92E-01,1.26E+00,4.24E+00,4.42E+00,1.31E+01,,,,,,,,,,,,,,,,,,,,,,,,,,,,,,,,,,,
DA_S33_O1,1,2.00E-01,1.24E+00,4.36E+00,4.53E+00,1.38E+01,,,,,,,,,,,,,,,,,,,,,,,,,,,,,,,,,,,
DA_S33_O1,1,2.09E-01,1.25E+00,4.47E+00,4.64E+00,1.45E+01,,,,,,,,,,,,,,,,,,,,,,,,,,,,,,,,,,,
DA_S33_O1,1,2.17E-01,1.22E+00,4.60E+00,4.76E+00,1.53E+01,,,,,,,,,,,,,,,,,,,,,,,,,,,,,,,,,,,
DA_S33_O1,1,2.25E-01,1.23E+00,4.72E+00,4.88E+00,1.35E+01,,,,,,,,,,,,,,,,,,,,,,,,,,,,,,,,,,,
DA_S33_O1,1,2.34E-01,1.23E+00,4.82E+00,4.98E+00,1.52E+01,,,,,,,,,,,,,,,,,,,,,,,,,,,,,,,,,,,
DA_S33_O1,1,2.42E-01,1.24E+00,4.98E+00,5.13E+00,1.40E+01,,,,,,,,,,,,,,,,,,,,,,,,,,,,,,,,,,,
DA_S33_O1,1,2.50E-01,1.22E+00,5.06E+00,5.20E+00,1.14E+01,,,,,,,,,,,,,,,,,,,,,,,,,,,,,,,,,,,
DA_S33_O1,1,2.59E-01,1.20E+00,5.16E+00,5.30E+00,,,,,,,,,,,,,,,,,,,,,,,,,,,,,,,,,,,,
,,,,,,,,,,,,,,,,,,,,,,,,,,,,,,,,,,,,,,,,,
DA_S33_O1,2,2.39E+00,1.30E+00,2.84E+00,3.12E+00,,,,,,,,,,,,,,,,,,,,,,,,,,,,,,,,,,,,
DA_S33_O1,2,2.39E+00,1.28E+00,2.95E+00,3.21E+00,1.29E+01,,,,,,,,,,,,,,,,,,,,,,,,,,,,,,,,,,,
DA_S33_O1,2,2.40E+00,1.27E+00,3.05E+00,3.30E+00,1.14E+01,,,,,,,,,,,,,,,,,,,,,,,,,,,,,,,,,,,
DA_S33_O1,2,2.41E+00,1.26E+00,3.13E+00,3.38E+00,1.22E+01,,,,,,,,,,,,,,,,,,,,,,,,,,,,,,,,,,,
DA_S33_O1,2,2.42E+00,1.24E+00,3.25E+00,3.48E+00,1.21E+01,,,,,,,,,,,,,,,,,,,,,,,,,,,,,,,,,,,
DA_S33_O1,2,2.43E+00,1.24E+00,3.34E+00,3.56E+00,1.15E+01,,,,,,,,,,,,,,,,,,,,,,,,,,,,,,,,,,,
DA_S33_O1,2,2.44E+00,1.23E+00,3.44E+00,3.65E+00,1.14E+01,,,,,,,,,,,,,,,,,,,,,,,,,,,,,,,,,,,
DA_S33_O1,2,2.44E+00,1.22E+00,3.52E+00,3.73E+00,1.09E+01,,,,,,,,,,,,,,,,,,,,,,,,,,,,,,,,,,,
DA_S33_O1,2,2.45E+00,1.21E+00,3.62E+00,3.82E+00,1.12E+01,,,,,,,,,,,,,,,,,,,,,,,,,,,,,,,,,,,
DA_S33_O1,2,2.46E+00,1.21E+00,3.71E+00,3.90E+00,9.69E+00,,,,,,,,,,,,,,,,,,,,,,,,,,,,,,,,,,,
DA_S33_O1,2,2.47E+00,1.20E+00,3.78E+00,3.97E+00,9.31E+00,,,,,,,,,,,,,,,,,,,,,,,,,,,,,,,,,,,
DA_S33_O1,2,2.48E+00,1.20E+00,3.87E+00,4.05E+00,1.14E+01,,,,,,,,,,,,,,,,,,,,,,,,,,,,,,,,,,,
DA_S33_O1,2,2.49E+00,1.19E+00,3.97E+00,4.15E+00,1.22E+01,,,,,,,,,,,,,,,,,,,,,,,,,,,,,,,,,,,
DA_S33_O1,2,2.49E+00,1.19E+00,4.07E+00,4.24E+00,1.08E+01,,,,,,,,,,,,,,,,,,,,,,,,,,,,,,,,,,,
DA_S33_O1,2,2.50E+00,1.17E+00,4.15E+00,4.31E+00,9.91E+00,,,,,,,,,,,,,,,,,,,,,,,,,,,,,,,,,,,
DA_S33_O1,2,2.51E+00,1.16E+00,4.23E+00,4.39E+00,8.81E+00,,,,,,,,,,,,,,,,,,,,,,,,,,,,,,,,,,,
DA_S33_O1,2,2.52E+00,1.15E+00,4.30E+00,4.45E+00,1.13E+01,,,,,,,,,,,,,,,,,,,,,,,,,,,,,,,,,,,
DA_S33_O1,2,2.53E+00,1.15E+00,4.42E+00,4.57E+00,1.04E+01,,,,,,,,,,,,,,,,,,,,,,,,,,,,,,,,,,,
DA_S33_O1,2,2.54E+00,1.14E+00,4.47E+00,4.61E+00,1.18E+01,,,,,,,,,,,,,,,,,,,,,,,,,,,,,,,,,,,
DA_S33_O1,2,2.54E+00,1.12E+00,4.61E+00,4.75E+00,1.39E+01,,,,,,,,,,,,,,,,,,,,,,,,,,,,,,,,,,,
DA_S33_O1,2,2.55E+00,1.10E+00,4.70E+00,4.83E+00,1.04E+01,,,,,,,,,,,,,,,,,,,,,,,,,,,,,,,,,,,
DA_S33_O1,2,2.56E+00,1.11E+00,4.79E+00,4.91E+00,1.08E+01,,,,,,,,,,,,,,,,,,,,,,,,,,,,,,,,,,,
DA_S33_O1,2,2.57E+00,1.13E+00,4.88E+00,5.01E+00,1.16E+01,,,,,,,,,,,,,,,,,,,,,,,,,,,,,,,,,,,
DA_S33_O1,2,2.58E+00,1.13E+00,4.98E+00,5.11E+00,1.36E+01,,,,,,,,,,,,,,,,,,,,,,,,,,,,,,,,,,,
DA_S33_O1,2,2.59E+00,1.15E+00,5.10E+00,5.23E+00,1.25E+01,,,,,,,,,,,,,,,,,,,,,,,,,,,,,,,,,,,
DA_S33_O1,2,2.59E+00,1.17E+00,5.18E+00,5.32E+00,9.55E+00,,,,,,,,,,,,,,,,,,,,,,,,,,,,,,,,,,,
DA_S33_O1,2,2.60E+00,1.14E+00,5.26E+00,5.38E+00,9.47E+00,,,,,,,,,,,,,,,,,,,,,,,,,,,,,,,,,,,
DA_S33_O1,2,2.61E+00,1.14E+00,5.34E+00,5.46E+00,1.31E+01,,,,,,,,,,,,,,,,,,,,,,,,,,,,,,,,,,,
DA_S33_O1,2,2.62E+00,1.14E+00,5.48E+00,5.60E+00,1.49E+01,,,,,,,,,,,,,,,,,,,,,,,,,,,,,,,,,,,
DA_S33_O1,2,2.63E+00,1.15E+00,5.59E+00,5.70E+00,1.22E+01,,,,,,,,,,,,,,,,,,,,,,,,,,,,,,,,,,,
DA_S33_O1,2,2.64E+00,1.14E+00,5.68E+00,5.80E+00,1.09E+01,,,,,,,,,,,,,,,,,,,,,,,,,,,,,,,,,,,
DA_S33_O1,2,2.64E+00,1.14E+00,5.77E+00,5.88E+00,1.29E+01,,,,,,,,,,,,,,,,,,,,,,,,,,,,,,,,,,,
DA_S33_O1,2,2.65E+00,1.13E+00,5.90E+00,6.01E+00,1.25E+01,,,,,,,,,,,,,,,,,,,,,,,,,,,,,,,,,,,
DA_S33_O1,2,2.66E+00,1.14E+00,5.98E+00,6.09E+00,,,,,,,,,,,,,,,,,,,,,,,,,,,,,,,,,,,,
,,,,,,,,,,,,,,,,,,,,,,,,,,,,,,,,,,,,,,,,,
DA_S33_O1,3,1.49E+01,1.20E+00,2.02E+00,2.35E+00,,,,,,,,,,,,,,,,,,,,,,,,,,,,,,,,,,,,
DA_S33_O1,3,1.49E+01,1.18E+00,2.16E+00,2.46E+00,1.51E+01,,,,,,,,,,,,,,,,,,,,,,,,,,,,,,,,,,,
DA_S33_O1,3,1.49E+01,1.19E+00,2.27E+00,2.56E+00,1.39E+01,,,,,,,,,,,,,,,,,,,,,,,,,,,,,,,,,,,
DA_S33_O1,3,1.49E+01,1.17E+00,2.39E+00,2.66E+00,1.31E+01,,,,,,,,,,,,,,,,,,,,,,,,,,,,,,,,,,,
DA_S33_O1,3,1.49E+01,1.19E+00,2.49E+00,2.76E+00,1.26E+01,,,,,,,,,,,,,,,,,,,,,,,,,,,,,,,,,,,
DA_S33_O1,3,1.49E+01,1.20E+00,2.60E+00,2.86E+00,1.51E+01,,,,,,,,,,,,,,,,,,,,,,,,,,,,,,,,,,,
DA_S33_O1,3,1.50E+01,1.22E+00,2.74E+00,3.00E+00,1.35E+01,,,,,,,,,,,,,,,,,,,,,,,,,,,,,,,,,,,
DA_S33_O1,3,1.50E+01,1.23E+00,2.82E+00,3.08E+00,1.26E+01,,,,,,,,,,,,,,,,,,,,,,,,,,,,,,,,,,,
DA_S33_O1,3,1.50E+01,1.25E+00,2.95E+00,3.20E+00,1.50E+01,,,,,,,,,,,,,,,,,,,,,,,,,,,,,,,,,,,
DA_S33_O1,3,1.50E+01,1.25E+00,3.07E+00,3.32E+00,1.47E+01,,,,,,,,,,,,,,,,,,,,,,,,,,,,,,,,,,,
DA_S33_O1,3,1.50E+01,1.28E+00,3.19E+00,3.44E+00,1.59E+01,,,,,,,,,,,,,,,,,,,,,,,,,,,,,,,,,,,
DA_S33_O1,3,1.50E+01,1.29E+00,3.34E+00,3.57E+00,1.62E+01,,,,,,,,,,,,,,,,,,,,,,,,,,,,,,,,,,,
DA_S33_O1,3,1.50E+01,1.29E+00,3.46E+00,3.70E+00,1.57E+01,,,,,,,,,,,,,,,,,,,,,,,,,,,,,,,,,,,
DA_S33_O1,3,1.50E+01,1.29E+00,3.60E+00,3.82E+00,1.51E+01,,,,,,,,,,,,,,,,,,,,,,,,,,,,,,,,,,,
DA_S33_O1,3,1.50E+01,1.30E+00,3.71E+00,3.94E+00,1.47E+01,,,,,,,,,,,,,,,,,,,,,,,,,,,,,,,,,,,
DA_S33_O1,3,1.50E+01,1.29E+00,3.84E+00,4.05E+00,1.63E+01,,,,,,,,,,,,,,,,,,,,,,,,,,,,,,,,,,,
DA_S33_O1,3,1.50E+01,1.29E+00,3.99E+00,4.19E+00,1.71E+01,,,,,,,,,,,,,,,,,,,,,,,,,,,,,,,,,,,
DA_S33_O1,3,1.50E+01,1.26E+00,4.13E+00,4.32E+00,1.56E+01,,,,,,,,,,,,,,,,,,,,,,,,,,,,,,,,,,,
DA_S33_O1,3,1.51E+01,1.27E+00,4.25E+00,4.43E+00,1.70E+01,,,,,,,,,,,,,,,,,,,,,,,,,,,,,,,,,,,
DA_S33_O1,3,1.51E+01,1.26E+00,4.41E+00,4.59E+00,1.81E+01,,,,,,,,,,,,,,,,,,,,,,,,,,,,,,,,,,,
DA_S33_O1,3,1.51E+01,1.27E+00,4.55E+00,4.72E+00,1.58E+01,,,,,,,,,,,,,,,,,,,,,,,,,,,,,,,,,,,
DA_S33_O1,3,1.51E+01,1.27E+00,4.67E+00,4.84E+00,1.35E+01,,,,,,,,,,,,,,,,,,,,,,,,,,,,,,,,,,,
DA_S33_O1,3,1.51E+01,1.28E+00,4.77E+00,4.94E+00,1.39E+01,,,,,,,,,,,,,,,,,,,,,,,,,,,,,,,,,,,
DA_S33_O1,3,1.51E+01,1.27E+00,4.90E+00,5.07E+00,1.41E+01,,,,,,,,,,,,,,,,,,,,,,,,,,,,,,,,,,,
DA_S33_O1,3,1.51E+01,1.28E+00,5.01E+00,5.17E+00,1.35E+01,,,,,,,,,,,,,,,,,,,,,,,,,,,,,,,,,,,
DA_S33_O1,3,1.51E+01,1.28E+00,5.13E+00,5.29E+00,,,,,,,,,,,,,,,,,,,,,,,,,,,,,,,,,,,,
,,,,,,,,,,,,,,,,,,,,,,,,,,,,,,,,,,,,,,,,,
DA_S33_O1,4,1.67E+01,7.17E-01,1.75E+00,1.89E+00,,,,,,,,,,,,,,,,,,,,,,,,,,,,,,,,,,,,
DA_S33_O1,4,1.67E+01,7.30E-01,1.81E+00,1.95E+00,9.01E+00,,,,,,,,,,,,,,,,,,,,,,,,,,,,,,,,,,,
DA_S33_O1,4,1.67E+01,7.47E-01,1.89E+00,2.03E+00,1.05E+01,,,,,,,,,,,,,,,,,,,,,,,,,,,,,,,,,,,
DA_S33_O1,4,1.67E+01,7.86E-01,1.97E+00,2.13E+00,1.18E+01,,,,,,,,,,,,,,,,,,,,,,,,,,,,,,,,,,,
DA_S33_O1,4,1.67E+01,8.44E-01,2.06E+00,2.23E+00,1.19E+01,,,,,,,,,,,,,,,,,,,,,,,,,,,,,,,,,,,
DA_S33_O1,4,1.67E+01,8.90E-01,2.14E+00,2.32E+00,1.25E+01,,,,,,,,,,,,,,,,,,,,,,,,,,,,,,,,,,,
DA_S33_O1,4,1.68E+01,9.29E-01,2.25E+00,2.44E+00,1.33E+01,,,,,,,,,,,,,,,,,,,,,,,,,,,,,,,,,,,
DA_S33_O1,4,1.68E+01,9.34E-01,2.36E+00,2.54E+00,1.36E+01,,,,,,,,,,,,,,,,,,,,,,,,,,,,,,,,,,,
DA_S33_O1,4,1.68E+01,9.44E-01,2.48E+00,2.65E+00,1.10E+01,,,,,,,,,,,,,,,,,,,,,,,,,,,,,,,,,,,
DA_S33_O1,4,1.68E+01,9.76E-01,2.54E+00,2.72E+00,9.44E+00,,,,,,,,,,,,,,,,,,,,,,,,,,,,,,,,,,,
DA_S33_O1,4,1.68E+01,9.88E-01,2.63E+00,2.81E+00,1.22E+01,,,,,,,,,,,,,,,,,,,,,,,,,,,,,,,,,,,
DA_S33_O1,4,1.68E+01,1.00E+00,2.74E+00,2.92E+00,9.65E+00,,,,,,,,,,,,,,,,,,,,,,,,,,,,,,,,,,,
DA_S33_O1,4,1.68E+01,1.00E+00,2.79E+00,2.97E+00,1.00E+01,,,,,,,,,,,,,,,,,,,,,,,,,,,,,,,,,,,
DA_S33_O1,4,1.68E+01,1.03E+00,2.91E+00,3.08E+00,1.41E+01,,,,,,,,,,,,,,,,,,,,,,,,,,,,,,,,,,,
DA_S33_O1,4,1.68E+01,1.06E+00,3.02E+00,3.20E+00,1.49E+01,,,,,,,,,,,,,,,,,,,,,,,,,,,,,,,,,,,
DA_S33_O1,4,1.68E+01,1.07E+00,3.15E+00,3.33E+00,1.31E+01,,,,,,,,,,,,,,,,,,,,,,,,,,,,,,,,,,,
DA_S33_O1,4,1.68E+01,1.10E+00,3.24E+00,3.42E+00,1.16E+01,,,,,,,,,,,,,,,,,,,,,,,,,,,,,,,,,,,
DA_S33_O1,4,1.68E+01,1.09E+00,3.34E+00,3.52E+00,1.56E+01,,,,,,,,,,,,,,,,,,,,,,,,,,,,,,,,,,,
DA_S33_O1,4,1.69E+01,1.11E+00,3.50E+00,3.67E+00,1.73E+01,,,,,,,,,,,,,,,,,,,,,,,,,,,,,,,,,,,
DA_S33_O1,4,1.69E+01,1.13E+00,3.63E+00,3.80E+00,1.42E+01,,,,,,,,,,,,,,,,,,,,,,,,,,,,,,,,,,,
DA_S33_O1,4,1.69E+01,1.12E+00,3.73E+00,3.90E+00,1.29E+01,,,,,,,,,,,,,,,,,,,,,,,,,,,,,,,,,,,
DA_S33_O1,4,1.69E+01,1.12E+00,3.84E+00,4.00E+00,1.53E+01,,,,,,,,,,,,,,,,,,,,,,,,,,,,,,,,,,,
DA_S33_O1,4,1.69E+01,1.13E+00,3.99E+00,4.15E+00,1.64E+01,,,,,,,,,,,,,,,,,,,,,,,,,,,,,,,,,,,
DA_S33_O1,4,1.69E+01,1.15E+00,4.12E+00,4.27E+00,1.41E+01,,,,,,,,,,,,,,,,,,,,,,,,,,,,,,,,,,,
DA_S33_O1,4,1.69E+01,1.17E+00,4.22E+00,4.38E+00,1.24E+01,,,,,,,,,,,,,,,,,,,,,,,,,,,,,,,,,,,
DA_S33_O1,4,1.69E+01,1.18E+00,4.32E+00,4.48E+00,1.08E+01,,,,,,,,,,,,,,,,,,,,,,,,,,,,,,,,,,,
DA_S33_O1,4,1.69E+01,1.19E+00,4.40E+00,4.56E+00,1.31E+01,,,,,,,,,,,,,,,,,,,,,,,,,,,,,,,,,,,
DA_S33_O1,4,1.69E+01,1.18E+00,4.54E+00,4.69E+00,1.55E+01,,,,,,,,,,,,,,,,,,,,,,,,,,,,,,,,,,,
DA_S33_O1,4,1.69E+01,1.16E+00,4.66E+00,4.80E+00,1.44E+01,,,,,,,,,,,,,,,,,,,,,,,,,,,,,,,,,,,
DA_S33_O1,4,1.69E+01,1.17E+00,4.78E+00,4.92E+00,1.41E+01,,,,,,,,,,,,,,,,,,,,,,,,,,,,,,,,,,,
DA_S33_O1,4,1.70E+01,1.17E+00,4.89E+00,5.03E+00,1.44E+01,,,,,,,,,,,,,,,,,,,,,,,,,,,,,,,,,,,
DA_S33_O1,4,1.70E+01,1.19E+00,5.02E+00,5.16E+00,1.69E+01,,,,,,,,,,,,,,,,,,,,,,,,,,,,,,,,,,,
DA_S33_O1,4,1.70E+01,1.20E+00,5.17E+00,5.31E+00,,,,,,,,,,,,,,,,,,,,,,,,,,,,,,,,,,,,
,,,,,,,,,,,,,,,,,,,,,,,,,,,,,,,,,,,,,,,,,
DA_S33_O1,5,1.86E+01,1.32E+00,1.77E+00,2.21E+00,,,,,,,,,,,,,,,,,,,,,,,,,,,,,,,,,,,,
DA_S33_O1,5,1.86E+01,1.30E+00,1.94E+00,2.34E+00,1.83E+01,,,,,,,,,,,,,,,,,,,,,,,,,,,,,,,,,,,
DA_S33_O1,5,1.86E+01,1.28E+00,2.08E+00,2.44E+00,1.63E+01,,,,,,,,,,,,,,,,,,,,,,,,,,,,,,,,,,,
DA_S33_O1,5,1.86E+01,1.28E+00,2.21E+00,2.56E+00,1.36E+01,,,,,,,,,,,,,,,,,,,,,,,,,,,,,,,,,,,
DA_S33_O1,5,1.87E+01,1.28E+00,2.31E+00,2.64E+00,1.44E+01,,,,,,,,,,,,,,,,,,,,,,,,,,,,,,,,,,,
DA_S33_O1,5,1.87E+01,1.30E+00,2.45E+00,2.77E+00,1.50E+01,,,,,,,,,,,,,,,,,,,,,,,,,,,,,,,,,,,
DA_S33_O1,5,1.87E+01,1.30E+00,2.56E+00,2.87E+00,1.19E+01,,,,,,,,,,,,,,,,,,,,,,,,,,,,,,,,,,,
DA_S33_O1,5,1.87E+01,1.30E+00,2.65E+00,2.95E+00,1.16E+01,,,,,,,,,,,,,,,,,,,,,,,,,,,,,,,,,,,
DA_S33_O1,5,1.87E+01,1.30E+00,2.75E+00,3.04E+00,1.19E+01,,,,,,,,,,,,,,,,,,,,,,,,,,,,,,,,,,,
DA_S33_O1,5,1.87E+01,1.31E+00,2.85E+00,3.14E+00,1.12E+01,,,,,,,,,,,,,,,,,,,,,,,,,,,,,,,,,,,
DA_S33_O1,5,1.87E+01,1.32E+00,2.94E+00,3.22E+00,1.25E+01,,,,,,,,,,,,,,,,,,,,,,,,,,,,,,,,,,,
DA_S33_O1,5,1.87E+01,1.35E+00,3.06E+00,3.34E+00,1.26E+01,,,,,,,,,,,,,,,,,,,,,,,,,,,,,,,,,,,
DA_S33_O1,5,1.87E+01,1.35E+00,3.14E+00,3.42E+00,1.18E+01,,,,,,,,,,,,,,,,,,,,,,,,,,,,,,,,,,,
DA_S33_O1,5,1.87E+01,1.34E+00,3.25E+00,3.52E+00,1.36E+01,,,,,,,,,,,,,,,,,,,,,,,,,,,,,,,,,,,
DA_S33_O1,5,1.87E+01,1.33E+00,3.37E+00,3.62E+00,1.28E+01,,,,,,,,,,,,,,,,,,,,,,,,,,,,,,,,,,,
DA_S33_O1,5,1.87E+01,1.34E+00,3.46E+00,3.71E+00,1.14E+01,,,,,,,,,,,,,,,,,,,,,,,,,,,,,,,,,,,
DA_S33_O1,5,1.88E+01,1.36E+00,3.56E+00,3.81E+00,1.06E+01,,,,,,,,,,,,,,,,,,,,,,,,,,,,,,,,,,,
DA_S33_O1,5,1.88E+01,1.37E+00,3.64E+00,3.89E+00,1.10E+01,,,,,,,,,,,,,,,,,,,,,,,,,,,,,,,,,,,
DA_S33_O1,5,1.88E+01,1.38E+00,3.74E+00,3.99E+00,1.11E+01,,,,,,,,,,,,,,,,,,,,,,,,,,,,,,,,,,,
DA_S33_O1,5,1.88E+01,1.38E+00,3.82E+00,4.06E+00,1.02E+01,,,,,,,,,,,,,,,,,,,,,,,,,,,,,,,,,,,
DA_S33_O1,5,1.88E+01,1.37E+00,3.91E+00,4.14E+00,1.20E+01,,,,,,,,,,,,,,,,,,,,,,,,,,,,,,,,,,,
DA_S33_O1,5,1.88E+01,1.38E+00,4.02E+00,4.25E+00,1.18E+01,,,,,,,,,,,,,,,,,,,,,,,,,,,,,,,,,,,
DA_S33_O1,5,1.88E+01,1.38E+00,4.11E+00,4.33E+00,1.41E+01,,,,,,,,,,,,,,,,,,,,,,,,,,,,,,,,,,,
DA_S33_O1,5,1.88E+01,1.43E+00,4.25E+00,4.49E+00,1.24E+01,,,,,,,,,,,,,,,,,,,,,,,,,,,,,,,,,,,
DA_S33_O1,5,1.88E+01,1.40E+00,4.31E+00,4.53E+00,9.55E+00,,,,,,,,,,,,,,,,,,,,,,,,,,,,,,,,,,,
DA_S33_O1,5,1.88E+01,1.42E+00,4.41E+00,4.63E+00,1.31E+01,,,,,,,,,,,,,,,,,,,,,,,,,,,,,,,,,,,
DA_S33_O1,5,1.88E+01,1.40E+00,4.53E+00,4.74E+00,1.29E+01,,,,,,,,,,,,,,,,,,,,,,,,,,,,,,,,,,,
DA_S33_O1,5,1.88E+01,1.40E+00,4.63E+00,4.83E+00,1.09E+01,,,,,,,,,,,,,,,,,,,,,,,,,,,,,,,,,,,
DA_S33_O1,5,1.89E+01,1.39E+00,4.71E+00,4.92E+00,1.16E+01,,,,,,,,,,,,,,,,,,,,,,,,,,,,,,,,,,,
DA_S33_O1,5,1.89E+01,1.41E+00,4.82E+00,5.02E+00,,,,,,,,,,,,,,,,,,,,,,,,,,,,,,,,,,,,
,,,,,,,,,,,,,,,,,,,,,,,,,,,,,,,,,,,,,,,,,
DA_S35_O2,1,0.00E+00,1.55E+00,1.07E+00,1.88E+00,,,,,,,,,,,,,,,,,,,,,,,,,,,,,,,,,,,,
DA_S35_O2,1,8.34E-03,1.54E+00,1.17E+00,1.94E+00,1.30E+01,,,,,,,,,,,,,,,,,,,,,,,,,,,,,,,,,,,
DA_S35_O2,1,1.67E-02,1.51E+00,1.28E+00,1.98E+00,1.14E+01,,,,,,,,,,,,,,,,,,,,,,,,,,,,,,,,,,,
DA_S35_O2,1,2.50E-02,1.53E+00,1.36E+00,2.05E+00,1.12E+01,,,,,,,,,,,,,,,,,,,,,,,,,,,,,,,,,,,
DA_S35_O2,1,3.34E-02,1.54E+00,1.47E+00,2.12E+00,1.19E+01,,,,,,,,,,,,,,,,,,,,,,,,,,,,,,,,,,,
DA_S35_O2,1,4.17E-02,1.52E+00,1.56E+00,2.18E+00,1.14E+01,,,,,,,,,,,,,,,,,,,,,,,,,,,,,,,,,,,
DA_S35_O2,1,5.01E-02,1.53E+00,1.65E+00,2.25E+00,1.31E+01,,,,,,,,,,,,,,,,,,,,,,,,,,,,,,,,,,,
DA_S35_O2,1,5.84E-02,1.53E+00,1.78E+00,2.35E+00,1.31E+01,,,,,,,,,,,,,,,,,,,,,,,,,,,,,,,,,,,
DA_S35_O2,1,6.67E-02,1.54E+00,1.87E+00,2.42E+00,1.18E+01,,,,,,,,,,,,,,,,,,,,,,,,,,,,,,,,,,,
DA_S35_O2,1,7.51E-02,1.54E+00,1.97E+00,2.50E+00,1.22E+01,,,,,,,,,,,,,,,,,,,,,,,,,,,,,,,,,,,
DA_S35_O2,1,8.34E-02,1.55E+00,2.08E+00,2.59E+00,1.31E+01,,,,,,,,,,,,,,,,,,,,,,,,,,,,,,,,,,,
DA_S35_O2,1,9.18E-02,1.55E+00,2.19E+00,2.68E+00,1.35E+01,,,,,,,,,,,,,,,,,,,,,,,,,,,,,,,,,,,
DA_S35_O2,1,1.00E-01,1.56E+00,2.30E+00,2.78E+00,1.27E+01,,,,,,,,,,,,,,,,,,,,,,,,,,,,,,,,,,,
DA_S35_O2,1,1.08E-01,1.57E+00,2.40E+00,2.87E+00,1.34E+01,,,,,,,,,,,,,,,,,,,,,,,,,,,,,,,,,,,
DA_S35_O2,1,1.17E-01,1.59E+00,2.52E+00,2.98E+00,1.42E+01,,,,,,,,,,,,,,,,,,,,,,,,,,,,,,,,,,,
DA_S35_O2,1,1.25E-01,1.60E+00,2.64E+00,3.09E+00,1.40E+01,,,,,,,,,,,,,,,,,,,,,,,,,,,,,,,,,,,
DA_S35_O2,1,1.33E-01,1.62E+00,2.75E+00,3.19E+00,1.44E+01,,,,,,,,,,,,,,,,,,,,,,,,,,,,,,,,,,,
DA_S35_O2,1,1.42E-01,1.64E+00,2.87E+00,3.31E+00,1.50E+01,,,,,,,,,,,,,,,,,,,,,,,,,,,,,,,,,,,
DA_S35_O2,1,1.50E-01,1.67E+00,3.00E+00,3.43E+00,1.47E+01,,,,,,,,,,,,,,,,,,,,,,,,,,,,,,,,,,,
DA_S35_O2,1,1.58E-01,1.69E+00,3.11E+00,3.54E+00,1.38E+01,,,,,,,,,,,,,,,,,,,,,,,,,,,,,,,,,,,
DA_S35_O2,1,1.67E-01,1.71E+00,3.23E+00,3.65E+00,1.42E+01,,,,,,,,,,,,,,,,,,,,,,,,,,,,,,,,,,,
DA_S35_O2,1,1.75E-01,1.71E+00,3.35E+00,3.76E+00,1.33E+01,,,,,,,,,,,,,,,,,,,,,,,,,,,,,,,,,,,
DA_S35_O2,1,1.84E-01,1.73E+00,3.45E+00,3.86E+00,1.25E+01,,,,,,,,,,,,,,,,,,,,,,,,,,,,,,,,,,,
DA_S35_O2,1,1.92E-01,1.72E+00,3.56E+00,3.95E+00,1.41E+01,,,,,,,,,,,,,,,,,,,,,,,,,,,,,,,,,,,
DA_S35_O2,1,2.00E-01,1.72E+00,3.68E+00,4.07E+00,1.44E+01,,,,,,,,,,,,,,,,,,,,,,,,,,,,,,,,,,,
DA_S35_O2,1,2.09E-01,1.74E+00,3.80E+00,4.18E+00,1.33E+01,,,,,,,,,,,,,,,,,,,,,,,,,,,,,,,,,,,
DA_S35_O2,1,2.17E-01,1.74E+00,3.90E+00,4.27E+00,1.35E+01,,,,,,,,,,,,,,,,,,,,,,,,,,,,,,,,,,,
DA_S35_O2,1,2.25E-01,1.75E+00,4.02E+00,4.39E+00,1.48E+01,,,,,,,,,,,,,,,,,,,,,,,,,,,,,,,,,,,
DA_S35_O2,1,2.34E-01,1.76E+00,4.15E+00,4.51E+00,,,,,,,,,,,,,,,,,,,,,,,,,,,,,,,,,,,,
,,,,,,,,,,,,,,,,,,,,,,,,,,,,,,,,,,,,,,,,,
DA_S35_O2,2,2.79E+00,3.50E-01,1.59E+00,1.62E+00,,,,,,,,,,,,,,,,,,,,,,,,,,,,,,,,,,,,
DA_S35_O2,2,2.80E+00,3.45E-01,1.73E+00,1.76E+00,1.93E+01,,,,,,,,,,,,,,,,,,,,,,,,,,,,,,,,,,,
DA_S35_O2,2,2.81E+00,3.69E-01,1.91E+00,1.94E+00,1.79E+01,,,,,,,,,,,,,,,,,,,,,,,,,,,,,,,,,,,
DA_S35_O2,2,2.82E+00,3.73E-01,2.03E+00,2.06E+00,1.77E+01,,,,,,,,,,,,,,,,,,,,,,,,,,,,,,,,,,,
DA_S35_O2,2,2.83E+00,4.03E-01,2.20E+00,2.24E+00,1.90E+01,,,,,,,,,,,,,,,,,,,,,,,,,,,,,,,,,,,
DA_S35_O2,2,2.84E+00,4.13E-01,2.34E+00,2.38E+00,1.90E+01,,,,,,,,,,,,,,,,,,,,,,,,,,,,,,,,,,,
DA_S35_O2,2,2.84E+00,4.02E-01,2.52E+00,2.55E+00,1.99E+01,,,,,,,,,,,,,,,,,,,,,,,,,,,,,,,,,,,
DA_S35_O2,2,2.85E+00,4.15E-01,2.68E+00,2.71E+00,1.76E+01,,,,,,,,,,,,,,,,,,,,,,,,,,,,,,,,,,,
DA_S35_O2,2,2.86E+00,4.58E-01,2.80E+00,2.84E+00,1.68E+01,,,,,,,,,,,,,,,,,,,,,,,,,,,,,,,,,,,
DA_S35_O2,2,2.87E+00,4.63E-01,2.95E+00,2.99E+00,1.68E+01,,,,,,,,,,,,,,,,,,,,,,,,,,,,,,,,,,,
DA_S35_O2,2,2.88E+00,5.06E-01,3.08E+00,3.12E+00,1.69E+01,,,,,,,,,,,,,,,,,,,,,,,,,,,,,,,,,,,
DA_S35_O2,2,2.89E+00,5.47E-01,3.22E+00,3.27E+00,1.59E+01,,,,,,,,,,,,,,,,,,,,,,,,,,,,,,,,,,,
DA_S35_O2,2,2.89E+00,5.52E-01,3.34E+00,3.39E+00,1.57E+01,,,,,,,,,,,,,,,,,,,,,,,,,,,,,,,,,,,
DA_S35_O2,2,2.90E+00,5.99E-01,3.48E+00,3.53E+00,1.60E+01,,,,,,,,,,,,,,,,,,,,,,,,,,,,,,,,,,,
DA_S35_O2,2,2.91E+00,6.35E-01,3.60E+00,3.65E+00,1.35E+01,,,,,,,,,,,,,,,,,,,,,,,,,,,,,,,,,,,
DA_S35_O2,2,2.92E+00,6.44E-01,3.70E+00,3.75E+00,1.48E+01,,,,,,,,,,,,,,,,,,,,,,,,,,,,,,,,,,,
DA_S35_O2,2,2.93E+00,6.54E-01,3.84E+00,3.90E+00,1.51E+01,,,,,,,,,,,,,,,,,,,,,,,,,,,,,,,,,,,
DA_S35_O2,2,2.94E+00,6.67E-01,3.95E+00,4.01E+00,1.45E+01,,,,,,,,,,,,,,,,,,,,,,,,,,,,,,,,,,,
DA_S35_O2,2,2.94E+00,7.16E-01,4.08E+00,4.14E+00,1.72E+01,,,,,,,,,,,,,,,,,,,,,,,,,,,,,,,,,,,
DA_S35_O2,2,2.95E+00,7.19E-01,4.23E+00,4.29E+00,1.68E+01,,,,,,,,,,,,,,,,,,,,,,,,,,,,,,,,,,,
DA_S35_O2,2,2.96E+00,7.33E-01,4.36E+00,4.42E+00,1.82E+01,,,,,,,,,,,,,,,,,,,,,,,,,,,,,,,,,,,
DA_S35_O2,2,2.97E+00,7.26E-01,4.54E+00,4.59E+00,1.76E+01,,,,,,,,,,,,,,,,,,,,,,,,,,,,,,,,,,,
DA_S35_O2,2,2.98E+00,7.43E-01,4.65E+00,4.71E+00,,,,,,,,,,,,,,,,,,,,,,,,,,,,,,,,,,,,
,,,,,,,,,,,,,,,,,,,,,,,,,,,,,,,,,,,,,,,,,
DA_S35_O2,3,1.03E+01,6.37E-01,1.82E-01,6.63E-01,,,,,,,,,,,,,,,,,,,,,,,,,,,,,,,,,,,,
DA_S35_O2,3,1.03E+01,6.19E-01,3.19E-01,6.96E-01,1.44E+01,,,,,,,,,,,,,,,,,,,,,,,,,,,,,,,,,,,
DA_S35_O2,3,1.04E+01,6.28E-01,4.21E-01,7.56E-01,1.23E+01,,,,,,,,,,,,,,,,,,,,,,,,,,,,,,,,,,,
DA_S35_O2,3,1.04E+01,6.11E-01,5.23E-01,8.05E-01,1.33E+01,,,,,,,,,,,,,,,,,,,,,,,,,,,,,,,,,,,
DA_S35_O2,3,1.04E+01,5.87E-01,6.39E-01,8.68E-01,1.27E+01,,,,,,,,,,,,,,,,,,,,,,,,,,,,,,,,,,,
DA_S35_O2,3,1.04E+01,5.83E-01,7.34E-01,9.37E-01,9.16E+00,,,,,,,,,,,,,,,,,,,,,,,,,,,,,,,,,,,
DA_S35_O2,3,1.04E+01,5.96E-01,7.92E-01,9.91E-01,7.52E+00,,,,,,,,,,,,,,,,,,,,,,,,,,,,,,,,,,,
DA_S35_O2,3,1.04E+01,6.13E-01,8.56E-01,1.05E+00,1.03E+01,,,,,,,,,,,,,,,,,,,,,,,,,,,,,,,,,,,
DA_S35_O2,3,1.04E+01,6.31E-01,9.60E-01,1.15E+00,1.23E+01,,,,,,,,,,,,,,,,,,,,,,,,,,,,,,,,,,,
DA_S35_O2,3,1.04E+01,6.46E-01,1.06E+00,1.24E+00,9.89E+00,,,,,,,,,,,,,,,,,,,,,,,,,,,,,,,,,,,
DA_S35_O2,3,1.04E+01,6.47E-01,1.12E+00,1.30E+00,8.45E+00,,,,,,,,,,,,,,,,,,,,,,,,,,,,,,,,,,,
DA_S35_O2,3,1.04E+01,6.47E-01,1.20E+00,1.36E+00,1.09E+01,,,,,,,,,,,,,,,,,,,,,,,,,,,,,,,,,,,
DA_S35_O2,3,1.04E+01,6.50E-01,1.31E+00,1.46E+00,1.20E+01,,,,,,,,,,,,,,,,,,,,,,,,,,,,,,,,,,,
DA_S35_O2,3,1.04E+01,6.45E-01,1.40E+00,1.54E+00,1.08E+01,,,,,,,,,,,,,,,,,,,,,,,,,,,,,,,,,,,
DA_S35_O2,3,1.05E+01,6.42E-01,1.49E+00,1.62E+00,9.52E+00,,,,,,,,,,,,,,,,,,,,,,,,,,,,,,,,,,,
DA_S35_O2,3,1.05E+01,6.32E-01,1.56E+00,1.68E+00,1.01E+01,,,,,,,,,,,,,,,,,,,,,,,,,,,,,,,,,,,
DA_S35_O2,3,1.05E+01,6.27E-01,1.65E+00,1.77E+00,1.19E+01,,,,,,,,,,,,,,,,,,,,,,,,,,,,,,,,,,,
DA_S35_O2,3,1.05E+01,6.21E-01,1.76E+00,1.86E+00,1.24E+01,,,,,,,,,,,,,,,,,,,,,,,,,,,,,,,,,,,
DA_S35_O2,3,1.05E+01,6.30E-01,1.86E+00,1.96E+00,1.17E+01,,,,,,,,,,,,,,,,,,,,,,,,,,,,,,,,,,,
DA_S35_O2,3,1.05E+01,6.15E-01,1.95E+00,2.05E+00,1.19E+01,,,,,,,,,,,,,,,,,,,,,,,,,,,,,,,,,,,
DA_S35_O2,3,1.05E+01,6.18E-01,2.06E+00,2.15E+00,1.20E+01,,,,,,,,,,,,,,,,,,,,,,,,,,,,,,,,,,,
DA_S35_O2,3,1.05E+01,6.29E-01,2.15E+00,2.24E+00,1.15E+01,,,,,,,,,,,,,,,,,,,,,,,,,,,,,,,,,,,
DA_S35_O2,3,1.05E+01,6.19E-01,2.25E+00,2.33E+00,1.54E+01,,,,,,,,,,,,,,,,,,,,,,,,,,,,,,,,,,,
DA_S35_O2,3,1.05E+01,6.06E-01,2.41E+00,2.48E+00,1.44E+01,,,,,,,,,,,,,,,,,,,,,,,,,,,,,,,,,,,
DA_S35_O2,3,1.05E+01,6.09E-01,2.49E+00,2.56E+00,1.03E+01,,,,,,,,,,,,,,,,,,,,,,,,,,,,,,,,,,,
DA_S35_O2,3,1.05E+01,6.10E-01,2.58E+00,2.65E+00,1.25E+01,,,,,,,,,,,,,,,,,,,,,,,,,,,,,,,,,,,
DA_S35_O2,3,1.06E+01,6.21E-01,2.70E+00,2.77E+00,1.30E+01,,,,,,,,,,,,,,,,,,,,,,,,,,,,,,,,,,,
DA_S35_O2,3,1.06E+01,6.11E-01,2.80E+00,2.86E+00,1.19E+01,,,,,,,,,,,,,,,,,,,,,,,,,,,,,,,,,,,
DA_S35_O2,3,1.06E+01,6.00E-01,2.89E+00,2.96E+00,1.19E+01,,,,,,,,,,,,,,,,,,,,,,,,,,,,,,,,,,,
DA_S35_O2,3,1.06E+01,5.90E-01,2.99E+00,3.05E+00,1.18E+01,,,,,,,,,,,,,,,,,,,,,,,,,,,,,,,,,,,
DA_S35_O2,3,1.06E+01,5.70E-01,3.09E+00,3.14E+00,1.32E+01,,,,,,,,,,,,,,,,,,,,,,,,,,,,,,,,,,,
DA_S35_O2,3,1.06E+01,5.84E-01,3.21E+00,3.27E+00,1.10E+01,,,,,,,,,,,,,,,,,,,,,,,,,,,,,,,,,,,
DA_S35_O2,3,1.06E+01,5.82E-01,3.27E+00,3.32E+00,7.76E+00,,,,,,,,,,,,,,,,,,,,,,,,,,,,,,,,,,,
DA_S35_O2,3,1.06E+01,5.77E-01,3.34E+00,3.39E+00,7.18E+00,,,,,,,,,,,,,,,,,,,,,,,,,,,,,,,,,,,
DA_S35_O2,3,1.06E+01,5.77E-01,3.39E+00,3.44E+00,5.34E+00,,,,,,,,,,,,,,,,,,,,,,,,,,,,,,,,,,,
DA_S35_O2,3,1.06E+01,5.69E-01,3.43E+00,3.48E+00,,,,,,,,,,,,,,,,,,,,,,,,,,,,,,,,,,,,
,,,,,,,,,,,,,,,,,,,,,,,,,,,,,,,,,,,,,,,,,
DA_S35_O2,4,1.29E+01,1.43E+00,1.71E-01,1.44E+00,,,,,,,,,,,,,,,,,,,,,,,,,,,,,,,,,,,,
DA_S35_O2,4,1.30E+01,1.42E+00,2.40E-01,1.44E+00,8.59E+00,,,,,,,,,,,,,,,,,,,,,,,,,,,,,,,,,,,
DA_S35_O2,4,1.30E+01,1.44E+00,3.14E-01,1.47E+00,1.06E+01,,,,,,,,,,,,,,,,,,,,,,,,,,,,,,,,,,,
DA_S35_O2,4,1.30E+01,1.45E+00,4.16E-01,1.51E+00,1.03E+01,,,,,,,,,,,,,,,,,,,,,,,,,,,,,,,,,,,
DA_S35_O2,4,1.30E+01,1.44E+00,4.86E-01,1.52E+00,6.53E+00,,,,,,,,,,,,,,,,,,,,,,,,,,,,,,,,,,,
DA_S35_O2,4,1.30E+01,1.46E+00,5.24E-01,1.55E+00,8.45E+00,,,,,,,,,,,,,,,,,,,,,,,,,,,,,,,,,,,
DA_S35_O2,4,1.30E+01,1.48E+00,6.23E-01,1.60E+00,1.14E+01,,,,,,,,,,,,,,,,,,,,,,,,,,,,,,,,,,,
DA_S35_O2,4,1.30E+01,1.45E+00,7.14E-01,1.62E+00,1.22E+01,,,,,,,,,,,,,,,,,,,,,,,,,,,,,,,,,,,
DA_S35_O2,4,1.30E+01,1.46E+00,8.26E-01,1.68E+00,1.40E+01,,,,,,,,,,,,,,,,,,,,,,,,,,,,,,,,,,,
DA_S35_O2,4,1.30E+01,1.46E+00,9.47E-01,1.74E+00,1.61E+01,,,,,,,,,,,,,,,,,,,,,,,,,,,,,,,,,,,
DA_S35_O2,4,1.30E+01,1.47E+00,1.09E+00,1.83E+00,1.64E+01,,,,,,,,,,,,,,,,,,,,,,,,,,,,,,,,,,,
DA_S35_O2,4,1.30E+01,1.51E+00,1.22E+00,1.94E+00,1.53E+01,,,,,,,,,,,,,,,,,,,,,,,,,,,,,,,,,,,
DA_S35_O2,4,1.30E+01,1.54E+00,1.34E+00,2.04E+00,1.52E+01,,,,,,,,,,,,,,,,,,,,,,,,,,,,,,,,,,,
DA_S35_O2,4,1.31E+01,1.56E+00,1.47E+00,2.14E+00,1.55E+01,,,,,,,,,,,,,,,,,,,,,,,,,,,,,,,,,,,
DA_S35_O2,4,1.31E+01,1.56E+00,1.60E+00,2.24E+00,1.68E+01,,,,,,,,,,,,,,,,,,,,,,,,,,,,,,,,,,,
DA_S35_O2,4,1.31E+01,1.58E+00,1.75E+00,2.35E+00,1.67E+01,,,,,,,,,,,,,,,,,,,,,,,,,,,,,,,,,,,
DA_S35_O2,4,1.31E+01,1.57E+00,1.88E+00,2.45E+00,1.55E+01,,,,,,,,,,,,,,,,,,,,,,,,,,,,,,,,,,,
DA_S35_O2,4,1.31E+01,1.59E+00,2.00E+00,2.56E+00,1.53E+01,,,,,,,,,,,,,,,,,,,,,,,,,,,,,,,,,,,
DA_S35_O2,4,1.31E+01,1.60E+00,2.13E+00,2.67E+00,1.55E+01,,,,,,,,,,,,,,,,,,,,,,,,,,,,,,,,,,,
DA_S35_O2,4,1.31E+01,1.62E+00,2.26E+00,2.78E+00,1.68E+01,,,,,,,,,,,,,,,,,,,,,,,,,,,,,,,,,,,
DA_S35_O2,4,1.31E+01,1.64E+00,2.41E+00,2.91E+00,1.42E+01,,,,,,,,,,,,,,,,,,,,,,,,,,,,,,,,,,,
DA_S35_O2,4,1.31E+01,1.64E+00,2.50E+00,2.99E+00,1.37E+01,,,,,,,,,,,,,,,,,,,,,,,,,,,,,,,,,,,
DA_S35_O2,4,1.31E+01,1.65E+00,2.63E+00,3.11E+00,1.59E+01,,,,,,,,,,,,,,,,,,,,,,,,,,,,,,,,,,,
DA_S35_O2,4,1.31E+01,1.67E+00,2.76E+00,3.23E+00,1.44E+01,,,,,,,,,,,,,,,,,,,,,,,,,,,,,,,,,,,
DA_S35_O2,4,1.31E+01,1.69E+00,2.87E+00,3.33E+00,1.48E+01,,,,,,,,,,,,,,,,,,,,,,,,,,,,,,,,,,,
DA_S35_O2,4,1.32E+01,1.72E+00,3.00E+00,3.46E+00,1.56E+01,,,,,,,,,,,,,,,,,,,,,,,,,,,,,,,,,,,
DA_S35_O2,4,1.32E+01,1.75E+00,3.12E+00,3.58E+00,1.51E+01,,,,,,,,,,,,,,,,,,,,,,,,,,,,,,,,,,,
DA_S35_O2,4,1.32E+01,1.76E+00,3.25E+00,3.70E+00,1.30E+01,,,,,,,,,,,,,,,,,,,,,,,,,,,,,,,,,,,
DA_S35_O2,4,1.32E+01,1.75E+00,3.34E+00,3.77E+00,1.19E+01,,,,,,,,,,,,,,,,,,,,,,,,,,,,,,,,,,,
DA_S35_O2,4,1.32E+01,1.75E+00,3.45E+00,3.87E+00,1.61E+01,,,,,,,,,,,,,,,,,,,,,,,,,,,,,,,,,,,
DA_S35_O2,4,1.32E+01,1.76E+00,3.61E+00,4.01E+00,,,,,,,,,,,,,,,,,,,,,,,,,,,,,,,,,,,,
,,,,,,,,,,,,,,,,,,,,,,,,,,,,,,,,,,,,,,,,,
DA_S35_O2,5,1.41E+01,1.19E+00,4.59E-01,1.28E+00,,,,,,,,,,,,,,,,,,,,,,,,,,,,,,,,,,,,
DA_S35_O2,5,1.41E+01,1.18E+00,5.86E-01,1.31E+00,1.30E+01,,,,,,,,,,,,,,,,,,,,,,,,,,,,,,,,,,,
DA_S35_O2,5,1.41E+01,1.16E+00,6.73E-01,1.34E+00,1.24E+01,,,,,,,,,,,,,,,,,,,,,,,,,,,,,,,,,,,
DA_S35_O2,5,1.41E+01,1.13E+00,7.88E-01,1.38E+00,1.51E+01,,,,,,,,,,,,,,,,,,,,,,,,,,,,,,,,,,,
DA_S35_O2,5,1.41E+01,1.11E+00,9.20E-01,1.44E+00,1.64E+01,,,,,,,,,,,,,,,,,,,,,,,,,,,,,,,,,,,
DA_S35_O2,5,1.41E+01,1.11E+00,1.06E+00,1.54E+00,1.66E+01,,,,,,,,,,,,,,,,,,,,,,,,,,,,,,,,,,,
DA_S35_O2,5,1.41E+01,1.11E+00,1.20E+00,1.63E+00,1.56E+01,,,,,,,,,,,,,,,,,,,,,,,,,,,,,,,,,,,
DA_S35_O2,5,1.41E+01,1.11E+00,1.32E+00,1.72E+00,1.44E+01,,,,,,,,,,,,,,,,,,,,,,,,,,,,,,,,,,,
DA_S35_O2,5,1.41E+01,1.10E+00,1.44E+00,1.81E+00,1.37E+01,,,,,,,,,,,,,,,,,,,,,,,,,,,,,,,,,,,
DA_S35_O2,5,1.41E+01,1.12E+00,1.55E+00,1.91E+00,1.44E+01,,,,,,,,,,,,,,,,,,,,,,,,,,,,,,,,,,,
DA_S35_O2,5,1.41E+01,1.13E+00,1.67E+00,2.02E+00,1.44E+01,,,,,,,,,,,,,,,,,,,,,,,,,,,,,,,,,,,
DA_S35_O2,5,1.41E+01,1.15E+00,1.79E+00,2.12E+00,1.36E+01,,,,,,,,,,,,,,,,,,,,,,,,,,,,,,,,,,,
DA_S35_O2,5,1.42E+01,1.17E+00,1.90E+00,2.23E+00,1.29E+01,,,,,,,,,,,,,,,,,,,,,,,,,,,,,,,,,,,
DA_S35_O2,5,1.42E+01,1.19E+00,2.00E+00,2.33E+00,1.35E+01,,,,,,,,,,,,,,,,,,,,,,,,,,,,,,,,,,,
DA_S35_O2,5,1.42E+01,1.21E+00,2.12E+00,2.44E+00,1.48E+01,,,,,,,,,,,,,,,,,,,,,,,,,,,,,,,,,,,
DA_S35_O2,5,1.42E+01,1.24E+00,2.24E+00,2.56E+00,1.35E+01,,,,,,,,,,,,,,,,,,,,,,,,,,,,,,,,,,,
DA_S35_O2,5,1.42E+01,1.26E+00,2.34E+00,2.66E+00,1.16E+01,,,,,,,,,,,,,,,,,,,,,,,,,,,,,,,,,,,
DA_S35_O2,5,1.42E+01,1.27E+00,2.43E+00,2.74E+00,1.11E+01,,,,,,,,,,,,,,,,,,,,,,,,,,,,,,,,,,,
DA_S35_O2,5,1.42E+01,1.30E+00,2.52E+00,2.83E+00,1.18E+01,,,,,,,,,,,,,,,,,,,,,,,,,,,,,,,,,,,
DA_S35_O2,5,1.42E+01,1.33E+00,2.62E+00,2.94E+00,1.18E+01,,,,,,,,,,,,,,,,,,,,,,,,,,,,,,,,,,,
DA_S35_O2,5,1.42E+01,1.34E+00,2.71E+00,3.02E+00,1.29E+01,,,,,,,,,,,,,,,,,,,,,,,,,,,,,,,,,,,
DA_S35_O2,5,1.42E+01,1.36E+00,2.83E+00,3.14E+00,1.38E+01,,,,,,,,,,,,,,,,,,,,,,,,,,,,,,,,,,,
DA_S35_O2,5,1.42E+01,1.37E+00,2.94E+00,3.24E+00,1.35E+01,,,,,,,,,,,,,,,,,,,,,,,,,,,,,,,,,,,
DA_S35_O2,5,1.42E+01,1.37E+00,3.06E+00,3.35E+00,1.30E+01,,,,,,,,,,,,,,,,,,,,,,,,,,,,,,,,,,,
DA_S35_O2,5,1.43E+01,1.37E+00,3.16E+00,3.44E+00,1.20E+01,,,,,,,,,,,,,,,,,,,,,,,,,,,,,,,,,,,
DA_S35_O2,5,1.43E+01,1.39E+00,3.25E+00,3.54E+00,1.27E+01,,,,,,,,,,,,,,,,,,,,,,,,,,,,,,,,,,,
DA_S35_O2,5,1.43E+01,1.39E+00,3.37E+00,3.64E+00,1.21E+01,,,,,,,,,,,,,,,,,,,,,,,,,,,,,,,,,,,
DA_S35_O2,5,1.43E+01,1.41E+00,3.46E+00,3.73E+00,1.31E+01,,,,,,,,,,,,,,,,,,,,,,,,,,,,,,,,,,,
DA_S35_O2,5,1.43E+01,1.42E+00,3.58E+00,3.85E+00,,,,,,,,,,,,,,,,,,,,,,,,,,,,,,,,,,,,
,,,,,,,,,,,,,,,,,,,,,,,,,,,,,,,,,,,,,,,,,
DA_S35_O3,1,5.84E-02,-2.35E-01,1.00E+00,1.03E+00,,,,,,,,,,,,,,,,,,,,,,,,,,,,,,,,,,,,
DA_S35_O3,1,6.67E-02,-2.53E-01,1.12E+00,1.14E+00,1.43E+01,,,,,,,,,,,,,,,,,,,,,,,,,,,,,,,,,,,
DA_S35_O3,1,7.51E-02,-2.80E-01,1.23E+00,1.27E+00,1.48E+01,,,,,,,,,,,,,,,,,,,,,,,,,,,,,,,,,,,
DA_S35_O3,1,8.34E-02,-2.96E-01,1.36E+00,1.39E+00,1.44E+01,,,,,,,,,,,,,,,,,,,,,,,,,,,,,,,,,,,
DA_S35_O3,1,9.18E-02,-3.04E-01,1.47E+00,1.50E+00,1.30E+01,,,,,,,,,,,,,,,,,,,,,,,,,,,,,,,,,,,
DA_S35_O3,1,1.00E-01,-3.25E-01,1.58E+00,1.61E+00,1.31E+01,,,,,,,,,,,,,,,,,,,,,,,,,,,,,,,,,,,
DA_S35_O3,1,1.08E-01,-3.38E-01,1.69E+00,1.72E+00,1.18E+01,,,,,,,,,,,,,,,,,,,,,,,,,,,,,,,,,,,
DA_S35_O3,1,1.17E-01,-3.54E-01,1.77E+00,1.81E+00,1.19E+01,,,,,,,,,,,,,,,,,,,,,,,,,,,,,,,,,,,
DA_S35_O3,1,1.25E-01,-3.72E-01,1.89E+00,1.92E+00,1.37E+01,,,,,,,,,,,,,,,,,,,,,,,,,,,,,,,,,,,
DA_S35_O3,1,1.33E-01,-3.86E-01,2.00E+00,2.03E+00,1.22E+01,,,,,,,,,,,,,,,,,,,,,,,,,,,,,,,,,,,
DA_S35_O3,1,1.42E-01,-3.89E-01,2.09E+00,2.12E+00,1.25E+01,,,,,,,,,,,,,,,,,,,,,,,,,,,,,,,,,,,
DA_S35_O3,1,1.50E-01,-4.07E-01,2.20E+00,2.24E+00,1.46E+01,,,,,,,,,,,,,,,,,,,,,,,,,,,,,,,,,,,
DA_S35_O3,1,1.58E-01,-4.65E-01,2.32E+00,2.37E+00,1.36E+01,,,,,,,,,,,,,,,,,,,,,,,,,,,,,,,,,,,
DA_S35_O3,1,1.67E-01,-4.77E-01,2.42E+00,2.47E+00,1.34E+01,,,,,,,,,,,,,,,,,,,,,,,,,,,,,,,,,,,
DA_S35_O3,1,1.75E-01,-4.98E-01,2.54E+00,2.59E+00,1.51E+01,,,,,,,,,,,,,,,,,,,,,,,,,,,,,,,,,,,
DA_S35_O3,1,1.84E-01,-5.18E-01,2.67E+00,2.72E+00,1.40E+01,,,,,,,,,,,,,,,,,,,,,,,,,,,,,,,,,,,
DA_S35_O3,1,1.92E-01,-5.29E-01,2.77E+00,2.82E+00,1.28E+01,,,,,,,,,,,,,,,,,,,,,,,,,,,,,,,,,,,
DA_S35_O3,1,2.00E-01,-5.38E-01,2.88E+00,2.93E+00,1.24E+01,,,,,,,,,,,,,,,,,,,,,,,,,,,,,,,,,,,
DA_S35_O3,1,2.09E-01,-5.56E-01,2.98E+00,3.03E+00,1.30E+01,,,,,,,,,,,,,,,,,,,,,,,,,,,,,,,,,,,
DA_S35_O3,1,2.17E-01,-5.67E-01,3.10E+00,3.15E+00,1.41E+01,,,,,,,,,,,,,,,,,,,,,,,,,,,,,,,,,,,
DA_S35_O3,1,2.25E-01,-5.80E-01,3.21E+00,3.26E+00,1.42E+01,,,,,,,,,,,,,,,,,,,,,,,,,,,,,,,,,,,
DA_S35_O3,1,2.34E-01,-6.08E-01,3.33E+00,3.38E+00,1.47E+01,,,,,,,,,,,,,,,,,,,,,,,,,,,,,,,,,,,
DA_S35_O3,1,2.42E-01,-6.03E-01,3.46E+00,3.51E+00,1.46E+01,,,,,,,,,,,,,,,,,,,,,,,,,,,,,,,,,,,
DA_S35_O3,1,2.50E-01,-6.10E-01,3.57E+00,3.63E+00,1.48E+01,,,,,,,,,,,,,,,,,,,,,,,,,,,,,,,,,,,
DA_S35_O3,1,2.59E-01,-6.30E-01,3.70E+00,3.75E+00,1.33E+01,,,,,,,,,,,,,,,,,,,,,,,,,,,,,,,,,,,
DA_S35_O3,1,2.67E-01,-6.38E-01,3.79E+00,3.85E+00,1.30E+01,,,,,,,,,,,,,,,,,,,,,,,,,,,,,,,,,,,
DA_S35_O3,1,2.75E-01,-6.59E-01,3.92E+00,3.97E+00,1.52E+01,,,,,,,,,,,,,,,,,,,,,,,,,,,,,,,,,,,
DA_S35_O3,1,2.84E-01,-6.84E-01,4.04E+00,4.10E+00,1.54E+01,,,,,,,,,,,,,,,,,,,,,,,,,,,,,,,,,,,
DA_S35_O3,1,2.92E-01,-7.00E-01,4.17E+00,4.23E+00,1.39E+01,,,,,,,,,,,,,,,,,,,,,,,,,,,,,,,,,,,
DA_S35_O3,1,3.00E-01,-7.25E-01,4.27E+00,4.33E+00,,,,,,,,,,,,,,,,,,,,,,,,,,,,,,,,,,,,
,,,,,,,,,,,,,,,,,,,,,,,,,,,,,,,,,,,,,,,,,
DA_S35_O3,2,2.59E+00,2.34E-01,8.82E-01,9.12E-01,,,,,,,,,,,,,,,,,,,,,,,,,,,,,,,,,,,,
DA_S35_O3,2,2.60E+00,2.11E-01,9.78E-01,1.00E+00,1.26E+01,,,,,,,,,,,,,,,,,,,,,,,,,,,,,,,,,,,
DA_S35_O3,2,2.61E+00,1.97E-01,1.09E+00,1.11E+00,1.31E+01,,,,,,,,,,,,,,,,,,,,,,,,,,,,,,,,,,,
DA_S35_O3,2,2.62E+00,1.93E-01,1.20E+00,1.21E+00,1.27E+01,,,,,,,,,,,,,,,,,,,,,,,,,,,,,,,,,,,
DA_S35_O3,2,2.63E+00,1.82E-01,1.30E+00,1.31E+00,1.23E+01,,,,,,,,,,,,,,,,,,,,,,,,,,,,,,,,,,,
DA_S35_O3,2,2.64E+00,1.86E-01,1.40E+00,1.41E+00,1.24E+01,,,,,,,,,,,,,,,,,,,,,,,,,,,,,,,,,,,
DA_S35_O3,2,2.64E+00,1.87E-01,1.51E+00,1.52E+00,1.17E+01,,,,,,,,,,,,,,,,,,,,,,,,,,,,,,,,,,,
DA_S35_O3,2,2.65E+00,1.98E-01,1.60E+00,1.61E+00,1.25E+01,,,,,,,,,,,,,,,,,,,,,,,,,,,,,,,,,,,
DA_S35_O3,2,2.66E+00,2.11E-01,1.71E+00,1.73E+00,1.33E+01,,,,,,,,,,,,,,,,,,,,,,,,,,,,,,,,,,,
DA_S35_O3,2,2.67E+00,2.36E-01,1.82E+00,1.83E+00,1.13E+01,,,,,,,,,,,,,,,,,,,,,,,,,,,,,,,,,,,
DA_S35_O3,2,2.68E+00,2.41E-01,1.90E+00,1.92E+00,1.11E+01,,,,,,,,,,,,,,,,,,,,,,,,,,,,,,,,,,,
DA_S35_O3,2,2.69E+00,2.45E-01,2.00E+00,2.02E+00,1.27E+01,,,,,,,,,,,,,,,,,,,,,,,,,,,,,,,,,,,
DA_S35_O3,2,2.69E+00,2.51E-01,2.11E+00,2.13E+00,1.31E+01,,,,,,,,,,,,,,,,,,,,,,,,,,,,,,,,,,,
DA_S35_O3,2,2.70E+00,2.42E-01,2.22E+00,2.23E+00,1.37E+01,,,,,,,,,,,,,,,,,,,,,,,,,,,,,,,,,,,
DA_S35_O3,2,2.71E+00,2.35E-01,2.34E+00,2.35E+00,1.31E+01,,,,,,,,,,,,,,,,,,,,,,,,,,,,,,,,,,,
DA_S35_O3,2,2.72E+00,2.44E-01,2.44E+00,2.45E+00,1.29E+01,,,,,,,,,,,,,,,,,,,,,,,,,,,,,,,,,,,
DA_S35_O3,2,2.73E+00,2.47E-01,2.55E+00,2.57E+00,1.27E+01,,,,,,,,,,,,,,,,,,,,,,,,,,,,,,,,,,,
DA_S35_O3,2,2.74E+00,2.49E-01,2.65E+00,2.66E+00,1.20E+01,,,,,,,,,,,,,,,,,,,,,,,,,,,,,,,,,,,
DA_S35_O3,2,2.74E+00,2.39E-01,2.75E+00,2.76E+00,1.20E+01,,,,,,,,,,,,,,,,,,,,,,,,,,,,,,,,,,,
DA_S35_O3,2,2.75E+00,2.42E-01,2.85E+00,2.86E+00,1.23E+01,,,,,,,,,,,,,,,,,,,,,,,,,,,,,,,,,,,
DA_S35_O3,2,2.76E+00,2.53E-01,2.96E+00,2.97E+00,1.24E+01,,,,,,,,,,,,,,,,,,,,,,,,,,,,,,,,,,,
DA_S35_O3,2,2.77E+00,2.46E-01,3.06E+00,3.07E+00,1.30E+01,,,,,,,,,,,,,,,,,,,,,,,,,,,,,,,,,,,
DA_S35_O3,2,2.78E+00,2.59E-01,3.18E+00,3.19E+00,1.40E+01,,,,,,,,,,,,,,,,,,,,,,,,,,,,,,,,,,,
DA_S35_O3,2,2.79E+00,2.47E-01,3.29E+00,3.30E+00,1.48E+01,,,,,,,,,,,,,,,,,,,,,,,,,,,,,,,,,,,
DA_S35_O3,2,2.79E+00,2.48E-01,3.42E+00,3.43E+00,1.44E+01,,,,,,,,,,,,,,,,,,,,,,,,,,,,,,,,,,,
DA_S35_O3,2,2.80E+00,2.43E-01,3.53E+00,3.54E+00,1.39E+01,,,,,,,,,,,,,,,,,,,,,,,,,,,,,,,,,,,
DA_S35_O3,2,2.81E+00,2.38E-01,3.65E+00,3.66E+00,1.30E+01,,,,,,,,,,,,,,,,,,,,,,,,,,,,,,,,,,,
DA_S35_O3,2,2.82E+00,2.30E-01,3.75E+00,3.75E+00,1.35E+01,,,,,,,,,,,,,,,,,,,,,,,,,,,,,,,,,,,
DA_S35_O3,2,2.83E+00,2.31E-01,3.88E+00,3.89E+00,1.39E+01,lagging edge,,,,,,,,,,,,,,,,,,,,,,,,,,,,,,,,,,
DA_S35_O3,2,2.84E+00,2.15E-01,3.98E+00,3.99E+00,1.19E+01,,,,,,,,,,,,,,,,,,,,,,,,,,,,,,,,,,,
DA_S35_O3,2,2.84E+00,2.13E-01,4.08E+00,4.08E+00,,,,,,,,,,,,,,,,,,,,,,,,,,,,,,,,,,,,
,,,,,,,,,,,,,,,,,,,,,,,,,,,,,,,,,,,,,,,,,
DA_S35_O3,3,4.82E+00,-3.66E-01,1.53E+00,1.58E+00,,,,,,,,,,,,,,,,,,,,,,,,,,,,,,,,,,,,
DA_S35_O3,3,4.83E+00,-3.71E-01,1.66E+00,1.70E+00,1.33E+01,,,,,,,,,,,,,,,,,,,,,,,,,,,,,,,,,,,
DA_S35_O3,3,4.84E+00,-3.78E-01,1.76E+00,1.80E+00,1.26E+01,,,,,,,,,,,,,,,,,,,,,,,,,,,,,,,,,,,
DA_S35_O3,3,4.85E+00,-3.81E-01,1.87E+00,1.91E+00,1.26E+01,,,,,,,,,,,,,,,,,,,,,,,,,,,,,,,,,,,
DA_S35_O3,3,4.85E+00,-3.58E-01,1.96E+00,2.00E+00,1.25E+01,,,,,,,,,,,,,,,,,,,,,,,,,,,,,,,,,,,
DA_S35_O3,3,4.86E+00,-3.52E-01,2.07E+00,2.10E+00,1.45E+01,,,,,,,,,,,,,,,,,,,,,,,,,,,,,,,,,,,
DA_S35_O3,3,4.87E+00,-3.51E-01,2.21E+00,2.23E+00,1.43E+01,,,,,,,,,,,,,,,,,,,,,,,,,,,,,,,,,,,
DA_S35_O3,3,4.88E+00,-3.50E-01,2.31E+00,2.34E+00,1.31E+01,,,,,,,,,,,,,,,,,,,,,,,,,,,,,,,,,,,
DA_S35_O3,3,4.89E+00,-3.28E-01,2.42E+00,2.45E+00,1.31E+01,,,,,,,,,,,,,,,,,,,,,,,,,,,,,,,,,,,
DA_S35_O3,3,4.90E+00,-3.28E-01,2.53E+00,2.55E+00,1.32E+01,,,,,,,,,,,,,,,,,,,,,,,,,,,,,,,,,,,
DA_S35_O3,3,4.90E+00,-3.11E-01,2.64E+00,2.66E+00,1.35E+01,,,,,,,,,,,,,,,,,,,,,,,,,,,,,,,,,,,
DA_S35_O3,3,4.91E+00,-3.14E-01,2.76E+00,2.77E+00,1.36E+01,,,,,,,,,,,,,,,,,,,,,,,,,,,,,,,,,,,
DA_S35_O3,3,4.92E+00,-3.07E-01,2.87E+00,2.89E+00,1.34E+01,,,,,,,,,,,,,,,,,,,,,,,,,,,,,,,,,,,
DA_S35_O3,3,4.93E+00,-2.91E-01,2.98E+00,2.99E+00,1.33E+01,,,,,,,,,,,,,,,,,,,,,,,,,,,,,,,,,,,
DA_S35_O3,3,4.94E+00,-2.99E-01,3.09E+00,3.11E+00,1.34E+01,,,,,,,,,,,,,,,,,,,,,,,,,,,,,,,,,,,
DA_S35_O3,3,4.95E+00,-2.88E-01,3.20E+00,3.21E+00,1.29E+01,,,,,,,,,,,,,,,,,,,,,,,,,,,,,,,,,,,
DA_S35_O3,3,4.95E+00,-2.88E-01,3.31E+00,3.32E+00,1.12E+01,,,,,,,,,,,,,,,,,,,,,,,,,,,,,,,,,,,
DA_S35_O3,3,4.96E+00,-2.84E-01,3.39E+00,3.40E+00,1.09E+01,,,,,,,,,,,,,,,,,,,,,,,,,,,,,,,,,,,
DA_S35_O3,3,4.97E+00,-2.84E-01,3.49E+00,3.50E+00,1.18E+01,,,,,,,,,,,,,,,,,,,,,,,,,,,,,,,,,,,
DA_S35_O3,3,4.98E+00,-2.82E-01,3.59E+00,3.60E+00,1.18E+01,,,,,,,,,,,,,,,,,,,,,,,,,,,,,,,,,,,
DA_S35_O3,3,4.99E+00,-2.78E-01,3.69E+00,3.70E+00,1.26E+01,,,,,,,,,,,,,,,,,,,,,,,,,,,,,,,,,,,
DA_S35_O3,3,5.00E+00,-2.62E-01,3.79E+00,3.80E+00,1.33E+01,,,,,,,,,,,,,,,,,,,,,,,,,,,,,,,,,,,
DA_S35_O3,3,5.01E+00,-2.21E-01,3.90E+00,3.91E+00,1.42E+01,,,,,,,,,,,,,,,,,,,,,,,,,,,,,,,,,,,
DA_S35_O3,3,5.01E+00,-1.92E-01,4.02E+00,4.03E+00,1.41E+01,,,,,,,,,,,,,,,,,,,,,,,,,,,,,,,,,,,
DA_S35_O3,3,5.02E+00,-2.00E-01,4.14E+00,4.14E+00,1.33E+01,,,,,,,,,,,,,,,,,,,,,,,,,,,,,,,,,,,
DA_S35_O3,3,5.03E+00,-2.04E-01,4.24E+00,4.25E+00,1.24E+01,,,,,,,,,,,,,,,,,,,,,,,,,,,,,,,,,,,
DA_S35_O3,3,5.04E+00,-2.16E-01,4.34E+00,4.35E+00,1.28E+01,,,,,,,,,,,,,,,,,,,,,,,,,,,,,,,,,,,
DA_S35_O3,3,5.05E+00,-2.24E-01,4.46E+00,4.46E+00,1.30E+01,,,,,,,,,,,,,,,,,,,,,,,,,,,,,,,,,,,
DA_S35_O3,3,5.06E+00,-2.30E-01,4.56E+00,4.56E+00,1.23E+01,,,,,,,,,,,,,,,,,,,,,,,,,,,,,,,,,,,
DA_S35_O3,3,5.06E+00,-2.46E-01,4.66E+00,4.67E+00,1.18E+01,,,,,,,,,,,,,,,,,,,,,,,,,,,,,,,,,,,
DA_S35_O3,3,5.07E+00,-2.80E-01,4.75E+00,4.76E+00,,,,,,,,,,,,,,,,,,,,,,,,,,,,,,,,,,,,
,,,,,,,,,,,,,,,,,,,,,,,,,,,,,,,,,,,,,,,,,
DA_S35_O3,4,9.35E+00,3.32E-01,1.37E+00,1.41E+00,,,,,,,,,,,,,,,,,,,,,,,,,,,,,,,,,,,,
DA_S35_O3,4,9.36E+00,3.31E-01,1.49E+00,1.53E+00,1.37E+01,,,,,,,,,,,,,,,,,,,,,,,,,,,,,,,,,,,
DA_S35_O3,4,9.37E+00,3.31E-01,1.60E+00,1.63E+00,1.35E+01,,,,,,,,,,,,,,,,,,,,,,,,,,,,,,,,,,,
DA_S35_O3,4,9.38E+00,3.24E-01,1.72E+00,1.75E+00,1.35E+01,,,,,,,,,,,,,,,,,,,,,,,,,,,,,,,,,,,
DA_S35_O3,4,9.38E+00,3.09E-01,1.82E+00,1.85E+00,1.21E+01,,,,,,,,,,,,,,,,,,,,,,,,,,,,,,,,,,,
DA_S35_O3,4,9.39E+00,3.12E-01,1.92E+00,1.94E+00,1.26E+01,,,,,,,,,,,,,,,,,,,,,,,,,,,,,,,,,,,
DA_S35_O3,4,9.40E+00,3.03E-01,2.03E+00,2.06E+00,1.21E+01,,,,,,,,,,,,,,,,,,,,,,,,,,,,,,,,,,,
DA_S35_O3,4,9.41E+00,2.99E-01,2.12E+00,2.14E+00,1.01E+01,,,,,,,,,,,,,,,,,,,,,,,,,,,,,,,,,,,
DA_S35_O3,4,9.42E+00,2.98E-01,2.20E+00,2.22E+00,1.12E+01,,,,,,,,,,,,,,,,,,,,,,,,,,,,,,,,,,,
DA_S35_O3,4,9.43E+00,3.04E-01,2.31E+00,2.33E+00,1.21E+01,,,,,,,,,,,,,,,,,,,,,,,,,,,,,,,,,,,
DA_S35_O3,4,9.43E+00,3.02E-01,2.40E+00,2.42E+00,1.15E+01,,,,,,,,,,,,,,,,,,,,,,,,,,,,,,,,,,,
DA_S35_O3,4,9.44E+00,3.09E-01,2.50E+00,2.52E+00,1.11E+01,,,,,,,,,,,,,,,,,,,,,,,,,,,,,,,,,,,
DA_S35_O3,4,9.45E+00,3.11E-01,2.59E+00,2.61E+00,1.09E+01,,,,,,,,,,,,,,,,,,,,,,,,,,,,,,,,,,,
DA_S35_O3,4,9.46E+00,3.13E-01,2.68E+00,2.70E+00,1.15E+01,,,,,,,,,,,,,,,,,,,,,,,,,,,,,,,,,,,
DA_S35_O3,4,9.47E+00,3.17E-01,2.78E+00,2.80E+00,1.31E+01,,,,,,,,,,,,,,,,,,,,,,,,,,,,,,,,,,,
DA_S35_O3,4,9.48E+00,3.14E-01,2.90E+00,2.92E+00,1.15E+01,,,,,,,,,,,,,,,,,,,,,,,,,,,,,,,,,,,
DA_S35_O3,4,9.48E+00,3.22E-01,2.97E+00,2.99E+00,1.02E+01,,,,,,,,,,,,,,,,,,,,,,,,,,,,,,,,,,,
DA_S35_O3,4,9.49E+00,3.30E-01,3.07E+00,3.09E+00,1.14E+01,,,,,,,,,,,,,,,,,,,,,,,,,,,,,,,,,,,
DA_S35_O3,4,9.50E+00,3.33E-01,3.16E+00,3.18E+00,1.14E+01,,,,,,,,,,,,,,,,,,,,,,,,,,,,,,,,,,,
DA_S35_O3,4,9.51E+00,3.45E-01,3.26E+00,3.28E+00,1.17E+01,,,,,,,,,,,,,,,,,,,,,,,,,,,,,,,,,,,
DA_S35_O3,4,9.52E+00,3.49E-01,3.36E+00,3.38E+00,1.21E+01,,,,,,,,,,,,,,,,,,,,,,,,,,,,,,,,,,,
DA_S35_O3,4,9.53E+00,3.48E-01,3.46E+00,3.48E+00,1.24E+01,,,,,,,,,,,,,,,,,,,,,,,,,,,,,,,,,,,
DA_S35_O3,4,9.53E+00,3.58E-01,3.56E+00,3.58E+00,1.12E+01,,,,,,,,,,,,,,,,,,,,,,,,,,,,,,,,,,,
DA_S35_O3,4,9.54E+00,3.53E-01,3.65E+00,3.66E+00,1.12E+01,,,,,,,,,,,,,,,,,,,,,,,,,,,,,,,,,,,
DA_S35_O3,4,9.55E+00,3.63E-01,3.75E+00,3.77E+00,1.21E+01,,,,,,,,,,,,,,,,,,,,,,,,,,,,,,,,,,,
DA_S35_O3,4,9.56E+00,3.56E-01,3.85E+00,3.87E+00,1.21E+01,,,,,,,,,,,,,,,,,,,,,,,,,,,,,,,,,,,
DA_S35_O3,4,9.57E+00,3.66E-01,3.95E+00,3.97E+00,1.27E+01,,,,,,,,,,,,,,,,,,,,,,,,,,,,,,,,,,,
DA_S35_O3,4,9.58E+00,3.66E-01,4.06E+00,4.08E+00,1.16E+01,,,,,,,,,,,,,,,,,,,,,,,,,,,,,,,,,,,
DA_S35_O3,4,9.58E+00,3.87E-01,4.15E+00,4.16E+00,1.08E+01,,,,,,,,,,,,,,,,,,,,,,,,,,,,,,,,,,,
DA_S35_O3,4,9.59E+00,3.84E-01,4.24E+00,4.26E+00,1.18E+01,,,,,,,,,,,,,,,,,,,,,,,,,,,,,,,,,,,
DA_S35_O3,4,9.60E+00,3.89E-01,4.34E+00,4.36E+00,1.17E+01,,,,,,,,,,,,,,,,,,,,,,,,,,,,,,,,,,,
DA_S35_O3,4,9.61E+00,3.75E-01,4.43E+00,4.45E+00,1.09E+01,,,,,,,,,,,,,,,,,,,,,,,,,,,,,,,,,,,
DA_S35_O3,4,9.62E+00,3.77E-01,4.52E+00,4.54E+00,,,,,,,,,,,,,,,,,,,,,,,,,,,,,,,,,,,,
,,,,,,,,,,,,,,,,,,,,,,,,,,,,,,,,,,,,,,,,,
DA_S35_O3,5,1.67E+01,8.37E-01,1.27E+00,1.52E+00,,,,,,,,,,,,,,,,,,,,,,,,,,,,,,,,,,,,
DA_S35_O3,5,1.67E+01,8.07E-01,1.34E+00,1.57E+00,9.53E+00,,,,,,,,,,,,,,,,,,,,,,,,,,,,,,,,,,,
DA_S35_O3,5,1.67E+01,7.34E-01,1.40E+00,1.58E+00,9.14E+00,,,,,,,,,,,,,,,,,,,,,,,,,,,,,,,,,,,
DA_S35_O3,5,1.68E+01,6.95E-01,1.45E+00,1.60E+00,8.63E+00,,,,,,,,,,,,,,,,,,,,,,,,,,,,,,,,,,,
DA_S35_O3,5,1.68E+01,6.31E-01,1.50E+00,1.62E+00,1.01E+01,,,,,,,,,,,,,,,,,,,,,,,,,,,,,,,,,,,
DA_S35_O3,5,1.68E+01,5.77E-01,1.57E+00,1.67E+00,7.95E+00,,,,,,,,,,,,,,,,,,,,,,,,,,,,,,,,,,,
DA_S35_O3,5,1.68E+01,5.62E-01,1.61E+00,1.71E+00,8.00E+00,,,,,,,,,,,,,,,,,,,,,,,,,,,,,,,,,,,
DA_S35_O3,5,1.68E+01,4.96E-01,1.67E+00,1.74E+00,9.40E+00,,,,,,,,,,,,,,,,,,,,,,,,,,,,,,,,,,,
DA_S35_O3,5,1.68E+01,4.45E-01,1.71E+00,1.77E+00,6.65E+00,,,,,,,,,,,,,,,,,,,,,,,,,,,,,,,,,,,
DA_S35_O3,5,1.68E+01,4.18E-01,1.75E+00,1.80E+00,6.16E+00,,,,,,,,,,,,,,,,,,,,,,,,,,,,,,,,,,,
DA_S35_O3,5,1.68E+01,3.77E-01,1.79E+00,1.83E+00,7.06E+00,,,,,,,,,,,,,,,,,,,,,,,,,,,,,,,,,,,
DA_S35_O3,5,1.68E+01,3.37E-01,1.84E+00,1.87E+00,7.81E+00,,,,,,,,,,,,,,,,,,,,,,,,,,,,,,,,,,,
DA_S35_O3,5,1.68E+01,2.95E-01,1.89E+00,1.92E+00,9.36E+00,,,,,,,,,,,,,,,,,,,,,,,,,,,,,,,,,,,
DA_S35_O3,5,1.68E+01,2.33E-01,1.95E+00,1.97E+00,7.82E+00,,,,,,,,,,,,,,,,,,,,,,,,,,,,,,,,,,,
DA_S35_O3,5,1.68E+01,2.00E-01,1.98E+00,1.99E+00,6.10E+00,,,,,,,,,,,,,,,,,,,,,,,,,,,,,,,,,,,
DA_S35_O3,5,1.69E+01,1.72E-01,2.03E+00,2.04E+00,7.33E+00,,,,,,,,,,,,,,,,,,,,,,,,,,,,,,,,,,,
DA_S35_O3,5,1.69E+01,1.33E-01,2.08E+00,2.09E+00,8.23E+00,,,,,,,,,,,,,,,,,,,,,,,,,,,,,,,,,,,
DA_S35_O3,5,1.69E+01,8.58E-02,2.14E+00,2.14E+00,8.70E+00,,,,,,,,,,,,,,,,,,,,,,,,,,,,,,,,,,,
DA_S35_O3,5,1.69E+01,7.92E-02,2.22E+00,2.22E+00,8.21E+00,,,,,,,,,,,,,,,,,,,,,,,,,,,,,,,,,,,
DA_S35_O3,5,1.69E+01,5.72E-02,2.28E+00,2.28E+00,8.63E+00,,,,,,,,,,,,,,,,,,,,,,,,,,,,,,,,,,,
DA_S35_O3,5,1.69E+01,3.62E-02,2.36E+00,2.36E+00,1.22E+01,,,,,,,,,,,,,,,,,,,,,,,,,,,,,,,,,,,
DA_S35_O3,5,1.69E+01,1.37E-02,2.47E+00,2.47E+00,1.34E+01,,,,,,,,,,,,,,,,,,,,,,,,,,,,,,,,,,,
DA_S35_O3,5,1.69E+01,-7.52E-03,2.58E+00,2.58E+00,1.20E+01,,,,,,,,,,,,,,,,,,,,,,,,,,,,,,,,,,,
DA_S35_O3,5,1.69E+01,-3.58E-02,2.67E+00,2.67E+00,1.14E+01,,,,,,,,,,,,,,,,,,,,,,,,,,,,,,,,,,,
DA_S35_O3,5,1.69E+01,-4.38E-02,2.76E+00,2.76E+00,1.25E+01,,,,,,,,,,,,,,,,,,,,,,,,,,,,,,,,,,,
DA_S35_O3,5,1.69E+01,-6.74E-02,2.87E+00,2.88E+00,1.34E+01,,,,,,,,,,,,,,,,,,,,,,,,,,,,,,,,,,,
DA_S35_O3,5,1.69E+01,-8.75E-02,2.98E+00,2.98E+00,1.25E+01,,,,,,,,,,,,,,,,,,,,,,,,,,,,,,,,,,,
DA_S35_O3,5,1.70E+01,-9.91E-02,3.08E+00,3.08E+00,1.22E+01,,,,,,,,,,,,,,,,,,,,,,,,,,,,,,,,,,,
DA_S35_O3,5,1.70E+01,-1.31E-01,3.18E+00,3.18E+00,1.35E+01,,,,,,,,,,,,,,,,,,,,,,,,,,,,,,,,,,,
DA_S35_O3,5,1.70E+01,-1.58E-01,3.30E+00,3.30E+00,1.38E+01,,,,,,,,,,,,,,,,,,,,,,,,,,,,,,,,,,,
DA_S35_O3,5,1.70E+01,-1.78E-01,3.40E+00,3.41E+00,1.29E+01,,,,,,,,,,,,,,,,,,,,,,,,,,,,,,,,,,,
DA_S35_O3,5,1.70E+01,-1.94E-01,3.51E+00,3.51E+00,1.20E+01,,,,,,,,,,,,,,,,,,,,,,,,,,,,,,,,,,,
DA_S35_O3,5,1.70E+01,-2.28E-01,3.60E+00,3.61E+00,1.20E+01,,,,,,,,,,,,,,,,,,,,,,,,,,,,,,,,,,,
DA_S35_O3,5,1.70E+01,-2.43E-01,3.70E+00,3.71E+00,1.07E+01,,,,,,,,,,,,,,,,,,,,,,,,,,,,,,,,,,,
DA_S35_O3,5,1.70E+01,-2.62E-01,3.77E+00,3.78E+00,9.53E+00,,,,,,,,,,,,,,,,,,,,,,,,,,,,,,,,,,,
DA_S35_O3,5,1.70E+01,-2.77E-01,3.86E+00,3.87E+00,1.11E+01,,,,,,,,,,,,,,,,,,,,,,,,,,,,,,,,,,,
DA_S35_O3,5,1.70E+01,-3.10E-01,3.95E+00,3.97E+00,1.42E+01,,,,,,,,,,,,,,,,,,,,,,,,,,,,,,,,,,,
DA_S35_O3,5,1.70E+01,-3.38E-01,4.09E+00,4.10E+00,1.57E+01,,,,,,,,,,,,,,,,,,,,,,,,,,,,,,,,,,,
DA_S35_O3,5,1.70E+01,-4.09E-01,4.20E+00,4.22E+00,1.51E+01,,,,,,,,,,,,,,,,,,,,,,,,,,,,,,,,,,,
DA_S35_O3,5,1.71E+01,-4.63E-01,4.31E+00,4.33E+00,1.18E+01,,,,,,,,,,,,,,,,,,,,,,,,,,,,,,,,,,,
DA_S35_O3,5,1.71E+01,-4.87E-01,4.38E+00,4.40E+00,9.60E+00,,,,,,,,,,,,,,,,,,,,,,,,,,,,,,,,,,,
DA_S35_O3,5,1.71E+01,-5.19E-01,4.46E+00,4.49E+00,,,,,,,,,,,,,,,,,,,,,,,,,,,,,,,,,,,,
,,,,,,,,,,,,,,,,,,,,,,,,,,,,,,,,,,,,,,,,,
DA_S35_O4,1,9.18E-01,2.01E+00,1.34E+00,2.42E+00,,,,,,,,,,,,,,,,,,,,,,,,,,,,,,,,,,,,
DA_S35_O4,1,9.26E-01,2.00E+00,1.45E+00,2.47E+00,1.24E+01,,,,,,,,,,,,,,,,,,,,,,,,,,,,,,,,,,,
DA_S35_O4,1,9.34E-01,1.99E+00,1.54E+00,2.51E+00,1.33E+01,,,,,,,,,,,,,,,,,,,,,,,,,,,,,,,,,,,
DA_S35_O4,1,9.43E-01,1.99E+00,1.67E+00,2.60E+00,1.26E+01,,,,,,,,,,,,,,,,,,,,,,,,,,,,,,,,,,,
DA_S35_O4,1,9.51E-01,1.98E+00,1.75E+00,2.64E+00,1.23E+01,,,,,,,,,,,,,,,,,,,,,,,,,,,,,,,,,,,
DA_S35_O4,1,9.59E-01,1.99E+00,1.88E+00,2.73E+00,1.35E+01,,,,,,,,,,,,,,,,,,,,,,,,,,,,,,,,,,,
DA_S35_O4,1,9.68E-01,1.96E+00,1.98E+00,2.78E+00,1.20E+01,,,,,,,,,,,,,,,,,,,,,,,,,,,,,,,,,,,
DA_S35_O4,1,9.76E-01,1.96E+00,2.08E+00,2.86E+00,1.22E+01,,,,,,,,,,,,,,,,,,,,,,,,,,,,,,,,,,,
DA_S35_O4,1,9.84E-01,1.95E+00,2.18E+00,2.93E+00,1.31E+01,,,,,,,,,,,,,,,,,,,,,,,,,,,,,,,,,,,
DA_S35_O4,1,9.93E-01,1.94E+00,2.30E+00,3.00E+00,1.45E+01,,,,,,,,,,,,,,,,,,,,,,,,,,,,,,,,,,,
DA_S35_O4,1,1.00E+00,1.92E+00,2.42E+00,3.09E+00,1.45E+01,,,,,,,,,,,,,,,,,,,,,,,,,,,,,,,,,,,
DA_S35_O4,1,1.01E+00,1.91E+00,2.54E+00,3.17E+00,1.64E+01,,,,,,,,,,,,,,,,,,,,,,,,,,,,,,,,,,,
DA_S35_O4,1,1.02E+00,1.90E+00,2.69E+00,3.30E+00,1.96E+01,,,,,,,,,,,,,,,,,,,,,,,,,,,,,,,,,,,
DA_S35_O4,1,1.03E+00,1.88E+00,2.86E+00,3.42E+00,1.52E+01,,,,,,,,,,,,,,,,,,,,,,,,,,,,,,,,,,,
DA_S35_O4,1,1.03E+00,1.87E+00,2.95E+00,3.49E+00,1.33E+01,,,,,,,,,,,,,,,,,,,,,,,,,,,,,,,,,,,
DA_S35_O4,1,1.04E+00,1.87E+00,3.09E+00,3.61E+00,1.64E+01,,,,,,,,,,,,,,,,,,,,,,,,,,,,,,,,,,,
DA_S35_O4,1,1.05E+00,1.87E+00,3.22E+00,3.73E+00,1.58E+01,,,,,,,,,,,,,,,,,,,,,,,,,,,,,,,,,,,
DA_S35_O4,1,1.06E+00,1.86E+00,3.35E+00,3.83E+00,1.93E+01,,,,,,,,,,,,,,,,,,,,,,,,,,,,,,,,,,,
DA_S35_O4,1,1.07E+00,1.85E+00,3.54E+00,3.99E+00,1.66E+01,,,,,,,,,,,,,,,,,,,,,,,,,,,,,,,,,,,
DA_S35_O4,1,1.08E+00,1.86E+00,3.63E+00,4.07E+00,1.45E+01,,,,,,,,,,,,,,,,,,,,,,,,,,,,,,,,,,,
DA_S35_O4,1,1.08E+00,1.87E+00,3.78E+00,4.22E+00,1.87E+01,,,,,,,,,,,,,,,,,,,,,,,,,,,,,,,,,,,
DA_S35_O4,1,1.09E+00,1.85E+00,3.94E+00,4.35E+00,1.68E+01,,,,,,,,,,,,,,,,,,,,,,,,,,,,,,,,,,,
DA_S35_O4,1,1.10E+00,1.85E+00,4.06E+00,4.46E+00,1.55E+01,,,,,,,,,,,,,,,,,,,,,,,,,,,,,,,,,,,
DA_S35_O4,1,1.11E+00,1.84E+00,4.20E+00,4.58E+00,1.24E+01,,,,,,,,,,,,,,,,,,,,,,,,,,,,,,,,,,,
DA_S35_O4,1,1.12E+00,1.85E+00,4.27E+00,4.65E+00,1.66E+01,,,,,,,,,,,,,,,,,,,,,,,,,,,,,,,,,,,
DA_S35_O4,1,1.13E+00,1.86E+00,4.47E+00,4.84E+00,,,,,,,,,,,,,,,,,,,,,,,,,,,,,,,,,,,,
,,,,,,,,,,,,,,,,,,,,,,,,,,,,,,,,,,,,,,,,,
DA_S35_O4,2,1.87E+00,1.24E+00,1.17E+00,1.71E+00,,,,,,,,,,,,,,,,,,,,,,,,,,,,,,,,,,,,
DA_S35_O4,2,1.88E+00,1.21E+00,1.37E+00,1.82E+00,2.44E+01,,,,,,,,,,,,,,,,,,,,,,,,,,,,,,,,,,,
DA_S35_O4,2,1.89E+00,1.18E+00,1.57E+00,1.97E+00,2.46E+01,,,,,,,,,,,,,,,,,,,,,,,,,,,,,,,,,,,
DA_S35_O4,2,1.89E+00,1.18E+00,1.78E+00,2.13E+00,2.31E+01,,,,,,,,,,,,,,,,,,,,,,,,,,,,,,,,,,,
DA_S35_O4,2,1.90E+00,1.17E+00,1.96E+00,2.28E+00,1.93E+01,,,,,,,,,,,,,,,,,,,,,,,,,,,,,,,,,,,
DA_S35_O4,2,1.91E+00,1.18E+00,2.10E+00,2.41E+00,1.90E+01,,,,,,,,,,,,,,,,,,,,,,,,,,,,,,,,,,,
DA_S35_O4,2,1.92E+00,1.18E+00,2.28E+00,2.56E+00,1.92E+01,,,,,,,,,,,,,,,,,,,,,,,,,,,,,,,,,,,
DA_S35_O4,2,1.93E+00,1.18E+00,2.42E+00,2.69E+00,1.90E+01,,,,,,,,,,,,,,,,,,,,,,,,,,,,,,,,,,,
DA_S35_O4,2,1.94E+00,1.18E+00,2.59E+00,2.85E+00,1.94E+01,,,,,,,,,,,,,,,,,,,,,,,,,,,,,,,,,,,
DA_S35_O4,2,1.94E+00,1.19E+00,2.75E+00,2.99E+00,1.93E+01,,,,,,,,,,,,,,,,,,,,,,,,,,,,,,,,,,,
DA_S35_O4,2,1.95E+00,1.19E+00,2.91E+00,3.15E+00,1.96E+01,,,,,,,,,,,,,,,,,,,,,,,,,,,,,,,,,,,
DA_S35_O4,2,1.96E+00,1.19E+00,3.07E+00,3.30E+00,2.06E+01,,,,,,,,,,,,,,,,,,,,,,,,,,,,,,,,,,,
DA_S35_O4,2,1.97E+00,1.22E+00,3.26E+00,3.48E+00,2.09E+01,,,,,,,,,,,,,,,,,,,,,,,,,,,,,,,,,,,
DA_S35_O4,2,1.98E+00,1.21E+00,3.42E+00,3.63E+00,1.91E+01,,,,,,,,,,,,,,,,,,,,,,,,,,,,,,,,,,,
DA_S35_O4,2,1.99E+00,1.18E+00,3.57E+00,3.76E+00,1.73E+01,,,,,,,,,,,,,,,,,,,,,,,,,,,,,,,,,,,
DA_S35_O4,2,1.99E+00,1.20E+00,3.71E+00,3.90E+00,1.69E+01,,,,,,,,,,,,,,,,,,,,,,,,,,,,,,,,,,,
DA_S35_O4,2,2.00E+00,1.20E+00,3.85E+00,4.04E+00,1.86E+01,,,,,,,,,,,,,,,,,,,,,,,,,,,,,,,,,,,
DA_S35_O4,2,2.01E+00,1.21E+00,4.02E+00,4.20E+00,2.06E+01,,,,,,,,,,,,,,,,,,,,,,,,,,,,,,,,,,,
DA_S35_O4,2,2.02E+00,1.21E+00,4.20E+00,4.37E+00,2.16E+01,,,,,,,,,,,,,,,,,,,,,,,,,,,,,,,,,,,
DA_S35_O4,2,2.03E+00,1.22E+00,4.38E+00,4.55E+00,,,,,,,,,,,,,,,,,,,,,,,,,,,,,,,,,,,,
,,,,,,,,,,,,,,,,,,,,,,,,,,,,,,,,,,,,,,,,,
DA_S35_O4,3,4.03E+00,2.27E+00,1.25E+00,2.59E+00,,,,,,,,,,,,,,,,,,,,,,,,,,,,,,,,,,,,
DA_S35_O4,3,4.04E+00,2.25E+00,1.43E+00,2.67E+00,1.93E+01,,,,,,,,,,,,,,,,,,,,,,,,,,,,,,,,,,,
DA_S35_O4,3,4.05E+00,2.24E+00,1.57E+00,2.74E+00,1.79E+01,,,,,,,,,,,,,,,,,,,,,,,,,,,,,,,,,,,
DA_S35_O4,3,4.05E+00,2.23E+00,1.73E+00,2.83E+00,1.78E+01,,,,,,,,,,,,,,,,,,,,,,,,,,,,,,,,,,,
DA_S35_O4,3,4.06E+00,2.25E+00,1.87E+00,2.93E+00,1.68E+01,,,,,,,,,,,,,,,,,,,,,,,,,,,,,,,,,,,
DA_S35_O4,3,4.07E+00,2.26E+00,2.01E+00,3.02E+00,1.62E+01,,,,,,,,,,,,,,,,,,,,,,,,,,,,,,,,,,,
DA_S35_O4,3,4.08E+00,2.26E+00,2.14E+00,3.12E+00,1.68E+01,,,,,,,,,,,,,,,,,,,,,,,,,,,,,,,,,,,
DA_S35_O4,3,4.09E+00,2.27E+00,2.29E+00,3.22E+00,1.60E+01,,,,,,,,,,,,,,,,,,,,,,,,,,,,,,,,,,,
DA_S35_O4,3,4.10E+00,2.29E+00,2.41E+00,3.32E+00,1.59E+01,,,,,,,,,,,,,,,,,,,,,,,,,,,,,,,,,,,
DA_S35_O4,3,4.10E+00,2.31E+00,2.55E+00,3.44E+00,1.56E+01,,,,,,,,,,,,,,,,,,,,,,,,,,,,,,,,,,,
DA_S35_O4,3,4.11E+00,2.33E+00,2.67E+00,3.54E+00,1.61E+01,,,,,,,,,,,,,,,,,,,,,,,,,,,,,,,,,,,
DA_S35_O4,3,4.12E+00,2.34E+00,2.82E+00,3.66E+00,1.82E+01,,,,,,,,,,,,,,,,,,,,,,,,,,,,,,,,,,,
DA_S35_O4,3,4.13E+00,2.33E+00,2.97E+00,3.77E+00,1.78E+01,,,,,,,,,,,,,,,,,,,,,,,,,,,,,,,,,,,
DA_S35_O4,3,4.14E+00,2.34E+00,3.12E+00,3.90E+00,1.73E+01,,,,,,,,,,,,,,,,,,,,,,,,,,,,,,,,,,,
DA_S35_O4,3,4.15E+00,2.36E+00,3.26E+00,4.02E+00,1.64E+01,,,,,,,,,,,,,,,,,,,,,,,,,,,,,,,,,,,
DA_S35_O4,3,4.15E+00,2.38E+00,3.39E+00,4.14E+00,1.55E+01,,,,,,,,,,,,,,,,,,,,,,,,,,,,,,,,,,,
DA_S35_O4,3,4.16E+00,2.39E+00,3.51E+00,4.25E+00,1.43E+01,,,,,,,,,,,,,,,,,,,,,,,,,,,,,,,,,,,
DA_S35_O4,3,4.17E+00,2.43E+00,3.62E+00,4.36E+00,1.29E+01,,,,,,,,,,,,,,,,,,,,,,,,,,,,,,,,,,,
DA_S35_O4,3,4.18E+00,2.44E+00,3.72E+00,4.45E+00,1.13E+01,,,,,,,,,,,,,,,,,,,,,,,,,,,,,,,,,,,
DA_S35_O4,3,4.19E+00,2.47E+00,3.81E+00,4.54E+00,1.07E+01,,,,,,,,,,,,,,,,,,,,,,,,,,,,,,,,,,,
DA_S35_O4,3,4.20E+00,2.48E+00,3.90E+00,4.62E+00,1.14E+01,,,,,,,,,,,,,,,,,,,,,,,,,,,,,,,,,,,
DA_S35_O4,3,4.20E+00,2.49E+00,4.00E+00,4.71E+00,1.22E+01,,,,,,,,,,,,,,,,,,,,,,,,,,,,,,,,,,,
DA_S35_O4,3,4.21E+00,2.50E+00,4.10E+00,4.80E+00,1.20E+01,,,,,,,,,,,,,,,,,,,,,,,,,,,,,,,,,,,
DA_S35_O4,3,4.22E+00,2.51E+00,4.20E+00,4.89E+00,1.12E+01,,,,,,,,,,,,,,,,,,,,,,,,,,,,,,,,,,,
DA_S35_O4,3,4.23E+00,2.53E+00,4.28E+00,4.97E+00,,,,,,,,,,,,,,,,,,,,,,,,,,,,,,,,,,,,
,,,,,,,,,,,,,,,,,,,,,,,,,,,,,,,,,,,,,,,,,
DA_S35_O4,4,7.71E+00,1.77E+00,9.30E-01,2.00E+00,,,,,,,,,,,,,,,,,,,,,,,,,,,,,,,,,,,,
DA_S35_O4,4,7.72E+00,1.75E+00,1.00E+00,2.02E+00,9.86E+00,,,,,,,,,,,,,,,,,,,,,,,,,,,,,,,,,,,
DA_S35_O4,4,7.72E+00,1.72E+00,1.09E+00,2.04E+00,1.09E+01,,,,,,,,,,,,,,,,,,,,,,,,,,,,,,,,,,,
DA_S35_O4,4,7.73E+00,1.70E+00,1.18E+00,2.07E+00,1.24E+01,,,,,,,,,,,,,,,,,,,,,,,,,,,,,,,,,,,
DA_S35_O4,4,7.74E+00,1.69E+00,1.29E+00,2.13E+00,1.41E+01,,,,,,,,,,,,,,,,,,,,,,,,,,,,,,,,,,,
DA_S35_O4,4,7.75E+00,1.66E+00,1.41E+00,2.18E+00,1.41E+01,,,,,,,,,,,,,,,,,,,,,,,,,,,,,,,,,,,
DA_S35_O4,4,7.76E+00,1.63E+00,1.52E+00,2.23E+00,1.48E+01,,,,,,,,,,,,,,,,,,,,,,,,,,,,,,,,,,,
DA_S35_O4,4,7.77E+00,1.60E+00,1.65E+00,2.30E+00,1.41E+01,,,,,,,,,,,,,,,,,,,,,,,,,,,,,,,,,,,
DA_S35_O4,4,7.77E+00,1.59E+00,1.75E+00,2.36E+00,1.34E+01,,,,,,,,,,,,,,,,,,,,,,,,,,,,,,,,,,,
DA_S35_O4,4,7.78E+00,1.56E+00,1.87E+00,2.43E+00,1.37E+01,,,,,,,,,,,,,,,,,,,,,,,,,,,,,,,,,,,
DA_S35_O4,4,7.79E+00,1.54E+00,1.97E+00,2.51E+00,1.31E+01,,,,,,,,,,,,,,,,,,,,,,,,,,,,,,,,,,,
DA_S35_O4,4,7.80E+00,1.52E+00,2.08E+00,2.58E+00,1.34E+01,,,,,,,,,,,,,,,,,,,,,,,,,,,,,,,,,,,
DA_S35_O4,4,7.81E+00,1.48E+00,2.19E+00,2.64E+00,1.45E+01,,,,,,,,,,,,,,,,,,,,,,,,,,,,,,,,,,,
DA_S35_O4,4,7.82E+00,1.48E+00,2.32E+00,2.75E+00,1.64E+01,,,,,,,,,,,,,,,,,,,,,,,,,,,,,,,,,,,
DA_S35_O4,4,7.82E+00,1.48E+00,2.46E+00,2.87E+00,1.65E+01,,,,,,,,,,,,,,,,,,,,,,,,,,,,,,,,,,,
DA_S35_O4,4,7.83E+00,1.49E+00,2.60E+00,2.99E+00,1.44E+01,,,,,,,,,,,,,,,,,,,,,,,,,,,,,,,,,,,
DA_S35_O4,4,7.84E+00,1.50E+00,2.70E+00,3.09E+00,1.45E+01,,,,,,,,,,,,,,,,,,,,,,,,,,,,,,,,,,,
DA_S35_O4,4,7.85E+00,1.49E+00,2.84E+00,3.21E+00,1.43E+01,,,,,,,,,,,,,,,,,,,,,,,,,,,,,,,,,,,
DA_S35_O4,4,7.86E+00,1.50E+00,2.94E+00,3.30E+00,1.58E+01,,,,,,,,,,,,,,,,,,,,,,,,,,,,,,,,,,,
DA_S35_O4,4,7.87E+00,1.48E+00,3.10E+00,3.44E+00,1.99E+01,,,,,,,,,,,,,,,,,,,,,,,,,,,,,,,,,,,
DA_S35_O4,4,7.87E+00,1.46E+00,3.27E+00,3.58E+00,1.84E+01,,,,,,,,,,,,,,,,,,,,,,,,,,,,,,,,,,,
DA_S35_O4,4,7.88E+00,1.43E+00,3.40E+00,3.69E+00,1.44E+01,,,,,,,,,,,,,,,,,,,,,,,,,,,,,,,,,,,
DA_S35_O4,4,7.89E+00,1.41E+00,3.50E+00,3.78E+00,1.57E+01,,,,,,,,,,,,,,,,,,,,,,,,,,,,,,,,,,,
DA_S35_O4,4,7.90E+00,1.41E+00,3.67E+00,3.93E+00,1.84E+01,,,,,,,,,,,,,,,,,,,,,,,,,,,,,,,,,,,
DA_S35_O4,4,7.91E+00,1.41E+00,3.81E+00,4.06E+00,1.70E+01,,,,,,,,,,,,,,,,,,,,,,,,,,,,,,,,,,,
DA_S35_O4,4,7.92E+00,1.41E+00,3.95E+00,4.19E+00,1.73E+01,,,,,,,,,,,,,,,,,,,,,,,,,,,,,,,,,,,
DA_S35_O4,4,7.92E+00,1.42E+00,4.10E+00,4.34E+00,1.81E+01,,,,,,,,,,,,,,,,,,,,,,,,,,,,,,,,,,,
DA_S35_O4,4,7.93E+00,1.43E+00,4.25E+00,4.49E+00,,,,,,,,,,,,,,,,,,,,,,,,,,,,,,,,,,,,
,,,,,,,,,,,,,,,,,,,,,,,,,,,,,,,,,,,,,,,,,
DA_S35_O4,5,9.76E+00,1.42E+00,9.08E-01,1.68E+00,,,,,,,,,,,,,,,,,,,,,,,,,,,,,,,,,,,,
DA_S35_O4,5,9.77E+00,1.42E+00,1.10E+00,1.79E+00,2.38E+01,,,,,,,,,,,,,,,,,,,,,,,,,,,,,,,,,,,
DA_S35_O4,5,9.78E+00,1.38E+00,1.30E+00,1.90E+00,2.25E+01,,,,,,,,,,,,,,,,,,,,,,,,,,,,,,,,,,,
DA_S35_O4,5,9.78E+00,1.32E+00,1.46E+00,1.97E+00,2.25E+01,,,,,,,,,,,,,,,,,,,,,,,,,,,,,,,,,,,
DA_S35_O4,5,9.79E+00,1.29E+00,1.67E+00,2.11E+00,2.44E+01,,,,,,,,,,,,,,,,,,,,,,,,,,,,,,,,,,,
DA_S35_O4,5,9.80E+00,1.26E+00,1.86E+00,2.25E+00,2.18E+01,,,,,,,,,,,,,,,,,,,,,,,,,,,,,,,,,,,
DA_S35_O4,5,9.81E+00,1.22E+00,2.03E+00,2.37E+00,2.08E+01,,,,,,,,,,,,,,,,,,,,,,,,,,,,,,,,,,,
DA_S35_O4,5,9.82E+00,1.18E+00,2.20E+00,2.49E+00,2.08E+01,,,,,,,,,,,,,,,,,,,,,,,,,,,,,,,,,,,
DA_S35_O4,5,9.83E+00,1.14E+00,2.36E+00,2.63E+00,1.80E+01,,,,,,,,,,,,,,,,,,,,,,,,,,,,,,,,,,,
DA_S35_O4,5,9.83E+00,1.12E+00,2.49E+00,2.73E+00,1.87E+01,,,,,,,,,,,,,,,,,,,,,,,,,,,,,,,,,,,
DA_S35_O4,5,9.84E+00,1.07E+00,2.67E+00,2.88E+00,2.08E+01,,,,,,,,,,,,,,,,,,,,,,,,,,,,,,,,,,,
DA_S35_O4,5,9.85E+00,1.03E+00,2.83E+00,3.01E+00,2.08E+01,,,,,,,,,,,,,,,,,,,,,,,,,,,,,,,,,,,
DA_S35_O4,5,9.86E+00,1.00E+00,3.01E+00,3.17E+00,2.04E+01,,,,,,,,,,,,,,,,,,,,,,,,,,,,,,,,,,,
DA_S35_O4,5,9.87E+00,9.57E-01,3.16E+00,3.30E+00,2.04E+01,curved trajectory,,,,,,,,,,,,,,,,,,,,,,,,,,,,,,,,,,
DA_S35_O4,5,9.88E+00,9.02E-01,3.33E+00,3.45E+00,1.97E+01,,,,,,,,,,,,,,,,,,,,,,,,,,,,,,,,,,,
DA_S35_O4,5,9.88E+00,8.78E-01,3.48E+00,3.59E+00,2.04E+01,,,,,,,,,,,,,,,,,,,,,,,,,,,,,,,,,,,
DA_S35_O4,5,9.89E+00,8.36E-01,3.67E+00,3.76E+00,2.08E+01,,,,,,,,,,,,,,,,,,,,,,,,,,,,,,,,,,,
DA_S35_O4,5,9.90E+00,7.88E-01,3.81E+00,3.89E+00,1.87E+01,,,,,,,,,,,,,,,,,,,,,,,,,,,,,,,,,,,
DA_S35_O4,5,9.91E+00,7.61E-01,3.97E+00,4.04E+00,1.95E+01,,,,,,,,,,,,,,,,,,,,,,,,,,,,,,,,,,,
DA_S35_O4,5,9.92E+00,7.44E-01,4.13E+00,4.20E+00,,,,,,,,,,,,,,,,,,,,,,,,,,,,,,,,,,,,
,,,,,,,,,,,,,,,,,,,,,,,,,,,,,,,,,,,,,,,,,
DA_S36_O1,1,1.81E+00,2.89E+00,1.36E+00,3.19E+00,,,,,,,,,,,,,,,,,,,,,,,,,,,,,,,,,,,,
DA_S36_O1,1,1.82E+00,2.87E+00,1.50E+00,3.24E+00,1.65E+01,,,,,,,,,,,,,,,,,,,,,,,,,,,,,,,,,,,
DA_S36_O1,1,1.83E+00,2.89E+00,1.64E+00,3.33E+00,1.52E+01,,,,,,,,,,,,,,,,,,,,,,,,,,,,,,,,,,,
DA_S36_O1,1,1.84E+00,2.92E+00,1.75E+00,3.40E+00,1.55E+01,,,,,,,,,,,,,,,,,,,,,,,,,,,,,,,,,,,
DA_S36_O1,1,1.84E+00,2.93E+00,1.89E+00,3.49E+00,1.78E+01,,,,,,,,,,,,,,,,,,,,,,,,,,,,,,,,,,,
DA_S36_O1,1,1.85E+00,2.98E+00,2.04E+00,3.61E+00,1.58E+01,,,,,,,,,,,,,,,,,,,,,,,,,,,,,,,,,,,
DA_S36_O1,1,1.86E+00,3.01E+00,2.15E+00,3.70E+00,1.51E+01,,,,,,,,,,,,,,,,,,,,,,,,,,,,,,,,,,,
DA_S36_O1,1,1.87E+00,3.05E+00,2.28E+00,3.81E+00,1.67E+01,,,,,,,,,,,,,,,,,,,,,,,,,,,,,,,,,,,
DA_S36_O1,1,1.88E+00,3.05E+00,2.42E+00,3.90E+00,1.46E+01,,,,,,,,,,,,,,,,,,,,,,,,,,,,,,,,,,,
DA_S36_O1,1,1.89E+00,3.07E+00,2.53E+00,3.97E+00,1.35E+01,,,,,,,,,,,,,,,,,,,,,,,,,,,,,,,,,,,
DA_S36_O1,1,1.89E+00,3.08E+00,2.64E+00,4.06E+00,1.66E+01,,,,,,,,,,,,,,,,,,,,,,,,,,,,,,,,,,,
DA_S36_O1,1,1.90E+00,3.10E+00,2.80E+00,4.18E+00,1.85E+01,,,,,,,,,,,,,,,,,,,,,,,,,,,,,,,,,,,
DA_S36_O1,1,1.91E+00,3.11E+00,2.95E+00,4.29E+00,1.79E+01,,,,,,,,,,,,,,,,,,,,,,,,,,,,,,,,,,,
DA_S36_O1,1,1.92E+00,3.14E+00,3.10E+00,4.41E+00,1.71E+01,,,,,,,,,,,,,,,,,,,,,,,,,,,,,,,,,,,
DA_S36_O1,1,1.93E+00,3.15E+00,3.23E+00,4.52E+00,1.67E+01,,,,,,,,,,,,,,,,,,,,,,,,,,,,,,,,,,,
DA_S36_O1,1,1.94E+00,3.18E+00,3.37E+00,4.63E+00,1.55E+01,,,,,,,,,,,,,,,,,,,,,,,,,,,,,,,,,,,
DA_S36_O1,1,1.94E+00,3.19E+00,3.49E+00,4.73E+00,1.37E+01,,,,,,,,,,,,,,,,,,,,,,,,,,,,,,,,,,,
DA_S36_O1,1,1.95E+00,3.19E+00,3.60E+00,4.81E+00,1.46E+01,,,,,,,,,,,,,,,,,,,,,,,,,,,,,,,,,,,
DA_S36_O1,1,1.96E+00,3.20E+00,3.73E+00,4.92E+00,1.66E+01,,,,,,,,,,,,,,,,,,,,,,,,,,,,,,,,,,,
DA_S36_O1,1,1.97E+00,3.22E+00,3.88E+00,5.04E+00,1.70E+01,,,,,,,,,,,,,,,,,,,,,,,,,,,,,,,,,,,
DA_S36_O1,1,1.98E+00,3.24E+00,4.01E+00,5.16E+00,1.83E+01,,,,,,,,,,,,,,,,,,,,,,,,,,,,,,,,,,,
DA_S36_O1,1,1.99E+00,3.27E+00,4.18E+00,5.30E+00,1.79E+01,,,,,,,,,,,,,,,,,,,,,,,,,,,,,,,,,,,
DA_S36_O1,1,1.99E+00,3.28E+00,4.31E+00,5.42E+00,1.46E+01,,,,,,,,,,,,,,,,,,,,,,,,,,,,,,,,,,,
DA_S36_O1,1,2.00E+00,3.29E+00,4.42E+00,5.51E+00,1.51E+01,,,,,,,,,,,,,,,,,,,,,,,,,,,,,,,,,,,
DA_S36_O1,1,2.01E+00,3.32E+00,4.56E+00,5.64E+00,1.65E+01,,,,,,,,,,,,,,,,,,,,,,,,,,,,,,,,,,,
DA_S36_O1,1,2.02E+00,3.34E+00,4.69E+00,5.76E+00,,,,,,,,,,,,,,,,,,,,,,,,,,,,,,,,,,,,
,,,,,,,,,,,,,,,,,,,,,,,,,,,,,,,,,,,,,,,,,
DA_S36_O1,2,4.00E+00,2.24E+00,1.27E+00,2.57E+00,,,,,,,,,,,,,,,,,,,,,,,,,,,,,,,,,,,,
DA_S36_O1,2,4.00E+00,2.28E+00,1.46E+00,2.71E+00,2.61E+01,,,,,,,,,,,,,,,,,,,,,,,,,,,,,,,,,,,
DA_S36_O1,2,4.01E+00,2.34E+00,1.69E+00,2.89E+00,2.73E+01,,,,,,,,,,,,,,,,,,,,,,,,,,,,,,,,,,,
DA_S36_O1,2,4.02E+00,2.39E+00,1.90E+00,3.06E+00,2.48E+01,,,,,,,,,,,,,,,,,,,,,,,,,,,,,,,,,,,
DA_S36_O1,2,4.03E+00,2.44E+00,2.09E+00,3.21E+00,2.35E+01,,,,,,,,,,,,,,,,,,,,,,,,,,,,,,,,,,,
DA_S36_O1,2,4.04E+00,2.46E+00,2.29E+00,3.36E+00,2.29E+01,,,,,,,,,,,,,,,,,,,,,,,,,,,,,,,,,,,
DA_S36_O1,2,4.05E+00,2.48E+00,2.47E+00,3.50E+00,2.03E+01,,,,,,,,,,,,,,,,,,,,,,,,,,,,,,,,,,,
DA_S36_O1,2,4.05E+00,2.51E+00,2.62E+00,3.63E+00,1.70E+01,,,,,,,,,,,,,,,,,,,,,,,,,,,,,,,,,,,
DA_S36_O1,2,4.06E+00,2.52E+00,2.75E+00,3.73E+00,1.82E+01,,,,,,,,,,,,,,,,,,,,,,,,,,,,,,,,,,,
DA_S36_O1,2,4.07E+00,2.54E+00,2.92E+00,3.88E+00,2.02E+01,,,,,,,,,,,,,,,,,,,,,,,,,,,,,,,,,,,
DA_S36_O1,2,4.08E+00,2.56E+00,3.09E+00,4.01E+00,1.96E+01,,,,,,,,,,,,,,,,,,,,,,,,,,,,,,,,,,,
DA_S36_O1,2,4.09E+00,2.56E+00,3.25E+00,4.14E+00,1.81E+01,,,,,,,,,,,,,,,,,,,,,,,,,,,,,,,,,,,
DA_S36_O1,2,4.10E+00,2.58E+00,3.39E+00,4.26E+00,1.59E+01,,,,,,,,,,,,,,,,,,,,,,,,,,,,,,,,,,,
DA_S36_O1,2,4.10E+00,2.60E+00,3.51E+00,4.37E+00,1.39E+01,,,,,,,,,,,,,,,,,,,,,,,,,,,,,,,,,,,
DA_S36_O1,2,4.11E+00,2.61E+00,3.62E+00,4.46E+00,1.30E+01,,,,,,,,,,,,,,,,,,,,,,,,,,,,,,,,,,,
DA_S36_O1,2,4.12E+00,2.65E+00,3.72E+00,4.57E+00,1.23E+01,,,,,,,,,,,,,,,,,,,,,,,,,,,,,,,,,,,
DA_S36_O1,2,4.13E+00,2.64E+00,3.82E+00,4.64E+00,1.38E+01,,,,,,,,,,,,,,,,,,,,,,,,,,,,,,,,,,,
DA_S36_O1,2,4.14E+00,2.67E+00,3.95E+00,4.77E+00,1.54E+01,,,,,,,,,,,,,,,,,,,,,,,,,,,,,,,,,,,
DA_S36_O1,2,4.15E+00,2.70E+00,4.07E+00,4.88E+00,7.30E+00,,,,,,,,,,,,,,,,,,,,,,,,,,,,,,,,,,,
DA_S36_O1,2,4.15E+00,2.70E+00,4.07E+00,4.88E+00,1.46E+01,,,,,,,,,,,,,,,,,,,,,,,,,,,,,,,,,,,
DA_S36_O1,2,4.16E+00,2.71E+00,4.31E+00,5.10E+00,,,,,,,,,,,,,,,,,,,,,,,,,,,,,,,,,,,,
,,,,,,,,,,,,,,,,,,,,,,,,,,,,,,,,,,,,,,,,,
DA_S36_O1,3,6.14E+00,2.24E+00,1.55E+00,2.72E+00,,,,,,,,,,,,,,,,,,,,,,,,,,,,,,,,,,,,
DA_S36_O1,3,6.15E+00,2.25E+00,1.65E+00,2.79E+00,1.69E+01,,,,,,,,,,,,,,,,,,,,,,,,,,,,,,,,,,,
DA_S36_O1,3,6.16E+00,2.26E+00,1.83E+00,2.91E+00,2.23E+01,,,,,,,,,,,,,,,,,,,,,,,,,,,,,,,,,,,
DA_S36_O1,3,6.16E+00,2.26E+00,2.02E+00,3.03E+00,2.39E+01,,,,,,,,,,,,,,,,,,,,,,,,,,,,,,,,,,,
DA_S36_O1,3,6.17E+00,2.27E+00,2.23E+00,3.18E+00,2.28E+01,,,,,,,,,,,,,,,,,,,,,,,,,,,,,,,,,,,
DA_S36_O1,3,6.18E+00,2.28E+00,2.40E+00,3.31E+00,2.15E+01,,,,,,,,,,,,,,,,,,,,,,,,,,,,,,,,,,,
DA_S36_O1,3,6.19E+00,2.28E+00,2.59E+00,3.45E+00,2.00E+01,,,,,,,,,,,,,,,,,,,,,,,,,,,,,,,,,,,
DA_S36_O1,3,6.20E+00,2.28E+00,2.74E+00,3.56E+00,1.73E+01,,,,,,,,,,,,,,,,,,,,,,,,,,,,,,,,,,,
DA_S36_O1,3,6.21E+00,2.29E+00,2.87E+00,3.68E+00,2.04E+01,,,,,,,,,,,,,,,,,,,,,,,,,,,,,,,,,,,
DA_S36_O1,3,6.21E+00,2.29E+00,3.08E+00,3.84E+00,2.00E+01,,,,,,,,,,,,,,,,,,,,,,,,,,,,,,,,,,,
DA_S36_O1,3,6.22E+00,2.30E+00,3.21E+00,3.95E+00,1.53E+01,,,,,,,,,,,,,,,,,,,,,,,,,,,,,,,,,,,
DA_S36_O1,3,6.23E+00,2.34E+00,3.33E+00,4.07E+00,1.68E+01,,,,,,,,,,,,,,,,,,,,,,,,,,,,,,,,,,,
DA_S36_O1,3,6.24E+00,2.38E+00,3.48E+00,4.21E+00,1.61E+01,,,,,,,,,,,,,,,,,,,,,,,,,,,,,,,,,,,
DA_S36_O1,3,6.25E+00,2.39E+00,3.59E+00,4.31E+00,1.54E+01,,,,,,,,,,,,,,,,,,,,,,,,,,,,,,,,,,,
DA_S36_O1,3,6.26E+00,2.41E+00,3.73E+00,4.44E+00,1.96E+01,,,,,,,,,,,,,,,,,,,,,,,,,,,,,,,,,,,
DA_S36_O1,3,6.26E+00,2.45E+00,3.91E+00,4.61E+00,1.81E+01,,,,,,,,,,,,,,,,,,,,,,,,,,,,,,,,,,,
DA_S36_O1,3,6.27E+00,2.47E+00,4.03E+00,4.73E+00,1.40E+01,,,,,,,,,,,,,,,,,,,,,,,,,,,,,,,,,,,
DA_S36_O1,3,6.28E+00,2.49E+00,4.14E+00,4.83E+00,1.48E+01,,,,,,,,,,,,,,,,,,,,,,,,,,,,,,,,,,,
DA_S36_O1,3,6.29E+00,2.51E+00,4.27E+00,4.96E+00,1.47E+01,,,,,,,,,,,,,,,,,,,,,,,,,,,,,,,,,,,
DA_S36_O1,3,6.30E+00,2.52E+00,4.38E+00,5.06E+00,1.54E+01,,,,,,,,,,,,,,,,,,,,,,,,,,,,,,,,,,,
DA_S36_O1,3,6.31E+00,2.53E+00,4.53E+00,5.19E+00,1.47E+01,,,,,,,,,,,,,,,,,,,,,,,,,,,,,,,,,,,
DA_S36_O1,3,6.31E+00,2.55E+00,4.63E+00,5.28E+00,,,,,,,,,,,,,,,,,,,,,,,,,,,,,,,,,,,,
,,,,,,,,,,,,,,,,,,,,,,,,,,,,,,,,,,,,,,,,,
DA_S36_O1,4,8.14E+00,2.15E+00,1.33E+00,2.53E+00,,,,,,,,,,,,,,,,,,,,,,,,,,,,,,,,,,,,
DA_S36_O1,4,8.15E+00,2.18E+00,1.47E+00,2.63E+00,1.86E+01,,,,,,,,,,,,,,,,,,,,,,,,,,,,,,,,,,,
DA_S36_O1,4,8.16E+00,2.19E+00,1.64E+00,2.73E+00,1.86E+01,,,,,,,,,,,,,,,,,,,,,,,,,,,,,,,,,,,
DA_S36_O1,4,8.17E+00,2.21E+00,1.78E+00,2.84E+00,1.76E+01,,,,,,,,,,,,,,,,,,,,,,,,,,,,,,,,,,,
DA_S36_O1,4,8.17E+00,2.24E+00,1.93E+00,2.96E+00,1.56E+01,,,,,,,,,,,,,,,,,,,,,,,,,,,,,,,,,,,
DA_S36_O1,4,8.18E+00,2.25E+00,2.04E+00,3.04E+00,1.59E+01,,,,,,,,,,,,,,,,,,,,,,,,,,,,,,,,,,,
DA_S36_O1,4,8.19E+00,2.28E+00,2.19E+00,3.16E+00,1.86E+01,,,,,,,,,,,,,,,,,,,,,,,,,,,,,,,,,,,
DA_S36_O1,4,8.20E+00,2.29E+00,2.35E+00,3.28E+00,1.86E+01,,,,,,,,,,,,,,,,,,,,,,,,,,,,,,,,,,,
DA_S36_O1,4,8.21E+00,2.32E+00,2.50E+00,3.41E+00,1.72E+01,,,,,,,,,,,,,,,,,,,,,,,,,,,,,,,,,,,
DA_S36_O1,4,8.22E+00,2.34E+00,2.63E+00,3.52E+00,1.63E+01,,,,,,,,,,,,,,,,,,,,,,,,,,,,,,,,,,,
DA_S36_O1,4,8.22E+00,2.36E+00,2.77E+00,3.64E+00,1.70E+01,,,,,,,,,,,,,,,,,,,,,,,,,,,,,,,,,,,
DA_S36_O1,4,8.23E+00,2.37E+00,2.91E+00,3.76E+00,1.82E+01,,,,,,,,,,,,,,,,,,,,,,,,,,,,,,,,,,,
DA_S36_O1,4,8.24E+00,2.39E+00,3.07E+00,3.89E+00,1.79E+01,,,,,,,,,,,,,,,,,,,,,,,,,,,,,,,,,,,
DA_S36_O1,4,8.25E+00,2.42E+00,3.21E+00,4.01E+00,1.76E+01,,,,,,,,,,,,,,,,,,,,,,,,,,,,,,,,,,,
DA_S36_O1,4,8.26E+00,2.44E+00,3.36E+00,4.15E+00,1.68E+01,,,,,,,,,,,,,,,,,,,,,,,,,,,,,,,,,,,
DA_S36_O1,4,8.27E+00,2.49E+00,3.48E+00,4.28E+00,1.49E+01,,,,,,,,,,,,,,,,,,,,,,,,,,,,,,,,,,,
DA_S36_O1,4,8.27E+00,2.49E+00,3.60E+00,4.38E+00,1.84E+01,,,,,,,,,,,,,,,,,,,,,,,,,,,,,,,,,,,
DA_S36_O1,4,8.28E+00,2.50E+00,3.78E+00,4.53E+00,1.92E+01,,,,,,,,,,,,,,,,,,,,,,,,,,,,,,,,,,,
DA_S36_O1,4,8.29E+00,2.51E+00,3.92E+00,4.65E+00,1.57E+01,,,,,,,,,,,,,,,,,,,,,,,,,,,,,,,,,,,
DA_S36_O1,4,8.30E+00,2.51E+00,4.04E+00,4.76E+00,1.61E+01,,,,,,,,,,,,,,,,,,,,,,,,,,,,,,,,,,,
DA_S36_O1,4,8.31E+00,2.51E+00,4.19E+00,4.89E+00,1.73E+01,,,,,,,,,,,,,,,,,,,,,,,,,,,,,,,,,,,
DA_S36_O1,4,8.32E+00,2.53E+00,4.33E+00,5.02E+00,1.73E+01,,,,,,,,,,,,,,,,,,,,,,,,,,,,,,,,,,,
DA_S36_O1,4,8.32E+00,2.53E+00,4.48E+00,5.14E+00,1.37E+01,,,,,,,,,,,,,,,,,,,,,,,,,,,,,,,,,,,
DA_S36_O1,4,8.33E+00,2.53E+00,4.56E+00,5.21E+00,,,,,,,,,,,,,,,,,,,,,,,,,,,,,,,,,,,,
,,,,,,,,,,,,,,,,,,,,,,,,,,,,,,,,,,,,,,,,,
DA_S36_O2,1,1.58E+01,1.61E+00,8.78E-01,1.84E+00,,,,,,,,,,,,,,,,,,,,,,,,,,,,,,,,,,,,
DA_S36_O2,1,1.58E+01,1.61E+00,9.53E-01,1.87E+00,9.77E+00,,,,,,,,,,,,,,,,,,,,,,,,,,,,,,,,,,,
DA_S36_O2,1,1.58E+01,1.61E+00,1.04E+00,1.92E+00,1.06E+01,,,,,,,,,,,,,,,,,,,,,,,,,,,,,,,,,,,
DA_S36_O2,1,1.58E+01,1.61E+00,1.13E+00,1.97E+00,9.40E+00,,,,,,,,,,,,,,,,,,,,,,,,,,,,,,,,,,,
DA_S36_O2,1,1.58E+01,1.60E+00,1.20E+00,2.00E+00,1.03E+01,,,,,,,,,,,,,,,,,,,,,,,,,,,,,,,,,,,
DA_S36_O2,1,1.58E+01,1.59E+00,1.30E+00,2.06E+00,1.11E+01,,,,,,,,,,,,,,,,,,,,,,,,,,,,,,,,,,,
DA_S36_O2,1,1.58E+01,1.57E+00,1.38E+00,2.09E+00,1.16E+01,,,,,,,,,,,,,,,,,,,,,,,,,,,,,,,,,,,
DA_S36_O2,1,1.58E+01,1.56E+00,1.49E+00,2.16E+00,1.22E+01,,,,,,,,,,,,,,,,,,,,,,,,,,,,,,,,,,,
DA_S36_O2,1,1.58E+01,1.56E+00,1.58E+00,2.22E+00,1.19E+01,,,,,,,,,,,,,,,,,,,,,,,,,,,,,,,,,,,
DA_S36_O2,1,1.58E+01,1.54E+00,1.69E+00,2.28E+00,9.51E+00,,,,,,,,,,,,,,,,,,,,,,,,,,,,,,,,,,,
DA_S36_O2,1,1.58E+01,1.53E+00,1.74E+00,2.32E+00,9.40E+00,,,,,,,,,,,,,,,,,,,,,,,,,,,,,,,,,,,
DA_S36_O2,1,1.58E+01,1.53E+00,1.84E+00,2.39E+00,1.06E+01,,,,,,,,,,,,,,,,,,,,,,,,,,,,,,,,,,,
DA_S36_O2,1,1.59E+01,1.53E+00,1.92E+00,2.45E+00,8.15E+00,,,,,,,,,,,,,,,,,,,,,,,,,,,,,,,,,,,
DA_S36_O2,1,1.59E+01,1.53E+00,1.98E+00,2.50E+00,9.38E+00,,,,,,,,,,,,,,,,,,,,,,,,,,,,,,,,,,,
DA_S36_O2,1,1.59E+01,1.52E+00,2.07E+00,2.57E+00,9.38E+00,,,,,,,,,,,,,,,,,,,,,,,,,,,,,,,,,,,
DA_S36_O2,1,1.59E+01,1.52E+00,2.13E+00,2.62E+00,7.33E+00,,,,,,,,,,,,,,,,,,,,,,,,,,,,,,,,,,,
DA_S36_O2,1,1.59E+01,1.52E+00,2.20E+00,2.67E+00,5.29E+00,,,,,,,,,,,,,,,,,,,,,,,,,,,,,,,,,,,
DA_S36_O2,1,1.59E+01,1.52E+00,2.22E+00,2.69E+00,5.36E+00,,,,,,,,,,,,,,,,,,,,,,,,,,,,,,,,,,,
DA_S36_O2,1,1.59E+01,1.51E+00,2.28E+00,2.74E+00,8.64E+00,,,,,,,,,,,,,,,,,,,,,,,,,,,,,,,,,,,
DA_S36_O2,1,1.59E+01,1.50E+00,2.37E+00,2.80E+00,9.00E+00,,,,,,,,,,,,,,,,,,,,,,,,,,,,,,,,,,,
DA_S36_O2,1,1.59E+01,1.49E+00,2.43E+00,2.85E+00,9.45E+00,,,,,,,,,,,,,,,,,,,,,,,,,,,,,,,,,,,
DA_S36_O2,1,1.59E+01,1.48E+00,2.52E+00,2.92E+00,1.19E+01,,,,,,,,,,,,,,,,,,,,,,,,,,,,,,,,,,,
DA_S36_O2,1,1.59E+01,1.47E+00,2.63E+00,3.01E+00,1.06E+01,,,,,,,,,,,,,,,,,,,,,,,,,,,,,,,,,,,
DA_S36_O2,1,1.59E+01,1.47E+00,2.70E+00,3.07E+00,8.59E+00,,,,,,,,,,,,,,,,,,,,,,,,,,,,,,,,,,,
DA_S36_O2,1,1.60E+01,1.46E+00,2.77E+00,3.13E+00,1.06E+01,,,,,,,,,,,,,,,,,,,,,,,,,,,,,,,,,,,
DA_S36_O2,1,1.60E+01,1.46E+00,2.88E+00,3.22E+00,1.22E+01,,,,,,,,,,,,,,,,,,,,,,,,,,,,,,,,,,,
DA_S36_O2,1,1.60E+01,1.45E+00,2.98E+00,3.31E+00,1.07E+01,,,,,,,,,,,,,,,,,,,,,,,,,,,,,,,,,,,
DA_S36_O2,1,1.60E+01,1.44E+00,3.05E+00,3.37E+00,8.59E+00,,,,,,,,,,,,,,,,,,,,,,,,,,,,,,,,,,,
DA_S36_O2,1,1.60E+01,1.44E+00,3.12E+00,3.44E+00,8.00E+00,,,,,,,,,,,,,,,,,,,,,,,,,,,,,,,,,,,
DA_S36_O2,1,1.60E+01,1.40E+00,3.18E+00,3.48E+00,1.01E+01,,,,,,,,,,,,,,,,,,,,,,,,,,,,,,,,,,,
DA_S36_O2,1,1.60E+01,1.40E+00,3.28E+00,3.57E+00,1.23E+01,,,,,,,,,,,,,,,,,,,,,,,,,,,,,,,,,,,
DA_S36_O2,1,1.60E+01,1.38E+00,3.39E+00,3.66E+00,9.98E+00,,,,,,,,,,,,,,,,,,,,,,,,,,,,,,,,,,,
DA_S36_O2,1,1.60E+01,1.36E+00,3.45E+00,3.71E+00,8.79E+00,,,,,,,,,,,,,,,,,,,,,,,,,,,,,,,,,,,
DA_S36_O2,1,1.60E+01,1.35E+00,3.53E+00,3.78E+00,9.45E+00,,,,,,,,,,,,,,,,,,,,,,,,,,,,,,,,,,,
DA_S36_O2,1,1.60E+01,1.38E+00,3.60E+00,3.86E+00,1.16E+01,,,,,,,,,,,,,,,,,,,,,,,,,,,,,,,,,,,
DA_S36_O2,1,1.60E+01,1.38E+00,3.72E+00,3.97E+00,1.02E+01,,,,,,,,,,,,,,,,,,,,,,,,,,,,,,,,,,,
DA_S36_O2,1,1.61E+01,1.37E+00,3.77E+00,4.01E+00,7.22E+00,,,,,,,,,,,,,,,,,,,,,,,,,,,,,,,,,,,
DA_S36_O2,1,1.61E+01,1.35E+00,3.83E+00,4.06E+00,,,,,,,,,,,,,,,,,,,,,,,,,,,,,,,,,,,,
,,,,,,,,,,,,,,,,,,,,,,,,,,,,,,,,,,,,,,,,,
DA_S37_O1,1,1.30E+00,1.36E+00,6.46E-01,1.50E+00,,,,,,,,,,,,,,,,,,,,,,,,,,,,,,,,,,,,
DA_S37_O1,1,1.31E+00,1.35E+00,7.31E-01,1.53E+00,8.75E+00,,,,,,,,,,,,,,,,,,,,,,,,,,,,,,,,,,,
DA_S37_O1,1,1.32E+00,1.39E+00,7.89E-01,1.59E+00,8.36E+00,,,,,,,,,,,,,,,,,,,,,,,,,,,,,,,,,,,
DA_S37_O1,1,1.33E+00,1.40E+00,8.61E-01,1.64E+00,7.77E+00,,,,,,,,,,,,,,,,,,,,,,,,,,,,,,,,,,,
DA_S37_O1,1,1.33E+00,1.40E+00,9.17E-01,1.68E+00,6.50E+00,,,,,,,,,,,,,,,,,,,,,,,,,,,,,,,,,,,
DA_S37_O1,1,1.34E+00,1.41E+00,9.69E-01,1.71E+00,8.66E+00,,,,,,,,,,,,,,,,,,,,,,,,,,,,,,,,,,,
DA_S37_O1,1,1.35E+00,1.40E+00,1.06E+00,1.76E+00,1.14E+01,,,,,,,,,,,,,,,,,,,,,,,,,,,,,,,,,,,
DA_S37_O1,1,1.36E+00,1.42E+00,1.16E+00,1.83E+00,1.13E+01,,,,,,,,,,,,,,,,,,,,,,,,,,,,,,,,,,,
DA_S37_O1,1,1.37E+00,1.42E+00,1.25E+00,1.89E+00,1.01E+01,,,,,,,,,,,,,,,,,,,,,,,,,,,,,,,,,,,
DA_S37_O1,1,1.38E+00,1.43E+00,1.33E+00,1.95E+00,1.14E+01,,,,,,,,,,,,,,,,,,,,,,,,,,,,,,,,,,,
DA_S37_O1,1,1.38E+00,1.44E+00,1.44E+00,2.03E+00,1.19E+01,,,,,,,,,,,,,,,,,,,,,,,,,,,,,,,,,,,
DA_S37_O1,1,1.39E+00,1.45E+00,1.52E+00,2.10E+00,1.07E+01,,,,,,,,,,,,,,,,,,,,,,,,,,,,,,,,,,,
DA_S37_O1,1,1.40E+00,1.45E+00,1.62E+00,2.17E+00,1.15E+01,,,,,,,,,,,,,,,,,,,,,,,,,,,,,,,,,,,
DA_S37_O1,1,1.41E+00,1.45E+00,1.72E+00,2.25E+00,1.07E+01,,,,,,,,,,,,,,,,,,,,,,,,,,,,,,,,,,,
DA_S37_O1,1,1.42E+00,1.46E+00,1.80E+00,2.31E+00,1.10E+01,,,,,,,,,,,,,,,,,,,,,,,,,,,,,,,,,,,
DA_S37_O1,1,1.43E+00,1.47E+00,1.90E+00,2.40E+00,1.78E+01,,,,,,,,,,,,,,,,,,,,,,,,,,,,,,,,,,,
DA_S37_O1,1,1.43E+00,1.45E+00,2.09E+00,2.54E+00,1.72E+01,,,,,,,,,,,,,,,,,,,,,,,,,,,,,,,,,,,
DA_S37_O1,1,1.44E+00,1.44E+00,2.18E+00,2.61E+00,1.07E+01,,,,,,,,,,,,,,,,,,,,,,,,,,,,,,,,,,,
DA_S37_O1,1,1.45E+00,1.43E+00,2.27E+00,2.69E+00,1.06E+01,,,,,,,,,,,,,,,,,,,,,,,,,,,,,,,,,,,
DA_S37_O1,1,1.46E+00,1.43E+00,2.36E+00,2.76E+00,1.32E+01,,,,,,,,,,,,,,,,,,,,,,,,,,,,,,,,,,,
DA_S37_O1,1,1.47E+00,1.42E+00,2.49E+00,2.87E+00,1.36E+01,,,,,,,,,,,,,,,,,,,,,,,,,,,,,,,,,,,
DA_S37_O1,1,1.48E+00,1.40E+00,2.59E+00,2.94E+00,1.04E+01,,,,,,,,,,,,,,,,,,,,,,,,,,,,,,,,,,,
DA_S37_O1,1,1.48E+00,1.41E+00,2.66E+00,3.02E+00,1.05E+01,,,,,,,,,,,,,,,,,,,,,,,,,,,,,,,,,,,
DA_S37_O1,1,1.49E+00,1.42E+00,2.76E+00,3.10E+00,1.04E+01,,,,,,,,,,,,,,,,,,,,,,,,,,,,,,,,,,,
DA_S37_O1,1,1.50E+00,1.42E+00,2.84E+00,3.18E+00,1.07E+01,,,,,,,,,,,,,,,,,,,,,,,,,,,,,,,,,,,
DA_S37_O1,1,1.51E+00,1.42E+00,2.94E+00,3.26E+00,1.03E+01,,,,,,,,,,,,,,,,,,,,,,,,,,,,,,,,,,,
DA_S37_O1,1,1.52E+00,1.41E+00,3.01E+00,3.32E+00,1.20E+01,,,,,,,,,,,,,,,,,,,,,,,,,,,,,,,,,,,
DA_S37_O1,1,1.53E+00,1.41E+00,3.14E+00,3.44E+00,1.44E+01,,,,,,,,,,,,,,,,,,,,,,,,,,,,,,,,,,,
DA_S37_O1,1,1.53E+00,1.42E+00,3.25E+00,3.55E+00,1.32E+01,,,,,,,,,,,,,,,,,,,,,,,,,,,,,,,,,,,
DA_S37_O1,1,1.54E+00,1.43E+00,3.36E+00,3.65E+00,1.29E+01,,,,,,,,,,,,,,,,,,,,,,,,,,,,,,,,,,,
DA_S37_O1,1,1.55E+00,1.45E+00,3.46E+00,3.75E+00,1.25E+01,,,,,,,,,,,,,,,,,,,,,,,,,,,,,,,,,,,
DA_S37_O1,1,1.56E+00,1.46E+00,3.56E+00,3.85E+00,1.18E+01,,,,,,,,,,,,,,,,,,,,,,,,,,,,,,,,,,,
DA_S37_O1,1,1.57E+00,1.48E+00,3.66E+00,3.95E+00,1.39E+01,,,,,,,,,,,,,,,,,,,,,,,,,,,,,,,,,,,
DA_S37_O1,1,1.58E+00,1.47E+00,3.79E+00,4.07E+00,1.46E+01,,,,,,,,,,,,,,,,,,,,,,,,,,,,,,,,,,,
DA_S37_O1,1,1.58E+00,1.47E+00,3.90E+00,4.17E+00,,,,,,,,,,,,,,,,,,,,,,,,,,,,,,,,,,,,
,,,,,,,,,,,,,,,,,,,,,,,,,,,,,,,,,,,,,,,,,
DA_S37_O1,2,2.15E+00,1.23E+00,1.06E+00,1.62E+00,,,,,,,,,,,,,,,,,,,,,,,,,,,,,,,,,,,,
DA_S37_O1,2,2.16E+00,1.22E+00,1.17E+00,1.69E+00,1.15E+01,,,,,,,,,,,,,,,,,,,,,,,,,,,,,,,,,,,
DA_S37_O1,2,2.17E+00,1.23E+00,1.25E+00,1.75E+00,1.14E+01,,,,,,,,,,,,,,,,,,,,,,,,,,,,,,,,,,,
DA_S37_O1,2,2.18E+00,1.23E+00,1.36E+00,1.84E+00,1.16E+01,,,,,,,,,,,,,,,,,,,,,,,,,,,,,,,,,,,
DA_S37_O1,2,2.19E+00,1.25E+00,1.45E+00,1.91E+00,1.06E+01,,,,,,,,,,,,,,,,,,,,,,,,,,,,,,,,,,,
DA_S37_O1,2,2.19E+00,1.26E+00,1.54E+00,1.99E+00,1.11E+01,,,,,,,,,,,,,,,,,,,,,,,,,,,,,,,,,,,
DA_S37_O1,2,2.20E+00,1.29E+00,1.62E+00,2.08E+00,1.08E+01,,,,,,,,,,,,,,,,,,,,,,,,,,,,,,,,,,,
DA_S37_O1,2,2.21E+00,1.30E+00,1.71E+00,2.15E+00,9.44E+00,,,,,,,,,,,,,,,,,,,,,,,,,,,,,,,,,,,
DA_S37_O1,2,2.22E+00,1.31E+00,1.78E+00,2.21E+00,9.59E+00,,,,,,,,,,,,,,,,,,,,,,,,,,,,,,,,,,,
DA_S37_O1,2,2.23E+00,1.31E+00,1.87E+00,2.29E+00,1.21E+01,,,,,,,,,,,,,,,,,,,,,,,,,,,,,,,,,,,
DA_S37_O1,2,2.24E+00,1.31E+00,1.98E+00,2.38E+00,1.26E+01,,,,,,,,,,,,,,,,,,,,,,,,,,,,,,,,,,,
DA_S37_O1,2,2.24E+00,1.30E+00,2.08E+00,2.46E+00,1.32E+01,,,,,,,,,,,,,,,,,,,,,,,,,,,,,,,,,,,
DA_S37_O1,2,2.25E+00,1.31E+00,2.20E+00,2.56E+00,1.18E+01,,,,,,,,,,,,,,,,,,,,,,,,,,,,,,,,,,,
DA_S37_O1,2,2.26E+00,1.31E+00,2.28E+00,2.62E+00,9.44E+00,,,,,,,,,,,,,,,,,,,,,,,,,,,,,,,,,,,
DA_S37_O1,2,2.27E+00,1.31E+00,2.36E+00,2.70E+00,1.09E+01,,,,,,,,,,,,,,,,,,,,,,,,,,,,,,,,,,,
DA_S37_O1,2,2.28E+00,1.33E+00,2.46E+00,2.79E+00,1.11E+01,,,,,,,,,,,,,,,,,,,,,,,,,,,,,,,,,,,
DA_S37_O1,2,2.29E+00,1.32E+00,2.54E+00,2.87E+00,1.27E+01,,,,,,,,,,,,,,,,,,,,,,,,,,,,,,,,,,,
DA_S37_O1,2,2.29E+00,1.32E+00,2.67E+00,2.98E+00,1.28E+01,,,,,,,,,,,,,,,,,,,,,,,,,,,,,,,,,,,
DA_S37_O1,2,2.30E+00,1.31E+00,2.76E+00,3.05E+00,1.25E+01,,,,,,,,,,,,,,,,,,,,,,,,,,,,,,,,,,,
DA_S37_O1,2,2.31E+00,1.31E+00,2.88E+00,3.16E+00,1.27E+01,,,,,,,,,,,,,,,,,,,,,,,,,,,,,,,,,,,
DA_S37_O1,2,2.32E+00,1.32E+00,2.97E+00,3.25E+00,1.16E+01,,,,,,,,,,,,,,,,,,,,,,,,,,,,,,,,,,,
DA_S37_O1,2,2.33E+00,1.32E+00,3.07E+00,3.34E+00,1.16E+01,,,,,,,,,,,,,,,,,,,,,,,,,,,,,,,,,,,
DA_S37_O1,2,2.34E+00,1.31E+00,3.16E+00,3.42E+00,1.23E+01,,,,,,,,,,,,,,,,,,,,,,,,,,,,,,,,,,,
DA_S37_O1,2,2.34E+00,1.30E+00,3.27E+00,3.52E+00,1.37E+01,,,,,,,,,,,,,,,,,,,,,,,,,,,,,,,,,,,
DA_S37_O1,2,2.35E+00,1.30E+00,3.39E+00,3.63E+00,1.22E+01,,,,,,,,,,,,,,,,,,,,,,,,,,,,,,,,,,,
DA_S37_O1,2,2.36E+00,1.25E+00,3.47E+00,3.69E+00,1.12E+01,,,,,,,,,,,,,,,,,,,,,,,,,,,,,,,,,,,
DA_S37_O1,2,2.37E+00,1.24E+00,3.57E+00,3.78E+00,1.23E+01,,,,,,,,,,,,,,,,,,,,,,,,,,,,,,,,,,,
DA_S37_O1,2,2.38E+00,1.24E+00,3.68E+00,3.88E+00,1.33E+01,,,,,,,,,,,,,,,,,,,,,,,,,,,,,,,,,,,
DA_S37_O1,2,2.39E+00,1.25E+00,3.79E+00,3.99E+00,1.28E+01,,,,,,,,,,,,,,,,,,,,,,,,,,,,,,,,,,,
DA_S37_O1,2,2.39E+00,1.25E+00,3.89E+00,4.09E+00,1.09E+01,,,,,,,,,,,,,,,,,,,,,,,,,,,,,,,,,,,
DA_S37_O1,2,2.40E+00,1.24E+00,3.97E+00,4.16E+00,1.17E+01,,,,,,,,,,,,,,,,,,,,,,,,,,,,,,,,,,,
DA_S37_O1,2,2.41E+00,1.23E+00,4.08E+00,4.27E+00,1.40E+01,,,,,,,,,,,,,,,,,,,,,,,,,,,,,,,,,,,
DA_S37_O1,2,2.42E+00,1.23E+00,4.21E+00,4.38E+00,1.30E+01,,,,,,,,,,,,,,,,,,,,,,,,,,,,,,,,,,,
DA_S37_O1,2,2.43E+00,1.22E+00,4.30E+00,4.47E+00,,,,,,,,,,,,,,,,,,,,,,,,,,,,,,,,,,,,
,,,,,,,,,,,,,,,,,,,,,,,,,,,,,,,,,,,,,,,,,
DA_S37_O1,3,3.48E+00,1.50E+00,1.99E+00,2.49E+00,,,,,,,,,,,,,,,,,,,,,,,,,,,,,,,,,,,,
DA_S37_O1,3,3.49E+00,1.51E+00,2.11E+00,2.60E+00,1.77E+01,,,,,,,,,,,,,,,,,,,,,,,,,,,,,,,,,,,
DA_S37_O1,3,3.50E+00,1.53E+00,2.28E+00,2.74E+00,1.77E+01,,,,,,,,,,,,,,,,,,,,,,,,,,,,,,,,,,,
DA_S37_O1,3,3.50E+00,1.55E+00,2.41E+00,2.86E+00,1.60E+01,,,,,,,,,,,,,,,,,,,,,,,,,,,,,,,,,,,
DA_S37_O1,3,3.51E+00,1.56E+00,2.55E+00,2.99E+00,1.55E+01,,,,,,,,,,,,,,,,,,,,,,,,,,,,,,,,,,,
DA_S37_O1,3,3.52E+00,1.57E+00,2.66E+00,3.09E+00,1.20E+01,,,,,,,,,,,,,,,,,,,,,,,,,,,,,,,,,,,
DA_S37_O1,3,3.53E+00,1.60E+00,2.74E+00,3.17E+00,1.12E+01,,,,,,,,,,,,,,,,,,,,,,,,,,,,,,,,,,,
DA_S37_O1,3,3.54E+00,1.61E+00,2.85E+00,3.27E+00,1.43E+01,,,,,,,,,,,,,,,,,,,,,,,,,,,,,,,,,,,
DA_S37_O1,3,3.55E+00,1.66E+00,2.97E+00,3.40E+00,1.35E+01,,,,,,,,,,,,,,,,,,,,,,,,,,,,,,,,,,,
DA_S37_O1,3,3.55E+00,1.67E+00,3.06E+00,3.49E+00,1.25E+01,,,,,,,,,,,,,,,,,,,,,,,,,,,,,,,,,,,
DA_S37_O1,3,3.56E+00,1.71E+00,3.17E+00,3.61E+00,1.47E+01,,,,,,,,,,,,,,,,,,,,,,,,,,,,,,,,,,,
DA_S37_O1,3,3.57E+00,1.73E+00,3.30E+00,3.73E+00,1.33E+01,,,,,,,,,,,,,,,,,,,,,,,,,,,,,,,,,,,
DA_S37_O1,3,3.58E+00,1.76E+00,3.39E+00,3.82E+00,1.43E+01,,,,,,,,,,,,,,,,,,,,,,,,,,,,,,,,,,,
DA_S37_O1,3,3.59E+00,1.79E+00,3.53E+00,3.96E+00,1.66E+01,,,,,,,,,,,,,,,,,,,,,,,,,,,,,,,,,,,
DA_S37_O1,3,3.60E+00,1.80E+00,3.66E+00,4.08E+00,1.59E+01,,,,,,,,,,,,,,,,,,,,,,,,,,,,,,,,,,,
DA_S37_O1,3,3.60E+00,1.82E+00,3.79E+00,4.21E+00,1.37E+01,,,,,,,,,,,,,,,,,,,,,,,,,,,,,,,,,,,
DA_S37_O1,3,3.61E+00,1.84E+00,3.89E+00,4.30E+00,1.32E+01,,,,,,,,,,,,,,,,,,,,,,,,,,,,,,,,,,,
DA_S37_O1,3,3.62E+00,1.84E+00,4.01E+00,4.41E+00,1.48E+01,,,,,,,,,,,,,,,,,,,,,,,,,,,,,,,,,,,
DA_S37_O1,3,3.63E+00,1.84E+00,4.14E+00,4.53E+00,1.56E+01,,,,,,,,,,,,,,,,,,,,,,,,,,,,,,,,,,,
DA_S37_O1,3,3.64E+00,1.86E+00,4.27E+00,4.66E+00,1.84E+01,,,,,,,,,,,,,,,,,,,,,,,,,,,,,,,,,,,
DA_S37_O1,3,3.65E+00,1.87E+00,4.44E+00,4.82E+00,1.58E+01,,,,,,,,,,,,,,,,,,,,,,,,,,,,,,,,,,,
DA_S37_O1,3,3.65E+00,1.87E+00,4.54E+00,4.91E+00,1.49E+01,,,,,,,,,,,,,,,,,,,,,,,,,,,,,,,,,,,
DA_S37_O1,3,3.66E+00,1.89E+00,4.69E+00,5.06E+00,1.67E+01,,,,,,,,,,,,,,,,,,,,,,,,,,,,,,,,,,,
DA_S37_O1,3,3.67E+00,1.88E+00,4.81E+00,5.17E+00,1.39E+01,,,,,,,,,,,,,,,,,,,,,,,,,,,,,,,,,,,
DA_S37_O1,3,3.68E+00,1.89E+00,4.92E+00,5.27E+00,1.24E+01,,,,,,,,,,,,,,,,,,,,,,,,,,,,,,,,,,,
DA_S37_O1,3,3.69E+00,1.87E+00,5.02E+00,5.36E+00,,,,,,,,,,,,,,,,,,,,,,,,,,,,,,,,,,,,
,,,,,,,,,,,,,,,,,,,,,,,,,,,,,,,,,,,,,,,,,
DA_S37_O1,4,5.02E+00,2.98E+00,2.26E+00,3.74E+00,,,,,,,,,,,,,,,,,,,,,,,,,,,,,,,,,,,,
DA_S37_O1,4,5.03E+00,3.02E+00,2.38E+00,3.84E+00,1.41E+01,,,,,,,,,,,,,,,,,,,,,,,,,,,,,,,,,,,
DA_S37_O1,4,5.04E+00,3.03E+00,2.49E+00,3.92E+00,1.29E+01,,,,,,,,,,,,,,,,,,,,,,,,,,,,,,,,,,,
DA_S37_O1,4,5.05E+00,3.07E+00,2.59E+00,4.01E+00,1.38E+01,,,,,,,,,,,,,,,,,,,,,,,,,,,,,,,,,,,
DA_S37_O1,4,5.06E+00,3.09E+00,2.71E+00,4.11E+00,1.47E+01,,,,,,,,,,,,,,,,,,,,,,,,,,,,,,,,,,,
DA_S37_O1,4,5.06E+00,3.11E+00,2.83E+00,4.20E+00,1.32E+01,,,,,,,,,,,,,,,,,,,,,,,,,,,,,,,,,,,
DA_S37_O1,4,5.07E+00,3.12E+00,2.93E+00,4.28E+00,1.28E+01,,,,,,,,,,,,,,,,,,,,,,,,,,,,,,,,,,,
DA_S37_O1,4,5.08E+00,3.14E+00,3.04E+00,4.37E+00,1.29E+01,,,,,,,,,,,,,,,,,,,,,,,,,,,,,,,,,,,
DA_S37_O1,4,5.09E+00,3.17E+00,3.14E+00,4.47E+00,1.25E+01,,,,,,,,,,,,,,,,,,,,,,,,,,,,,,,,,,,
DA_S37_O1,4,5.10E+00,3.20E+00,3.24E+00,4.55E+00,1.19E+01,,,,,,,,,,,,,,,,,,,,,,,,,,,,,,,,,,,
DA_S37_O1,4,5.11E+00,3.22E+00,3.34E+00,4.63E+00,1.23E+01,,,,,,,,,,,,,,,,,,,,,,,,,,,,,,,,,,,
DA_S37_O1,4,5.11E+00,3.24E+00,3.44E+00,4.73E+00,1.18E+01,,,,,,,,,,,,,,,,,,,,,,,,,,,,,,,,,,,
DA_S37_O1,4,5.12E+00,3.26E+00,3.53E+00,4.81E+00,1.09E+01,,,,,,,,,,,,,,,,,,,,,,,,,,,,,,,,,,,
DA_S37_O1,4,5.13E+00,3.30E+00,3.61E+00,4.89E+00,1.03E+01,,,,,,,,,,,,,,,,,,,,,,,,,,,,,,,,,,,
DA_S37_O1,4,5.14E+00,3.31E+00,3.69E+00,4.96E+00,1.03E+01,,,,,,,,,,,,,,,,,,,,,,,,,,,,,,,,,,,
DA_S37_O1,4,5.15E+00,3.33E+00,3.78E+00,5.04E+00,1.15E+01,,,,,,,,,,,,,,,,,,,,,,,,,,,,,,,,,,,
DA_S37_O1,4,5.16E+00,3.35E+00,3.88E+00,5.13E+00,1.03E+01,,,,,,,,,,,,,,,,,,,,,,,,,,,,,,,,,,,
DA_S37_O1,4,5.16E+00,3.37E+00,3.95E+00,5.19E+00,9.74E+00,,,,,,,,,,,,,,,,,,,,,,,,,,,,,,,,,,,
DA_S37_O1,4,5.17E+00,3.39E+00,4.04E+00,5.27E+00,1.11E+01,,,,,,,,,,,,,,,,,,,,,,,,,,,,,,,,,,,
DA_S37_O1,4,5.18E+00,3.42E+00,4.13E+00,5.36E+00,1.18E+01,,,,,,,,,,,,,,,,,,,,,,,,,,,,,,,,,,,
DA_S37_O1,4,5.19E+00,3.43E+00,4.23E+00,5.45E+00,1.13E+01,,,,,,,,,,,,,,,,,,,,,,,,,,,,,,,,,,,
DA_S37_O1,4,5.20E+00,3.47E+00,4.31E+00,5.53E+00,9.83E+00,,,,,,,,,,,,,,,,,,,,,,,,,,,,,,,,,,,
DA_S37_O1,4,5.21E+00,3.49E+00,4.39E+00,5.60E+00,1.14E+01,,,,,,,,,,,,,,,,,,,,,,,,,,,,,,,,,,,
DA_S37_O1,4,5.21E+00,3.52E+00,4.49E+00,5.71E+00,1.46E+01,,,,,,,,,,,,,,,,,,,,,,,,,,,,,,,,,,,
DA_S37_O1,4,5.22E+00,3.55E+00,4.62E+00,5.83E+00,1.39E+01,,,,,,,,,,,,,,,,,,,,,,,,,,,,,,,,,,,
DA_S37_O1,4,5.23E+00,3.58E+00,4.72E+00,5.92E+00,1.21E+01,,,,,,,,,,,,,,,,,,,,,,,,,,,,,,,,,,,
DA_S37_O1,4,5.24E+00,3.61E+00,4.81E+00,6.02E+00,1.18E+01,,,,,,,,,,,,,,,,,,,,,,,,,,,,,,,,,,,
DA_S37_O1,4,5.25E+00,3.61E+00,4.91E+00,6.09E+00,1.15E+01,,,,,,,,,,,,,,,,,,,,,,,,,,,,,,,,,,,
DA_S37_O1,4,5.26E+00,3.63E+00,5.00E+00,6.18E+00,1.07E+01,,,,,,,,,,,,,,,,,,,,,,,,,,,,,,,,,,,
DA_S37_O1,4,5.26E+00,3.65E+00,5.09E+00,6.26E+00,1.09E+01,,,,,,,,,,,,,,,,,,,,,,,,,,,,,,,,,,,
DA_S37_O1,4,5.27E+00,3.67E+00,5.18E+00,6.35E+00,1.21E+01,,,,,,,,,,,,,,,,,,,,,,,,,,,,,,,,,,,
DA_S37_O1,4,5.28E+00,3.68E+00,5.29E+00,6.44E+00,1.23E+01,,,,,,,,,,,,,,,,,,,,,,,,,,,,,,,,,,,
DA_S37_O1,4,5.29E+00,3.69E+00,5.39E+00,6.53E+00,,,,,,,,,,,,,,,,,,,,,,,,,,,,,,,,,,,,
,,,,,,,,,,,,,,,,,,,,,,,,,,,,,,,,,,,,,,,,,
DA_S37_O1,5,7.27E+00,2.59E+00,1.36E+00,2.92E+00,,,,,,,,,,,,,,,,,,,,,,,,,,,,,,,,,,,,
DA_S37_O1,5,7.28E+00,2.61E+00,1.41E+00,2.97E+00,7.68E+00,,,,,,,,,,,,,,,,,,,,,,,,,,,,,,,,,,,
DA_S37_O1,5,7.29E+00,2.63E+00,1.48E+00,3.02E+00,9.83E+00,,,,,,,,,,,,,,,,,,,,,,,,,,,,,,,,,,,
DA_S37_O1,5,7.30E+00,2.67E+00,1.56E+00,3.09E+00,1.07E+01,,,,,,,,,,,,,,,,,,,,,,,,,,,,,,,,,,,
DA_S37_O1,5,7.31E+00,2.68E+00,1.65E+00,3.15E+00,1.15E+01,,,,,,,,,,,,,,,,,,,,,,,,,,,,,,,,,,,
DA_S37_O1,5,7.32E+00,2.69E+00,1.75E+00,3.21E+00,1.16E+01,,,,,,,,,,,,,,,,,,,,,,,,,,,,,,,,,,,
DA_S37_O1,5,7.32E+00,2.72E+00,1.84E+00,3.29E+00,9.83E+00,,,,,,,,,,,,,,,,,,,,,,,,,,,,,,,,,,,
DA_S37_O1,5,7.33E+00,2.74E+00,1.91E+00,3.34E+00,7.73E+00,,,,,,,,,,,,,,,,,,,,,,,,,,,,,,,,,,,
DA_S37_O1,5,7.34E+00,2.76E+00,1.97E+00,3.39E+00,9.31E+00,,,,,,,,,,,,,,,,,,,,,,,,,,,,,,,,,,,
DA_S37_O1,5,7.35E+00,2.78E+00,2.06E+00,3.46E+00,1.37E+01,,,,,,,,,,,,,,,,,,,,,,,,,,,,,,,,,,,
DA_S37_O1,5,7.36E+00,2.81E+00,2.19E+00,3.56E+00,1.78E+01,,,,,,,,,,,,,,,,,,,,,,,,,,,,,,,,,,,
DA_S37_O1,5,7.37E+00,2.84E+00,2.35E+00,3.69E+00,1.83E+01,,,,,,,,,,,,,,,,,,,,,,,,,,,,,,,,,,,
DA_S37_O1,5,7.37E+00,2.88E+00,2.48E+00,3.81E+00,1.47E+01,,,,,,,,,,,,,,,,,,,,,,,,,,,,,,,,,,,
DA_S37_O1,5,7.38E+00,2.92E+00,2.58E+00,3.90E+00,1.24E+01,,,,,,,,,,,,,,,,,,,,,,,,,,,,,,,,,,,
DA_S37_O1,5,7.39E+00,2.94E+00,2.68E+00,3.98E+00,1.23E+01,,,,,,,,,,,,,,,,,,,,,,,,,,,,,,,,,,,
DA_S37_O1,5,7.40E+00,2.96E+00,2.78E+00,4.07E+00,1.43E+01,,,,,,,,,,,,,,,,,,,,,,,,,,,,,,,,,,,
DA_S37_O1,5,7.41E+00,3.00E+00,2.91E+00,4.18E+00,1.49E+01,,,,,,,,,,,,,,,,,,,,,,,,,,,,,,,,,,,
DA_S37_O1,5,7.42E+00,3.03E+00,3.02E+00,4.28E+00,1.33E+01,,,,,,,,,,,,,,,,,,,,,,,,,,,,,,,,,,,
DA_S37_O1,5,7.42E+00,3.05E+00,3.13E+00,4.37E+00,1.22E+01,,,,,,,,,,,,,,,,,,,,,,,,,,,,,,,,,,,
DA_S37_O1,5,7.43E+00,3.08E+00,3.22E+00,4.46E+00,1.26E+01,,,,,,,,,,,,,,,,,,,,,,,,,,,,,,,,,,,
DA_S37_O1,5,7.44E+00,3.10E+00,3.34E+00,4.55E+00,1.34E+01,,,,,,,,,,,,,,,,,,,,,,,,,,,,,,,,,,,
DA_S37_O1,5,7.45E+00,3.12E+00,3.44E+00,4.65E+00,1.18E+01,,,,,,,,,,,,,,,,,,,,,,,,,,,,,,,,,,,
DA_S37_O1,5,7.46E+00,3.14E+00,3.53E+00,4.73E+00,8.89E+00,,,,,,,,,,,,,,,,,,,,,,,,,,,,,,,,,,,
DA_S37_O1,5,7.47E+00,3.16E+00,3.58E+00,4.78E+00,9.74E+00,,,,,,,,,,,,,,,,,,,,,,,,,,,,,,,,,,,
DA_S37_O1,5,7.47E+00,3.18E+00,3.69E+00,4.87E+00,1.28E+01,,,,,,,,,,,,,,,,,,,,,,,,,,,,,,,,,,,
DA_S37_O1,5,7.48E+00,3.20E+00,3.79E+00,4.96E+00,1.19E+01,,,,,,,,,,,,,,,,,,,,,,,,,,,,,,,,,,,
DA_S37_O1,5,7.49E+00,3.22E+00,3.88E+00,5.04E+00,1.14E+01,,,,,,,,,,,,,,,,,,,,,,,,,,,,,,,,,,,
DA_S37_O1,5,7.50E+00,3.25E+00,3.98E+00,5.14E+00,1.37E+01,,,,,,,,,,,,,,,,,,,,,,,,,,,,,,,,,,,
DA_S37_O1,5,7.51E+00,3.29E+00,4.10E+00,5.26E+00,1.30E+01,,,,,,,,,,,,,,,,,,,,,,,,,,,,,,,,,,,
DA_S37_O1,5,7.52E+00,3.32E+00,4.18E+00,5.34E+00,1.07E+01,,,,,,,,,,,,,,,,,,,,,,,,,,,,,,,,,,,
DA_S37_O1,5,7.52E+00,3.34E+00,4.27E+00,5.42E+00,1.09E+01,,,,,,,,,,,,,,,,,,,,,,,,,,,,,,,,,,,
DA_S37_O1,5,7.53E+00,3.38E+00,4.35E+00,5.51E+00,1.18E+01,,,,,,,,,,,,,,,,,,,,,,,,,,,,,,,,,,,
DA_S37_O1,5,7.54E+00,3.42E+00,4.45E+00,5.61E+00,1.18E+01,,,,,,,,,,,,,,,,,,,,,,,,,,,,,,,,,,,
DA_S37_O1,5,7.55E+00,3.45E+00,4.54E+00,5.70E+00,1.11E+01,,,,,,,,,,,,,,,,,,,,,,,,,,,,,,,,,,,
DA_S37_O1,5,7.56E+00,3.49E+00,4.62E+00,5.79E+00,1.30E+01,,,,,,,,,,,,,,,,,,,,,,,,,,,,,,,,,,,
DA_S37_O1,5,7.57E+00,3.53E+00,4.74E+00,5.91E+00,,,,,,,,,,,,,,,,,,,,,,,,,,,,,,,,,,,,
,,,,,,,,,,,,,,,,,,,,,,,,,,,,,,,,,,,,,,,,,
DA_S37_O2,1,3.91E+00,2.16E+00,7.47E-01,2.29E+00,,,,,,,,,,,,,,,,,,,,,,,,,,,,,,,,,,,,
DA_S37_O2,1,3.92E+00,2.18E+00,8.00E-01,2.32E+00,6.71E+00,,,,,,,,,,,,,,,,,,,,,,,,,,,,,,,,,,,
DA_S37_O2,1,3.93E+00,2.19E+00,8.55E-01,2.35E+00,6.99E+00,,,,,,,,,,,,,,,,,,,,,,,,,,,,,,,,,,,
DA_S37_O2,1,3.94E+00,2.20E+00,9.13E-01,2.39E+00,6.92E+00,,,,,,,,,,,,,,,,,,,,,,,,,,,,,,,,,,,
DA_S37_O2,1,3.95E+00,2.21E+00,9.69E-01,2.41E+00,7.09E+00,,,,,,,,,,,,,,,,,,,,,,,,,,,,,,,,,,,
DA_S37_O2,1,3.95E+00,2.23E+00,1.03E+00,2.46E+00,7.54E+00,,,,,,,,,,,,,,,,,,,,,,,,,,,,,,,,,,,
DA_S37_O2,1,3.96E+00,2.24E+00,1.09E+00,2.49E+00,7.54E+00,,,,,,,,,,,,,,,,,,,,,,,,,,,,,,,,,,,
DA_S37_O2,1,3.97E+00,2.24E+00,1.15E+00,2.52E+00,6.49E+00,,,,,,,,,,,,,,,,,,,,,,,,,,,,,,,,,,,
DA_S37_O2,1,3.98E+00,2.24E+00,1.20E+00,2.55E+00,6.03E+00,,,,,,,,,,,,,,,,,,,,,,,,,,,,,,,,,,,
DA_S37_O2,1,3.99E+00,2.25E+00,1.25E+00,2.57E+00,6.93E+00,,,,,,,,,,,,,,,,,,,,,,,,,,,,,,,,,,,
DA_S37_O2,1,4.00E+00,2.26E+00,1.31E+00,2.61E+00,6.97E+00,,,,,,,,,,,,,,,,,,,,,,,,,,,,,,,,,,,
DA_S37_O2,1,4.00E+00,2.26E+00,1.37E+00,2.64E+00,7.59E+00,,,,,,,,,,,,,,,,,,,,,,,,,,,,,,,,,,,
DA_S37_O2,1,4.01E+00,2.27E+00,1.44E+00,2.69E+00,7.71E+00,,,,,,,,,,,,,,,,,,,,,,,,,,,,,,,,,,,
DA_S37_O2,1,4.02E+00,2.28E+00,1.50E+00,2.73E+00,6.53E+00,,,,,,,,,,,,,,,,,,,,,,,,,,,,,,,,,,,
DA_S37_O2,1,4.03E+00,2.29E+00,1.55E+00,2.76E+00,7.14E+00,,,,,,,,,,,,,,,,,,,,,,,,,,,,,,,,,,,
DA_S37_O2,1,4.04E+00,2.29E+00,1.62E+00,2.81E+00,7.71E+00,,,,,,,,,,,,,,,,,,,,,,,,,,,,,,,,,,,
DA_S37_O2,1,4.05E+00,2.30E+00,1.68E+00,2.85E+00,7.82E+00,,,,,,,,,,,,,,,,,,,,,,,,,,,,,,,,,,,
DA_S37_O2,1,4.05E+00,2.32E+00,1.74E+00,2.90E+00,7.59E+00,,,,,,,,,,,,,,,,,,,,,,,,,,,,,,,,,,,
DA_S37_O2,1,4.06E+00,2.32E+00,1.80E+00,2.94E+00,7.09E+00,,,,,,,,,,,,,,,,,,,,,,,,,,,,,,,,,,,
DA_S37_O2,1,4.07E+00,2.33E+00,1.86E+00,2.98E+00,6.92E+00,,,,,,,,,,,,,,,,,,,,,,,,,,,,,,,,,,,
DA_S37_O2,1,4.08E+00,2.35E+00,1.91E+00,3.03E+00,7.38E+00,,,,,,,,,,,,,,,,,,,,,,,,,,,,,,,,,,,
DA_S37_O2,1,4.09E+00,2.35E+00,1.98E+00,3.07E+00,8.47E+00,,,,,,,,,,,,,,,,,,,,,,,,,,,,,,,,,,,
DA_S37_O2,1,4.10E+00,2.35E+00,2.06E+00,3.12E+00,8.49E+00,,,,,,,,,,,,,,,,,,,,,,,,,,,,,,,,,,,
DA_S37_O2,1,4.10E+00,2.35E+00,2.12E+00,3.17E+00,8.64E+00,,,,,,,,,,,,,,,,,,,,,,,,,,,,,,,,,,,
DA_S37_O2,1,4.11E+00,2.36E+00,2.20E+00,3.22E+00,8.96E+00,,,,,,,,,,,,,,,,,,,,,,,,,,,,,,,,,,,
DA_S37_O2,1,4.12E+00,2.37E+00,2.27E+00,3.28E+00,8.23E+00,,,,,,,,,,,,,,,,,,,,,,,,,,,,,,,,,,,
DA_S37_O2,1,4.13E+00,2.37E+00,2.34E+00,3.33E+00,8.31E+00,,,,,,,,,,,,,,,,,,,,,,,,,,,,,,,,,,,
DA_S37_O2,1,4.14E+00,2.36E+00,2.41E+00,3.38E+00,8.05E+00,,,,,,,,,,,,,,,,,,,,,,,,,,,,,,,,,,,
DA_S37_O2,1,4.15E+00,2.37E+00,2.47E+00,3.43E+00,6.90E+00,,,,,,,,,,,,,,,,,,,,,,,,,,,,,,,,,,,
DA_S37_O2,1,4.15E+00,2.37E+00,2.53E+00,3.46E+00,6.88E+00,,,,,,,,,,,,,,,,,,,,,,,,,,,,,,,,,,,
DA_S37_O2,1,4.16E+00,2.37E+00,2.58E+00,3.51E+00,6.93E+00,,,,,,,,,,,,,,,,,,,,,,,,,,,,,,,,,,,
DA_S37_O2,1,4.17E+00,2.38E+00,2.64E+00,3.55E+00,8.77E+00,,,,,,,,,,,,,,,,,,,,,,,,,,,,,,,,,,,
DA_S37_O2,1,4.18E+00,2.39E+00,2.73E+00,3.63E+00,9.05E+00,,,,,,,,,,,,,,,,,,,,,,,,,,,,,,,,,,,
DA_S37_O2,1,4.19E+00,2.40E+00,2.79E+00,3.68E+00,7.54E+00,,,,,,,,,,,,,,,,,,,,,,,,,,,,,,,,,,,
DA_S37_O2,1,4.20E+00,2.41E+00,2.85E+00,3.73E+00,8.18E+00,,,,,,,,,,,,,,,,,,,,,,,,,,,,,,,,,,,
DA_S37_O2,1,4.20E+00,2.40E+00,2.93E+00,3.79E+00,8.64E+00,,,,,,,,,,,,,,,,,,,,,,,,,,,,,,,,,,,
DA_S37_O2,1,4.21E+00,2.42E+00,3.00E+00,3.85E+00,8.32E+00,,,,,,,,,,,,,,,,,,,,,,,,,,,,,,,,,,,
DA_S37_O2,1,4.22E+00,2.42E+00,3.07E+00,3.91E+00,9.24E+00,,,,,,,,,,,,,,,,,,,,,,,,,,,,,,,,,,,
DA_S37_O2,1,4.23E+00,2.43E+00,3.15E+00,3.98E+00,8.68E+00,,,,,,,,,,,,,,,,,,,,,,,,,,,,,,,,,,,
DA_S37_O2,1,4.24E+00,2.44E+00,3.21E+00,4.03E+00,8.49E+00,,,,,,,,,,,,,,,,,,,,,,,,,,,,,,,,,,,
DA_S37_O2,1,4.25E+00,2.46E+00,3.29E+00,4.11E+00,8.15E+00,,,,,,,,,,,,,,,,,,,,,,,,,,,,,,,,,,,
DA_S37_O2,1,4.25E+00,2.46E+00,3.34E+00,4.15E+00,6.88E+00,,,,,,,,,,,,,,,,,,,,,,,,,,,,,,,,,,,
DA_S37_O2,1,4.26E+00,2.45E+00,3.41E+00,4.20E+00,7.75E+00,,,,,,,,,,,,,,,,,,,,,,,,,,,,,,,,,,,
DA_S37_O2,1,4.27E+00,2.46E+00,3.47E+00,4.26E+00,8.96E+00,,,,,,,,,,,,,,,,,,,,,,,,,,,,,,,,,,,
DA_S37_O2,1,4.28E+00,2.46E+00,3.55E+00,4.33E+00,9.21E+00,,,,,,,,,,,,,,,,,,,,,,,,,,,,,,,,,,,
DA_S37_O2,1,4.29E+00,2.47E+00,3.63E+00,4.39E+00,8.47E+00,,,,,,,,,,,,,,,,,,,,,,,,,,,,,,,,,,,
DA_S37_O2,1,4.30E+00,2.47E+00,3.70E+00,4.44E+00,8.49E+00,,,,,,,,,,,,,,,,,,,,,,,,,,,,,,,,,,,
DA_S37_O2,1,4.30E+00,2.47E+00,3.77E+00,4.51E+00,8.55E+00,,,,,,,,,,,,,,,,,,,,,,,,,,,,,,,,,,,
DA_S37_O2,1,4.31E+00,2.48E+00,3.84E+00,4.57E+00,8.88E+00,,,,,,,,,,,,,,,,,,,,,,,,,,,,,,,,,,,
DA_S37_O2,1,4.32E+00,2.50E+00,3.91E+00,4.64E+00,,,,,,,,,,,,,,,,,,,,,,,,,,,,,,,,,,,,
,,,,,,,,,,,,,,,,,,,,,,,,,,,,,,,,,,,,,,,,,
DA_S37_O2,2,6.21E+00,2.53E+00,2.48E-01,2.55E+00,,,,,,,,,,,,,,,,,,,,,,,,,,,,,,,,,,,,
DA_S37_O2,2,6.22E+00,2.54E+00,3.37E-01,2.56E+00,8.17E+00,,,,,,,,,,,,,,,,,,,,,,,,,,,,,,,,,,,
DA_S37_O2,2,6.23E+00,2.55E+00,3.84E-01,2.58E+00,6.78E+00,,,,,,,,,,,,,,,,,,,,,,,,,,,,,,,,,,,
DA_S37_O2,2,6.24E+00,2.56E+00,4.48E-01,2.60E+00,7.40E+00,,,,,,,,,,,,,,,,,,,,,,,,,,,,,,,,,,,
DA_S37_O2,2,6.25E+00,2.56E+00,5.06E-01,2.61E+00,7.36E+00,,,,,,,,,,,,,,,,,,,,,,,,,,,,,,,,,,,
DA_S37_O2,2,6.26E+00,2.57E+00,5.70E-01,2.63E+00,8.11E+00,,,,,,,,,,,,,,,,,,,,,,,,,,,,,,,,,,,
DA_S37_O2,2,6.26E+00,2.58E+00,6.41E-01,2.66E+00,8.11E+00,,,,,,,,,,,,,,,,,,,,,,,,,,,,,,,,,,,
DA_S37_O2,2,6.27E+00,2.58E+00,7.04E-01,2.68E+00,8.24E+00,,,,,,,,,,,,,,,,,,,,,,,,,,,,,,,,,,,
DA_S37_O2,2,6.28E+00,2.60E+00,7.77E-01,2.71E+00,7.96E+00,,,,,,,,,,,,,,,,,,,,,,,,,,,,,,,,,,,
DA_S37_O2,2,6.29E+00,2.61E+00,8.35E-01,2.74E+00,7.37E+00,,,,,,,,,,,,,,,,,,,,,,,,,,,,,,,,,,,
DA_S37_O2,2,6.30E+00,2.62E+00,8.97E-01,2.77E+00,6.97E+00,,,,,,,,,,,,,,,,,,,,,,,,,,,,,,,,,,,
DA_S37_O2,2,6.31E+00,2.63E+00,9.49E-01,2.80E+00,6.27E+00,,,,,,,,,,,,,,,,,,,,,,,,,,,,,,,,,,,
DA_S37_O2,2,6.31E+00,2.64E+00,1.00E+00,2.83E+00,6.63E+00,,,,,,,,,,,,,,,,,,,,,,,,,,,,,,,,,,,
DA_S37_O2,2,6.32E+00,2.65E+00,1.06E+00,2.85E+00,7.66E+00,,,,,,,,,,,,,,,,,,,,,,,,,,,,,,,,,,,
DA_S37_O2,2,6.33E+00,2.66E+00,1.13E+00,2.88E+00,7.48E+00,,,,,,,,,,,,,,,,,,,,,,,,,,,,,,,,,,,
DA_S37_O2,2,6.34E+00,2.66E+00,1.18E+00,2.91E+00,6.80E+00,,,,,,,,,,,,,,,,,,,,,,,,,,,,,,,,,,,
DA_S37_O2,2,6.35E+00,2.67E+00,1.24E+00,2.95E+00,7.09E+00,,,,,,,,,,,,,,,,,,,,,,,,,,,,,,,,,,,
DA_S37_O2,2,6.36E+00,2.69E+00,1.30E+00,2.98E+00,7.46E+00,,,,,,,,,,,,,,,,,,,,,,,,,,,,,,,,,,,
DA_S37_O2,2,6.36E+00,2.69E+00,1.36E+00,3.01E+00,8.88E+00,,,,,,,,,,,,,,,,,,,,,,,,,,,,,,,,,,,
DA_S37_O2,2,6.37E+00,2.70E+00,1.45E+00,3.06E+00,5.89E+00,,,,,,,,,,,,,,,,,,,,,,,,,,,,,,,,,,,
DA_S37_O2,2,6.38E+00,2.69E+00,1.46E+00,3.06E+00,6.46E+00,,,,,,,,,,,,,,,,,,,,,,,,,,,,,,,,,,,
DA_S37_O2,2,6.39E+00,2.70E+00,1.55E+00,3.12E+00,8.88E+00,,,,,,,,,,,,,,,,,,,,,,,,,,,,,,,,,,,
DA_S37_O2,2,6.40E+00,2.70E+00,1.61E+00,3.15E+00,7.50E+00,,,,,,,,,,,,,,,,,,,,,,,,,,,,,,,,,,,
DA_S37_O2,2,6.41E+00,2.71E+00,1.68E+00,3.19E+00,8.17E+00,,,,,,,,,,,,,,,,,,,,,,,,,,,,,,,,,,,
DA_S37_O2,2,6.41E+00,2.72E+00,1.74E+00,3.23E+00,7.12E+00,,,,,,,,,,,,,,,,,,,,,,,,,,,,,,,,,,,
DA_S37_O2,2,6.42E+00,2.73E+00,1.80E+00,3.26E+00,7.56E+00,,,,,,,,,,,,,,,,,,,,,,,,,,,,,,,,,,,
DA_S37_O2,2,6.43E+00,2.73E+00,1.87E+00,3.31E+00,8.11E+00,,,,,,,,,,,,,,,,,,,,,,,,,,,,,,,,,,,
DA_S37_O2,2,6.44E+00,2.73E+00,1.93E+00,3.34E+00,6.81E+00,,,,,,,,,,,,,,,,,,,,,,,,,,,,,,,,,,,
DA_S37_O2,2,6.45E+00,2.73E+00,1.98E+00,3.38E+00,6.98E+00,,,,,,,,,,,,,,,,,,,,,,,,,,,,,,,,,,,
DA_S37_O2,2,6.46E+00,2.74E+00,2.05E+00,3.42E+00,7.62E+00,,,,,,,,,,,,,,,,,,,,,,,,,,,,,,,,,,,
DA_S37_O2,2,6.46E+00,2.75E+00,2.11E+00,3.47E+00,7.18E+00,,,,,,,,,,,,,,,,,,,,,,,,,,,,,,,,,,,
DA_S37_O2,2,6.47E+00,2.75E+00,2.17E+00,3.50E+00,7.47E+00,,,,,,,,,,,,,,,,,,,,,,,,,,,,,,,,,,,
DA_S37_O2,2,6.48E+00,2.75E+00,2.23E+00,3.54E+00,7.74E+00,,,,,,,,,,,,,,,,,,,,,,,,,,,,,,,,,,,
DA_S37_O2,2,6.49E+00,2.76E+00,2.29E+00,3.59E+00,1.04E+01,,,,,,,,,,,,,,,,,,,,,,,,,,,,,,,,,,,
DA_S37_O2,2,6.50E+00,2.78E+00,2.41E+00,3.68E+00,1.05E+01,,,,,,,,,,,,,,,,,,,,,,,,,,,,,,,,,,,
DA_S37_O2,2,6.51E+00,2.77E+00,2.47E+00,3.71E+00,6.89E+00,,,,,,,,,,,,,,,,,,,,,,,,,,,,,,,,,,,
DA_S37_O2,2,6.51E+00,2.77E+00,2.52E+00,3.74E+00,6.03E+00,,,,,,,,,,,,,,,,,,,,,,,,,,,,,,,,,,,
DA_S37_O2,2,6.52E+00,2.77E+00,2.57E+00,3.78E+00,7.17E+00,,,,,,,,,,,,,,,,,,,,,,,,,,,,,,,,,,,
DA_S37_O2,2,6.53E+00,2.77E+00,2.64E+00,3.82E+00,1.32E+01,,,,,,,,,,,,,,,,,,,,,,,,,,,,,,,,,,,
DA_S37_O2,2,6.54E+00,2.81E+00,2.79E+00,3.96E+00,1.45E+01,,,,,,,,,,,,,,,,,,,,,,,,,,,,,,,,,,,
DA_S37_O2,2,6.55E+00,2.82E+00,2.88E+00,4.03E+00,9.73E+00,,,,,,,,,,,,,,,,,,,,,,,,,,,,,,,,,,,
DA_S37_O2,2,6.56E+00,2.83E+00,2.95E+00,4.09E+00,8.39E+00,,,,,,,,,,,,,,,,,,,,,,,,,,,,,,,,,,,
DA_S37_O2,2,6.56E+00,2.83E+00,3.02E+00,4.14E+00,8.46E+00,,,,,,,,,,,,,,,,,,,,,,,,,,,,,,,,,,,
DA_S37_O2,2,6.57E+00,2.83E+00,3.09E+00,4.19E+00,,,,,,,,,,,,,,,,,,,,,,,,,,,,,,,,,,,,
,,,,,,,,,,,,,,,,,,,,,,,,,,,,,,,,,,,,,,,,,
DA_S37_O2,3,0.00E+00,2.55E+00,2.13E+00,3.32E+00,,,,,,,,,,,,,,,,,,,,,,,,,,,,,,,,,,,,
DA_S37_O2,3,8.34E-03,2.54E+00,2.23E+00,3.38E+00,1.00E+01,,,,,,,,,,,,,,,,,,,,,,,,,,,,,,,,,,,
DA_S37_O2,3,1.67E-02,2.55E+00,2.30E+00,3.43E+00,8.87E+00,,,,,,,,,,,,,,,,,,,,,,,,,,,,,,,,,,,
DA_S37_O2,3,2.50E-02,2.56E+00,2.38E+00,3.49E+00,9.50E+00,,,,,,,,,,,,,,,,,,,,,,,,,,,,,,,,,,,
DA_S37_O2,3,3.34E-02,2.55E+00,2.45E+00,3.54E+00,8.06E+00,,,,,,,,,,,,,,,,,,,,,,,,,,,,,,,,,,,
DA_S37_O2,3,4.17E-02,2.57E+00,2.51E+00,3.60E+00,7.03E+00,,,,,,,,,,,,,,,,,,,,,,,,,,,,,,,,,,,
DA_S37_O2,3,5.01E-02,2.58E+00,2.57E+00,3.64E+00,9.15E+00,,,,,,,,,,,,,,,,,,,,,,,,,,,,,,,,,,,
DA_S37_O2,3,5.84E-02,2.60E+00,2.66E+00,3.72E+00,1.22E+01,,,,,,,,,,,,,,,,,,,,,,,,,,,,,,,,,,,
DA_S37_O2,3,6.67E-02,2.62E+00,2.77E+00,3.81E+00,1.13E+01,,,,,,,,,,,,,,,,,,,,,,,,,,,,,,,,,,,
DA_S37_O2,3,7.51E-02,2.61E+00,2.85E+00,3.86E+00,9.86E+00,,,,,,,,,,,,,,,,,,,,,,,,,,,,,,,,,,,
DA_S37_O2,3,8.34E-02,2.61E+00,2.93E+00,3.93E+00,1.03E+01,,,,,,,,,,,,,,,,,,,,,,,,,,,,,,,,,,,
DA_S37_O2,3,9.18E-02,2.60E+00,3.02E+00,3.99E+00,9.78E+00,,,,,,,,,,,,,,,,,,,,,,,,,,,,,,,,,,,
DA_S37_O2,3,1.00E-01,2.59E+00,3.09E+00,4.03E+00,7.01E+00,,,,,,,,,,,,,,,,,,,,,,,,,,,,,,,,,,,
DA_S37_O2,3,1.08E-01,2.61E+00,3.14E+00,4.08E+00,6.47E+00,,,,,,,,,,,,,,,,,,,,,,,,,,,,,,,,,,,
DA_S37_O2,3,1.17E-01,2.61E+00,3.20E+00,4.13E+00,6.72E+00,,,,,,,,,,,,,,,,,,,,,,,,,,,,,,,,,,,
DA_S37_O2,3,1.25E-01,2.62E+00,3.25E+00,4.17E+00,6.72E+00,,,,,,,,,,,,,,,,,,,,,,,,,,,,,,,,,,,
DA_S37_O2,3,1.33E-01,2.62E+00,3.31E+00,4.22E+00,1.03E+01,,,,,,,,,,,,,,,,,,,,,,,,,,,,,,,,,,,
DA_S37_O2,3,1.42E-01,2.62E+00,3.42E+00,4.31E+00,9.39E+00,,,,,,,,,,,,,,,,,,,,,,,,,,,,,,,,,,,
DA_S37_O2,3,1.50E-01,2.61E+00,3.46E+00,4.34E+00,6.39E+00,,,,,,,,,,,,,,,,,,,,,,,,,,,,,,,,,,,
DA_S37_O2,3,1.58E-01,2.60E+00,3.53E+00,4.38E+00,8.09E+00,,,,,,,,,,,,,,,,,,,,,,,,,,,,,,,,,,,
DA_S37_O2,3,1.67E-01,2.57E+00,3.59E+00,4.42E+00,6.39E+00,,,,,,,,,,,,,,,,,,,,,,,,,,,,,,,,,,,
DA_S37_O2,3,1.75E-01,2.59E+00,3.63E+00,4.46E+00,5.54E+00,,,,,,,,,,,,,,,,,,,,,,,,,,,,,,,,,,,
DA_S37_O2,3,1.84E-01,2.61E+00,3.68E+00,4.51E+00,6.72E+00,,,,,,,,,,,,,,,,,,,,,,,,,,,,,,,,,,,
DA_S37_O2,3,1.92E-01,2.60E+00,3.74E+00,4.56E+00,7.84E+00,,,,,,,,,,,,,,,,,,,,,,,,,,,,,,,,,,,
DA_S37_O2,3,2.00E-01,2.61E+00,3.81E+00,4.62E+00,8.06E+00,,,,,,,,,,,,,,,,,,,,,,,,,,,,,,,,,,,
DA_S37_O2,3,2.09E-01,2.62E+00,3.88E+00,4.68E+00,6.85E+00,,,,,,,,,,,,,,,,,,,,,,,,,,,,,,,,,,,
DA_S37_O2,3,2.17E-01,2.60E+00,3.93E+00,4.71E+00,7.53E+00,,,,,,,,,,,,,,,,,,,,,,,,,,,,,,,,,,,
DA_S37_O2,3,2.25E-01,2.63E+00,4.00E+00,4.79E+00,8.37E+00,,,,,,,,,,,,,,,,,,,,,,,,,,,,,,,,,,,
DA_S37_O2,3,2.34E-01,2.63E+00,4.06E+00,4.84E+00,7.53E+00,,,,,,,,,,,,,,,,,,,,,,,,,,,,,,,,,,,
DA_S37_O2,3,2.42E-01,2.64E+00,4.13E+00,4.90E+00,8.67E+00,,,,,,,,,,,,,,,,,,,,,,,,,,,,,,,,,,,
DA_S37_O2,3,2.50E-01,2.63E+00,4.21E+00,4.96E+00,1.00E+01,,,,,,,,,,,,,,,,,,,,,,,,,,,,,,,,,,,
DA_S37_O2,3,2.59E-01,2.64E+00,4.30E+00,5.04E+00,8.37E+00,,,,,,,,,,,,,,,,,,,,,,,,,,,,,,,,,,,
DA_S37_O2,3,2.67E-01,2.66E+00,4.34E+00,5.09E+00,6.27E+00,,,,,,,,,,,,,,,,,,,,,,,,,,,,,,,,,,,
DA_S37_O2,3,2.75E-01,2.67E+00,4.40E+00,5.14E+00,5.92E+00,,,,,,,,,,,,,,,,,,,,,,,,,,,,,,,,,,,
DA_S37_O2,3,2.84E-01,2.68E+00,4.44E+00,5.19E+00,6.72E+00,,,,,,,,,,,,,,,,,,,,,,,,,,,,,,,,,,,
DA_S37_O2,3,2.92E-01,2.69E+00,4.51E+00,5.25E+00,7.81E+00,,,,,,,,,,,,,,,,,,,,,,,,,,,,,,,,,,,
DA_S37_O2,3,3.00E-01,2.70E+00,4.57E+00,5.31E+00,8.02E+00,,,,,,,,,,,,,,,,,,,,,,,,,,,,,,,,,,,
DA_S37_O2,3,3.09E-01,2.74E+00,4.63E+00,5.38E+00,7.90E+00,,,,,,,,,,,,,,,,,,,,,,,,,,,,,,,,,,,
DA_S37_O2,3,3.17E-01,2.76E+00,4.69E+00,5.44E+00,7.43E+00,,,,,,,,,,,,,,,,,,,,,,,,,,,,,,,,,,,
DA_S37_O2,3,3.25E-01,2.78E+00,4.75E+00,5.50E+00,7.43E+00,,,,,,,,,,,,,,,,,,,,,,,,,,,,,,,,,,,
DA_S37_O2,3,3.34E-01,2.80E+00,4.80E+00,5.56E+00,9.09E+00,,,,,,,,,,,,,,,,,,,,,,,,,,,,,,,,,,,
DA_S37_O2,3,3.42E-01,2.84E+00,4.88E+00,5.65E+00,9.09E+00,,,,,,,,,,,,,,,,,,,,,,,,,,,,,,,,,,,
DA_S37_O2,3,3.50E-01,2.87E+00,4.94E+00,5.71E+00,7.31E+00,,,,,,,,,,,,,,,,,,,,,,,,,,,,,,,,,,,
DA_S37_O2,3,3.59E-01,2.89E+00,5.00E+00,5.77E+00,7.43E+00,,,,,,,,,,,,,,,,,,,,,,,,,,,,,,,,,,,
DA_S37_O2,3,3.67E-01,2.91E+00,5.06E+00,5.83E+00,8.17E+00,,,,,,,,,,,,,,,,,,,,,,,,,,,,,,,,,,,
DA_S37_O2,3,3.75E-01,2.93E+00,5.13E+00,5.91E+00,9.33E+00,,,,,,,,,,,,,,,,,,,,,,,,,,,,,,,,,,,
DA_S37_O2,3,3.84E-01,2.96E+00,5.20E+00,5.99E+00,,,,,,,,,,,,,,,,,,,,,,,,,,,,,,,,,,,,
,,,,,,,,,,,,,,,,,,,,,,,,,,,,,,,,,,,,,,,,,
DA_S37_O2,4,1.40E+01,2.07E+00,2.76E+00,3.45E+00,,,,,,,,,,,,,,,,,,,,,,,,,,,,,,,,,,,,
DA_S37_O2,4,1.40E+01,2.11E+00,2.82E+00,3.52E+00,1.03E+01,,,,,,,,,,,,,,,,,,,,,,,,,,,,,,,,,,,
DA_S37_O2,4,1.40E+01,2.15E+00,2.92E+00,3.62E+00,1.25E+01,,,,,,,,,,,,,,,,,,,,,,,,,,,,,,,,,,,
DA_S37_O2,4,1.40E+01,2.17E+00,3.02E+00,3.72E+00,1.18E+01,,,,,,,,,,,,,,,,,,,,,,,,,,,,,,,,,,,
DA_S37_O2,4,1.40E+01,2.18E+00,3.11E+00,3.80E+00,1.02E+01,,,,,,,,,,,,,,,,,,,,,,,,,,,,,,,,,,,
DA_S37_O2,4,1.41E+01,2.18E+00,3.19E+00,3.87E+00,9.17E+00,,,,,,,,,,,,,,,,,,,,,,,,,,,,,,,,,,,
DA_S37_O2,4,1.41E+01,2.18E+00,3.26E+00,3.93E+00,9.41E+00,,,,,,,,,,,,,,,,,,,,,,,,,,,,,,,,,,,
DA_S37_O2,4,1.41E+01,2.20E+00,3.35E+00,4.01E+00,9.15E+00,,,,,,,,,,,,,,,,,,,,,,,,,,,,,,,,,,,
DA_S37_O2,4,1.41E+01,2.21E+00,3.41E+00,4.07E+00,8.87E+00,,,,,,,,,,,,,,,,,,,,,,,,,,,,,,,,,,,
DA_S37_O2,4,1.41E+01,2.22E+00,3.49E+00,4.14E+00,8.87E+00,,,,,,,,,,,,,,,,,,,,,,,,,,,,,,,,,,,
DA_S37_O2,4,1.41E+01,2.23E+00,3.56E+00,4.20E+00,7.81E+00,,,,,,,,,,,,,,,,,,,,,,,,,,,,,,,,,,,
DA_S37_O2,4,1.41E+01,2.24E+00,3.62E+00,4.26E+00,6.72E+00,,,,,,,,,,,,,,,,,,,,,,,,,,,,,,,,,,,
DA_S37_O2,4,1.41E+01,2.24E+00,3.67E+00,4.30E+00,8.54E+00,,,,,,,,,,,,,,,,,,,,,,,,,,,,,,,,,,,
DA_S37_O2,4,1.41E+01,2.23E+00,3.76E+00,4.37E+00,1.00E+01,,,,,,,,,,,,,,,,,,,,,,,,,,,,,,,,,,,
DA_S37_O2,4,1.41E+01,2.24E+00,3.84E+00,4.45E+00,9.15E+00,,,,,,,,,,,,,,,,,,,,,,,,,,,,,,,,,,,
DA_S37_O2,4,1.41E+01,2.26E+00,3.91E+00,4.52E+00,8.67E+00,,,,,,,,,,,,,,,,,,,,,,,,,,,,,,,,,,,
DA_S37_O2,4,1.41E+01,2.24E+00,3.98E+00,4.57E+00,8.17E+00,,,,,,,,,,,,,,,,,,,,,,,,,,,,,,,,,,,
DA_S37_O2,4,1.42E+01,2.25E+00,4.05E+00,4.63E+00,8.67E+00,,,,,,,,,,,,,,,,,,,,,,,,,,,,,,,,,,,
DA_S37_O2,4,1.42E+01,2.24E+00,4.13E+00,4.70E+00,9.01E+00,,,,,,,,,,,,,,,,,,,,,,,,,,,,,,,,,,,
DA_S37_O2,4,1.42E+01,2.24E+00,4.20E+00,4.76E+00,7.24E+00,,,,,,,,,,,,,,,,,,,,,,,,,,,,,,,,,,,
DA_S37_O2,4,1.42E+01,2.23E+00,4.25E+00,4.80E+00,7.70E+00,,,,,,,,,,,,,,,,,,,,,,,,,,,,,,,,,,,
DA_S37_O2,4,1.42E+01,2.23E+00,4.33E+00,4.87E+00,9.17E+00,,,,,,,,,,,,,,,,,,,,,,,,,,,,,,,,,,,
DA_S37_O2,4,1.42E+01,2.23E+00,4.40E+00,4.93E+00,8.67E+00,,,,,,,,,,,,,,,,,,,,,,,,,,,,,,,,,,,
DA_S37_O2,4,1.42E+01,2.23E+00,4.47E+00,5.00E+00,8.54E+00,,,,,,,,,,,,,,,,,,,,,,,,,,,,,,,,,,,
DA_S37_O2,4,1.42E+01,2.22E+00,4.54E+00,5.06E+00,8.50E+00,,,,,,,,,,,,,,,,,,,,,,,,,,,,,,,,,,,
DA_S37_O2,4,1.42E+01,2.20E+00,4.61E+00,5.11E+00,1.03E+01,,,,,,,,,,,,,,,,,,,,,,,,,,,,,,,,,,,
DA_S37_O2,4,1.42E+01,2.21E+00,4.72E+00,5.21E+00,8.67E+00,,,,,,,,,,,,,,,,,,,,,,,,,,,,,,,,,,,
DA_S37_O2,4,1.42E+01,2.20E+00,4.76E+00,5.24E+00,7.70E+00,,,,,,,,,,,,,,,,,,,,,,,,,,,,,,,,,,,
DA_S37_O2,4,1.42E+01,2.20E+00,4.84E+00,5.32E+00,1.03E+01,,,,,,,,,,,,,,,,,,,,,,,,,,,,,,,,,,,
DA_S37_O2,4,1.43E+01,2.20E+00,4.93E+00,5.40E+00,7.03E+00,,,,,,,,,,,,,,,,,,,,,,,,,,,,,,,,,,,
DA_S37_O2,4,1.43E+01,2.23E+00,4.96E+00,5.44E+00,7.01E+00,,,,,,,,,,,,,,,,,,,,,,,,,,,,,,,,,,,
DA_S37_O2,4,1.43E+01,2.20E+00,5.05E+00,5.51E+00,1.12E+01,,,,,,,,,,,,,,,,,,,,,,,,,,,,,,,,,,,
DA_S37_O2,4,1.43E+01,2.22E+00,5.14E+00,5.60E+00,1.13E+01,,,,,,,,,,,,,,,,,,,,,,,,,,,,,,,,,,,
DA_S37_O2,4,1.43E+01,2.21E+00,5.24E+00,5.68E+00,1.12E+01,,,,,,,,,,,,,,,,,,,,,,,,,,,,,,,,,,,
DA_S37_O2,4,1.43E+01,2.21E+00,5.33E+00,5.77E+00,1.02E+01,,,,,,,,,,,,,,,,,,,,,,,,,,,,,,,,,,,
DA_S37_O2,4,1.43E+01,2.23E+00,5.40E+00,5.85E+00,9.41E+00,,,,,,,,,,,,,,,,,,,,,,,,,,,,,,,,,,,
DA_S37_O2,4,1.43E+01,2.23E+00,5.49E+00,5.92E+00,1.00E+01,,,,,,,,,,,,,,,,,,,,,,,,,,,,,,,,,,,
DA_S37_O2,4,1.43E+01,2.23E+00,5.57E+00,6.00E+00,1.48E+01,,,,,,,,,,,,,,,,,,,,,,,,,,,,,,,,,,,
DA_S37_O2,4,1.43E+01,2.26E+00,5.73E+00,6.16E+00,1.22E+01,,,,,,,,,,,,,,,,,,,,,,,,,,,,,,,,,,,
DA_S37_O2,4,1.43E+01,2.28E+00,5.77E+00,6.20E+00,,,,,,,,,,,,,,,,,,,,,,,,,,,,,,,,,,,,
,,,,,,,,,,,,,,,,,,,,,,,,,,,,,,,,,,,,,,,,,
DA_S37_O3,1,1.08E+00,2.71E+00,8.93E-01,2.86E+00,,,,,,,,,,,,,,,,,,,,,,,,,,,,,,,,,,,,
DA_S37_O3,1,1.09E+00,2.72E+00,9.69E-01,2.89E+00,1.07E+01,,,,,,,,,,,,,,,,,,,,,,,,,,,,,,,,,,,
DA_S37_O3,1,1.10E+00,2.75E+00,1.07E+00,2.95E+00,1.22E+01,,,,,,,,,,,,,,,,,,,,,,,,,,,,,,,,,,,
DA_S37_O3,1,1.11E+00,2.79E+00,1.16E+00,3.02E+00,1.19E+01,,,,,,,,,,,,,,,,,,,,,,,,,,,,,,,,,,,
DA_S37_O3,1,1.12E+00,2.85E+00,1.24E+00,3.11E+00,1.18E+01,,,,,,,,,,,,,,,,,,,,,,,,,,,,,,,,,,,
DA_S37_O3,1,1.13E+00,2.89E+00,1.33E+00,3.18E+00,1.21E+01,,,,,,,,,,,,,,,,,,,,,,,,,,,,,,,,,,,
DA_S37_O3,1,1.13E+00,2.95E+00,1.42E+00,3.27E+00,1.30E+01,,,,,,,,,,,,,,,,,,,,,,,,,,,,,,,,,,,
DA_S37_O3,1,1.14E+00,2.98E+00,1.53E+00,3.35E+00,1.39E+01,,,,,,,,,,,,,,,,,,,,,,,,,,,,,,,,,,,
DA_S37_O3,1,1.15E+00,3.02E+00,1.64E+00,3.44E+00,1.43E+01,,,,,,,,,,,,,,,,,,,,,,,,,,,,,,,,,,,
DA_S37_O3,1,1.16E+00,3.06E+00,1.75E+00,3.53E+00,1.41E+01,,,,,,,,,,,,,,,,,,,,,,,,,,,,,,,,,,,
DA_S37_O3,1,1.17E+00,3.10E+00,1.86E+00,3.61E+00,1.49E+01,,,,,,,,,,,,,,,,,,,,,,,,,,,,,,,,,,,
DA_S37_O3,1,1.18E+00,3.12E+00,1.99E+00,3.70E+00,1.67E+01,,,,,,,,,,,,,,,,,,,,,,,,,,,,,,,,,,,
DA_S37_O3,1,1.18E+00,3.14E+00,2.14E+00,3.79E+00,1.83E+01,,,,,,,,,,,,,,,,,,,,,,,,,,,,,,,,,,,
DA_S37_O3,1,1.19E+00,3.17E+00,2.29E+00,3.91E+00,1.76E+01,,,,,,,,,,,,,,,,,,,,,,,,,,,,,,,,,,,
DA_S37_O3,1,1.20E+00,3.18E+00,2.43E+00,4.00E+00,1.53E+01,,,,,,,,,,,,,,,,,,,,,,,,,,,,,,,,,,,
DA_S37_O3,1,1.21E+00,3.19E+00,2.55E+00,4.09E+00,1.45E+01,,,,,,,,,,,,,,,,,,,,,,,,,,,,,,,,,,,
DA_S37_O3,1,1.22E+00,3.23E+00,2.66E+00,4.19E+00,1.45E+01,,,,,,,,,,,,,,,,,,,,,,,,,,,,,,,,,,,
DA_S37_O3,1,1.23E+00,3.25E+00,2.79E+00,4.28E+00,1.59E+01,,,,,,,,,,,,,,,,,,,,,,,,,,,,,,,,,,,
DA_S37_O3,1,1.23E+00,3.26E+00,2.93E+00,4.38E+00,1.45E+01,,,,,,,,,,,,,,,,,,,,,,,,,,,,,,,,,,,
DA_S37_O3,1,1.24E+00,3.28E+00,3.03E+00,4.46E+00,1.45E+01,,,,,,,,,,,,,,,,,,,,,,,,,,,,,,,,,,,
DA_S37_O3,1,1.25E+00,3.32E+00,3.16E+00,4.58E+00,1.51E+01,,,,,,,,,,,,,,,,,,,,,,,,,,,,,,,,,,,
DA_S37_O3,1,1.26E+00,3.33E+00,3.27E+00,4.67E+00,1.16E+01,,,,,,,,,,,,,,,,,,,,,,,,,,,,,,,,,,,
DA_S37_O3,1,1.27E+00,3.36E+00,3.35E+00,4.74E+00,1.16E+01,,,,,,,,,,,,,,,,,,,,,,,,,,,,,,,,,,,
DA_S37_O3,1,1.28E+00,3.38E+00,3.46E+00,4.84E+00,1.24E+01,,,,,,,,,,,,,,,,,,,,,,,,,,,,,,,,,,,
DA_S37_O3,1,1.28E+00,3.39E+00,3.55E+00,4.91E+00,1.17E+01,,,,,,,,,,,,,,,,,,,,,,,,,,,,,,,,,,,
DA_S37_O3,1,1.29E+00,3.41E+00,3.65E+00,5.00E+00,1.28E+01,,,,,,,,,,,,,,,,,,,,,,,,,,,,,,,,,,,
DA_S37_O3,1,1.30E+00,3.45E+00,3.76E+00,5.10E+00,1.25E+01,,,,,,,,,,,,,,,,,,,,,,,,,,,,,,,,,,,
DA_S37_O3,1,1.31E+00,3.46E+00,3.85E+00,5.18E+00,1.09E+01,,,,,,,,,,,,,,,,,,,,,,,,,,,,,,,,,,,
DA_S37_O3,1,1.32E+00,3.48E+00,3.94E+00,5.26E+00,,,,,,,,,,,,,,,,,,,,,,,,,,,,,,,,,,,,
,,,,,,,,,,,,,,,,,,,,,,,,,,,,,,,,,,,,,,,,,
DA_S37_O3,2,2.29E+00,2.52E+00,7.74E-01,2.63E+00,,,,,,,,,,,,,,,,,,,,,,,,,,,,,,,,,,,,
DA_S37_O3,2,2.30E+00,2.52E+00,8.30E-01,2.66E+00,7.96E+00,,,,,,,,,,,,,,,,,,,,,,,,,,,,,,,,,,,
DA_S37_O3,2,2.31E+00,2.53E+00,9.06E-01,2.69E+00,9.69E+00,,,,,,,,,,,,,,,,,,,,,,,,,,,,,,,,,,,
DA_S37_O3,2,2.32E+00,2.53E+00,9.91E-01,2.72E+00,1.09E+01,,,,,,,,,,,,,,,,,,,,,,,,,,,,,,,,,,,
DA_S37_O3,2,2.33E+00,2.53E+00,1.09E+00,2.75E+00,1.13E+01,,,,,,,,,,,,,,,,,,,,,,,,,,,,,,,,,,,
DA_S37_O3,2,2.34E+00,2.54E+00,1.18E+00,2.80E+00,1.13E+01,,,,,,,,,,,,,,,,,,,,,,,,,,,,,,,,,,,
DA_S37_O3,2,2.34E+00,2.55E+00,1.28E+00,2.85E+00,1.25E+01,,,,,,,,,,,,,,,,,,,,,,,,,,,,,,,,,,,
DA_S37_O3,2,2.35E+00,2.55E+00,1.39E+00,2.90E+00,1.30E+01,,,,,,,,,,,,,,,,,,,,,,,,,,,,,,,,,,,
DA_S37_O3,2,2.36E+00,2.55E+00,1.49E+00,2.95E+00,1.21E+01,,,,,,,,,,,,,,,,,,,,,,,,,,,,,,,,,,,
DA_S37_O3,2,2.37E+00,2.55E+00,1.59E+00,3.01E+00,1.27E+01,,,,,,,,,,,,,,,,,,,,,,,,,,,,,,,,,,,
DA_S37_O3,2,2.38E+00,2.55E+00,1.70E+00,3.07E+00,1.35E+01,,,,,,,,,,,,,,,,,,,,,,,,,,,,,,,,,,,
DA_S37_O3,2,2.39E+00,2.54E+00,1.81E+00,3.12E+00,1.26E+01,,,,,,,,,,,,,,,,,,,,,,,,,,,,,,,,,,,
DA_S37_O3,2,2.39E+00,2.54E+00,1.91E+00,3.18E+00,1.29E+01,,,,,,,,,,,,,,,,,,,,,,,,,,,,,,,,,,,
DA_S37_O3,2,2.40E+00,2.53E+00,2.03E+00,3.24E+00,1.41E+01,,,,,,,,,,,,,,,,,,,,,,,,,,,,,,,,,,,
DA_S37_O3,2,2.41E+00,2.51E+00,2.15E+00,3.31E+00,1.44E+01,,,,,,,,,,,,,,,,,,,,,,,,,,,,,,,,,,,
DA_S37_O3,2,2.42E+00,2.51E+00,2.27E+00,3.39E+00,1.48E+01,,,,,,,,,,,,,,,,,,,,,,,,,,,,,,,,,,,
DA_S37_O3,2,2.43E+00,2.51E+00,2.39E+00,3.47E+00,1.48E+01,,,,,,,,,,,,,,,,,,,,,,,,,,,,,,,,,,,
DA_S37_O3,2,2.44E+00,2.51E+00,2.52E+00,3.55E+00,1.48E+01,,,,,,,,,,,,,,,,,,,,,,,,,,,,,,,,,,,
DA_S37_O3,2,2.44E+00,2.51E+00,2.64E+00,3.64E+00,1.45E+01,,,,,,,,,,,,,,,,,,,,,,,,,,,,,,,,,,,
DA_S37_O3,2,2.45E+00,2.51E+00,2.76E+00,3.73E+00,1.42E+01,,,,,,,,,,,,,,,,,,,,,,,,,,,,,,,,,,,
DA_S37_O3,2,2.46E+00,2.51E+00,2.88E+00,3.82E+00,1.48E+01,,,,,,,,,,,,,,,,,,,,,,,,,,,,,,,,,,,
DA_S37_O3,2,2.47E+00,2.50E+00,3.00E+00,3.91E+00,1.54E+01,,,,,,,,,,,,,,,,,,,,,,,,,,,,,,,,,,,
DA_S37_O3,2,2.48E+00,2.51E+00,3.13E+00,4.01E+00,1.52E+01,,,,,,,,,,,,,,,,,,,,,,,,,,,,,,,,,,,
DA_S37_O3,2,2.49E+00,2.52E+00,3.26E+00,4.12E+00,1.65E+01,,,,,,,,,,,,,,,,,,,,,,,,,,,,,,,,,,,
DA_S37_O3,2,2.49E+00,2.53E+00,3.41E+00,4.24E+00,,,,,,,,,,,,,,,,,,,,,,,,,,,,,,,,,,,,
,,,,,,,,,,,,,,,,,,,,,,,,,,,,,,,,,,,,,,,,,
DA_S37_O3,3,3.65E+00,2.27E+00,1.15E+00,2.55E+00,,,,,,,,,,,,,,,,,,,,,,,,,,,,,,,,,,,,
DA_S37_O3,3,3.66E+00,2.27E+00,1.24E+00,2.59E+00,1.11E+01,,,,,,,,,,,,,,,,,,,,,,,,,,,,,,,,,,,
DA_S37_O3,3,3.67E+00,2.26E+00,1.34E+00,2.63E+00,1.17E+01,,,,,,,,,,,,,,,,,,,,,,,,,,,,,,,,,,,
DA_S37_O3,3,3.68E+00,2.26E+00,1.43E+00,2.68E+00,1.15E+01,,,,,,,,,,,,,,,,,,,,,,,,,,,,,,,,,,,
DA_S37_O3,3,3.69E+00,2.27E+00,1.53E+00,2.73E+00,1.12E+01,,,,,,,,,,,,,,,,,,,,,,,,,,,,,,,,,,,
DA_S37_O3,3,3.70E+00,2.27E+00,1.62E+00,2.79E+00,9.94E+00,,,,,,,,,,,,,,,,,,,,,,,,,,,,,,,,,,,
DA_S37_O3,3,3.70E+00,2.26E+00,1.70E+00,2.83E+00,9.62E+00,,,,,,,,,,,,,,,,,,,,,,,,,,,,,,,,,,,
DA_S37_O3,3,3.71E+00,2.26E+00,1.78E+00,2.88E+00,9.96E+00,,,,,,,,,,,,,,,,,,,,,,,,,,,,,,,,,,,
DA_S37_O3,3,3.72E+00,2.26E+00,1.86E+00,2.93E+00,1.02E+01,,,,,,,,,,,,,,,,,,,,,,,,,,,,,,,,,,,
DA_S37_O3,3,3.73E+00,2.25E+00,1.95E+00,2.98E+00,1.14E+01,,,,,,,,,,,,,,,,,,,,,,,,,,,,,,,,,,,
DA_S37_O3,3,3.74E+00,2.24E+00,2.05E+00,3.04E+00,1.14E+01,,,,,,,,,,,,,,,,,,,,,,,,,,,,,,,,,,,
DA_S37_O3,3,3.75E+00,2.24E+00,2.14E+00,3.10E+00,1.14E+01,,,,,,,,,,,,,,,,,,,,,,,,,,,,,,,,,,,
DA_S37_O3,3,3.75E+00,2.23E+00,2.24E+00,3.17E+00,1.26E+01,,,,,,,,,,,,,,,,,,,,,,,,,,,,,,,,,,,
DA_S37_O3,3,3.76E+00,2.22E+00,2.35E+00,3.23E+00,1.35E+01,,,,,,,,,,,,,,,,,,,,,,,,,,,,,,,,,,,
DA_S37_O3,3,3.77E+00,2.21E+00,2.47E+00,3.31E+00,1.38E+01,,,,,,,,,,,,,,,,,,,,,,,,,,,,,,,,,,,
DA_S37_O3,3,3.78E+00,2.19E+00,2.58E+00,3.38E+00,1.30E+01,,,,,,,,,,,,,,,,,,,,,,,,,,,,,,,,,,,
DA_S37_O3,3,3.79E+00,2.17E+00,2.68E+00,3.45E+00,1.38E+01,,,,,,,,,,,,,,,,,,,,,,,,,,,,,,,,,,,
DA_S37_O3,3,3.80E+00,2.16E+00,2.81E+00,3.54E+00,1.47E+01,,,,,,,,,,,,,,,,,,,,,,,,,,,,,,,,,,,
DA_S37_O3,3,3.80E+00,2.14E+00,2.92E+00,3.62E+00,1.32E+01,,,,,,,,,,,,,,,,,,,,,,,,,,,,,,,,,,,
DA_S37_O3,3,3.81E+00,2.14E+00,3.03E+00,3.71E+00,1.17E+01,,,,,,,,,,,,,,,,,,,,,,,,,,,,,,,,,,,
DA_S37_O3,3,3.82E+00,2.13E+00,3.12E+00,3.78E+00,1.26E+01,,,,,,,,,,,,,,,,,,,,,,,,,,,,,,,,,,,
DA_S37_O3,3,3.83E+00,2.12E+00,3.24E+00,3.87E+00,1.30E+01,,,,,,,,,,,,,,,,,,,,,,,,,,,,,,,,,,,
DA_S37_O3,3,3.84E+00,2.14E+00,3.34E+00,3.96E+00,1.39E+01,,,,,,,,,,,,,,,,,,,,,,,,,,,,,,,,,,,
DA_S37_O3,3,3.85E+00,2.12E+00,3.47E+00,4.07E+00,1.48E+01,,,,,,,,,,,,,,,,,,,,,,,,,,,,,,,,,,,
DA_S37_O3,3,3.85E+00,2.14E+00,3.58E+00,4.17E+00,1.33E+01,,,,,,,,,,,,,,,,,,,,,,,,,,,,,,,,,,,
DA_S37_O3,3,3.86E+00,2.15E+00,3.69E+00,4.27E+00,1.16E+01,,,,,,,,,,,,,,,,,,,,,,,,,,,,,,,,,,,
DA_S37_O3,3,3.87E+00,2.15E+00,3.78E+00,4.35E+00,1.07E+01,,,,,,,,,,,,,,,,,,,,,,,,,,,,,,,,,,,
DA_S37_O3,3,3.88E+00,2.17E+00,3.87E+00,4.43E+00,,,,,,,,,,,,,,,,,,,,,,,,,,,,,,,,,,,,
,,,,,,,,,,,,,,,,,,,,,,,,,,,,,,,,,,,,,,,,,
DA_S37_O3,4,6.36E+00,2.03E+00,3.61E-01,2.06E+00,,,,,,,,,,,,,,,,,,,,,,,,,,,,,,,,,,,,
DA_S37_O3,4,6.37E+00,2.03E+00,4.61E-01,2.08E+00,1.08E+01,,,,,,,,,,,,,,,,,,,,,,,,,,,,,,,,,,,
DA_S37_O3,4,6.38E+00,2.03E+00,5.41E-01,2.10E+00,1.05E+01,,,,,,,,,,,,,,,,,,,,,,,,,,,,,,,,,,,
DA_S37_O3,4,6.39E+00,2.02E+00,6.36E-01,2.11E+00,1.35E+01,,,,,,,,,,,,,,,,,,,,,,,,,,,,,,,,,,,
DA_S37_O3,4,6.40E+00,2.00E+00,7.66E-01,2.14E+00,1.56E+01,,,,,,,,,,,,,,,,,,,,,,,,,,,,,,,,,,,
DA_S37_O3,4,6.41E+00,1.99E+00,8.95E-01,2.18E+00,1.45E+01,,,,,,,,,,,,,,,,,,,,,,,,,,,,,,,,,,,
DA_S37_O3,4,6.41E+00,2.00E+00,1.01E+00,2.24E+00,1.33E+01,,,,,,,,,,,,,,,,,,,,,,,,,,,,,,,,,,,
DA_S37_O3,4,6.42E+00,1.99E+00,1.12E+00,2.28E+00,1.29E+01,,,,,,,,,,,,,,,,,,,,,,,,,,,,,,,,,,,
DA_S37_O3,4,6.43E+00,1.98E+00,1.22E+00,2.33E+00,1.29E+01,,,,,,,,,,,,,,,,,,,,,,,,,,,,,,,,,,,
DA_S37_O3,4,6.44E+00,1.96E+00,1.33E+00,2.37E+00,1.44E+01,,,,,,,,,,,,,,,,,,,,,,,,,,,,,,,,,,,
DA_S37_O3,4,6.45E+00,1.95E+00,1.46E+00,2.44E+00,1.68E+01,,,,,,,,,,,,,,,,,,,,,,,,,,,,,,,,,,,
DA_S37_O3,4,6.46E+00,1.93E+00,1.61E+00,2.51E+00,1.53E+01,,,,,,,,,,,,,,,,,,,,,,,,,,,,,,,,,,,
DA_S37_O3,4,6.46E+00,1.92E+00,1.71E+00,2.57E+00,1.26E+01,,,,,,,,,,,,,,,,,,,,,,,,,,,,,,,,,,,
DA_S37_O3,4,6.47E+00,1.90E+00,1.82E+00,2.63E+00,1.36E+01,,,,,,,,,,,,,,,,,,,,,,,,,,,,,,,,,,,
DA_S37_O3,4,6.48E+00,1.87E+00,1.94E+00,2.69E+00,1.55E+01,,,,,,,,,,,,,,,,,,,,,,,,,,,,,,,,,,,
DA_S37_O3,4,6.49E+00,1.84E+00,2.07E+00,2.77E+00,1.39E+01,,,,,,,,,,,,,,,,,,,,,,,,,,,,,,,,,,,
DA_S37_O3,4,6.50E+00,1.83E+00,2.16E+00,2.83E+00,1.26E+01,,,,,,,,,,,,,,,,,,,,,,,,,,,,,,,,,,,
DA_S37_O3,4,6.51E+00,1.81E+00,2.28E+00,2.91E+00,1.41E+01,,,,,,,,,,,,,,,,,,,,,,,,,,,,,,,,,,,
DA_S37_O3,4,6.51E+00,1.80E+00,2.40E+00,3.00E+00,1.32E+01,,,,,,,,,,,,,,,,,,,,,,,,,,,,,,,,,,,
DA_S37_O3,4,6.52E+00,1.79E+00,2.50E+00,3.07E+00,1.20E+01,,,,,,,,,,,,,,,,,,,,,,,,,,,,,,,,,,,
DA_S37_O3,4,6.53E+00,1.78E+00,2.60E+00,3.15E+00,1.24E+01,,,,,,,,,,,,,,,,,,,,,,,,,,,,,,,,,,,
DA_S37_O3,4,6.54E+00,1.76E+00,2.70E+00,3.22E+00,1.30E+01,,,,,,,,,,,,,,,,,,,,,,,,,,,,,,,,,,,
DA_S37_O3,4,6.55E+00,1.73E+00,2.81E+00,3.30E+00,1.24E+01,,,,,,,,,,,,,,,,,,,,,,,,,,,,,,,,,,,
DA_S37_O3,4,6.56E+00,1.72E+00,2.91E+00,3.38E+00,1.05E+01,,,,,,,,,,,,,,,,,,,,,,,,,,,,,,,,,,,
DA_S37_O3,4,6.56E+00,1.72E+00,2.98E+00,3.44E+00,9.32E+00,,,,,,,,,,,,,,,,,,,,,,,,,,,,,,,,,,,
DA_S37_O3,4,6.57E+00,1.70E+00,3.06E+00,3.50E+00,1.11E+01,,,,,,,,,,,,,,,,,,,,,,,,,,,,,,,,,,,
DA_S37_O3,4,6.58E+00,1.70E+00,3.17E+00,3.60E+00,1.24E+01,,,,,,,,,,,,,,,,,,,,,,,,,,,,,,,,,,,
DA_S37_O3,4,6.59E+00,1.71E+00,3.27E+00,3.68E+00,1.15E+01,,,,,,,,,,,,,,,,,,,,,,,,,,,,,,,,,,,
DA_S37_O3,4,6.60E+00,1.71E+00,3.36E+00,3.77E+00,1.34E+01,,,,,,,,,,,,,,,,,,,,,,,,,,,,,,,,,,,
,,6.61E+00,1.72E+00,3.49E+00,3.89E+00,,,,,,,,,,,,,,,,,,,,,,,,,,,,,,,,,,,,
,,,,,,,,,,,,,,,,,,,,,,,,,,,,,,,,,,,,,,,,,
DA_S38_O1,1,3.30E+00,1.49E+00,1.64E+00,2.22E+00,,,,,,,,,,,,,,,,,,,,,,,,,,,,,,,,,,,,
DA_S38_O1,1,3.31E+00,1.50E+00,1.72E+00,2.29E+00,1.09E+01,,,,,,,,,,,,,,,,,,,,,,,,,,,,,,,,,,,
DA_S38_O1,1,3.32E+00,1.51E+00,1.82E+00,2.37E+00,1.24E+01,,,,,,,,,,,,,,,,,,,,,,,,,,,,,,,,,,,
DA_S38_O1,1,3.33E+00,1.55E+00,1.92E+00,2.47E+00,1.20E+01,,,,,,,,,,,,,,,,,,,,,,,,,,,,,,,,,,,
DA_S38_O1,1,3.34E+00,1.56E+00,2.01E+00,2.55E+00,9.62E+00,,,,,,,,,,,,,,,,,,,,,,,,,,,,,,,,,,,
DA_S38_O1,1,3.35E+00,1.57E+00,2.08E+00,2.61E+00,9.78E+00,,,,,,,,,,,,,,,,,,,,,,,,,,,,,,,,,,,
DA_S38_O1,1,3.35E+00,1.59E+00,2.17E+00,2.69E+00,1.10E+01,,,,,,,,,,,,,,,,,,,,,,,,,,,,,,,,,,,
DA_S38_O1,1,3.36E+00,1.61E+00,2.26E+00,2.78E+00,1.21E+01,,,,,,,,,,,,,,,,,,,,,,,,,,,,,,,,,,,
DA_S38_O1,1,3.37E+00,1.62E+00,2.37E+00,2.87E+00,1.28E+01,,,,,,,,,,,,,,,,,,,,,,,,,,,,,,,,,,,
DA_S38_O1,1,3.38E+00,1.64E+00,2.47E+00,2.97E+00,1.17E+01,,,,,,,,,,,,,,,,,,,,,,,,,,,,,,,,,,,
DA_S38_O1,1,3.39E+00,1.63E+00,2.57E+00,3.04E+00,1.27E+01,,,,,,,,,,,,,,,,,,,,,,,,,,,,,,,,,,,
DA_S38_O1,1,3.40E+00,1.65E+00,2.68E+00,3.15E+00,1.37E+01,,,,,,,,,,,,,,,,,,,,,,,,,,,,,,,,,,,
DA_S38_O1,1,3.40E+00,1.65E+00,2.79E+00,3.24E+00,1.27E+01,,,,,,,,,,,,,,,,,,,,,,,,,,,,,,,,,,,
DA_S38_O1,1,3.41E+00,1.66E+00,2.90E+00,3.34E+00,1.19E+01,,,,,,,,,,,,,,,,,,,,,,,,,,,,,,,,,,,
DA_S38_O1,1,3.42E+00,1.68E+00,2.99E+00,3.43E+00,1.22E+01,,,,,,,,,,,,,,,,,,,,,,,,,,,,,,,,,,,
DA_S38_O1,1,3.43E+00,1.70E+00,3.10E+00,3.53E+00,1.21E+01,,,,,,,,,,,,,,,,,,,,,,,,,,,,,,,,,,,
DA_S38_O1,1,3.44E+00,1.71E+00,3.19E+00,3.62E+00,1.24E+01,,,,,,,,,,,,,,,,,,,,,,,,,,,,,,,,,,,
DA_S38_O1,1,3.45E+00,1.75E+00,3.30E+00,3.73E+00,1.22E+01,,,,,,,,,,,,,,,,,,,,,,,,,,,,,,,,,,,
DA_S38_O1,1,3.45E+00,1.76E+00,3.38E+00,3.82E+00,1.21E+01,,,,,,,,,,,,,,,,,,,,,,,,,,,,,,,,,,,
DA_S38_O1,1,3.46E+00,1.78E+00,3.50E+00,3.92E+00,1.31E+01,,,,,,,,,,,,,,,,,,,,,,,,,,,,,,,,,,,
DA_S38_O1,1,3.47E+00,1.80E+00,3.60E+00,4.02E+00,1.20E+01,,,,,,,,,,,,,,,,,,,,,,,,,,,,,,,,,,,
DA_S38_O1,1,3.48E+00,1.83E+00,3.69E+00,4.12E+00,1.10E+01,,,,,,,,,,,,,,,,,,,,,,,,,,,,,,,,,,,
DA_S38_O1,1,3.49E+00,1.84E+00,3.78E+00,4.20E+00,1.13E+01,,,,,,,,,,,,,,,,,,,,,,,,,,,,,,,,,,,
DA_S38_O1,1,3.50E+00,1.85E+00,3.88E+00,4.30E+00,1.19E+01,,,,,,,,,,,,,,,,,,,,,,,,,,,,,,,,,,,
DA_S38_O1,1,3.50E+00,1.87E+00,3.97E+00,4.39E+00,1.13E+01,,,,,,,,,,,,,,,,,,,,,,,,,,,,,,,,,,,
DA_S38_O1,1,3.51E+00,1.86E+00,4.07E+00,4.47E+00,1.25E+01,,,,,,,,,,,,,,,,,,,,,,,,,,,,,,,,,,,
DA_S38_O1,1,3.52E+00,1.90E+00,4.18E+00,4.59E+00,1.18E+01,,,,,,,,,,,,,,,,,,,,,,,,,,,,,,,,,,,
DA_S38_O1,1,3.53E+00,1.92E+00,4.25E+00,4.67E+00,1.14E+01,,,,,,,,,,,,,,,,,,,,,,,,,,,,,,,,,,,
DA_S38_O1,1,3.54E+00,1.95E+00,4.36E+00,4.78E+00,1.14E+01,,,,,,,,,,,,,,,,,,,,,,,,,,,,,,,,,,,
DA_S38_O1,1,3.55E+00,1.96E+00,4.44E+00,4.85E+00,1.00E+01,,,,,,,,,,,,,,,,,,,,,,,,,,,,,,,,,,,
DA_S38_O1,1,3.55E+00,1.98E+00,4.53E+00,4.94E+00,1.00E+01,,,,,,,,,,,,,,,,,,,,,,,,,,,,,,,,,,,
DA_S38_O1,1,3.56E+00,1.99E+00,4.61E+00,5.02E+00,1.09E+01,,,,,,,,,,,,,,,,,,,,,,,,,,,,,,,,,,,
DA_S38_O1,1,3.57E+00,2.00E+00,4.71E+00,5.11E+00,,,,,,,,,,,,,,,,,,,,,,,,,,,,,,,,,,,,
,,,,,,,,,,,,,,,,,,,,,,,,,,,,,,,,,,,,,,,,,
DA_S38_O1,2,3.84E+00,1.48E+00,1.45E+00,2.07E+00,,,,,,,,,,,,,,,,,,,,,,,,,,,,,,,,,,,,
DA_S38_O1,2,3.85E+00,1.49E+00,1.54E+00,2.14E+00,1.04E+01,,,,,,,,,,,,,,,,,,,,,,,,,,,,,,,,,,,
DA_S38_O1,2,3.85E+00,1.50E+00,1.62E+00,2.21E+00,1.10E+01,,,,,,,,,,,,,,,,,,,,,,,,,,,,,,,,,,,
DA_S38_O1,2,3.86E+00,1.48E+00,1.73E+00,2.28E+00,1.16E+01,,,,,,,,,,,,,,,,,,,,,,,,,,,,,,,,,,,
DA_S38_O1,2,3.87E+00,1.50E+00,1.82E+00,2.35E+00,1.08E+01,,,,,,,,,,,,,,,,,,,,,,,,,,,,,,,,,,,
DA_S38_O1,2,3.88E+00,1.50E+00,1.91E+00,2.42E+00,1.16E+01,,,,,,,,,,,,,,,,,,,,,,,,,,,,,,,,,,,
DA_S38_O1,2,3.89E+00,1.50E+00,2.01E+00,2.51E+00,1.13E+01,,,,,,,,,,,,,,,,,,,,,,,,,,,,,,,,,,,
DA_S38_O1,2,3.90E+00,1.52E+00,2.10E+00,2.59E+00,9.80E+00,,,,,,,,,,,,,,,,,,,,,,,,,,,,,,,,,,,
DA_S38_O1,2,3.90E+00,1.51E+00,2.17E+00,2.64E+00,9.63E+00,,,,,,,,,,,,,,,,,,,,,,,,,,,,,,,,,,,
DA_S38_O1,2,3.91E+00,1.51E+00,2.26E+00,2.71E+00,9.71E+00,,,,,,,,,,,,,,,,,,,,,,,,,,,,,,,,,,,
DA_S38_O1,2,3.92E+00,1.51E+00,2.33E+00,2.78E+00,8.22E+00,,,,,,,,,,,,,,,,,,,,,,,,,,,,,,,,,,,
DA_S38_O1,2,3.93E+00,1.50E+00,2.39E+00,2.82E+00,8.67E+00,,,,,,,,,,,,,,,,,,,,,,,,,,,,,,,,,,,
DA_S38_O1,2,3.94E+00,1.50E+00,2.48E+00,2.89E+00,1.02E+01,,,,,,,,,,,,,,,,,,,,,,,,,,,,,,,,,,,
DA_S38_O1,2,3.95E+00,1.50E+00,2.56E+00,2.97E+00,1.07E+01,,,,,,,,,,,,,,,,,,,,,,,,,,,,,,,,,,,
DA_S38_O1,2,3.95E+00,1.50E+00,2.66E+00,3.05E+00,1.15E+01,,,,,,,,,,,,,,,,,,,,,,,,,,,,,,,,,,,
DA_S38_O1,2,3.96E+00,1.52E+00,2.75E+00,3.14E+00,9.96E+00,,,,,,,,,,,,,,,,,,,,,,,,,,,,,,,,,,,
DA_S38_O1,2,3.97E+00,1.54E+00,2.82E+00,3.21E+00,9.92E+00,,,,,,,,,,,,,,,,,,,,,,,,,,,,,,,,,,,
DA_S38_O1,2,3.98E+00,1.54E+00,2.92E+00,3.30E+00,1.11E+01,,,,,,,,,,,,,,,,,,,,,,,,,,,,,,,,,,,
DA_S38_O1,2,3.99E+00,1.54E+00,3.00E+00,3.38E+00,1.21E+01,,,,,,,,,,,,,,,,,,,,,,,,,,,,,,,,,,,
DA_S38_O1,2,4.00E+00,1.57E+00,3.12E+00,3.49E+00,1.15E+01,,,,,,,,,,,,,,,,,,,,,,,,,,,,,,,,,,,
DA_S38_O1,2,4.00E+00,1.57E+00,3.19E+00,3.56E+00,1.00E+01,,,,,,,,,,,,,,,,,,,,,,,,,,,,,,,,,,,
DA_S38_O1,2,4.01E+00,1.59E+00,3.28E+00,3.65E+00,1.18E+01,,,,,,,,,,,,,,,,,,,,,,,,,,,,,,,,,,,
DA_S38_O1,2,4.02E+00,1.62E+00,3.38E+00,3.75E+00,1.14E+01,,,,,,,,,,,,,,,,,,,,,,,,,,,,,,,,,,,
DA_S38_O1,2,4.03E+00,1.65E+00,3.46E+00,3.83E+00,1.08E+01,,,,,,,,,,,,,,,,,,,,,,,,,,,,,,,,,,,
DA_S38_O1,2,4.04E+00,1.68E+00,3.55E+00,3.93E+00,1.20E+01,,,,,,,,,,,,,,,,,,,,,,,,,,,,,,,,,,,
DA_S38_O1,2,4.05E+00,1.70E+00,3.66E+00,4.03E+00,1.08E+01,,,,,,,,,,,,,,,,,,,,,,,,,,,,,,,,,,,
DA_S38_O1,2,4.05E+00,1.71E+00,3.73E+00,4.10E+00,1.08E+01,,,,,,,,,,,,,,,,,,,,,,,,,,,,,,,,,,,
DA_S38_O1,2,4.06E+00,1.75E+00,3.83E+00,4.21E+00,1.26E+01,,,,,,,,,,,,,,,,,,,,,,,,,,,,,,,,,,,
DA_S38_O1,2,4.07E+00,1.77E+00,3.93E+00,4.31E+00,1.31E+01,,,,,,,,,,,,,,,,,,,,,,,,,,,,,,,,,,,
DA_S38_O1,2,4.08E+00,1.78E+00,4.04E+00,4.42E+00,1.55E+01,,,,,,,,,,,,,,,,,,,,,,,,,,,,,,,,,,,
DA_S38_O1,2,4.09E+00,1.81E+00,4.19E+00,4.56E+00,1.48E+01,,,,,,,,,,,,,,,,,,,,,,,,,,,,,,,,,,,
DA_S38_O1,2,4.10E+00,1.85E+00,4.28E+00,4.67E+00,1.06E+01,,,,,,,,,,,,,,,,,,,,,,,,,,,,,,,,,,,
DA_S38_O1,2,4.10E+00,1.87E+00,4.35E+00,4.74E+00,1.08E+01,,,,,,,,,,,,,,,,,,,,,,,,,,,,,,,,,,,
DA_S38_O1,2,4.11E+00,1.91E+00,4.45E+00,4.84E+00,1.18E+01,,,,,,,,,,,,,,,,,,,,,,,,,,,,,,,,,,,
DA_S38_O1,2,4.12E+00,1.93E+00,4.54E+00,4.93E+00,,,,,,,,,,,,,,,,,,,,,,,,,,,,,,,,,,,,
,,,,,,,,,,,,,,,,,,,,,,,,,,,,,,,,,,,,,,,,,
DA_S38_O1,3,5.33E+00,1.13E+00,1.14E+00,1.61E+00,,,,,,,,,,,,,,,,,,,,,,,,,,,,,,,,,,,,
DA_S38_O1,3,5.34E+00,1.13E+00,1.22E+00,1.66E+00,9.54E+00,,,,,,,,,,,,,,,,,,,,,,,,,,,,,,,,,,,
DA_S38_O1,3,5.35E+00,1.17E+00,1.30E+00,1.75E+00,1.00E+01,,,,,,,,,,,,,,,,,,,,,,,,,,,,,,,,,,,
DA_S38_O1,3,5.36E+00,1.21E+00,1.37E+00,1.82E+00,9.19E+00,,,,,,,,,,,,,,,,,,,,,,,,,,,,,,,,,,,
DA_S38_O1,3,5.36E+00,1.23E+00,1.44E+00,1.89E+00,7.76E+00,,,,,,,,,,,,,,,,,,,,,,,,,,,,,,,,,,,
DA_S38_O1,3,5.37E+00,1.23E+00,1.49E+00,1.93E+00,7.94E+00,,,,,,,,,,,,,,,,,,,,,,,,,,,,,,,,,,,
DA_S38_O1,3,5.38E+00,1.28E+00,1.56E+00,2.02E+00,9.97E+00,,,,,,,,,,,,,,,,,,,,,,,,,,,,,,,,,,,
DA_S38_O1,3,5.39E+00,1.28E+00,1.65E+00,2.09E+00,1.05E+01,,,,,,,,,,,,,,,,,,,,,,,,,,,,,,,,,,,
DA_S38_O1,3,5.40E+00,1.30E+00,1.74E+00,2.17E+00,1.00E+01,,,,,,,,,,,,,,,,,,,,,,,,,,,,,,,,,,,
DA_S38_O1,3,5.41E+00,1.31E+00,1.82E+00,2.24E+00,1.05E+01,,,,,,,,,,,,,,,,,,,,,,,,,,,,,,,,,,,
DA_S38_O1,3,5.41E+00,1.32E+00,1.91E+00,2.32E+00,1.15E+01,,,,,,,,,,,,,,,,,,,,,,,,,,,,,,,,,,,
DA_S38_O1,3,5.42E+00,1.33E+00,2.01E+00,2.41E+00,1.11E+01,,,,,,,,,,,,,,,,,,,,,,,,,,,,,,,,,,,
DA_S38_O1,3,5.43E+00,1.35E+00,2.09E+00,2.49E+00,9.48E+00,,,,,,,,,,,,,,,,,,,,,,,,,,,,,,,,,,,
DA_S38_O1,3,5.44E+00,1.35E+00,2.16E+00,2.55E+00,9.48E+00,,,,,,,,,,,,,,,,,,,,,,,,,,,,,,,,,,,
DA_S38_O1,3,5.45E+00,1.36E+00,2.25E+00,2.63E+00,9.48E+00,,,,,,,,,,,,,,,,,,,,,,,,,,,,,,,,,,,
DA_S38_O1,3,5.46E+00,1.36E+00,2.32E+00,2.69E+00,8.48E+00,,,,,,,,,,,,,,,,,,,,,,,,,,,,,,,,,,,
DA_S38_O1,3,5.46E+00,1.37E+00,2.39E+00,2.76E+00,9.05E+00,,,,,,,,,,,,,,,,,,,,,,,,,,,,,,,,,,,
DA_S38_O1,3,5.47E+00,1.38E+00,2.47E+00,2.83E+00,8.37E+00,,,,,,,,,,,,,,,,,,,,,,,,,,,,,,,,,,,
DA_S38_O1,3,5.48E+00,1.38E+00,2.53E+00,2.88E+00,7.49E+00,,,,,,,,,,,,,,,,,,,,,,,,,,,,,,,,,,,
DA_S38_O1,3,5.49E+00,1.39E+00,2.60E+00,2.94E+00,8.61E+00,,,,,,,,,,,,,,,,,,,,,,,,,,,,,,,,,,,
DA_S38_O1,3,5.50E+00,1.40E+00,2.67E+00,3.02E+00,9.36E+00,,,,,,,,,,,,,,,,,,,,,,,,,,,,,,,,,,,
DA_S38_O1,3,5.51E+00,1.42E+00,2.75E+00,3.09E+00,8.12E+00,,,,,,,,,,,,,,,,,,,,,,,,,,,,,,,,,,,
DA_S38_O1,3,5.51E+00,1.43E+00,2.81E+00,3.15E+00,7.18E+00,,,,,,,,,,,,,,,,,,,,,,,,,,,,,,,,,,,
DA_S38_O1,3,5.52E+00,1.44E+00,2.87E+00,3.21E+00,7.61E+00,,,,,,,,,,,,,,,,,,,,,,,,,,,,,,,,,,,
DA_S38_O1,3,5.53E+00,1.45E+00,2.93E+00,3.27E+00,8.35E+00,,,,,,,,,,,,,,,,,,,,,,,,,,,,,,,,,,,
DA_S38_O1,3,5.54E+00,1.47E+00,3.00E+00,3.34E+00,7.61E+00,,,,,,,,,,,,,,,,,,,,,,,,,,,,,,,,,,,
DA_S38_O1,3,5.55E+00,1.46E+00,3.06E+00,3.39E+00,6.87E+00,,,,,,,,,,,,,,,,,,,,,,,,,,,,,,,,,,,
DA_S38_O1,3,5.56E+00,1.46E+00,3.12E+00,3.44E+00,9.71E+00,,,,,,,,,,,,,,,,,,,,,,,,,,,,,,,,,,,
DA_S38_O1,3,5.56E+00,1.46E+00,3.22E+00,3.54E+00,8.73E+00,,,,,,,,,,,,,,,,,,,,,,,,,,,,,,,,,,,
DA_S38_O1,3,5.57E+00,1.45E+00,3.26E+00,3.57E+00,5.47E+00,,,,,,,,,,,,,,,,,,,,,,,,,,,,,,,,,,,
DA_S38_O1,3,5.58E+00,1.45E+00,3.31E+00,3.62E+00,6.75E+00,,,,,,,,,,,,,,,,,,,,,,,,,,,,,,,,,,,
DA_S38_O1,3,5.59E+00,1.47E+00,3.38E+00,3.68E+00,8.37E+00,,,,,,,,,,,,,,,,,,,,,,,,,,,,,,,,,,,
DA_S38_O1,3,5.60E+00,1.46E+00,3.45E+00,3.74E+00,8.17E+00,,,,,,,,,,,,,,,,,,,,,,,,,,,,,,,,,,,
DA_S38_O1,3,5.61E+00,1.45E+00,3.51E+00,3.80E+00,7.72E+00,,,,,,,,,,,,,,,,,,,,,,,,,,,,,,,,,,,
DA_S38_O1,3,5.61E+00,1.43E+00,3.58E+00,3.85E+00,8.22E+00,,,,,,,,,,,,,,,,,,,,,,,,,,,,,,,,,,,
DA_S38_O1,3,5.62E+00,1.44E+00,3.65E+00,3.92E+00,7.77E+00,,,,,,,,,,,,,,,,,,,,,,,,,,,,,,,,,,,
DA_S38_O1,3,5.63E+00,1.42E+00,3.71E+00,3.97E+00,1.01E+01,,,,,,,,,,,,,,,,,,,,,,,,,,,,,,,,,,,
DA_S38_O1,3,5.64E+00,1.38E+00,3.81E+00,4.05E+00,1.05E+01,,,,,,,,,,,,,,,,,,,,,,,,,,,,,,,,,,,
DA_S38_O1,3,5.65E+00,1.38E+00,3.87E+00,4.11E+00,7.84E+00,,,,,,,,,,,,,,,,,,,,,,,,,,,,,,,,,,,
DA_S38_O1,3,5.66E+00,1.38E+00,3.94E+00,4.17E+00,7.05E+00,,,,,,,,,,,,,,,,,,,,,,,,,,,,,,,,,,,
DA_S38_O1,3,5.66E+00,1.39E+00,3.99E+00,4.22E+00,7.84E+00,,,,,,,,,,,,,,,,,,,,,,,,,,,,,,,,,,,
DA_S38_O1,3,5.67E+00,1.38E+00,4.07E+00,4.29E+00,9.63E+00,,,,,,,,,,,,,,,,,,,,,,,,,,,,,,,,,,,
DA_S38_O1,3,5.68E+00,1.38E+00,4.15E+00,4.37E+00,1.21E+01,,,,,,,,,,,,,,,,,,,,,,,,,,,,,,,,,,,
DA_S38_O1,3,5.69E+00,1.39E+00,4.27E+00,4.49E+00,,,,,,,,,,,,,,,,,,,,,,,,,,,,,,,,,,,,
,,,,,,,,,,,,,,,,,,,,,,,,,,,,,,,,,,,,,,,,,
DA_S38_O1,4,1.77E+01,1.83E+00,1.39E+00,2.30E+00,,,,,,,,,,,,,,,,,,,,,,,,,,,,,,,,,,,,
DA_S38_O1,4,1.77E+01,1.84E+00,1.45E+00,2.34E+00,7.51E+00,,,,,,,,,,,,,,,,,,,,,,,,,,,,,,,,,,,
DA_S38_O1,4,1.77E+01,1.86E+00,1.51E+00,2.40E+00,9.35E+00,,,,,,,,,,,,,,,,,,,,,,,,,,,,,,,,,,,
DA_S38_O1,4,1.77E+01,1.89E+00,1.60E+00,2.47E+00,9.92E+00,,,,,,,,,,,,,,,,,,,,,,,,,,,,,,,,,,,
DA_S38_O1,4,1.77E+01,1.88E+00,1.68E+00,2.52E+00,1.02E+01,,,,,,,,,,,,,,,,,,,,,,0,,,,,,,,,,,,,
DA_S38_O1,4,1.77E+01,1.89E+00,1.77E+00,2.58E+00,1.11E+01,,,,,,,,,,,,,,,,,,,,,,,,,,,,,,,,,,,
DA_S38_O1,4,1.78E+01,1.88E+00,1.87E+00,2.65E+00,1.21E+01,,,,,,,,,,,,,,,,,,,,,,,,,,,,,,,,,,,
DA_S38_O1,4,1.78E+01,1.89E+00,1.97E+00,2.73E+00,1.27E+01,,,,,,,,,,,,,,,,,,,,,,,,,,,,,,,,,,,
DA_S38_O1,4,1.78E+01,1.90E+00,2.08E+00,2.81E+00,1.28E+01,,,,,,,,,,,,,,,,,,,,,,,,,,,,,,,,,,,
DA_S38_O1,4,1.78E+01,1.92E+00,2.18E+00,2.90E+00,1.29E+01,,,,,,,,,,,,,,,,,,,,,,,,,,,,,,,,,,,
DA_S38_O1,4,1.78E+01,1.93E+00,2.29E+00,2.99E+00,1.30E+01,,,,,,,,,,,,,,,,,,,,,,,,,,,,,,,,,,,
DA_S38_O1,4,1.78E+01,1.92E+00,2.40E+00,3.07E+00,1.25E+01,,,,,,,,,,,,,,,,,,,,,,,,,,,,,,,,,,,
DA_S38_O1,4,1.78E+01,1.92E+00,2.50E+00,3.15E+00,1.27E+01,,,,,,,,,,,,,,,,,,,,,,,,,,,,,,,,,,,
DA_S38_O1,4,1.78E+01,1.93E+00,2.61E+00,3.25E+00,1.26E+01,,,,,,,,,,,,,,,,,,,,,,,,,,,,,,,,,,,
DA_S38_O1,4,1.78E+01,1.96E+00,2.71E+00,3.34E+00,1.29E+01,,,,,,,,,,,,,,,,,,,,,,,,,,,,,,,,,,,
DA_S38_O1,4,1.78E+01,1.96E+00,2.82E+00,3.44E+00,1.29E+01,,,,,,,,,,,,,,,,,,,,,,,,,,,,,,,,,,,
DA_S38_O1,4,1.78E+01,1.99E+00,2.92E+00,3.53E+00,1.34E+01,,,,,,,,,,,,,,,,,,,,,,,,,,,,,,,,,,,
DA_S38_O1,4,1.78E+01,1.99E+00,3.04E+00,3.64E+00,1.22E+01,,,,,,,,,,,,,,,,,,,,,,,,,,,,,,,,,,,
DA_S38_O1,4,1.79E+01,2.01E+00,3.12E+00,3.71E+00,1.12E+01,,,,,,,,,,,,,,,,,,,,,,,,,,,,,,,,,,,
DA_S38_O1,4,1.79E+01,2.04E+00,3.22E+00,3.81E+00,1.22E+01,,,,,,,,,,,,,,,,,,,,,,,,,,,,,,,,,,,
DA_S38_O1,4,1.79E+01,2.04E+00,3.32E+00,3.90E+00,1.31E+01,,,,,,,,,,,,,,,,,,,,,,,,,,,,,,,,,,,
DA_S38_O1,4,1.79E+01,2.05E+00,3.44E+00,4.01E+00,1.41E+01,,,,,,,,,,,,,,,,,,,,,,,,,,,,,,,,,,,
DA_S38_O1,4,1.79E+01,2.06E+00,3.56E+00,4.11E+00,1.19E+01,,,,,,,,,,,,,,,,,,,,,,,,,,,,,,,,,,,
DA_S38_O1,4,1.79E+01,2.05E+00,3.64E+00,4.17E+00,1.00E+01,,,,,,,,,,,,,,,,,,,,,,,,,,,,,,,,,,,
DA_S38_O1,4,1.79E+01,2.04E+00,3.72E+00,4.24E+00,1.25E+01,,,,,,,,,,,,,,,,,,,,,,,,,,,,,,,,,,,
DA_S38_O1,4,1.79E+01,2.05E+00,3.85E+00,4.36E+00,1.40E+01,,,,,,,,,,,,,,,,,,,,,,,,,,,,,,,,,,,
DA_S38_O1,4,1.79E+01,2.05E+00,3.96E+00,4.45E+00,1.16E+01,,,,,,,,,,,,,,,,,,,,,,,,,,,,,,,,,,,
DA_S38_O1,4,1.79E+01,2.05E+00,4.04E+00,4.53E+00,1.06E+01,,,,,,,,,,,,,,,,,,,,,,,,,,,,,,,,,,,
DA_S38_O1,4,1.79E+01,2.08E+00,4.13E+00,4.62E+00,1.16E+01,,,,,,,,,,,,,,,,,,,,,,,,,,,,,,,,,,,
DA_S38_O1,4,1.79E+01,2.08E+00,4.23E+00,4.71E+00,1.16E+01,,,,,,,,,,,,,,,,,,,,,,,,,,,,,,,,,,,
DA_S38_O1,4,1.80E+01,2.08E+00,4.32E+00,4.80E+00,1.26E+01,,,,,,,,,,,,,,,,,,,,,,,,,,,,,,,,,,,
DA_S38_O1,4,1.80E+01,2.09E+00,4.44E+00,4.91E+00,,,,,,,,,,,,,,,,,,,,,,,,,,,,,,,,,,,,
,,,,,,,,,,,,,,,,,,,,,,,,,,,,,,,,,,,,,,,,,
DA_S38_O1,5,1.93E+01,2.06E+00,1.10E+00,2.34E+00,,,,,,,,,,,,,,,,,,,,,,,,,,,,,,,,,,,,
DA_S38_O1,5,1.93E+01,2.06E+00,1.16E+00,2.36E+00,6.94E+00,,,,,,,,,,,,,,,,,,,,,,,,,,,,,,,,,,,
DA_S38_O1,5,1.93E+01,2.06E+00,1.22E+00,2.39E+00,8.82E+00,,,,,,,,,,,,,,,,,,,,,,,,,,,,,,,,,,,
DA_S38_O1,5,1.93E+01,2.06E+00,1.30E+00,2.44E+00,1.04E+01,,,,,,,,,,,,,,,,,,,,,,,,,,,,,,,,,,,
DA_S38_O1,5,1.93E+01,2.07E+00,1.39E+00,2.50E+00,1.00E+01,,,,,,,,,,,,,,,,,,,,,,,,,,,,,,,,,,,
DA_S38_O1,5,1.93E+01,2.08E+00,1.47E+00,2.55E+00,7.84E+00,,,,,,,,,,,,,,,,,,,,,,,,,,,,,,,,,,,
DA_S38_O1,5,1.93E+01,2.07E+00,1.52E+00,2.57E+00,7.77E+00,,,,,,,,,,,,,,,,,,,,,,,,,,,,,,,,,,,
DA_S38_O1,5,1.93E+01,2.07E+00,1.60E+00,2.62E+00,1.02E+01,,,,,,,,,,,,,,,,,,,,,,,,,,,,,,,,,,,
DA_S38_O1,5,1.93E+01,2.08E+00,1.69E+00,2.68E+00,1.08E+01,,,,,,,,,,,,,,,,,,,,,,,,,,,,,,,,,,,
DA_S38_O1,5,1.93E+01,2.08E+00,1.78E+00,2.74E+00,1.21E+01,,,,,,,,,,,,,,,,,,,,,,,,,,,,,,,,,,,
DA_S38_O1,5,1.93E+01,2.11E+00,1.89E+00,2.83E+00,1.16E+01,,,,,,,,,,,,,,,,,,,,,,,,,,,,,,,,,,,
DA_S38_O1,5,1.93E+01,2.12E+00,1.97E+00,2.89E+00,1.05E+01,,,,,,,,,,,,,,,,,,,,,,,,,,,,,,,,,,,
DA_S38_O1,5,1.94E+01,2.13E+00,2.07E+00,2.97E+00,1.04E+01,,,,,,,,,,,,,,,,,,,,,,,,,,,,,,,,,,,
DA_S38_O1,5,1.94E+01,2.13E+00,2.14E+00,3.02E+00,9.48E+00,,,,,,,,,,,,,,,,,,,,,,,,,,,,,,,,,,,
DA_S38_O1,5,1.94E+01,2.15E+00,2.22E+00,3.09E+00,1.06E+01,,,,,,,,,,,,,,,,,,,,,,,,,,,,,,,,,,,
DA_S38_O1,5,1.94E+01,2.18E+00,2.31E+00,3.18E+00,1.08E+01,,,,,,,,,,,,,,,,,,,,,,,,,,,,,,,,,,,
DA_S38_O1,5,1.94E+01,2.20E+00,2.40E+00,3.25E+00,1.06E+01,,,,,,,,,,,,,,,,,,,,,,,,,,,,,,,,,,,
DA_S38_O1,5,1.94E+01,2.22E+00,2.48E+00,3.33E+00,1.14E+01,,,,,,,,,,,,,,,,,,,,,,,,,,,,,,,,,,,
DA_S38_O1,5,1.94E+01,2.24E+00,2.58E+00,3.42E+00,1.22E+01,,,,,,,,,,,,,,,,,,,,,,,,,,,,,,,,,,,
DA_S38_O1,5,1.94E+01,2.26E+00,2.68E+00,3.51E+00,1.31E+01,,,,,,,,,,,,,,,,,,,,,,,,,,,,,,,,,,,
DA_S38_O1,5,1.94E+01,2.28E+00,2.80E+00,3.61E+00,1.31E+01,,,,,,,,,,,,,,,,,,,,,,,,,,,,,,,,,,,
DA_S38_O1,5,1.94E+01,2.29E+00,2.90E+00,3.70E+00,1.47E+01,,,,,,,,,,,,,,,,,,,,,,,,,,,,,,,,,,,
DA_S38_O1,5,1.94E+01,2.32E+00,3.04E+00,3.82E+00,1.37E+01,,,,,,,,,,,,,,,,,,,,,,,,,,,,,,,,,,,
DA_S38_O1,5,1.94E+01,2.34E+00,3.12E+00,3.90E+00,1.13E+01,,,,,,,,,,,,,,,,,,,,,,,,,,,,,,,,,,,
DA_S38_O1,5,1.95E+01,2.34E+00,3.22E+00,3.98E+00,1.25E+01,,,,,,,,,,,,,,,,,,,,,,,,,,,,,,,,,,,
DA_S38_O1,5,1.95E+01,2.37E+00,3.33E+00,4.09E+00,1.28E+01,,,,,,,,,,,,,,,,,,,,,,,,,,,,,,,,,,,
DA_S38_O1,5,1.95E+01,2.39E+00,3.43E+00,4.18E+00,1.18E+01,,,,,,,,,,,,,,,,,,,,,,,,,,,,,,,,,,,
DA_S38_O1,5,1.95E+01,2.38E+00,3.53E+00,4.26E+00,1.10E+01,,,,,,,,,,,,,,,,,,,,,,,,,,,,,,,,,,,
DA_S38_O1,5,1.95E+01,2.38E+00,3.62E+00,4.33E+00,1.27E+01,,,,,,,,,,,,,,,,,,,,,,,,,,,,,,,,,,,
DA_S38_O1,5,1.95E+01,2.40E+00,3.74E+00,4.44E+00,1.31E+01,,,,,,,,,,,,,,,,,,,,,,,,,,,,,,,,,,,
DA_S38_O1,5,1.95E+01,2.42E+00,3.83E+00,4.53E+00,1.29E+01,,,,,,,,,,,,,,,,,,,,,,,,,,,,,,,,,,,
DA_S38_O1,5,1.95E+01,2.43E+00,3.95E+00,4.64E+00,1.12E+01,,,,,,,,,,,,,,,,,,,,,,,,,,,,,,,,,,,
DA_S38_O1,5,1.95E+01,2.43E+00,4.02E+00,4.70E+00,1.00E+01,,,,,,,,,,,,,,,,,,,,,,,,,,,,,,,,,,,
DA_S38_O1,5,1.95E+01,2.45E+00,4.12E+00,4.79E+00,1.15E+01,,,,,,,,,,,,,,,,,,,,,,,,,,,,,,,,,,,
DA_S38_O1,5,1.95E+01,2.45E+00,4.21E+00,4.87E+00,1.24E+01,,,,,,,,,,,,,,,,,,,,,,,,,,,,,,,,,,,
DA_S38_O1,5,1.95E+01,2.47E+00,4.32E+00,4.98E+00,,,,,,,,,,,,,,,,,,,,,,,,,,,,,,,,,,,,
,,,,,,,,,,,,,,,,,,,,,,,,,,,,,,,,,,,,,,,,,
DA_S39_O2,1,2.50E-02,1.62E+00,1.91E+00,2.50E+00,,,,,,,,,,,,,,,,,,,,,,,,,,,,,,,,,,,,
DA_S39_O2,1,3.34E-02,1.63E+00,1.97E+00,2.56E+00,8.52E+00,,,,,,,,,,,,,,,,,,,,,,,,,,,,,,,,,,,
DA_S39_O2,1,4.17E-02,1.64E+00,2.05E+00,2.62E+00,1.08E+01,,,,,,,,,,,,,,,,,,,,,,,,,,,,,,,,,,,
DA_S39_O2,1,5.01E-02,1.66E+00,2.15E+00,2.71E+00,1.26E+01,,,,,,,,,,,,,,,,,,,,,,,,,,,,,,,,,,,
DA_S39_O2,1,5.84E-02,1.65E+00,2.26E+00,2.80E+00,1.41E+01,,,,,,,,,,,,,,,,,,,,,,,,,,,,,,,,,,,
DA_S39_O2,1,6.67E-02,1.67E+00,2.38E+00,2.91E+00,1.39E+01,,,,,,,,,,,,,,,,,,,,,,,,,,,,,,,,,,,
DA_S39_O2,1,7.51E-02,1.68E+00,2.49E+00,3.00E+00,1.32E+01,,,,,,,,,,,,,,,,,,,,,,,,,,,,,,,,,,,
DA_S39_O2,1,8.34E-02,1.70E+00,2.60E+00,3.11E+00,1.47E+01,,,,,,,,,,,,,,,,,,,,,,,,,,,,,,,,,,,
DA_S39_O2,1,9.18E-02,1.71E+00,2.73E+00,3.22E+00,1.41E+01,,,,,,,,,,,,,,,,,,,,,,,,,,,,,,,,,,,
DA_S39_O2,1,1.00E-01,1.71E+00,2.84E+00,3.31E+00,1.35E+01,,,,,,,,,,,,,,,,,,,,,,,,,,,,,,,,,,,
DA_S39_O2,1,1.08E-01,1.71E+00,2.96E+00,3.42E+00,1.18E+01,,,,,,,,,,,,,,,,,,,,,,,,,,,,,,,,,,,
DA_S39_O2,1,1.17E-01,1.72E+00,3.03E+00,3.49E+00,1.33E+01,,,,,,,,,,,,,,,,,,,,,,,,,,,,,,,,,,,
DA_S39_O2,1,1.25E-01,1.72E+00,3.18E+00,3.62E+00,1.57E+01,,,,,,,,,,,,,,,,,,,,,,,,,,,,,,,,,,,
DA_S39_O2,1,1.33E-01,1.73E+00,3.30E+00,3.72E+00,1.33E+01,,,,,,,,,,,,,,,,,,,,,,,,,,,,,,,,,,,
DA_S39_O2,1,1.42E-01,1.74E+00,3.40E+00,3.82E+00,1.35E+01,,,,,,,,,,,,,,,,,,,,,,,,,,,,,,,,,,,
DA_S39_O2,1,1.50E-01,1.73E+00,3.52E+00,3.92E+00,1.20E+01,,,,,,,,,,,,,,,,,,,,,,,,,,,,,,,,,,,
DA_S39_O2,1,1.58E-01,1.73E+00,3.60E+00,3.99E+00,1.06E+01,,,,,,,,,,,,,,,,,,,,,,,,,,,,,,,,,,,
DA_S39_O2,1,1.67E-01,1.72E+00,3.70E+00,4.08E+00,1.37E+01,,,,,,,,,,,,,,,,,,,,,,,,,,,,,,,,,,,
DA_S39_O2,1,1.75E-01,1.72E+00,3.83E+00,4.20E+00,1.30E+01,,,,,,,,,,,,,,,,,,,,,,,,,,,,,,,,,,,
DA_S39_O2,1,1.84E-01,1.70E+00,3.91E+00,4.27E+00,1.11E+01,,,,,,,,,,,,,,,,,,,,,,,,,,,,,,,,,,,
DA_S39_O2,1,1.92E-01,1.72E+00,4.02E+00,4.37E+00,1.28E+01,,,,,,,,,,,,,,,,,,,,,,,,,,,,,,,,,,,
DA_S39_O2,1,2.00E-01,1.70E+00,4.13E+00,4.46E+00,1.35E+01,,,,,,,,,,,,,,,,,,,,,,,,,,,,,,,,,,,
DA_S39_O2,1,2.09E-01,1.72E+00,4.24E+00,4.58E+00,1.17E+01,,,,,,,,,,,,,,,,,,,,,,,,,,,,,,,,,,,
DA_S39_O2,1,2.17E-01,1.72E+00,4.32E+00,4.65E+00,1.09E+01,,,,,,,,,,,,,,,,,,,,,,,,,,,,,,,,,,,
DA_S39_O2,1,2.25E-01,1.73E+00,4.42E+00,4.75E+00,9.94E+00,,,,,,,,,,,,,,,,,,,,,,,,,,,,,,,,,,,
DA_S39_O2,1,2.34E-01,1.75E+00,4.48E+00,4.81E+00,9.91E+00,,,,,,,,,,,,,,,,,,,,,,,,,,,,,,,,,,,
DA_S39_O2,1,2.42E-01,1.78E+00,4.58E+00,4.91E+00,1.14E+01,,,,,,,,,,,,,,,,,,,,,,,,,,,,,,,,,,,
DA_S39_O2,1,2.50E-01,1.81E+00,4.67E+00,5.00E+00,1.22E+01,,,,,,,,,,,,,,,,,,,,,,,,,,,,,,,,,,,
DA_S39_O2,1,2.59E-01,1.83E+00,4.78E+00,5.12E+00,1.15E+01,,,,,,,,,,,,,,,,,,,,,,,,,,,,,,,,,,,
DA_S39_O2,1,2.67E-01,1.85E+00,4.85E+00,5.19E+00,1.07E+01,,,,,,,,,,,,,,,,,,,,,,,,,,,,,,,,,,,
DA_S39_O2,1,2.75E-01,1.87E+00,4.95E+00,5.29E+00,1.38E+01,,,,,,,,,,,,,,,,,,,,,,,,,,,,,,,,,,,
DA_S39_O2,1,2.84E-01,1.89E+00,5.08E+00,5.42E+00,,,,,,,,,,,,,,,,,,,,,,,,,,,,,,,,,,,,
,,,,,,,,,,,,,,,,,,,,,,,,,,,,,,,,,,,,,,,,,
DA_S39_O2,2,7.34E-01,2.12E+00,2.24E+00,3.08E+00,,,,,,,,,,,,,,,,,,,,,,,,,,,,,,,,,,,,
DA_S39_O2,2,7.42E-01,2.10E+00,2.39E+00,3.18E+00,1.70E+01,,,,,,,,,,,,,,,,,,,,,,,,,,,,,,,,,,,
DA_S39_O2,2,7.51E-01,2.10E+00,2.52E+00,3.28E+00,1.43E+01,,,,,,,,,,,,,,,,,,,,,,,,,,,,,,,,,,,
DA_S39_O2,2,7.59E-01,2.13E+00,2.63E+00,3.38E+00,1.35E+01,,,,,,,,,,,,,,,,,,,,,,,,,,,,,,,,,,,
DA_S39_O2,2,7.67E-01,2.13E+00,2.75E+00,3.48E+00,1.38E+01,,,,,,,,,,,,,,,,,,,,,,,,,,,,,,,,,,,
DA_S39_O2,2,7.76E-01,2.14E+00,2.86E+00,3.57E+00,1.33E+01,,,,,,,,,,,,,,,,,,,,,,,,,,,,,,,,,,,
DA_S39_O2,2,7.84E-01,2.14E+00,2.97E+00,3.66E+00,1.15E+01,,,,,,,,,,,,,,,,,,,,,,,,,,,,,,,,,,,
DA_S39_O2,2,7.92E-01,2.14E+00,3.05E+00,3.72E+00,1.07E+01,,,,,,,,,,,,,,,,,,,,,,,,,,,,,,,,,,,
DA_S39_O2,2,8.01E-01,2.14E+00,3.15E+00,3.81E+00,1.25E+01,,,,,,,,,,,,,,,,,,,,,,,,,,,,,,,,,,,
DA_S39_O2,2,8.09E-01,2.16E+00,3.25E+00,3.90E+00,1.36E+01,,,,,,,,,,,,,,,,,,,,,,,,,,,,,,,,,,,
DA_S39_O2,2,8.17E-01,2.16E+00,3.37E+00,4.01E+00,1.36E+01,,,,,,,,,,,,,,,,,,,,,,,,,,,,,,,,,,,
DA_S39_O2,2,8.26E-01,2.18E+00,3.48E+00,4.11E+00,1.39E+01,,,,,,,,,,,,,,,,,,,,,,,,,,,,,,,,,,,
DA_S39_O2,2,8.34E-01,2.19E+00,3.60E+00,4.22E+00,1.30E+01,,,,,,,,,,,,,,,,,,,,,,,,,,,,,,,,,,,
DA_S39_O2,2,8.43E-01,2.18E+00,3.70E+00,4.29E+00,1.27E+01,,,,,,,,,,,,,,,,,,,,,,,,,,,,,,,,,,,
DA_S39_O2,2,8.51E-01,2.20E+00,3.81E+00,4.40E+00,1.12E+01,,,,,,,,,,,,,,,,,,,,,,,,,,,,,,,,,,,
DA_S39_O2,2,8.59E-01,2.21E+00,3.88E+00,4.47E+00,9.71E+00,,,,,,,,,,,,,,,,,,,,,,,,,,,,,,,,,,,
DA_S39_O2,2,8.68E-01,2.21E+00,3.97E+00,4.55E+00,1.22E+01,,,,,,,,,,,,,,,,,,,,,,,,,,,,,,,,,,,
DA_S39_O2,2,8.76E-01,2.22E+00,4.09E+00,4.65E+00,1.05E+01,,,,,,,,,,,,,,,,,,,,,,,,,,,,,,,,,,,
DA_S39_O2,2,8.84E-01,2.23E+00,4.15E+00,4.71E+00,7.66E+00,,,,,,,,,,,,,,,,,,,,,,,,,,,,,,,,,,,
DA_S39_O2,2,8.93E-01,2.24E+00,4.21E+00,4.77E+00,8.90E+00,,,,,,,,,,,,,,,,,,,,,,,,,,,,,,,,,,,
DA_S39_O2,2,9.01E-01,2.25E+00,4.30E+00,4.85E+00,1.05E+01,,,,,,,,,,,,,,,,,,,,,,,,,,,,,,,,,,,
DA_S39_O2,2,9.09E-01,2.23E+00,4.39E+00,4.92E+00,9.56E+00,,,,,,,,,,,,,,,,,,,,,,,,,,,,,,,,,,,
DA_S39_O2,2,9.18E-01,2.23E+00,4.45E+00,4.98E+00,1.07E+01,,,,,,,,,,,,,,,,,,,,,,,,,,,,,,,,,,,
DA_S39_O2,2,9.26E-01,2.24E+00,4.56E+00,5.08E+00,1.33E+01,,,,,,,,,,,,,,,,,,,,,,,,,,,,,,,,,,,
DA_S39_O2,2,9.34E-01,2.24E+00,4.68E+00,5.19E+00,1.25E+01,,,,,,,,,,,,,,,,,,,,,,,,,,,,,,,,,,,
DA_S39_O2,2,9.43E-01,2.25E+00,4.77E+00,5.28E+00,1.09E+01,,,,,,,,,,,,,,,,,,,,,,,,,,,,,,,,,,,
DA_S39_O2,2,9.51E-01,2.26E+00,4.86E+00,5.36E+00,1.29E+01,,,,,,,,,,,,,,,,,,,,,,,,,,,,,,,,,,,
DA_S39_O2,2,9.59E-01,2.26E+00,4.99E+00,5.48E+00,1.35E+01,,,,,,,,,,,,,,,,,,,,,,,,,,,,,,,,,,,
DA_S39_O2,2,9.68E-01,2.26E+00,5.08E+00,5.56E+00,1.34E+01,,,,,,,,,,,,,,,,,,,,,,,,,,,,,,,,,,,
DA_S39_O2,2,9.76E-01,2.25E+00,5.21E+00,5.68E+00,1.20E+01,,,,,,,,,,,,,,,,,,,,,,,,,,,,,,,,,,,
DA_S39_O2,2,9.84E-01,2.25E+00,5.28E+00,5.74E+00,1.34E+01,,,,,,,,,,,,,,,,,,,,,,,,,,,,,,,,,,,
DA_S39_O2,2,9.93E-01,2.26E+00,5.43E+00,5.88E+00,,,,,,,,,,,,,,,,,,,,,,,,,,,,,,,,,,,,
,,,,,,,,,,,,,,,,,,,,,,,,,,,,,,,,,,,,,,,,,
DA_S39_O2,3,2.09E+00,2.20E+00,1.87E+00,2.88E+00,,,,,,,,,,,,,,,,,,,,,,,,,,,,,,,,,,,,
DA_S39_O2,3,2.10E+00,2.20E+00,1.93E+00,2.93E+00,6.65E+00,,,,,,,,,,,,,,,,,,,,,,,,,,,,,,,,,,,
DA_S39_O2,3,2.11E+00,2.20E+00,1.98E+00,2.96E+00,5.08E+00,,,,,,,,,,,,,,,,,,,,,,,,,,,,,,,,,,,
DA_S39_O2,3,2.12E+00,2.21E+00,2.02E+00,2.99E+00,5.31E+00,,,,,,,,,,,,,,,,,,,,,,,,,,,,,,,,,,,
DA_S39_O2,3,2.13E+00,2.19E+00,2.07E+00,3.02E+00,7.01E+00,,,,,,,,,,,,,,,,,,,,,,,,,,,,,,,,,,,
DA_S39_O2,3,2.14E+00,2.19E+00,2.14E+00,3.06E+00,8.71E+00,,,,,,,,,,,,,,,,,,,,,,,,,,,,,,,,,,,
DA_S39_O2,3,2.14E+00,2.18E+00,2.21E+00,3.11E+00,1.01E+01,,,,,,,,,,,,,,,,,,,,,,,,,,,,,,,,,,,
DA_S39_O2,3,2.15E+00,2.16E+00,2.30E+00,3.15E+00,9.22E+00,,,,,,,,,,,,,,,,,,,,,,,,,,,,,,,,,,,
DA_S39_O2,3,2.16E+00,2.14E+00,2.36E+00,3.19E+00,8.36E+00,,,,,,,,,,,,,,,,,,,,,,,,,,,,,,,,,,,
DA_S39_O2,3,2.17E+00,2.14E+00,2.44E+00,3.24E+00,9.77E+00,,,,,,,,,,,,,,,,,,,,,,,,,,,,,,,,,,,
DA_S39_O2,3,2.18E+00,2.13E+00,2.53E+00,3.31E+00,1.08E+01,,,,,,,,,,,,,,,,,,,,,,,,,,,,,,,,,,,
DA_S39_O2,3,2.19E+00,2.13E+00,2.62E+00,3.38E+00,1.04E+01,,,,,,,,,,,,,,,,,,,,,,,,,,,,,,,,,,,
DA_S39_O2,3,2.19E+00,2.13E+00,2.70E+00,3.44E+00,9.16E+00,,,,,,,,,,,,,,,,,,,,,,,,,,,,,,,,,,,
DA_S39_O2,3,2.20E+00,2.13E+00,2.77E+00,3.50E+00,9.53E+00,,,,,,,,,,,,,,,,,,,,,,,,,,,,,,,,,,,
DA_S39_O2,3,2.21E+00,2.13E+00,2.86E+00,3.56E+00,1.00E+01,,,,,,,,,,,,,,,,,,,,,,,,,,,,,,,,,,,
DA_S39_O2,3,2.22E+00,2.13E+00,2.94E+00,3.63E+00,1.05E+01,,,,,,,,,,,,,,,,,,,,,,,,,,,,,,,,,,,
DA_S39_O2,3,2.23E+00,2.12E+00,3.03E+00,3.70E+00,1.00E+01,,,,,,,,,,,,,,,,,,,,,,,,,,,,,,,,,,,
DA_S39_O2,3,2.24E+00,2.13E+00,3.10E+00,3.76E+00,8.80E+00,,,,,,,,,,,,,,,,,,,,,,,,,,,,,,,,,,,
DA_S39_O2,3,2.24E+00,2.12E+00,3.18E+00,3.82E+00,9.28E+00,,,,,,,,,,,,,,,,,,,,,,,,,,,,,,,,,,,
DA_S39_O2,3,2.25E+00,2.12E+00,3.26E+00,3.89E+00,1.00E+01,,,,,,,,,,,,,,,,,,,,,,,,,,,,,,,,,,,
DA_S39_O2,3,2.26E+00,2.12E+00,3.35E+00,3.96E+00,1.07E+01,,,,,,,,,,,,,,,,,,,,,,,,,,,,,,,,,,,
DA_S39_O2,3,2.27E+00,2.12E+00,3.44E+00,4.04E+00,1.10E+01,,,,,,,,,,,,,,,,,,,,,,,,,,,,,,,,,,,
DA_S39_O2,3,2.28E+00,2.13E+00,3.53E+00,4.12E+00,1.17E+01,,,,,,,,,,,,,,,,,,,,,,,,,,,,,,,,,,,
DA_S39_O2,3,2.29E+00,2.14E+00,3.63E+00,4.21E+00,1.02E+01,,,,,,,,,,,,,,,,,,,,,,,,,,,,,,,,,,,
DA_S39_O2,3,2.29E+00,2.14E+00,3.70E+00,4.27E+00,9.53E+00,,,,,,,,,,,,,,,,,,,,,,,,,,,,,,,,,,,
DA_S39_O2,3,2.30E+00,2.14E+00,3.79E+00,4.35E+00,1.21E+01,,,,,,,,,,,,,,,,,,,,,,,,,,,,,,,,,,,
DA_S39_O2,3,2.31E+00,2.15E+00,3.90E+00,4.45E+00,1.32E+01,,,,,,,,,,,,,,,,,,,,,,,,,,,,,,,,,,,
DA_S39_O2,3,2.32E+00,2.16E+00,4.01E+00,4.56E+00,1.45E+01,,,,,,,,,,,,,,,,,,,,,,,,,,,,,,,,,,,
DA_S39_O2,3,2.33E+00,2.16E+00,4.14E+00,4.67E+00,1.49E+01,,,,,,,,,,,,,,,,,,,,,,,,,,,,,,,,,,,
DA_S39_O2,3,2.34E+00,2.18E+00,4.26E+00,4.78E+00,1.38E+01,,,,,,,,,,,,,,,,,,,,,,,,,,,,,,,,,,,
DA_S39_O2,3,2.34E+00,2.20E+00,4.37E+00,4.89E+00,1.38E+01,,,,,,,,,,,,,,,,,,,,,,,,,,,,,,,,,,,
DA_S39_O2,3,2.35E+00,2.19E+00,4.49E+00,4.99E+00,1.33E+01,,,,,,,,,,,,,,,,,,,,,,,,,,,,,,,,,,,
DA_S39_O2,3,2.36E+00,2.19E+00,4.59E+00,5.09E+00,1.30E+01,,,,,,,,,,,,,,,,,,,,,,,,,,,,,,,,,,,
DA_S39_O2,3,2.37E+00,2.19E+00,4.70E+00,5.19E+00,1.40E+01,,,,,,,,,,,,,,,,,,,,,,,,,,,,,,,,,,,
DA_S39_O2,3,2.38E+00,2.19E+00,4.82E+00,5.30E+00,1.46E+01,,,,,,,,,,,,,,,,,,,,,,,,,,,,,,,,,,,
DA_S39_O2,3,2.39E+00,2.20E+00,4.95E+00,5.41E+00,,,,,,,,,,,,,,,,,,,,,,,,,,,,,,,,,,,,
,,,,,,,,,,,,,,,,,,,,,,,,,,,,,,,,,,,,,,,,,
DA_S39_O2,4,2.84E+00,1.87E+00,1.95E+00,2.70E+00,,,,,,,,,,,,,,,,,,,,,,,,,,,,,,,,,,,,
DA_S39_O2,4,2.84E+00,1.85E+00,2.01E+00,2.74E+00,7.67E+00,,,,,,,,,,,,,,,,,,,,,,,,,,,,,,,,,,,
DA_S39_O2,4,2.85E+00,1.85E+00,2.08E+00,2.78E+00,9.91E+00,,,,,,,,,,,,,,,,,,,,,,,,,,,,,,,,,,,
DA_S39_O2,4,2.86E+00,1.84E+00,2.18E+00,2.85E+00,9.91E+00,,,,,,,,,,,,,,,,,,,,,,,,,,,,,,,,,,,
DA_S39_O2,4,2.87E+00,1.83E+00,2.24E+00,2.90E+00,8.43E+00,,,,,,,,,,,,,,,,,,,,,,,,,,,,,,,,,,,
DA_S39_O2,4,2.88E+00,1.83E+00,2.32E+00,2.95E+00,8.32E+00,,,,,,,,,,,,,,,,,,,,,,,,,,,,,,,,,,,
DA_S39_O2,4,2.89E+00,1.83E+00,2.38E+00,3.01E+00,8.07E+00,,,,,,,,,,,,,,,,,,,,,,,,,,,,,,,,,,,
DA_S39_O2,4,2.89E+00,1.82E+00,2.45E+00,3.06E+00,9.55E+00,,,,,,,,,,,,,,,,,,,,,,,,,,,,,,,,,,,
DA_S39_O2,4,2.90E+00,1.80E+00,2.54E+00,3.11E+00,1.23E+01,,,,,,,,,,,,,,,,,,,,,,,,,,,,,,,,,,,
DA_S39_O2,4,2.91E+00,1.78E+00,2.65E+00,3.19E+00,1.23E+01,,,,,,,,,,,,,,,,,,,,,,,,,,,,,,,,,,,
DA_S39_O2,4,2.92E+00,1.78E+00,2.74E+00,3.27E+00,1.17E+01,,,,,,,,,,,,,,,,,,,,,,,,,,,,,,,,,,,
DA_S39_O2,4,2.93E+00,1.80E+00,2.84E+00,3.36E+00,1.38E+01,,,,,,,,,,,,,,,,,,,,,,,,,,,,,,,,,,,
DA_S39_O2,4,2.94E+00,1.81E+00,2.97E+00,3.48E+00,1.43E+01,,,,,,,,,,,,,,,,,,,,,,,,,,,,,,,,,,,
DA_S39_O2,4,2.94E+00,1.83E+00,3.08E+00,3.58E+00,1.25E+01,,,,,,,,,,,,,,,,,,,,,,,,,,,,,,,,,,,
DA_S39_O2,4,2.95E+00,1.83E+00,3.18E+00,3.67E+00,1.18E+01,,,,,,,,,,,,,,,,,,,,,,,,,,,,,,,,,,,
DA_S39_O2,4,2.96E+00,1.83E+00,3.28E+00,3.76E+00,1.25E+01,,,,,,,,,,,,,,,,,,,,,,,,,,,,,,,,,,,
DA_S39_O2,4,2.97E+00,1.84E+00,3.39E+00,3.86E+00,1.41E+01,,,,,,,,,,,,,,,,,,,,,,,,,,,,,,,,,,,
DA_S39_O2,4,2.98E+00,1.84E+00,3.51E+00,3.97E+00,1.45E+01,,,,,,,,,,,,,,,,,,,,,,,,,,,,,,,,,,,
DA_S39_O2,4,2.99E+00,1.84E+00,3.63E+00,4.07E+00,1.49E+01,,,,,,,,,,,,,,,,,,,,,,,,,,,,,,,,,,,
DA_S39_O2,4,2.99E+00,1.83E+00,3.76E+00,4.18E+00,1.51E+01,,,,,,,,,,,,,,,,,,,,,,,,,,,,,,,,,,,
DA_S39_O2,4,3.00E+00,1.84E+00,3.88E+00,4.29E+00,1.46E+01,,,,,,,,,,,,,,,,,,,,,,,,,,,,,,,,,,,
DA_S39_O2,4,3.01E+00,1.84E+00,4.01E+00,4.41E+00,1.48E+01,,,,,,,,,,,,,,,,,,,,,,,,,,,,,,,,,,,
DA_S39_O2,4,3.02E+00,1.83E+00,4.13E+00,4.52E+00,1.43E+01,,,,,,,,,,,,,,,,,,,,,,,,,,,,,,,,,,,
DA_S39_O2,4,3.03E+00,1.83E+00,4.25E+00,4.63E+00,1.46E+01,,,,,,,,,,,,,,,,,,,,,,,,,,,,,,,,,,,
DA_S39_O2,4,3.04E+00,1.84E+00,4.37E+00,4.74E+00,1.47E+01,,,,,,,,,,,,,,,,,,,,,,,,,,,,,,,,,,,
DA_S39_O2,4,3.04E+00,1.84E+00,4.49E+00,4.85E+00,1.41E+01,,,,,,,,,,,,,,,,,,,,,,,,,,,,,,,,,,,
DA_S39_O2,4,3.05E+00,1.83E+00,4.61E+00,4.96E+00,1.41E+01,,,,,,,,,,,,,,,,,,,,,,,,,,,,,,,,,,,
DA_S39_O2,4,3.06E+00,1.83E+00,4.73E+00,5.07E+00,1.49E+01,,,,,,,,,,,,,,,,,,,,,,,,,,,,,,,,,,,
DA_S39_O2,4,3.07E+00,1.82E+00,4.85E+00,5.18E+00,1.48E+01,,,,,,,,,,,,,,,,,,,,,,,,,,,,,,,,,,,
DA_S39_O2,4,3.08E+00,1.82E+00,4.97E+00,5.30E+00,1.44E+01,,,,,,,,,,,,,,,,,,,,,,,,,,,,,,,,,,,
DA_S39_O2,4,3.09E+00,1.80E+00,5.09E+00,5.40E+00,,,,,,,,,,,,,,,,,,,,,,,,,,,,,,,,,,,,
,,,,,,,,,,,,,,,,,,,,,,,,,,,,,,,,,,,,,,,,,
DA_S39_O2,5,5.43E+00,1.60E+00,2.09E+00,2.63E+00,,,,,,,,,,,,,,,,,,,,,,,,,,,,,,,,,,,,
DA_S39_O2,5,5.44E+00,1.63E+00,2.19E+00,2.73E+00,1.26E+01,,,,,,,,,,,,,,,,,,,,,,,,,,,,,,,,,,,
DA_S39_O2,5,5.45E+00,1.64E+00,2.29E+00,2.82E+00,1.14E+01,,,,,,,,,,,,,,,,,,,,,,,,,,,,,,,,,,,
DA_S39_O2,5,5.46E+00,1.64E+00,2.38E+00,2.89E+00,1.20E+01,,,,,,,,,,,,,,,,,,,,,,,,,,,,,,,,,,,
DA_S39_O2,5,5.46E+00,1.67E+00,2.49E+00,3.00E+00,1.37E+01,,,,,,,,,,,,,,,,,,,,,,,,,,,,,,,,,,,
DA_S39_O2,5,5.47E+00,1.69E+00,2.60E+00,3.10E+00,1.35E+01,,,,,,,,,,,,,,,,,,,,,,,,,,,,,,,,,,,
DA_S39_O2,5,5.48E+00,1.70E+00,2.71E+00,3.20E+00,1.31E+01,,,,,,,,,,,,,,,,,,,,,,,,,,,,,,,,,,,
DA_S39_O2,5,5.49E+00,1.72E+00,2.82E+00,3.30E+00,1.34E+01,,,,,,,,,,,,,,,,,,,,,,,,,,,,,,,,,,,
DA_S39_O2,5,5.50E+00,1.74E+00,2.93E+00,3.41E+00,1.34E+01,,,,,,,,,,,,,,,,,,,,,,,,,,,,,,,,,,,
DA_S39_O2,5,5.51E+00,1.77E+00,3.04E+00,3.52E+00,1.30E+01,,,,,,,,,,,,,,,,,,,,,,,,,,,,,,,,,,,
DA_S39_O2,5,5.51E+00,1.79E+00,3.15E+00,3.62E+00,1.30E+01,,,,,,,,,,,,,,,,,,,,,,,,,,,,,,,,,,,
DA_S39_O2,5,5.52E+00,1.82E+00,3.25E+00,3.72E+00,1.35E+01,,,,,,,,,,,,,,,,,,,,,,,,,,,,,,,,,,,
DA_S39_O2,5,5.53E+00,1.82E+00,3.37E+00,3.83E+00,1.27E+01,,,,,,,,,,,,,,,,,,,,,,,,,,,,,,,,,,,
DA_S39_O2,5,5.54E+00,1.85E+00,3.46E+00,3.92E+00,1.30E+01,,,,,,,,,,,,,,,,,,,,,,,,,,,,,,,,,,,
DA_S39_O2,5,5.55E+00,1.86E+00,3.58E+00,4.04E+00,1.23E+01,,,,,,,,,,,,,,,,,,,,,,,,,,,,,,,,,,,
DA_S39_O2,5,5.56E+00,1.88E+00,3.66E+00,4.12E+00,1.45E+01,,,,,,,,,,,,,,,,,,,,,,,,,,,,,,,,,,,
DA_S39_O2,5,5.56E+00,1.91E+00,3.82E+00,4.27E+00,1.53E+01,,,,,,,,,,,,,,,,,,,,,,,,,,,,,,,,,,,
DA_S39_O2,5,5.57E+00,1.93E+00,3.91E+00,4.36E+00,1.23E+01,,,,,,,,,,,,,,,,,,,,,,,,,,,,,,,,,,,
DA_S39_O2,5,5.58E+00,1.94E+00,4.02E+00,4.47E+00,1.38E+01,,,,,,,,,,,,,,,,,,,,,,,,,,,,,,,,,,,
DA_S39_O2,5,5.59E+00,1.97E+00,4.14E+00,4.58E+00,1.61E+01,,,,,,,,,,,,,,,,,,,,,,,,,,,,,,,,,,,
DA_S39_O2,5,5.60E+00,1.99E+00,4.29E+00,4.73E+00,1.55E+01,,,,,,,,,,,,,,,,,,,,,,,,,,,,,,,,,,,
DA_S39_O2,5,5.61E+00,2.00E+00,4.40E+00,4.83E+00,1.50E+01,,,,,,,,,,,,,,,,,,,,,,,,,,,,,,,,,,,
DA_S39_O2,5,5.61E+00,2.03E+00,4.53E+00,4.97E+00,1.72E+01,,,,,,,,,,,,,,,,,,,,,,,,,,,,,,,,,,,
DA_S39_O2,5,5.62E+00,2.06E+00,4.68E+00,5.11E+00,1.66E+01,,,,,,,,,,,,,,,,,,,,,,,,,,,,,,,,,,,
DA_S39_O2,5,5.63E+00,2.06E+00,4.81E+00,5.23E+00,1.57E+01,,,,,,,,,,,,,,,,,,,,,,,,,,,,,,,,,,,
DA_S39_O2,5,5.64E+00,2.07E+00,4.94E+00,5.35E+00,1.70E+01,,,,,,,,,,,,,,,,,,,,,,,,,,,,,,,,,,,
DA_S39_O2,5,5.65E+00,2.07E+00,5.09E+00,5.50E+00,1.65E+01,,,,,,,,,,,,,,,,,,,,,,,,,,,,,,,,,,,
DA_S39_O2,5,5.66E+00,2.08E+00,5.22E+00,5.61E+00,1.39E+01,,,,,,,,,,,,,,,,,,,,,,,,,,,,,,,,,,,
DA_S39_O2,5,5.66E+00,2.07E+00,5.32E+00,5.71E+00,1.35E+01,,,,,,,,,,,,,,,,,,,,,,,,,,,,,,,,,,,
DA_S39_O2,5,5.67E+00,2.06E+00,5.44E+00,5.82E+00,1.53E+01,,,,,,,,,,,,,,,,,,,,,,,,,,,,,,,,,,,
DA_S39_O2,5,5.68E+00,2.06E+00,5.58E+00,5.95E+00,1.75E+01,,,,,,,,,,,,,,,,,,,,,,,,,,,,,,,,,,,
DA_S39_O2,5,5.69E+00,2.06E+00,5.73E+00,6.09E+00,1.64E+01,,,,,,,,,,,,,,,,,,,,,,,,,,,,,,,,,,,
DA_S39_O2,5,5.70E+00,2.05E+00,5.85E+00,6.20E+00,1.47E+01,,,,,,,,,,,,,,,,,,,,,,,,,,,,,,,,,,,
DA_S39_O2,5,5.71E+00,2.04E+00,5.98E+00,6.31E+00,,,,,,,,,,,,,,,,,,,,,,,,,,,,,,,,,,,,
,,,,,,,,,,,,,,,,,,,,,,,,,,,,,,,,,,,,,,,,,
DA_S40_O1,1,5.76E-01,1.48E+00,9.66E-01,1.77E+00,,,,,,,,,,,,,,,,,,,,,,,,,,,,,,,,,,,,
DA_S40_O1,1,5.84E-01,1.48E+00,1.13E+00,1.87E+00,1.89E+01,,,,,,,,,,,,,,,,,,,,,,,,,,,,,,,,,,,
DA_S40_O1,1,5.92E-01,1.51E+00,1.28E+00,1.98E+00,1.84E+01,,,,,,,,,,,,,,,,,,,,,,,,,,,,,,,,,,,
DA_S40_O1,1,6.01E-01,1.49E+00,1.44E+00,2.07E+00,1.97E+01,,,,,,,,,,,,,,,,,,,,,,,,,,,,,,,,,,,
DA_S40_O1,1,6.09E-01,1.50E+00,1.61E+00,2.20E+00,1.98E+01,,,,,,,,,,,,,,,,,,,,,,,,,,,,,,,,,,,
DA_S40_O1,1,6.17E-01,1.52E+00,1.77E+00,2.33E+00,1.89E+01,,,,,,,,,,,,,,,,,,,,,,,,,,,,,,,,,,,
DA_S40_O1,1,6.26E-01,1.51E+00,1.92E+00,2.45E+00,1.87E+01,,,,,,,,,,,,,,,,,,,,,,,,,,,,,,,,,,,
DA_S40_O1,1,6.34E-01,1.52E+00,2.08E+00,2.57E+00,1.82E+01,,,,,,,,,,,,,,,,,,,,,,,,,,,,,,,,,,,
DA_S40_O1,1,6.42E-01,1.50E+00,2.23E+00,2.68E+00,1.95E+01,,,,,,,,,,,,,,,,,,,,,,,,,,,,,,,,,,,
DA_S40_O1,1,6.51E-01,1.49E+00,2.40E+00,2.83E+00,1.94E+01,,,,,,,,,,,,,,,,,,,,,,,,,,,,,,,,,,,
DA_S40_O1,1,6.59E-01,1.49E+00,2.55E+00,2.95E+00,1.85E+01,,,,,,,,,,,,,,,,,,,,,,,,,,,,,,,,,,,
DA_S40_O1,1,6.67E-01,1.48E+00,2.71E+00,3.09E+00,1.75E+01,"tracked for longer than I needed to, probably can trim",,,,,,,,,,,,,,,,,,,,,,,,,,,,,,,,,,
DA_S40_O1,1,6.76E-01,1.45E+00,2.84E+00,3.19E+00,1.69E+01,,,,,,,,,,,,,,,,,,,,,,,,,,,,,,,,,,,
DA_S40_O1,1,6.84E-01,1.44E+00,2.99E+00,3.32E+00,1.47E+01,,,,,,,,,,,,,,,,,,,,,,,,,,,,,,,,,,,
DA_S40_O1,1,6.92E-01,1.45E+00,3.09E+00,3.41E+00,1.50E+01,,,,,,,,,,,,,,,,,,,,,,,,,,,,,,,,,,,
DA_S40_O1,1,7.01E-01,1.47E+00,3.24E+00,3.56E+00,1.62E+01,,,,,,,,,,,,,,,,,,,,,,,,,,,,,,,,,,,
DA_S40_O1,1,7.09E-01,1.48E+00,3.35E+00,3.67E+00,1.56E+01,,,,,,,,,,,,,,,,,,,,,,,,,,,,,,,,,,,
DA_S40_O1,1,7.17E-01,1.48E+00,3.50E+00,3.80E+00,1.87E+01,,,,,,,,,,,,,,,,,,,,,,,,,,,,,,,,,,,
DA_S40_O1,1,7.26E-01,1.49E+00,3.67E+00,3.96E+00,1.99E+01,,,,,,,,,,,,,,,,,,,,,,,,,,,,,,,,,,,
DA_S40_O1,1,7.34E-01,1.48E+00,3.83E+00,4.11E+00,1.63E+01,,,,,,,,,,,,,,,,,,,,,,,,,,,,,,,,,,,
DA_S40_O1,1,7.42E-01,1.48E+00,3.94E+00,4.21E+00,1.47E+01,,,,,,,,,,,,,,,,,,,,,,,,,,,,,,,,,,,
DA_S40_O1,1,7.51E-01,1.50E+00,4.07E+00,4.34E+00,1.86E+01,,,,,,,,,,,,,,,,,,,,,,,,,,,,,,,,,,,
DA_S40_O1,1,7.59E-01,1.51E+00,4.25E+00,4.51E+00,2.21E+01,,,,,,,,,,,,,,,,,,,,,,,,,,,,,,,,,,,
DA_S40_O1,1,7.67E-01,1.50E+00,4.44E+00,4.69E+00,2.22E+01,,,,,,,,,,,,,,,,,,,,,,,,,,,,,,,,,,,
DA_S40_O1,1,7.76E-01,1.49E+00,4.62E+00,4.85E+00,1.98E+01,,,,,,,,,,,,,,,,,,,,,,,,,,,,,,,,,,,
DA_S40_O1,1,7.84E-01,1.48E+00,4.77E+00,5.00E+00,1.54E+01,,,,,,,,,,,,,,,,,,,,,,,,,,,,,,,,,,,
DA_S40_O1,1,7.92E-01,1.48E+00,4.87E+00,5.09E+00,1.60E+01,,,,,,,,,,,,,,,,,,,,,,,,,,,,,,,,,,,
DA_S40_O1,1,8.01E-01,1.47E+00,5.04E+00,5.25E+00,2.13E+01,,,,,,,,,,,,,,,,,,,,,,,,,,,,,,,,,,,
DA_S40_O1,1,8.09E-01,1.46E+00,5.23E+00,5.43E+00,2.18E+01,,,,,,,,,,,,,,,,,,,,,,,,,,,,,,,,,,,
DA_S40_O1,1,8.17E-01,1.43E+00,5.40E+00,5.59E+00,2.25E+01,,,,,,,,,,,,,,,,,,,,,,,,,,,,,,,,,,,
DA_S40_O1,1,8.26E-01,1.41E+00,5.60E+00,5.77E+00,2.15E+01,,,,,,,,,,,,,,,,,,,,,,,,,,,,,,,,,,,
DA_S40_O1,1,8.34E-01,1.37E+00,5.75E+00,5.91E+00,,,,,,,,,,,,,,,,,,,,,,,,,,,,,,,,,,,,
DA_S40_O1,,,,,,,,,,,,,,,,,,,,,,,,,,,,,,,,,,,,,,,,,
DA_S40_O1,2,1.33E+00,2.56E+00,1.11E+00,2.79E+00,,,,,,,,,,,,,,,,,,,,,,,,,,,,,,,,,,,,
DA_S40_O1,2,1.33E+00,2.57E+00,1.21E+00,2.84E+00,1.41E+01,,,,,,,,,,,,,,,,,,,,,,,,,,,,,,,,,,,
DA_S40_O1,2,1.34E+00,2.57E+00,1.34E+00,2.90E+00,1.68E+01,,,,,,,,,,,,,,,,,,,,,,,,,,,,,,,,,,,
DA_S40_O1,2,1.35E+00,2.60E+00,1.49E+00,2.99E+00,1.62E+01,,,,,,,,,,,,,,,,,,,,,,,,,,,,,,,,,,,
DA_S40_O1,2,1.36E+00,2.61E+00,1.61E+00,3.06E+00,1.65E+01,,,,,,,,,,,,,,,,,,,,,,,,,,,,,,,,,,,
DA_S40_O1,2,1.37E+00,2.61E+00,1.76E+00,3.15E+00,1.78E+01,,,,,,,,,,,,,,,,,,,,,,,,,,,,,,,,,,,
DA_S40_O1,2,1.38E+00,2.61E+00,1.90E+00,3.23E+00,1.71E+01,,,,,,,,,,,,,,,,,,,,,,,,,,,,,,,,,,,
DA_S40_O1,2,1.38E+00,2.62E+00,2.05E+00,3.33E+00,1.80E+01,,,,,,,,,,,,,,,,,,,,,,,,,,,,,,,,,,,
DA_S40_O1,2,1.39E+00,2.64E+00,2.20E+00,3.44E+00,1.86E+01,,,,,,,,,,,,,,,,,,,,,,,,,,,,,,,,,,,
DA_S40_O1,2,1.40E+00,2.65E+00,2.36E+00,3.54E+00,1.80E+01,,,,,,,,,,,,,,,,,,,,,,,,,,,,,,,,,,,
DA_S40_O1,2,1.41E+00,2.67E+00,2.50E+00,3.66E+00,1.65E+01,,,,,,,,,,,,,,,,,,,,,,,,,,,,,,,,,,,
DA_S40_O1,2,1.42E+00,2.67E+00,2.63E+00,3.75E+00,1.69E+01,,,,,,,,,,,,,,,,,,,,,,,,,,,,,,,,,,,
DA_S40_O1,2,1.43E+00,2.65E+00,2.78E+00,3.85E+00,1.81E+01,,,,,,,,,,,,,,,,,,,,,,,,,,,,,,,,,,,
DA_S40_O1,2,1.43E+00,2.66E+00,2.93E+00,3.96E+00,1.80E+01,,,,,,,,,,,,,,,,,,,,,,,,,,,,,,,,,,,
DA_S40_O1,2,1.44E+00,2.67E+00,3.09E+00,4.08E+00,1.71E+01,,,,,,,,,,,,,,,,,,,,,,,,,,,,,,,,,,,
DA_S40_O1,2,1.45E+00,2.67E+00,3.22E+00,4.18E+00,1.69E+01,,,,,,,,,,,,,,,,,,,,,,,,,,,,,,,,,,,
DA_S40_O1,2,1.46E+00,2.67E+00,3.37E+00,4.29E+00,1.75E+01,,,,,,,,,,,,,,,,,,,,,,,,,,,,,,,,,,,
DA_S40_O1,2,1.47E+00,2.67E+00,3.51E+00,4.41E+00,1.74E+01,,,,,,,,,,,,,,,,,,,,,,,,,,,,,,,,,,,
DA_S40_O1,2,1.48E+00,2.68E+00,3.66E+00,4.53E+00,1.87E+01,,,,,,,,,,,,,,,,,,,,,,,,,,,,,,,,,,,
DA_S40_O1,2,1.48E+00,2.67E+00,3.82E+00,4.66E+00,1.81E+01,,,,,,,,,,,,,,,,,,,,,,,,,,,,,,,,,,,
DA_S40_O1,2,1.49E+00,2.68E+00,3.96E+00,4.78E+00,1.69E+01,,,,,,,,,,,,,,,,,,,,,,,,,,,,,,,,,,,
DA_S40_O1,2,1.50E+00,2.67E+00,4.10E+00,4.89E+00,1.74E+01,,,,,,,,,,,,,,,,,,,,,,,,,,,,,,,,,,,
DA_S40_O1,2,1.51E+00,2.65E+00,4.25E+00,5.01E+00,,,,,,,,,,,,,,,,,,,,,,,,,,,,,,,,,,,,
,,,,,,,,,,,,,,,,,,,,,,,,,,,,,,,,,,,,,,,,,
DA_S40_O1,3,2.76E+00,2.61E+00,1.22E+00,2.88E+00,,,,,,,,,,,,,,,,,,,,,,,,,,,,,,,,,,,,
DA_S40_O1,3,2.77E+00,2.59E+00,1.34E+00,2.92E+00,1.55E+01,,,,,,,,,,,,,,,,,,,,,,,,,,,,,,,,,,,
DA_S40_O1,3,2.78E+00,2.57E+00,1.47E+00,2.96E+00,1.60E+01,,,,,,,,,,,,,,,,,,,,,,,,,,,,,,,,,,,
DA_S40_O1,3,2.79E+00,2.53E+00,1.60E+00,3.00E+00,1.66E+01,,,,,,,,,,,,,,,,,,,,,,,,,,,,,,,,,,,
DA_S40_O1,3,2.79E+00,2.51E+00,1.74E+00,3.06E+00,1.74E+01,,,,,,,,,,,,,,,,,,,,,,,,,,,,,,,,,,,
DA_S40_O1,3,2.80E+00,2.47E+00,1.89E+00,3.11E+00,1.57E+01,,,,,,,,,,,,,,,,,,,,,,,,,,,,,,,,,,,
DA_S40_O1,3,2.81E+00,2.43E+00,1.99E+00,3.14E+00,1.49E+01,,,,,,,,,,,,,,,,,,,,,,,,,,,,,,,,,,,
DA_S40_O1,3,2.82E+00,2.39E+00,2.12E+00,3.20E+00,1.33E+01,,,,,,,,,,,,,,,,,,,,,,,,,,,,,,,,,,,
DA_S40_O1,3,2.83E+00,2.38E+00,2.21E+00,3.25E+00,1.07E+01,,,,,,,,,,,,,,,,,,,,,,,,,,,,,,,,,,,
DA_S40_O1,3,2.84E+00,2.37E+00,2.30E+00,3.30E+00,1.37E+01,,,,,,,,,,,,,,,,,,,,,,,,,,,,,,,,,,,
DA_S40_O1,3,2.84E+00,2.36E+00,2.44E+00,3.39E+00,1.65E+01,,,,,,,,,,,,,,,,,,,,,,,,,,,,,,,,,,,
DA_S40_O1,3,2.85E+00,2.37E+00,2.57E+00,3.50E+00,1.50E+01,,,,,,,,,,,,,,,,,,,,,,,,,,,,,,,,,,,
DA_S40_O1,3,2.86E+00,2.38E+00,2.69E+00,3.59E+00,1.48E+01,,,,,,,,,,,,,,,,,,,,,,,,,,,,,,,,,,,
DA_S40_O1,3,2.87E+00,2.36E+00,2.82E+00,3.68E+00,1.46E+01,,,,,,,,,,,,,,,,,,,,,,,,,,,,,,,,,,,
DA_S40_O1,3,2.88E+00,2.36E+00,2.93E+00,3.76E+00,1.31E+01,,,,,,,,,,,,,,,,,,,,,,,,,,,,,,,,,,,
DA_S40_O1,3,2.89E+00,2.38E+00,3.04E+00,3.86E+00,1.50E+01,,,,,,,,,,,,,,,,,,,,,,,,,,,,,,,,,,,
DA_S40_O1,3,2.89E+00,2.37E+00,3.18E+00,3.97E+00,1.50E+01,,,,,,,,,,,,,,,,,,,,,,,,,,,,,,,,,,,
DA_S40_O1,3,2.90E+00,2.37E+00,3.29E+00,4.06E+00,1.59E+01,,,,,,,,,,,,,,,,,,,,,,,,,,,,,,,,,,,
DA_S40_O1,3,2.91E+00,2.38E+00,3.44E+00,4.18E+00,1.94E+01,,,,,,,,,,,,,,,,,,,,,,,,,,,,,,,,,,,
DA_S40_O1,3,2.92E+00,2.37E+00,3.61E+00,4.32E+00,2.02E+01,,,,,,,,,,,,,,,,,,,,,,,,,,,,,,,,,,,
DA_S40_O1,3,2.93E+00,2.37E+00,3.78E+00,4.47E+00,1.69E+01,,,,,,,,,,,,,,,,,,,,,,,,,,,,,,,,,,,
DA_S40_O1,3,2.94E+00,2.35E+00,3.90E+00,4.55E+00,1.61E+01,,,,,,,,,,,,,,,,,,,,,,,,,,,,,,,,,,,
DA_S40_O1,3,2.94E+00,2.33E+00,4.05E+00,4.67E+00,2.09E+01,,,,,,,,,,,,,,,,,,,,,,,,,,,,,,,,,,,
DA_S40_O1,3,2.95E+00,2.34E+00,4.24E+00,4.85E+00,2.32E+01,,,,,,,,,,,,,,,,,,,,,,,,,,,,,,,,,,,
DA_S40_O1,3,2.96E+00,2.36E+00,4.43E+00,5.02E+00,,,,,,,,,,,,,,,,,,,,,,,,,,,,,,,,,,,,
,,,,,,,,,,,,,,,,,,,,,,,,,,,,,,,,,,,,,,,,,
DA_S40_O1,4,3.79E+00,2.25E+00,1.30E+00,2.60E+00,,,,,,,,,,,,,,,,,,,,,,,,,,,,,,,,,,,,
DA_S40_O1,4,3.80E+00,2.27E+00,1.40E+00,2.67E+00,1.59E+01,,,,,,,,,,,,,,,,,,,,,,,,,,,,,,,,,,,
DA_S40_O1,4,3.80E+00,2.29E+00,1.56E+00,2.77E+00,1.81E+01,,,,,,,,,,,,,,,,,,,,,,,,,,,,,,,,,,,
DA_S40_O1,4,3.81E+00,2.33E+00,1.70E+00,2.89E+00,1.68E+01,,,,,,,,,,,,,,,,,,,,,,,,,,,,,,,,,,,
DA_S40_O1,4,3.82E+00,2.30E+00,1.84E+00,2.95E+00,1.78E+01,,,,,,,,,,,,,,,,,,,,,,,,,,,,,,,,,,,
DA_S40_O1,4,3.83E+00,2.28E+00,1.99E+00,3.02E+00,1.51E+01,,,,,,,,,,,,,,,,,,,,,,,,,,,,,,,,,,,
DA_S40_O1,4,3.84E+00,2.27E+00,2.09E+00,3.08E+00,1.52E+01,,,,,,,,,,,,,,,,,,,,,,,,,,,,,,,,,,,
DA_S40_O1,4,3.85E+00,2.25E+00,2.24E+00,3.18E+00,1.77E+01,,,,,,,,,,,,,,,,,,,,,,,,,,,,,,,,,,,
DA_S40_O1,4,3.85E+00,2.24E+00,2.39E+00,3.27E+00,1.82E+01,,,,,,,,,,,,,,,,,,,,,,,,,,,,,,,,,,,
DA_S40_O1,4,3.86E+00,2.23E+00,2.55E+00,3.39E+00,1.79E+01,,,,,,,,,,,,,,,,,,,,,,,,,,,,,,,,,,,
DA_S40_O1,4,3.87E+00,2.22E+00,2.69E+00,3.48E+00,1.67E+01,,,,,,,,,,,,,,,,,,,,,,,,,,,,,,,,,,,
DA_S40_O1,4,3.88E+00,2.22E+00,2.82E+00,3.59E+00,1.86E+01,,,,,,,,,,,,,,,,,,,,,,,,,,,,,,,,,,,
DA_S40_O1,4,3.89E+00,2.20E+00,2.99E+00,3.71E+00,1.75E+01,,,,,,,,,,,,,,,,,,,,,,,,,,,,,,,,,,,
DA_S40_O1,4,3.90E+00,2.18E+00,3.11E+00,3.80E+00,1.61E+01,,,,,,,,,,,,,,,,,,,,,,,,,,,,,,,,,,,
DA_S40_O1,4,3.90E+00,2.18E+00,3.26E+00,3.92E+00,1.95E+01,,,,,,,,,,,,,,,,,,,,,,,,,,,,,,,,,,,
DA_S40_O1,4,3.91E+00,2.16E+00,3.44E+00,4.06E+00,1.47E+01,,,,,,,,,,,,,,,,,,,,,,,,,,,,,,,,,,,
DA_S40_O1,4,3.92E+00,2.15E+00,3.51E+00,4.11E+00,1.15E+01,,,,,,,,,,,,,,,,,,,,,,,,,,,,,,,,,,,
DA_S40_O1,4,3.93E+00,2.14E+00,3.63E+00,4.21E+00,1.51E+01,,,,,,,,,,,,,,,,,,,,,,,,,,,,,,,,,,,
DA_S40_O1,4,3.94E+00,2.11E+00,3.75E+00,4.30E+00,1.69E+01,,,,,,,,,,,,,,,,,,,,,,,,,,,,,,,,,,,
DA_S40_O1,4,3.95E+00,2.13E+00,3.91E+00,4.45E+00,1.71E+01,,,,,,,,,,,,,,,,,,,,,,,,,,,,,,,,,,,
DA_S40_O1,4,3.95E+00,2.11E+00,4.04E+00,4.56E+00,1.91E+01,,,,,,,,,,,,,,,,,,,,,,,,,,,,,,,,,,,
DA_S40_O1,4,3.96E+00,2.11E+00,4.23E+00,4.73E+00,1.80E+01,,,,,,,,,,,,,,,,,,,,,,,,,,,,,,,,,,,
DA_S40_O1,4,3.97E+00,2.12E+00,4.34E+00,4.83E+00,1.83E+01,,,,,,,,,,,,,,,,,,,,,,,,,,,,,,,,,,,
DA_S40_O1,4,3.98E+00,2.08E+00,4.53E+00,4.99E+00,,,,,,,,,,,,,,,,,,,,,,,,,,,,,,,,,,,,
,,,,,,,,,,,,,,,,,,,,,,,,,,,,,,,,,,,,,,,,,
DA_S40_O1,5,5.36E+00,2.89E+00,1.32E+00,3.17E+00,,,,,,,,,,,,,,,,,,,,,,,,,,,,,,,,,,,,
DA_S40_O1,5,5.36E+00,2.89E+00,1.51E+00,3.26E+00,2.02E+01,,,,,,,,,,,,,,,,,,,,,,,,,,,,,,,,,,,
DA_S40_O1,5,5.37E+00,2.89E+00,1.65E+00,3.33E+00,2.06E+01,,,,,,,,,,,,,,,,,,,,,,,,,,,,,,,,,,,
DA_S40_O1,5,5.38E+00,2.89E+00,1.85E+00,3.43E+00,2.33E+01,,,,,,,,,,,,,,,,,,,,,,,,,,,,,,,,,,,
DA_S40_O1,5,5.39E+00,2.89E+00,2.04E+00,3.54E+00,2.23E+01,,,,,,,,,,,,,,,,,,,,,,,,,,,,,,,,,,,
DA_S40_O1,5,5.40E+00,2.90E+00,2.23E+00,3.65E+00,2.11E+01,,,,,,,,,,,,,,,,,,,,,,,,,,,,,,,,,,,
DA_S40_O1,5,5.41E+00,2.90E+00,2.40E+00,3.76E+00,2.25E+01,,,,,,,,,,,,,,,,,,,,,,,,,,,,,,,,,,,
DA_S40_O1,5,5.41E+00,2.88E+00,2.60E+00,3.88E+00,2.37E+01,,,,,,,,,,,,,,,,,,,,,,,,,,,,,,,,,,,
DA_S40_O1,5,5.42E+00,2.89E+00,2.79E+00,4.01E+00,2.23E+01,,,,,,,,,,,,,,,,,,,,,,,,,,,,,,,,,,,
DA_S40_O1,5,5.43E+00,2.89E+00,2.97E+00,4.15E+00,2.27E+01,,,,,,,,,,,,,,,,,,,,,,,,,,,,,,,,,,,
DA_S40_O1,5,5.44E+00,2.89E+00,3.17E+00,4.29E+00,2.32E+01,,,,,,,,,,,,,,,,,,,,,,,,,,,,,,,,,,,
DA_S40_O1,5,5.45E+00,2.92E+00,3.36E+00,4.45E+00,2.20E+01,,,,,,,,,,,,,,,,,,,,,,,,,,,,,,,,,,,
DA_S40_O1,5,5.46E+00,2.92E+00,3.53E+00,4.58E+00,2.27E+01,,,,,,,,,,,,,,,,,,,,,,,,,,,,,,,,,,,
DA_S40_O1,5,5.46E+00,2.91E+00,3.74E+00,4.74E+00,2.37E+01,,,,,,,,,,,,,,,,,,,,,,,,,,,,,,,,,,,
DA_S40_O1,5,5.47E+00,2.91E+00,3.93E+00,4.89E+00,2.45E+01,,,,,,,,,,,,,,,,,,,,,,,,,,,,,,,,,,,
DA_S40_O1,5,5.48E+00,2.90E+00,4.15E+00,5.06E+00,2.33E+01,,,,,,,,,,,,,,,,,,,,,,,,,,,,,,,,,,,
DA_S40_O1,5,5.49E+00,2.90E+00,4.32E+00,5.20E+00,2.11E+01,,,,,,,,,,,,,,,,,,,,,,,,,,,,,,,,,,,
DA_S40_O1,5,5.50E+00,2.91E+00,4.50E+00,5.36E+00,,,,,,,,,,,,,,,,,,,,,,,,,,,,,,,,,,,,
,,,,,,,,,,,,,,,,,,,,,,,,,,,,,,,,,,,,,,,,,
DA_S40_O2,1,0.00E+00,1.68E+00,2.74E+00,3.21E+00,,,,,,,,,,,,,,,,,,,,,,,,,,,,,,,,,,,,
DA_S40_O2,1,8.34E-03,1.70E+00,2.87E+00,3.34E+00,1.58E+01,,,,,,,,,,,,,,,,,,,,,,,,,,,,,,,,,,,
DA_S40_O2,1,1.67E-02,1.73E+00,3.00E+00,3.46E+00,1.95E+01,,,,,,,,,,,,,,,,,,,,,,,,,,,,,,,,,,,
DA_S40_O2,1,2.50E-02,1.76E+00,3.19E+00,3.65E+00,1.93E+01,,,,,,,,,,,,,,,,,,,,,,,,,,,,,,,,,,,
DA_S40_O2,1,3.34E-02,1.78E+00,3.32E+00,3.77E+00,2.07E+01,,,,,,,,,,,,,,,,,,,,,,,,,,,,,,,,,,,
DA_S40_O2,1,4.17E-02,1.81E+00,3.53E+00,3.97E+00,2.08E+01,,,,,,,,,,,,,,,,,,,,,,,,,,,,,,,,,,,
DA_S40_O2,1,5.01E-02,1.80E+00,3.66E+00,4.08E+00,1.92E+01,,,,,,,,,,,,,,,,,,,,,,,,,,,,,,,,,,,
DA_S40_O2,1,5.84E-02,1.82E+00,3.85E+00,4.26E+00,2.04E+01,,,,,,,,,,,,,,,,,,,,,,,,,,,,,,,,,,,
DA_S40_O2,1,6.67E-02,1.84E+00,4.00E+00,4.40E+00,2.00E+01,,,,,,,,,,,,,,,,,,,,,,,,,,,,,,,,,,,
DA_S40_O2,1,7.51E-02,1.86E+00,4.18E+00,4.58E+00,2.26E+01,,,,,,,,,,,,,,,,,,,,,,,,,,,,,,,,,,,
DA_S40_O2,1,8.34E-02,1.89E+00,4.38E+00,4.76E+00,2.29E+01,,,,,,,,,,,,,,,,,,,,,,,,,,,,,,,,,,,
DA_S40_O2,1,9.18E-02,1.91E+00,4.56E+00,4.95E+00,2.34E+01,,,,,,,,,,,,,,,,,,,,,,,,,,,,,,,,,,,
DA_S40_O2,1,1.00E-01,1.94E+00,4.76E+00,5.14E+00,2.12E+01,,,,,,,,,,,,,,,,,,,,,,,,,,,,,,,,,,,
DA_S40_O2,1,1.08E-01,1.96E+00,4.91E+00,5.29E+00,1.58E+01,,,,,,,,,,,,,,,,,,,,,,,,,,,,,,,,,,,
DA_S40_O2,1,1.17E-01,2.00E+00,5.02E+00,5.40E+00,1.60E+01,,,,,,,,,,,,,,,,,,,,,,,,,,,,,,,,,,,
DA_S40_O2,1,1.25E-01,2.06E+00,5.16E+00,5.55E+00,2.14E+01,,,,,,,,,,,,,,,,,,,,,,,,,,,,,,,,,,,
DA_S40_O2,1,1.33E-01,2.09E+00,5.36E+00,5.76E+00,2.22E+01,,,,,,,,,,,,,,,,,,,,,,,,,,,,,,,,,,,
DA_S40_O2,1,1.42E-01,2.13E+00,5.52E+00,5.92E+00,1.90E+01,,,,,,,,,,,,,,,,,,,,,,,,,,,,,,,,,,,
DA_S40_O2,1,1.50E-01,2.16E+00,5.67E+00,6.07E+00,,,,,,,,,,,,,,,,,,,,,,,,,,,,,,,,,,,,
,,,,,,,,,,,,,,,,,,,,,,,,,,,,,,,,,,,,,,,,,
DA_S40_O2,2,1.74E+00,1.81E+00,1.86E+00,2.60E+00,,,,,,,,,,,,,,,,,,,,,,,,,,,,,,,,,,,,
DA_S40_O2,2,1.74E+00,1.78E+00,2.00E+00,2.68E+00,1.71E+01,,,,,,,,,,,,,,,,,,,,,,,,,,,,,,,,,,,
DA_S40_O2,2,1.75E+00,1.77E+00,2.14E+00,2.78E+00,1.93E+01,,,,,,,,,,,,,,,,,,,,,,,,,,,,,,,,,,,
DA_S40_O2,2,1.76E+00,1.76E+00,2.33E+00,2.92E+00,2.07E+01,,,,,,,,,,,,,,,,,,,,,,,,,,,,,,,,,,,
DA_S40_O2,2,1.77E+00,1.75E+00,2.49E+00,3.04E+00,1.95E+01,,,,,,,,,,,,,,,,,,,,,,,,,,,,,,,,,,,
DA_S40_O2,2,1.78E+00,1.74E+00,2.65E+00,3.17E+00,1.82E+01,,,,,,,,,,,,,,,,,,,,,,,,,,,,,,,,,,,
DA_S40_O2,2,1.79E+00,1.71E+00,2.79E+00,3.27E+00,1.74E+01,,,,,,,,,,,,,,,,,,,,,,,,,,,,,,,,,,,
DA_S40_O2,2,1.79E+00,1.68E+00,2.94E+00,3.38E+00,1.93E+01,,,,,,,,,,,,,,,,,,,,,,,,,,,,,,,,,,,
DA_S40_O2,2,1.80E+00,1.66E+00,3.11E+00,3.52E+00,2.13E+01,,,,,,,,,,,,,,,,,,,,,,,,,,,,,,,,,,,
DA_S40_O2,2,1.81E+00,1.65E+00,3.29E+00,3.68E+00,2.01E+01,,,,,,,,,,,,,,,,,,,,,,,,,,,,,,,,,,,
DA_S40_O2,2,1.82E+00,1.66E+00,3.44E+00,3.82E+00,1.97E+01,,,,,,,,,,,,,,,,,,,,,,,,,,,,,,,,,,,
DA_S40_O2,2,1.83E+00,1.64E+00,3.62E+00,3.97E+00,2.33E+01,,,,,,,,,,,,,,,,,,,,,,,,,,,,,,,,,,,
DA_S40_O2,2,1.84E+00,1.61E+00,3.83E+00,4.15E+00,2.32E+01,,,,,,,,,,,,,,,,,,,,,,,,,,,,,,,,,,,
DA_S40_O2,2,1.84E+00,1.60E+00,4.00E+00,4.31E+00,2.30E+01,,,,,,,,,,,,,,,,,,,,,,,,,,,,,,,,,,,
DA_S40_O2,2,1.85E+00,1.58E+00,4.21E+00,4.50E+00,2.34E+01,,,,,,,,,,,,,,,,,,,,,,,,,,,,,,,,,,,
DA_S40_O2,2,1.86E+00,1.56E+00,4.39E+00,4.66E+00,2.11E+01,,,,,,,,,,,,,,,,,,,,,,,,,,,,,,,,,,,
DA_S40_O2,2,1.87E+00,1.54E+00,4.56E+00,4.81E+00,2.25E+01,,,,,,,,,,,,,,,,,,,,,,,,,,,,,,,,,,,
DA_S40_O2,2,1.88E+00,1.52E+00,4.76E+00,5.00E+00,2.77E+01,,,,,,,,,,,,,,,,,,,,,,,,,,,,,,,,,,,
DA_S40_O2,2,1.89E+00,1.48E+00,5.02E+00,5.23E+00,,,,,,,,,,,,,,,,,,,,,,,,,,,,,,,,,,,,
,,,,,,,,,,,,,,,,,,,,,,,,,,,,,,,,,,,,,,,,,
DA_S40_O2,3,3.04E+00,1.09E+00,7.22E-01,1.31E+00,,,,,,,,,,,,,,,,,,,,,,,,,,,,,,,,,,,,
DA_S40_O2,3,3.04E+00,1.06E+00,8.76E-01,1.38E+00,1.72E+01,,,,,,,,,,,,,,,,,,,,,,,,,,,,,,,,,,,
DA_S40_O2,3,3.05E+00,1.07E+00,1.01E+00,1.47E+00,1.61E+01,,,,,,,,,,,,,,,,,,,,,,,,,,,,,,,,,,,
DA_S40_O2,3,3.06E+00,1.08E+00,1.14E+00,1.57E+00,1.62E+01,,,,,,,,,,,,,,,,,,,,,,,,,,,,,,,,,,,
DA_S40_O2,3,3.07E+00,1.06E+00,1.28E+00,1.66E+00,1.53E+01,,,,,,,,,,,,,,,,,,,,,,,,,,,,,,,,,,,
DA_S40_O2,3,3.08E+00,1.04E+00,1.40E+00,1.74E+00,1.72E+01,,,,,,,,,,,,,,,,,,,,,,,,,,,,,,,,,,,
DA_S40_O2,3,3.09E+00,9.77E-01,1.55E+00,1.83E+00,2.13E+01,,,,,,,,,,,,,,,,,,,,,,,,,,,,,,,,,,,
DA_S40_O2,3,3.09E+00,9.59E-01,1.74E+00,1.99E+00,2.10E+01,,,,,,,,,,,,,,,,,,,,,,,,,,,,,,,,,,,
DA_S40_O2,3,3.10E+00,9.00E-01,1.89E+00,2.10E+00,1.97E+01,,,,,,,,,,,,,,,,,,,,,,,,,,,,,,,,,,,
DA_S40_O2,3,3.11E+00,8.79E-01,2.06E+00,2.24E+00,1.97E+01,,,,,,,,,,,,,,,,,,,,,,,,,,,,,,,,,,,
DA_S40_O2,3,3.12E+00,9.03E-01,2.22E+00,2.40E+00,1.80E+01,,,,,,,,,,,,,,,,,,,,,,,,,,,,,,,,,,,
DA_S40_O2,3,3.13E+00,8.61E-01,2.36E+00,2.51E+00,2.05E+01,,,,,,,,,,,,,,,,,,,,,,,,,,,,,,,,,,,
DA_S40_O2,3,3.14E+00,8.04E-01,2.55E+00,2.68E+00,2.21E+01,,,,,,,,,,,,,,,,,,,,,,,,,,,,,,,,,,,
DA_S40_O2,3,3.14E+00,7.67E-01,2.72E+00,2.82E+00,2.05E+01,,,,,,,,,,,,,,,,,,,,,,,,,,,,,,,,,,,
DA_S40_O2,3,3.15E+00,7.39E-01,2.89E+00,2.98E+00,2.27E+01,,,,,,,,,,,,,,,,,,,,,,,,,,,,,,,,,,,
DA_S40_O2,3,3.16E+00,7.20E-01,3.09E+00,3.18E+00,2.46E+01,,,,,,,,,,,,,,,,,,,,,,,,,,,,,,,,,,,
DA_S40_O2,3,3.17E+00,6.91E-01,3.30E+00,3.37E+00,2.45E+01,,,,,,,,,,,,,,,,,,,,,,,,,,,,,,,,,,,
DA_S40_O2,3,3.18E+00,6.62E-01,3.50E+00,3.56E+00,2.50E+01,,,,,,,,,,,,,,,,,,,,,,,,,,,,,,,,,,,
DA_S40_O2,3,3.19E+00,6.45E-01,3.71E+00,3.77E+00,2.34E+01,,,,,,,,,,,,,,,,,,,,,,,,,,,,,,,,,,,
DA_S40_O2,3,3.19E+00,6.21E-01,3.89E+00,3.93E+00,1.93E+01,,,,,,,,,,,,,,,,,,,,,,,,,,,,,,,,,,,
DA_S40_O2,3,3.20E+00,5.88E-01,4.03E+00,4.07E+00,,,,,,,,,,,,,,,,,,,,,,,,,,,,,,,,,,,,
,,,,,,,,,,,,,,,,,,,,,,,,,,,,,,,,,,,,,,,,,
DA_S40_O2,4,5.95E+00,1.96E+00,1.94E+00,2.76E+00,,,,,,,,,,,,,,,,,,,,,,,,,,,,,,,,,,,,
DA_S40_O2,4,5.96E+00,1.97E+00,2.10E+00,2.88E+00,2.25E+01,,,,,,,,,,,,,,,,,,,,,,,,,,,,,,,,,,,
DA_S40_O2,4,5.96E+00,1.97E+00,2.31E+00,3.04E+00,2.56E+01,,,,,,,,,,,,,,,,,,,,,,,,,,,,,,,,,,,
DA_S40_O2,4,5.97E+00,1.99E+00,2.52E+00,3.21E+00,2.23E+01,,,,,,,,,,,,,,,,,,,,,,,,,,,,,,,,,,,
DA_S40_O2,4,5.98E+00,2.00E+00,2.68E+00,3.35E+00,1.98E+01,,,,,,,,,,,,,,,,,,,,,,,,,,,,,,,,,,,
DA_S40_O2,4,5.99E+00,2.01E+00,2.85E+00,3.49E+00,2.17E+01,,,,,,,,,,,,,,,,,,,,,,,,,,,,,,,,,,,
DA_S40_O2,4,6.00E+00,2.02E+00,3.05E+00,3.66E+00,2.27E+01,,,,,,,,,,,,,,,,,,,,,,,,,,,,,,,,,,,
DA_S40_O2,4,6.01E+00,2.03E+00,3.23E+00,3.82E+00,2.28E+01,,,,,,,,,,,,,,,,,,,,,,,,,,,,,,,,,,,
DA_S40_O2,4,6.01E+00,2.02E+00,3.43E+00,3.98E+00,2.15E+01,,,,,,,,,,,,,,,,,,,,,,,,,,,,,,,,,,,
DA_S40_O2,4,6.02E+00,2.04E+00,3.59E+00,4.13E+00,2.17E+01,,,,,,,,,,,,,,,,,,,,,,,,,,,,,,,,,,,
DA_S40_O2,4,6.03E+00,2.04E+00,3.79E+00,4.30E+00,2.22E+01,,,,,,,,,,,,,,,,,,,,,,,,,,,,,,,,,,,
DA_S40_O2,4,6.04E+00,2.03E+00,3.96E+00,4.45E+00,2.00E+01,,,,,,,,,,,,,,,,,,,,,,,,,,,,,,,,,,,
DA_S40_O2,4,6.05E+00,2.05E+00,4.12E+00,4.60E+00,1.85E+01,,,,,,,,,,,,,,,,,,,,,,,,,,,,,,,,,,,
DA_S40_O2,4,6.06E+00,2.05E+00,4.27E+00,4.74E+00,1.95E+01,,,,,,,,,,,,,,,,,,,,,,,,,,,,,,,,,,,
DA_S40_O2,4,6.06E+00,2.08E+00,4.45E+00,4.91E+00,2.13E+01,,,,,,,,,,,,,,,,,,,,,,,,,,,,,,,,,,,
DA_S40_O2,4,6.07E+00,2.09E+00,4.62E+00,5.07E+00,2.19E+01,,,,,,,,,,,,,,,,,,,,,,,,,,,,,,,,,,,
DA_S40_O2,4,6.08E+00,2.12E+00,4.81E+00,5.25E+00,1.93E+01,,,,,,,,,,,,,,,,,,,,,,,,,,,,,,,,,,,
DA_S40_O2,4,6.09E+00,2.14E+00,4.94E+00,5.38E+00,1.85E+01,,,,,,,,,,,,,,,,,,,,,,,,,,,,,,,,,,,
DA_S40_O2,4,6.10E+00,2.19E+00,5.11E+00,5.56E+00,,,,,,,,,,,,,,,,,,,,,,,,,,,,,,,,,,,,
,,,,,,,,,,,,,,,,,,,,,,,,,,,,,,,,,,,,,,,,,
DA_S40_O2,5,7.90E+00,1.40E+00,1.41E+00,1.98E+00,,,,,,,,,,,,,,,,,,,,,,,,,,,,,,,,,,,,
DA_S40_O2,5,7.91E+00,1.38E+00,1.55E+00,2.08E+00,1.85E+01,,,,,,,,,,,,,,,,,,,,,,,,,,,,,,,,,,,
DA_S40_O2,5,7.92E+00,1.35E+00,1.71E+00,2.18E+00,1.82E+01,,,,,,,,,,,,,,,,,,,,,,,,,,,,,,,,,,,
DA_S40_O2,5,7.92E+00,1.34E+00,1.85E+00,2.29E+00,1.91E+01,,,,,,,,,,,,,,,,,,,,,,,,,,,,,,,,,,,
DA_S40_O2,5,7.93E+00,1.35E+00,2.03E+00,2.43E+00,2.07E+01,,,,,,,,,,,,,,,,,,,,,,,,,,,,,,,,,,,
DA_S40_O2,5,7.94E+00,1.35E+00,2.19E+00,2.57E+00,1.95E+01,,,,,,,,,,,,,,,,,,,,,,,,,,,,,,,,,,,
DA_S40_O2,5,7.95E+00,1.32E+00,2.35E+00,2.70E+00,2.01E+01,,,,,,,,,,,,,,,,,,,,,,,,,,,,,,,,,,,
DA_S40_O2,5,7.96E+00,1.32E+00,2.53E+00,2.85E+00,1.90E+01,,,,,,,,,,,,,,,,,,,,,,,,,,,,,,,,,,,
DA_S40_O2,5,7.97E+00,1.32E+00,2.67E+00,2.98E+00,1.95E+01,,,,,,,,,,,,,,,,,,,,,,,,,,,,,,,,,,,
DA_S40_O2,5,7.97E+00,1.32E+00,2.85E+00,3.14E+00,2.24E+01,,,,,,,,,,,,,,,,,,,,,,,,,,,,,,,,,,,
DA_S40_O2,5,7.98E+00,1.30E+00,3.04E+00,3.31E+00,2.03E+01,,,,,,,,,,,,,,,,,,,,,,,,,,,,,,,,,,,
DA_S40_O2,5,7.99E+00,1.30E+00,3.19E+00,3.45E+00,2.03E+01,,,,,,,,,,,,,,,,,,,,,,,,,,,,,,,,,,,
DA_S40_O2,5,8.00E+00,1.30E+00,3.38E+00,3.62E+00,2.05E+01,,,,,,,,,,,,,,,,,,,,,,,,,,,,,,,,,,,
DA_S40_O2,5,8.01E+00,1.28E+00,3.53E+00,3.76E+00,1.88E+01,,,,,,,,,,,,,,,,,,,,,,,,,,,,,,,,,,,
DA_S40_O2,5,8.02E+00,1.27E+00,3.69E+00,3.91E+00,1.97E+01,,,,,,,,,,,,,,,,,,,,,,,,,,,,,,,,,,,
DA_S40_O2,5,8.02E+00,1.26E+00,3.86E+00,4.06E+00,1.93E+01,,,,,,,,,,,,,,,,,,,,,,,,,,,,,,,,,,,
DA_S40_O2,5,8.03E+00,1.24E+00,4.02E+00,4.20E+00,1.89E+01,,,,,,,,,,,,,,,,,,,,,,,,,,,,,,,,,,,
DA_S40_O2,5,8.04E+00,1.20E+00,4.17E+00,4.34E+00,1.92E+01,,,,,,,,,,,,,,,,,,,,,,,,,,,,,,,,,,,
DA_S40_O2,5,8.05E+00,1.20E+00,4.33E+00,4.49E+00,1.87E+01,,,,,,,,,,,,,,,,,,,,,,,,,,,,,,,,,,,
DA_S40_O2,5,8.06E+00,1.19E+00,4.48E+00,4.64E+00,1.86E+01,,,,,,,,,,,,,,,,,,,,,,,,,,,,,,,,,,,
DA_S40_O2,5,8.07E+00,1.13E+00,4.64E+00,4.77E+00,,,,,,,,,,,,,,,,,,,,,,,,,,,,,,,,,,,,
,,,,,,,,,,,,,,,,,,,,,,,,,,,,,,,,,,,,,,,,,
DA_S41_O1,1,1.01E+00,1.57E+00,1.34E+00,2.07E+00,,,,,,,,,,,,,,,,,,,,,,,,,,,,,,,,,,,,
DA_S41_O1,1,1.02E+00,1.60E+00,1.46E+00,2.17E+00,1.60E+01,,,,,,,,,,,,,,,,,,,,,,,,,,,,,,,,,,,
DA_S41_O1,1,1.03E+00,1.62E+00,1.61E+00,2.28E+00,1.70E+01,,,,,,,,,,,,,,,,,,,,,,,,,,,,,,,,,,,
DA_S41_O1,1,1.03E+00,1.62E+00,1.75E+00,2.38E+00,1.51E+01,,,,,,,,,,,,,,,,,,,,,,,,,,,,,,,,,,,
DA_S41_O1,1,1.04E+00,1.64E+00,1.86E+00,2.48E+00,1.49E+01,,,,,,,,,,,,,,,,,,,,,,,,,,,,,,,,,,,
DA_S41_O1,1,1.05E+00,1.65E+00,1.99E+00,2.59E+00,1.66E+01,,,,,,,,,,,,,,,,,,,,,,,,,,,,,,,,,,,
DA_S41_O1,1,1.06E+00,1.71E+00,2.13E+00,2.73E+00,1.68E+01,,,,,,,,,,,,,,,,,,,,,,,,,,,,,,,,,,,
DA_S41_O1,1,1.07E+00,1.71E+00,2.27E+00,2.84E+00,1.44E+01,,,,,,,,,,,,,,,,,,,,,,,,,,,,,,,,,,,
DA_S41_O1,1,1.08E+00,1.72E+00,2.37E+00,2.93E+00,1.39E+01,,,,,,,,,,,,,,,,,,,,,,,,,,,,,,,,,,,
DA_S41_O1,1,1.08E+00,1.75E+00,2.49E+00,3.05E+00,1.89E+01,,,,,,,,,,,,,,,,,,,,,,,,,,,,,,,,,,,
DA_S41_O1,1,1.09E+00,1.74E+00,2.68E+00,3.20E+00,1.79E+01,,,,,,,,,,,,,,,,,,,,,,,,,,,,,,,,,,,
DA_S41_O1,1,1.10E+00,1.75E+00,2.79E+00,3.30E+00,1.36E+01,,,,,,,,,,,,,,,,,,,,,,,,,,,,,,,,,,,
DA_S41_O1,1,1.11E+00,1.77E+00,2.91E+00,3.40E+00,1.58E+01,,,,,,,,,,,,,,,,,,,,,,,,,,,,,,,,,,,
DA_S41_O1,1,1.12E+00,1.81E+00,3.05E+00,3.55E+00,1.77E+01,,,,,,,,,,,,,,,,,,,,,,,,,,,,,,,,,,,
DA_S41_O1,1,1.13E+00,1.87E+00,3.19E+00,3.69E+00,1.64E+01,,,,,,,,,,,,,,,,,,,,,,,,,,,,,,,,,,,
DA_S41_O1,1,1.13E+00,1.90E+00,3.31E+00,3.82E+00,1.57E+01,,,,,,,,,,,,,,,,,,,,,,,,,,,,,,,,,,,
DA_S41_O1,1,1.14E+00,1.94E+00,3.44E+00,3.95E+00,1.76E+01,,,,,,,,,,,,,,,,,,,,,,,,,,,,,,,,,,,
DA_S41_O1,1,1.15E+00,1.96E+00,3.59E+00,4.10E+00,1.42E+01,,,,,,,,,,,,,,,,,,,,,,,,,,,,,,,,,,,
DA_S41_O1,1,1.16E+00,1.99E+00,3.67E+00,4.17E+00,1.18E+01,,,,,,,,,,,,,,,,,,,,,,,,,,,,,,,,,,,
DA_S41_O1,1,1.17E+00,2.03E+00,3.78E+00,4.29E+00,1.49E+01,,,,,,,,,,,,,,,,,,,,,,,,,,,,,,,,,,,
DA_S41_O1,1,1.18E+00,2.06E+00,3.91E+00,4.41E+00,1.70E+01,,,,,,,,,,,,,,,,,,,,,,,,,,,,,,,,,,,
DA_S41_O1,1,1.18E+00,2.11E+00,4.05E+00,4.57E+00,1.52E+01,,,,,,,,,,,,,,,,,,,,,,,,,,,,,,,,,,,
DA_S41_O1,1,1.19E+00,2.14E+00,4.15E+00,4.67E+00,1.42E+01,,,,,,,,,,,,,,,,,,,,,,,,,,,,,,,,,,,
DA_S41_O1,1,1.20E+00,2.16E+00,4.28E+00,4.80E+00,1.68E+01,,,,,,,,,,,,,,,,,,,,,,,,,,,,,,,,,,,
DA_S41_O1,1,1.21E+00,2.19E+00,4.42E+00,4.94E+00,,,,,,,,,,,,,,,,,,,,,,,,,,,,,,,,,,,,
,,,,,,,,,,,,,,,,,,,,,,,,,,,,,,,,,,,,,,,,,
DA_S41_O1,2,2.79E+00,2.40E+00,1.19E+00,2.68E+00,,,,,,,,,,,,,,,,,,,,,,,,,,,,,,,,,,,,
DA_S41_O1,2,2.80E+00,2.41E+00,1.24E+00,2.72E+00,6.72E+00,,,,,,,,,,,,,,,,,,,,,,,,,,,,,,,,,,,
DA_S41_O1,2,2.81E+00,2.45E+00,1.30E+00,2.77E+00,7.61E+00,,,,,,,,,,,,,,,,,,,,,,,,,,,,,,,,,,,
DA_S41_O1,2,2.82E+00,2.48E+00,1.35E+00,2.82E+00,7.15E+00,,,,,,,,,,,,,,,,,,,,,,,,,,,,,,,,,,,
DA_S41_O1,2,2.83E+00,2.50E+00,1.40E+00,2.87E+00,8.57E+00,,,,,,,,,,,,,,,,,,,,,,,,,,,,,,,,,,,
DA_S41_O1,2,2.84E+00,2.51E+00,1.49E+00,2.92E+00,8.25E+00,,,,,,,,,,,,,,,,,,,,,,,,,,,,,,,,,,,
DA_S41_O1,2,2.84E+00,2.52E+00,1.54E+00,2.96E+00,7.74E+00,,,,,,,,,,,,,,,,,,,,,,,,,,,,,,,,,,,
DA_S41_O1,2,2.85E+00,2.54E+00,1.62E+00,3.01E+00,9.39E+00,,,,,,,,,,,,,,,,,,,,,,,,,,,,,,,,,,,
DA_S41_O1,2,2.86E+00,2.56E+00,1.69E+00,3.07E+00,9.74E+00,,,,,,,,,,,,,,,,,,,,,,,,,,,,,,,,,,,
DA_S41_O1,2,2.87E+00,2.58E+00,1.77E+00,3.13E+00,9.74E+00,,,,,,,,,,,,,,,,,,,,,,,,,,,,,,,,,,,
DA_S41_O1,2,2.88E+00,2.61E+00,1.85E+00,3.20E+00,8.44E+00,,,,,,,,,,,,,,,,,,,,,,,,,,,,,,,,,,,
DA_S41_O1,2,2.89E+00,2.63E+00,1.91E+00,3.25E+00,7.61E+00,,,,,,,,,,,,,,,,,,,,,,,,,,,,,,,,,,,
DA_S41_O1,2,2.89E+00,2.65E+00,1.97E+00,3.30E+00,7.25E+00,,,,,,,,,,,,,,,,,,,,,,,,,,,,,,,,,,,
DA_S41_O1,2,2.90E+00,2.66E+00,2.02E+00,3.34E+00,9.89E+00,,,,,,,,,,,,,,,,,,,,,,,,,,,,,,,,,,,
DA_S41_O1,2,2.91E+00,2.68E+00,2.13E+00,3.42E+00,1.04E+01,,,,,,,,,,,,,,,,,,,,,,,,,,,,,,,,,,,
DA_S41_O1,2,2.92E+00,2.69E+00,2.20E+00,3.47E+00,8.57E+00,,,,,,,,,,,,,,,,,,,,,,,,,,,,,,,,,,,
DA_S41_O1,2,2.93E+00,2.71E+00,2.27E+00,3.54E+00,1.01E+01,,,,,,,,,,,,,,,,,,,,,,,,,,,,,,,,,,,
DA_S41_O1,2,2.94E+00,2.71E+00,2.36E+00,3.59E+00,8.50E+00,,,,,,,,,,,,,,,,,,,,,,,,,,,,,,,,,,,
DA_S41_O1,2,2.94E+00,2.72E+00,2.41E+00,3.64E+00,8.25E+00,,,,,,,,,,,,,,,,,,,,,,,,,,,,,,,,,,,
DA_S41_O1,2,2.95E+00,2.73E+00,2.50E+00,3.70E+00,1.04E+01,,,,,,,,,,,,,,,,,,,,,,,,,,,,,,,,,,,
DA_S41_O1,2,2.96E+00,2.75E+00,2.58E+00,3.77E+00,1.04E+01,,,,,,,,,,,,,,,,,,,,,,,,,,,,,,,,,,,
DA_S41_O1,2,2.97E+00,2.76E+00,2.67E+00,3.84E+00,9.58E+00,,,,,,,,,,,,,,,,,,,,,,,,,,,,,,,,,,,
DA_S41_O1,2,2.98E+00,2.78E+00,2.74E+00,3.90E+00,1.04E+01,,,,,,,,,,,,,,,,,,,,,,,,,,,,,,,,,,,
DA_S41_O1,2,2.99E+00,2.79E+00,2.84E+00,3.98E+00,1.14E+01,,,,,,,,,,,,,,,,,,,,,,,,,,,,,,,,,,,
DA_S41_O1,2,2.99E+00,2.80E+00,2.93E+00,4.05E+00,1.36E+01,,,,,,,,,,,,,,,,,,,,,,,,,,,,,,,,,,,
DA_S41_O1,2,3.00E+00,2.82E+00,3.06E+00,4.17E+00,1.58E+01,,,,,,,,,,,,,,,,,,,,,,,,,,,,,,,,,,,
DA_S41_O1,2,3.01E+00,2.86E+00,3.18E+00,4.28E+00,1.22E+01,,,,,,,,,,,,,,,,,,,,,,,,,,,,,,,,,,,
DA_S41_O1,2,3.02E+00,2.90E+00,3.25E+00,4.36E+00,1.10E+01,,,,,,,,,,,,,,,,,,,,,,,,,,,,,,,,,,,
DA_S41_O1,2,3.03E+00,2.92E+00,3.36E+00,4.45E+00,1.22E+01,,,,,,,,,,,,,,,,,,,,,,,,,,,,,,,,,,,
DA_S41_O1,2,3.04E+00,2.96E+00,3.45E+00,4.55E+00,1.43E+01,,,,,,,,,,,,,,,,,,,,,,,,,,,,,,,,,,,
DA_S41_O1,2,3.04E+00,3.02E+00,3.57E+00,4.68E+00,1.26E+01,,,,,,,,,,,,,,,,,,,,,,,,,,,,,,,,,,,
DA_S41_O1,2,3.05E+00,3.04E+00,3.64E+00,4.74E+00,1.05E+01,,,,,,,,,,,,,,,,,,,,,,,,,,,,,,,,,,,
DA_S41_O1,2,3.06E+00,3.09E+00,3.74E+00,4.85E+00,1.30E+01,,,,,,,,,,,,,,,,,,,,,,,,,,,,,,,,,,,
DA_S41_O1,2,3.07E+00,3.13E+00,3.84E+00,4.96E+00,1.13E+01,,,,,,,,,,,,,,,,,,,,,,,,,,,,,,,,,,,
DA_S41_O1,2,3.08E+00,3.16E+00,3.91E+00,5.03E+00,1.18E+01,,,,,,,,,,,,,,,,,,,,,,,,,,,,,,,,,,,
DA_S41_O1,2,3.09E+00,3.20E+00,4.02E+00,5.14E+00,1.39E+01,,,,,,,,,,,,,,,,,,,,,,,,,,,,,,,,,,,
DA_S41_O1,2,3.09E+00,3.25E+00,4.13E+00,5.25E+00,1.26E+01,,,,,,,,,,,,,,,,,,,,,,,,,,,,,,,,,,,
DA_S41_O1,2,3.10E+00,3.27E+00,4.22E+00,5.34E+00,,,,,,,,,,,,,,,,,,,,,,,,,,,,,,,,,,,,
,,,,,,,,,,,,,,,,,,,,,,,,,,,,,,,,,,,,,,,,,
DA_S41_O2,1,1.25E-01,1.30E+00,1.23E+00,1.79E+00,,,,,,,,,,,,,,,,,,,,,,,,,,,,,,,,,,,,
DA_S41_O2,1,1.33E-01,1.28E+00,1.33E+00,1.85E+00,1.25E+01,,,,,,,,,,,,,,,,,,,,,,,,,,,,,,,,,,,
DA_S41_O2,1,1.42E-01,1.25E+00,1.43E+00,1.90E+00,1.10E+01,,,,,,,,,,,,,,,,,,,,,,,,,,,,,,,,,,,
DA_S41_O2,1,1.50E-01,1.24E+00,1.51E+00,1.95E+00,9.39E+00,,,,,,,,,,,,,,,,,,,,,,,,,,,,,,,,,,,
DA_S41_O2,1,1.58E-01,1.23E+00,1.59E+00,2.01E+00,1.22E+01,,,,,,,,,,,,,,,,,,,,,,,,,,,,,,,,,,,
DA_S41_O2,1,1.67E-01,1.22E+00,1.71E+00,2.10E+00,1.49E+01,,,,,,,,,,,,,,,,,,,,,,,,,,,,,,,,,,,
DA_S41_O2,1,1.75E-01,1.21E+00,1.84E+00,2.20E+00,1.84E+01,,,,,,,,,,,,,,,,,,,,,,,,,,,,,,,,,,,
DA_S41_O2,1,1.84E-01,1.20E+00,2.02E+00,2.34E+00,1.97E+01,,,,,,,,,,,,,,,,,,,,,,,,,,,,,,,,,,,
DA_S41_O2,1,1.92E-01,1.19E+00,2.17E+00,2.47E+00,1.87E+01,,,,,,,,,,,,,,,,,,,,,,,,,,,,,,,,,,,
DA_S41_O2,1,2.00E-01,1.19E+00,2.33E+00,2.61E+00,1.87E+01,,,,,,,,,,,,,,,,,,,,,,,,,,,,,,,,,,,
DA_S41_O2,1,2.09E-01,1.20E+00,2.48E+00,2.75E+00,1.83E+01,,,,,,,,,,,,,,,,,,,,,,,,,,,,,,,,,,,
DA_S41_O2,1,2.17E-01,1.21E+00,2.63E+00,2.90E+00,1.85E+01,,,,,,,,,,,,,,,,,,,,,,,,,,,,,,,,,,,
DA_S41_O2,1,2.25E-01,1.24E+00,2.78E+00,3.04E+00,1.82E+01,,,,,,,,,,,,,,,,,,,,,,,,,,,,,,,,,,,
DA_S41_O2,1,2.34E-01,1.26E+00,2.93E+00,3.19E+00,1.64E+01,,,,,,,,,,,,,,,,,,,,,,,,,,,,,,,,,,,
DA_S41_O2,1,2.42E-01,1.27E+00,3.05E+00,3.31E+00,1.68E+01,,,,,,,,,,,,,,,,,,,,,,,,,,,,,,,,,,,
DA_S41_O2,1,2.50E-01,1.30E+00,3.21E+00,3.46E+00,1.82E+01,,,,,,,,,,,,,,,,,,,,,,,,,,,,,,,,,,,
DA_S41_O2,1,2.59E-01,1.32E+00,3.35E+00,3.60E+00,1.83E+01,,,,,,,,,,,,,,,,,,,,,,,,,,,,,,,,,,,
DA_S41_O2,1,2.67E-01,1.36E+00,3.51E+00,3.76E+00,1.63E+01,,,,,,,,,,,,,,,,,,,,,,,,,,,,,,,,,,,
DA_S41_O2,1,2.75E-01,1.38E+00,3.62E+00,3.87E+00,1.57E+01,,,,,,,,,,,,,,,,,,,,,,,,,,,,,,,,,,,
DA_S41_O2,1,2.84E-01,1.40E+00,3.77E+00,4.02E+00,1.74E+01,,,,,,,,,,,,,,,,,,,,,,,,,,,,,,,,,,,
DA_S41_O2,1,2.92E-01,1.41E+00,3.91E+00,4.15E+00,1.64E+01,,,,,,,,,,,,,,,,,,,,,,,,,,,,,,,,,,,
DA_S41_O2,1,3.00E-01,1.44E+00,4.04E+00,4.29E+00,1.65E+01,,,,,,,,,,,,,,,,,,,,,,,,,,,,,,,,,,,
DA_S41_O2,1,3.09E-01,1.47E+00,4.18E+00,4.43E+00,1.65E+01,,,,,,,,,,,,,,,,,,,,,,,,,,,,,,,,,,,
DA_S41_O2,1,3.17E-01,1.49E+00,4.31E+00,4.56E+00,,,,,,,,,,,,,,,,,,,,,,,,,,,,,,,,,,,,
,,,,,,,,,,,,,,,,,,,,,,,,,,,,,,,,,,,,,,,,,
DA_S41_O2,2,1.53E+00,1.20E+00,1.48E+00,1.90E+00,,,,,,,,,,,,,,,,,,,,,,,,,,,,,,,,,,,,
DA_S41_O2,2,1.53E+00,1.20E+00,1.56E+00,1.96E+00,1.04E+01,,,,,,,,,,,,,,,,,,,,,,,,,,,,,,,,,,,
DA_S41_O2,2,1.54E+00,1.20E+00,1.65E+00,2.04E+00,1.11E+01,,,,,,,,,,,,,,,,,,,,,,,,,,,,,,,,,,,
DA_S41_O2,2,1.55E+00,1.20E+00,1.74E+00,2.11E+00,1.14E+01,,,,,,,,,,,,,,,,,,,,,,,,,,,,,,,,,,,
DA_S41_O2,2,1.56E+00,1.21E+00,1.84E+00,2.20E+00,1.18E+01,,,,,,,,,,,,,,,,,,,,,,,,,,,,,,,,,,,
DA_S41_O2,2,1.57E+00,1.21E+00,1.94E+00,2.28E+00,1.14E+01,,,,,,,,,,,,,,,,,,,,,,,,,,,,,,,,,,,
DA_S41_O2,2,1.58E+00,1.20E+00,2.03E+00,2.36E+00,1.21E+01,,,,,,,,,,,,,,,,,,,,,,,,,,,,,,,,,,,
DA_S41_O2,2,1.58E+00,1.20E+00,2.14E+00,2.45E+00,1.38E+01,,,,,,,,,,,,,,,,,,,,,,,,,,,,,,,,,,,
DA_S41_O2,2,1.59E+00,1.20E+00,2.26E+00,2.56E+00,1.42E+01,,,,,,,,,,,,,,,,,,,,,,,,,,,,,,,,,,,
DA_S41_O2,2,1.60E+00,1.21E+00,2.37E+00,2.66E+00,1.43E+01,,,,,,,,,,,,,,,,,,,,,,,,,,,,,,,,,,,
DA_S41_O2,2,1.61E+00,1.24E+00,2.50E+00,2.79E+00,1.44E+01,,,,,,,,,,,,,,,,,,,,,,,,,,,,,,,,,,,
DA_S41_O2,2,1.62E+00,1.25E+00,2.61E+00,2.90E+00,1.38E+01,,,,,,,,,,,,,,,,,,,,,,,,,,,,,,,,,,,
DA_S41_O2,2,1.63E+00,1.25E+00,2.73E+00,3.00E+00,1.35E+01,,,,,,,,,,,,,,,,,,,,,,,,,,,,,,,,,,,
DA_S41_O2,2,1.63E+00,1.26E+00,2.83E+00,3.10E+00,1.15E+01,,,,,,,,,,,,,,,,,,,,,,,,,,,,,,,,,,,
DA_S41_O2,2,1.64E+00,1.27E+00,2.92E+00,3.19E+00,1.28E+01,,,,,,,,,,,,,,,,,,,,,,,,,,,,,,,,,,,
DA_S41_O2,2,1.65E+00,1.27E+00,3.05E+00,3.30E+00,1.31E+01,,,,,,,,,,,,,,,,,,,,,,,,,,,,,,,,,,,
DA_S41_O2,2,1.66E+00,1.27E+00,3.14E+00,3.39E+00,1.14E+01,,,,,,,,,,,,,,,,,,,,,,,,,,,,,,,,,,,
DA_S41_O2,2,1.67E+00,1.26E+00,3.24E+00,3.48E+00,1.25E+01,,,,,,,,,,,,,,,,,,,,,,,,,,,,,,,,,,,
DA_S41_O2,2,1.68E+00,1.26E+00,3.35E+00,3.58E+00,1.45E+01,,,,,,,,,,,,,,,,,,,,,,,,,,,,,,,,,,,
DA_S41_O2,2,1.69E+00,1.25E+00,3.48E+00,3.70E+00,1.39E+01,,,,,,,,,,,,,,,,,,,,,,,,,,,,,,,,,,,
DA_S41_O2,2,1.69E+00,1.24E+00,3.58E+00,3.79E+00,1.56E+01,,,,,,,,,,,,,,,,,,,,,,,,,,,,,,,,,,,
DA_S41_O2,2,1.70E+00,1.24E+00,3.74E+00,3.94E+00,1.66E+01,,,,,,,,,,,,,,,,,,,,,,,,,,,,,,,,,,,
DA_S41_O2,2,1.71E+00,1.26E+00,3.85E+00,4.06E+00,1.60E+01,,,,,,,,,,,,,,,,,,,,,,,,,,,,,,,,,,,
DA_S41_O2,2,1.72E+00,1.27E+00,4.00E+00,4.20E+00,1.66E+01,,,,,,,,,,,,,,,,,,,,,,,,,,,,,,,,,,,
DA_S41_O2,2,1.73E+00,1.27E+00,4.13E+00,4.32E+00,1.59E+01,,,,,,,,,,,,,,,,,,,,,,,,,,,,,,,,,,,
DA_S41_O2,2,1.74E+00,1.27E+00,4.27E+00,4.45E+00,1.52E+01,,,,,,,,,,,,,,,,,,,,,,,,,,,,,,,,,,,
DA_S41_O2,2,1.74E+00,1.28E+00,4.39E+00,4.57E+00,1.50E+01,,,,,,,,,,,,,,,,,,,,,,,,,,,,,,,,,,,
DA_S41_O2,2,1.75E+00,1.30E+00,4.52E+00,4.70E+00,1.60E+01,,,,,,,,,,,,,,,,,,,,,,,,,,,,,,,,,,,
DA_S41_O2,2,1.76E+00,1.30E+00,4.65E+00,4.83E+00,,,,,,,,,,,,,,,,,,,,,,,,,,,,,,,,,,,,
,,,,,,,,,,,,,,,,,,,,,,,,,,,,,,,,,,,,,,,,,
DA_S41_O2,3,2.39E+00,9.76E-01,1.34E+00,1.66E+00,,,,,,,,,,,,,,,,,,,,,,,,,,,,,,,,,,,,
DA_S41_O2,3,2.40E+00,9.93E-01,1.42E+00,1.73E+00,1.02E+01,,,,,,,,,,,,,,,,,,,,,,,,,,,,,,,,,,,
DA_S41_O2,3,2.41E+00,1.01E+00,1.51E+00,1.82E+00,1.06E+01,,,,,,,,,,,,,,,,,,,,,,,,,,,,,,,,,,,
DA_S41_O2,3,2.42E+00,1.03E+00,1.59E+00,1.90E+00,1.13E+01,,,,,,,,,,,,,,,,,,,,,,,,,,,,,,,,,,,
DA_S41_O2,3,2.43E+00,1.07E+00,1.69E+00,2.00E+00,1.20E+01,,,,,,,,,,,,,,,,,,,,,,,,,,,,,,,,,,,
DA_S41_O2,3,2.44E+00,1.10E+00,1.78E+00,2.09E+00,1.14E+01,,,,,,,,,,,,,,,,,,,,,,,,,,,,,,,,,,,
DA_S41_O2,3,2.44E+00,1.11E+00,1.87E+00,2.18E+00,1.08E+01,,,,,,,,,,,,,,,,,,,,,,,,,,,,,,,,,,,
DA_S41_O2,3,2.45E+00,1.15E+00,1.95E+00,2.27E+00,9.83E+00,,,,,,,,,,,,,,,,,,,,,,,,,,,,,,,,,,,
DA_S41_O2,3,2.46E+00,1.17E+00,2.03E+00,2.34E+00,1.09E+01,,,,,,,,,,,,,,,,,,,,,,,,,,,,,,,,,,,
DA_S41_O2,3,2.47E+00,1.21E+00,2.13E+00,2.44E+00,1.32E+01,,,,,,,,,,,,,,,,,,,,,,,,,,,,,,,,,,,
DA_S41_O2,3,2.48E+00,1.22E+00,2.24E+00,2.55E+00,1.40E+01,,,,,,,,,,,,,,,,,,,,,,,,,,,,,,,,,,,
DA_S41_O2,3,2.49E+00,1.25E+00,2.36E+00,2.67E+00,1.50E+01,,,,,,,,,,,,,,,,,,,,,,,,,,,,,,,,,,,
DA_S41_O2,3,2.49E+00,1.28E+00,2.48E+00,2.79E+00,1.67E+01,,,,,,,,,,,,,,,,,,,,,,,,,,,,,,,,,,,
DA_S41_O2,3,2.50E+00,1.31E+00,2.63E+00,2.94E+00,1.74E+01,,,,,,,,,,,,,,,,,,,,,,,,,,,,,,,,,,,
DA_S41_O2,3,2.51E+00,1.39E+00,2.75E+00,3.08E+00,1.66E+01,,,,,,,,,,,,,,,,,,,,,,,,,,,,,,,,,,,
DA_S41_O2,3,2.52E+00,1.41E+00,2.89E+00,3.21E+00,1.59E+01,,,,,,,,,,,,,,,,,,,,,,,,,,,,,,,,,,,
DA_S41_O2,3,2.53E+00,1.44E+00,3.01E+00,3.34E+00,1.63E+01,,,,,,,,,,,,,,,,,,,,,,,,,,,,,,,,,,,
DA_S41_O2,3,2.54E+00,1.47E+00,3.15E+00,3.48E+00,1.44E+01,,,,,,,,,,,,,,,,,,,,,,,,,,,,,,,,,,,
DA_S41_O2,3,2.54E+00,1.51E+00,3.24E+00,3.58E+00,1.58E+01,,,,,,,,,,,,,,,,,,,,,,,,,,,,,,,,,,,
DA_S41_O2,3,2.55E+00,1.58E+00,3.39E+00,3.74E+00,1.54E+01,,,,,,,,,,,,,,,,,,,,,,,,,,,,,,,,,,,
DA_S41_O2,3,2.56E+00,1.60E+00,3.49E+00,3.84E+00,1.23E+01,,,,,,,,,,,,,,,,,,,,,,,,,,,,,,,,,,,
DA_S41_O2,3,2.57E+00,1.64E+00,3.59E+00,3.95E+00,1.29E+01,,,,,,,,,,,,,,,,,,,,,,,,,,,,,,,,,,,
DA_S41_O2,3,2.58E+00,1.66E+00,3.69E+00,4.05E+00,1.44E+01,,,,,,,,,,,,,,,,,,,,,,,,,,,,,,,,,,,
DA_S41_O2,3,2.59E+00,1.69E+00,3.83E+00,4.18E+00,1.58E+01,,,,,,,,,,,,,,,,,,,,,,,,,,,,,,,,,,,
DA_S41_O2,3,2.59E+00,1.70E+00,3.95E+00,4.30E+00,1.41E+01,,,,,,,,,,,,,,,,,,,,,,,,,,,,,,,,,,,
DA_S41_O2,3,2.60E+00,1.73E+00,4.06E+00,4.41E+00,1.35E+01,,,,,,,,,,,,,,,,,,,,,,,,,,,,,,,,,,,
DA_S41_O2,3,2.61E+00,1.75E+00,4.17E+00,4.53E+00,1.56E+01,,,,,,,,,,,,,,,,,,,,,,,,,,,,,,,,,,,
DA_S41_O2,3,2.62E+00,1.79E+00,4.31E+00,4.67E+00,1.63E+01,,,,,,,,,,,,,,,,,,,,,,,,,,,,,,,,,,,
DA_S41_O2,3,2.63E+00,1.82E+00,4.44E+00,4.79E+00,,,,,,,,,,,,,,,,,,,,,,,,,,,,,,,,,,,,
,,,,,,,,,,,,,,,,,,,,,,,,,,,,,,,,,,,,,,,,,
DA_S41_O2,4,4.84E+00,1.32E+00,1.40E+00,1.92E+00,,,,,,,,,,,,,,,,,,,,,,,,,,,,,,,,,,,,
DA_S41_O2,4,4.85E+00,1.32E+00,1.47E+00,1.98E+00,1.42E+01,,,,,,,,,,,,,,,,,,,,,,,,,,,,,,,,,,,
DA_S41_O2,4,4.85E+00,1.30E+00,1.64E+00,2.09E+00,1.76E+01,,,,,,,,,,,,,,,,,,,,,,,,,,,,,,,,,,,
DA_S41_O2,4,4.86E+00,1.32E+00,1.77E+00,2.20E+00,1.57E+01,,,,,,,,,,,,,,,,,,,,,,,,,,,,,,,,,,,
DA_S41_O2,4,4.87E+00,1.36E+00,1.89E+00,2.33E+00,1.67E+01,,,,,,,,,,,,,,,,,,,,,,,,,,,,,,,,,,,
DA_S41_O2,4,4.88E+00,1.38E+00,2.04E+00,2.46E+00,1.74E+01,,,,,,,,,,,,,,,,,,,,,,,,,,,,,,,,,,,
DA_S41_O2,4,4.89E+00,1.43E+00,2.17E+00,2.60E+00,1.55E+01,,,,,,,,,,,,,,,,,,,,,,,,,,,,,,,,,,,
DA_S41_O2,4,4.90E+00,1.45E+00,2.29E+00,2.71E+00,1.82E+01,,,,,,,,,,,,,,,,,,,,,,,,,,,,,,,,,,,
DA_S41_O2,4,4.90E+00,1.52E+00,2.46E+00,2.89E+00,1.74E+01,,,,,,,,,,,,,,,,,,,,,,,,,,,,,,,,,,,
DA_S41_O2,4,4.91E+00,1.54E+00,2.56E+00,2.99E+00,1.62E+01,,,,,,,,,,,,,,,,,,,,,,,,,,,,,,,,,,,
DA_S41_O2,4,4.92E+00,1.60E+00,2.72E+00,3.15E+00,1.86E+01,,,,,,,,,,,,,,,,,,,,,,,,,,,,,,,,,,,
DA_S41_O2,4,4.93E+00,1.64E+00,2.86E+00,3.29E+00,1.47E+01,,,,,,,,,,,,,,,,,,,,,,,,,,,,,,,,,,,
DA_S41_O2,4,4.94E+00,1.66E+00,2.96E+00,3.39E+00,1.49E+01,,,,,,,,,,,,,,,,,,,,,,,,,,,,,,,,,,,
DA_S41_O2,4,4.95E+00,1.71E+00,3.09E+00,3.54E+00,1.74E+01,,,,,,,,,,,,,,,,,,,,,,,,,,,,,,,,,,,
DA_S41_O2,4,4.95E+00,1.73E+00,3.24E+00,3.67E+00,1.81E+01,,,,,,,,,,,,,,,,,,,,,,,,,,,,,,,,,,,
DA_S41_O2,4,4.96E+00,1.75E+00,3.39E+00,3.82E+00,1.90E+01,,,,,,,,,,,,,,,,,,,,,,,,,,,,,,,,,,,
DA_S41_O2,4,4.97E+00,1.79E+00,3.55E+00,3.97E+00,1.65E+01,,,,,,,,,,,,,,,,,,,,,,,,,,,,,,,,,,,
DA_S41_O2,4,4.98E+00,1.79E+00,3.66E+00,4.08E+00,1.28E+01,,,,,,,,,,,,,,,,,,,,,,,,,,,,,,,,,,,
DA_S41_O2,4,4.99E+00,1.79E+00,3.76E+00,4.17E+00,1.28E+01,,,,,,,,,,,,,,,,,,,,,,,,,,,,,,,,,,,
DA_S41_O2,4,5.00E+00,1.79E+00,3.88E+00,4.27E+00,1.35E+01,,,,,,,,,,,,,,,,,,,,,,,,,,,,,,,,,,,
DA_S41_O2,4,5.01E+00,1.78E+00,3.99E+00,4.37E+00,1.31E+01,,,,,,,,,,,,,,,,,,,,,,,,,,,,,,,,,,,
DA_S41_O2,4,5.01E+00,1.79E+00,4.10E+00,4.47E+00,1.35E+01,,,,,,,,,,,,,,,,,,,,,,,,,,,,,,,,,,,
DA_S41_O2,4,5.02E+00,1.80E+00,4.21E+00,4.58E+00,1.42E+01,,,,,,,,,,,,,,,,,,,,,,,,,,,,,,,,,,,
DA_S41_O2,4,5.03E+00,1.82E+00,4.33E+00,4.70E+00,1.77E+01,,,,,,,,,,,,,,,,,,,,,,,,,,,,,,,,,,,
DA_S41_O2,4,5.04E+00,1.86E+00,4.50E+00,4.87E+00,1.80E+01,,,,,,,,,,,,,,,,,,,,,,,,,,,,,,,,,,,
DA_S41_O2,4,5.05E+00,1.88E+00,4.63E+00,4.99E+00,1.53E+01,,,,,,,,,,,,,,,,,,,,,,,,,,,,,,,,,,,
DA_S41_O2,4,5.06E+00,1.89E+00,4.75E+00,5.12E+00,,,,,,,,,,,,,,,,,,,,,,,,,,,,,,,,,,,,
,,,,,,,,,,,,,,,,,,,,,,,,,,,,,,,,,,,,,,,,,
DA_S41_O2,5,8.02E+00,8.38E-01,1.30E+00,1.55E+00,,,,,,,,,,,,,,,,,,,,,,,,,,,,,,,,,,,,
DA_S41_O2,5,8.02E+00,8.43E-01,1.33E+00,1.58E+00,5.57E+00,,,,,,,,,,,,,,,,,,,,,,,,,,,,,,,,,,,
DA_S41_O2,5,8.03E+00,8.49E-01,1.39E+00,1.63E+00,7.61E+00,,,,,,,,,,,,,,,,,,,,,,,,,,,,,,,,,,,
DA_S41_O2,5,8.04E+00,8.49E-01,1.46E+00,1.69E+00,9.33E+00,,,,,,,,,,,,,,,,,,,,,,,,,,,,,,,,,,,
DA_S41_O2,5,8.05E+00,8.55E-01,1.55E+00,1.77E+00,1.22E+01,,,,,,,,,,,,,,,,,,,,,,,,,,,,,,,,,,,
DA_S41_O2,5,8.06E+00,8.78E-01,1.66E+00,1.88E+00,1.38E+01,,,,,,,,,,,,,,,,,,,,,,,,,,,,,,,,,,,
DA_S41_O2,5,8.07E+00,9.01E-01,1.77E+00,1.99E+00,1.30E+01,,,,,,,,,,,,,,,,,,,,,,,,,,,,,,,,,,,
DA_S41_O2,5,8.07E+00,9.18E-01,1.87E+00,2.09E+00,1.21E+01,,,,,,,,,,,,,,,,,,,,,,,,,,,,,,,,,,,
DA_S41_O2,5,8.08E+00,9.18E-01,1.98E+00,2.18E+00,1.21E+01,,,,,,,,,,,,,,,,,,,,,,,,,,,,,,,,,,,
DA_S41_O2,5,8.09E+00,9.24E-01,2.07E+00,2.27E+00,1.32E+01,,,,,,,,,,,,,,,,,,,,,,,,,,,,,,,,,,,
DA_S41_O2,5,8.10E+00,9.47E-01,2.19E+00,2.39E+00,1.43E+01,,,,,,,,,,,,,,,,,,,,,,,,,,,,,,,,,,,
DA_S41_O2,5,8.11E+00,9.53E-01,2.31E+00,2.50E+00,1.43E+01,,,,,,,,,,,,,,,,,,,,,,,,,,,,,,,,,,,
DA_S41_O2,5,8.12E+00,1.01E+00,2.43E+00,2.63E+00,1.46E+01,,,,,,,,,,,,,,,,,,,,,,,,,,,,,,,,,,,
DA_S41_O2,5,8.12E+00,1.03E+00,2.54E+00,2.74E+00,1.41E+01,,,,,,,,,,,,,,,,,,,,,,,,,,,,,,,,,,,
DA_S41_O2,5,8.13E+00,1.06E+00,2.66E+00,2.86E+00,1.53E+01,,,,,,,,,,,,,,,,,,,,,,,,,,,,,,,,,,,
DA_S41_O2,5,8.14E+00,1.10E+00,2.79E+00,3.00E+00,1.60E+01,,,,,,,,,,,,,,,,,,,,,,,,,,,,,,,,,,,
DA_S41_O2,5,8.15E+00,1.14E+00,2.91E+00,3.12E+00,1.51E+01,,,,,,,,,,,,,,,,,,,,,,,,,,,,,,,,,,,
DA_S41_O2,5,8.16E+00,1.18E+00,3.02E+00,3.25E+00,1.73E+01,,,,,,,,,,,,,,,,,,,,,,,,,,,,,,,,,,,
DA_S41_O2,5,8.17E+00,1.26E+00,3.17E+00,3.41E+00,1.90E+01,,,,,,,,,,,,,,,,,,,,,,,,,,,,,,,,,,,
DA_S41_O2,5,8.17E+00,1.34E+00,3.30E+00,3.56E+00,1.72E+01,,,,,,,,,,,,,,,,,,,,,,,,,,,,,,,,,,,
DA_S41_O2,5,8.18E+00,1.41E+00,3.42E+00,3.70E+00,1.68E+01,,,,,,,,,,,,,,,,,,,,,,,,,,,,,,,,,,,
DA_S41_O2,5,8.19E+00,1.47E+00,3.55E+00,3.84E+00,1.70E+01,,,,,,,,,,,,,,,,,,,,,,,,,,,,,,,,,,,
DA_S41_O2,5,8.20E+00,1.54E+00,3.67E+00,3.98E+00,1.81E+01,,,,,,,,,,,,,,,,,,,,,,,,,,,,,,,,,,,
DA_S41_O2,5,8.21E+00,1.63E+00,3.81E+00,4.14E+00,1.78E+01,,,,,,,,,,,,,,,,,,,,,,,,,,,,,,,,,,,
DA_S41_O2,5,8.22E+00,1.69E+00,3.92E+00,4.27E+00,1.58E+01,,,,,,,,,,,,,,,,,,,,,,,,,,,,,,,,,,,
DA_S41_O2,5,8.22E+00,1.77E+00,4.03E+00,4.40E+00,1.70E+01,,,,,,,,,,,,,,,,,,,,,,,,,,,,,,,,,,,
DA_S41_O2,5,8.23E+00,1.86E+00,4.15E+00,4.55E+00,1.67E+01,,,,,,,,,,,,,,,,,,,,,,,,,,,,,,,,,,,
DA_S41_O2,5,8.24E+00,1.94E+00,4.25E+00,4.67E+00,1.68E+01,,,,,,,,,,,,,,,,,,,,,,,,,,,,,,,,,,,
DA_S41_O2,5,8.25E+00,2.03E+00,4.37E+00,4.82E+00,,,,,,,,,,,,,,,,,,,,,,,,,,,,,,,,,,,,
,,,,,,,,,,,,,,,,,,,,,,,,,,,,,,,,,,,,,,,,,
DA_S42_O1,1,1.05E+00,1.22E+00,1.11E+00,1.65E+00,,,,,,,,,,,,,,,,,,,,,,,,,,,,,,,,,,,,
DA_S42_O1,1,1.06E+00,1.21E+00,1.17E+00,1.68E+00,7.27E+00,,,,,,,,,,,,,,,,,,,,,,,,,,,,,,,,,,,
DA_S42_O1,1,1.07E+00,1.20E+00,1.23E+00,1.72E+00,7.27E+00,,,,,,,,,,,,,,,,,,,,,,,,,,,,,,,,,,,
DA_S42_O1,1,1.08E+00,1.20E+00,1.29E+00,1.76E+00,7.58E+00,,,,,,,,,,,,,,,,,,,,,,,,,,,,,,,,,,,
DA_S42_O1,1,1.08E+00,1.22E+00,1.36E+00,1.83E+00,1.01E+01,,,,,,,,,,,,,,,,,,,,,,,,,,,,,,,,,,,
DA_S42_O1,1,1.09E+00,1.23E+00,1.46E+00,1.91E+00,1.01E+01,,,,,,,,,,,,,,,,,,,,,,,,,,,,,,,,,,,
DA_S42_O1,1,1.10E+00,1.23E+00,1.53E+00,1.96E+00,9.37E+00,,,,,,,,,,,,,,,,,,,,,,,,,,,,,,,,,,,
DA_S42_O1,1,1.11E+00,1.22E+00,1.61E+00,2.02E+00,1.12E+01,,,,,,,,,,,,,,,,,,,,,,,,,,,,,,,,,,,
DA_S42_O1,1,1.12E+00,1.22E+00,1.71E+00,2.10E+00,1.15E+01,,,,,,,,,,,,,,,,,,,,,,,,,,,,,,,,,,,
DA_S42_O1,1,1.13E+00,1.23E+00,1.81E+00,2.18E+00,1.25E+01,,,,,,,,,,,,,,,,,,,,,,,,,,,,,,,,,,,
DA_S42_O1,1,1.13E+00,1.22E+00,1.92E+00,2.28E+00,1.35E+01,,,,,,,,,,,,,,,,,,,,,,,,,,,,,,,,,,,
DA_S42_O1,1,1.14E+00,1.21E+00,2.03E+00,2.36E+00,1.42E+01,,,,,,,,,,,,,,,,,,,,,,,,,,,,,,,,,,,
DA_S42_O1,1,1.15E+00,1.20E+00,2.16E+00,2.47E+00,1.37E+01,,,,,,,,,,,,,,,,,,,,,,,,,,,,,,,,,,,
DA_S42_O1,1,1.16E+00,1.18E+00,2.26E+00,2.55E+00,1.11E+01,,,,,,,,,,,,,,,,,,,,,,,,,,,,,,,,,,,
DA_S42_O1,1,1.17E+00,1.16E+00,2.34E+00,2.61E+00,1.26E+01,,,,,,,,,,,,,,,,,,,,,,,,,,,,,,,,,,,
DA_S42_O1,1,1.18E+00,1.12E+00,2.46E+00,2.70E+00,1.59E+01,,,,,,,,,,,,,,,,,,,,,,,,,,,,,,,,,,,
DA_S42_O1,1,1.18E+00,1.11E+00,2.60E+00,2.83E+00,1.24E+01,,,,,,,,,,,,,,,,,,,,,,,,,,,,,,,,,,,
DA_S42_O1,1,1.19E+00,1.09E+00,2.66E+00,2.88E+00,1.03E+01,,,,,,,,,,,,,,,,,,,,,,,,,,,,,,,,,,,
DA_S42_O1,1,1.20E+00,1.07E+00,2.77E+00,2.97E+00,1.21E+01,,,,,,,,,,,,,,,,,,,,,,,,,,,,,,,,,,,
DA_S42_O1,1,1.21E+00,1.06E+00,2.86E+00,3.05E+00,1.14E+01,,,,,,,,,,,,,,,,,,,,,,,,,,,,,,,,,,,
DA_S42_O1,1,1.22E+00,1.05E+00,2.96E+00,3.14E+00,1.27E+01,,,,,,,,,,,,,,,,,,,,,,,,,,,,,,,,,,,
DA_S42_O1,1,1.23E+00,1.05E+00,3.08E+00,3.25E+00,1.28E+01,,,,,,,,,,,,,,,,,,,,,,,,,,,,,,,,,,,
DA_S42_O1,1,1.23E+00,1.02E+00,3.17E+00,3.33E+00,9.93E+00,,,,,,,,,,,,,,,,,,,,,,,,,,,,,,,,,,,
DA_S42_O1,1,1.24E+00,1.02E+00,3.24E+00,3.39E+00,9.75E+00,,,,,,,,,,,,,,,,,,,,,,,,,,,,,,,,,,,
DA_S42_O1,1,1.25E+00,1.01E+00,3.33E+00,3.48E+00,1.12E+01,,,,,,,,,,,,,,,,,,,,,,,,,,,,,,,,,,,
DA_S42_O1,1,1.26E+00,9.87E-01,3.42E+00,3.56E+00,1.03E+01,,,,,,,,,,,,,,,,,,,,,,,,,,,,,,,,,,,
DA_S42_O1,1,1.27E+00,9.61E-01,3.50E+00,3.63E+00,9.08E+00,,,,,,,,,,,,,,,,,,,,,,,,,,,,,,,,,,,
DA_S42_O1,1,1.28E+00,9.43E-01,3.57E+00,3.69E+00,8.29E+00,,,,,,,,,,,,,,,,,,,,,,,,,,,,,,,,,,,
DA_S42_O1,1,1.28E+00,9.22E-01,3.63E+00,3.74E+00,8.67E+00,,,,,,,,,,,,,,,,,,,,,,,,,,,,,,,,,,,
DA_S42_O1,1,1.29E+00,8.96E-01,3.70E+00,3.81E+00,7.58E+00,,,,,,,,,,,,,,,,,,,,,,,,,,,,,,,,,,,
DA_S42_O1,1,1.30E+00,8.62E-01,3.74E+00,3.84E+00,,,,,,,,,,,,,,,,,,,,,,,,,,,,,,,,,,,,
,,,,,,,,,,,,,,,,,,,,,,,,,,,,,,,,,,,,,,,,,
DA_S42_O1,2,1.59E+00,1.19E+00,1.32E+00,1.78E+00,,,,,,,,,,,,,,,,,,,,,,,,,,,,,,,,,,,,
DA_S42_O1,2,1.60E+00,1.20E+00,1.41E+00,1.86E+00,1.24E+01,,,,,,,,,,,,,,,,,,,,,,,,,,,,,,,,,,,
DA_S42_O1,2,1.61E+00,1.20E+00,1.53E+00,1.94E+00,1.26E+01,,,,,,,,,,,,,,,,,,,,,,,,,,,,,,,,,,,
DA_S42_O1,2,1.62E+00,1.21E+00,1.62E+00,2.02E+00,1.24E+01,,,,,,,,,,,,,,,,,,,,,,,,,,,,,,,,,,,
DA_S42_O1,2,1.63E+00,1.17E+00,1.73E+00,2.09E+00,1.19E+01,,,,,,,,,,,,,,,,,,,,,,,,,,,,,,,,,,,
DA_S42_O1,2,1.63E+00,1.15E+00,1.81E+00,2.15E+00,1.04E+01,,,,,,,,,,,,,,,,,,,,,,,,,,,,,,,,,,,
DA_S42_O1,2,1.64E+00,1.14E+00,1.90E+00,2.21E+00,9.98E+00,,,,,,,,,,,,,,,,,,,,,,,,,,,,,,,,,,,
DA_S42_O1,2,1.65E+00,1.12E+00,1.98E+00,2.27E+00,1.11E+01,,,,,,,,,,,,,,,,,,,,,,,,,,,,,,,,,,,
DA_S42_O1,2,1.66E+00,1.09E+00,2.08E+00,2.35E+00,1.15E+01,,,,,,,,,,,,,,,,,,,,,,,,,,,,,,,,,,,
DA_S42_O1,2,1.67E+00,1.08E+00,2.16E+00,2.42E+00,1.27E+01,,,,,,,,,,,,,,,,,,,,,,,,,,,,,,,,,,,
DA_S42_O1,2,1.68E+00,1.05E+00,2.29E+00,2.52E+00,1.32E+01,,,,,,,,,,,,,,,,,,,,,,,,,,,,,,,,,,,
DA_S42_O1,2,1.69E+00,1.04E+00,2.38E+00,2.60E+00,1.12E+01,,,,,,,,,,,,,,,,,,,,,,,,,,,,,,,,,,,
DA_S42_O1,2,1.69E+00,1.02E+00,2.47E+00,2.67E+00,1.03E+01,,,,,,,,,,,,,,,,,,,,,,,,,,,,,,,,,,,
DA_S42_O1,2,1.70E+00,1.00E+00,2.55E+00,2.74E+00,9.93E+00,,,,,,,,,,,,,,,,,,,,,,,,,,,,,,,,,,,
DA_S42_O1,2,1.71E+00,9.84E-01,2.63E+00,2.81E+00,9.53E+00,,,,,,,,,,,,,,,,,,,,,,,,,,,,,,,,,,,
DA_S42_O1,2,1.72E+00,9.29E-01,2.69E+00,2.85E+00,9.86E+00,,,,,,,,,,,,,,,,,,,,,,,,,,,,,,,,,,,
DA_S42_O1,2,1.73E+00,9.24E-01,2.79E+00,2.94E+00,1.12E+01,,,,,,,,,,,,,,,,,,,,,,,,,,,,,,,,,,,
DA_S42_O1,2,1.74E+00,9.27E-01,2.88E+00,3.02E+00,1.01E+01,,,,,,,,,,,,,,,,,,,,,,,,,,,,,,,,,,,
DA_S42_O1,2,1.74E+00,9.28E-01,2.95E+00,3.10E+00,1.12E+01,,,,,,,,,,,,,,,,,,,,,,,,,,,,,,,,,,,
DA_S42_O1,2,1.75E+00,8.97E-01,3.06E+00,3.19E+00,1.23E+01,,,,,,,,,,,,,,,,,,,,,,,,,,,,,,,,,,,
DA_S42_O1,2,1.76E+00,8.79E-01,3.15E+00,3.27E+00,1.01E+01,,,,,,,,,,,,,,,,,,,,,,,,,,,,,,,,,,,
DA_S42_O1,2,1.77E+00,8.80E-01,3.23E+00,3.35E+00,8.99E+00,,,,,,,,,,,,,,,,,,,,,,,,,,,,,,,,,,,
DA_S42_O1,2,1.78E+00,8.68E-01,3.30E+00,3.42E+00,8.81E+00,,,,,,,,,,,,,,,,,,,,,,,,,,,,,,,,,,,
DA_S42_O1,2,1.79E+00,8.57E-01,3.38E+00,3.48E+00,7.74E+00,,,,,,,,,,,,,,,,,,,,,,,,,,,,,,,,,,,
DA_S42_O1,2,1.79E+00,8.58E-01,3.43E+00,3.54E+00,5.12E+00,,,,,,,,,,,,,,,,,,,,,,,,,,,,,,,,,,,
DA_S42_O1,2,1.80E+00,8.62E-01,3.46E+00,3.57E+00,6.71E+00,,,,,,,,,,,,,,,,,,,,,,,,,,,,,,,,,,,
DA_S42_O1,2,1.81E+00,8.27E-01,3.54E+00,3.64E+00,8.86E+00,,,,,,,,,,,,,,,,,,,,,,,,,,,,,,,,,,,
DA_S42_O1,2,1.82E+00,8.66E-01,3.61E+00,3.71E+00,7.57E+00,,,,,,,,,,,,,,,,,,,,,,,,,,,,,,,,,,,
DA_S42_O1,2,1.83E+00,8.69E-01,3.66E+00,3.76E+00,6.74E+00,,,,,,,,,,,,,,,,,,,,,,,,,,,,,,,,,,,
DA_S42_O1,2,1.84E+00,8.68E-01,3.72E+00,3.82E+00,8.49E+00,,,,,,,,,,,,,,,,,,,,,,,,,,,,,,,,,,,
DA_S42_O1,2,1.84E+00,8.75E-01,3.80E+00,3.90E+00,8.81E+00,,,,,,,,,,,,,,,,,,,,,,,,,,,,,,,,,,,
DA_S42_O1,2,1.85E+00,8.87E-01,3.87E+00,3.97E+00,1.03E+01,,,,,,,,,,,,,,,,,,,,,,,,,,,,,,,,,,,
DA_S42_O1,2,1.86E+00,8.71E-01,3.97E+00,4.07E+00,9.86E+00,,,,,,,,,,,,,,,,,,,,,,,,,,,,,,,,,,,
DA_S42_O1,2,1.87E+00,8.78E-01,4.03E+00,4.13E+00,6.56E+00,,,,,,,,,,,,,,,,,,,,,,,,,,,,,,,,,,,
DA_S42_O1,2,1.88E+00,8.96E-01,4.08E+00,4.18E+00,,,,,,,,,,,,,,,,,,,,,,,,,,,,,,,,,,,,
,,,,,,,,,,,,,,,,,,,,,,,,,,,,,,,,,,,,,,,,,
DA_S42_O1,3,3.04E+00,1.79E+00,1.57E+00,2.38E+00,,,,,,,,,,,,,,,,,,,,,,,,,,,,,,,,,,,,
DA_S42_O1,3,3.05E+00,1.79E+00,1.76E+00,2.51E+00,2.40E+01,,,,,,,,,,,,,,,,,,,,,,,,,,,,,,,,,,,
DA_S42_O1,3,3.06E+00,1.75E+00,1.97E+00,2.64E+00,1.98E+01,,,,,,,,,,,,,,,,,,,,,,,,,,,,,,,,,,,
DA_S42_O1,3,3.07E+00,1.75E+00,2.09E+00,2.73E+00,1.58E+01,,,,,,,,,,,,,,,,,,,,,,,,,,,,,,,,,,,
DA_S42_O1,3,3.08E+00,1.75E+00,2.23E+00,2.84E+00,1.78E+01,,,,,,,,,,,,,,,,,,,,,,,,,,,,,,,,,,,
DA_S42_O1,3,3.09E+00,1.75E+00,2.38E+00,2.96E+00,1.83E+01,,,,,,,,,,,,,,,,,,,,,,,,,,,,,,,,,,,
DA_S42_O1,3,3.09E+00,1.75E+00,2.54E+00,3.08E+00,1.87E+01,,,,,,,,,,,,,,,,,,,,,,,,,,,,,,,,,,,
DA_S42_O1,3,3.10E+00,1.76E+00,2.70E+00,3.22E+00,1.80E+01,,,,,,,,,,,,,,,,,,,,,,,,,,,,,,,,,,,
DA_S42_O1,3,3.11E+00,1.77E+00,2.84E+00,3.34E+00,1.61E+01,,,,,,,,,,,,,,,,,,,,,,,,,,,,,,,,,,,
DA_S42_O1,3,3.12E+00,1.77E+00,2.97E+00,3.46E+00,1.71E+01,,,,,,,,,,,,,,,,,,,,,,,,,,,,,,,,,,,
DA_S42_O1,3,3.13E+00,1.79E+00,3.12E+00,3.60E+00,1.76E+01,,,,,,,,,,,,,,,,,,,,,,,,,,,,,,,,,,,
DA_S42_O1,3,3.14E+00,1.78E+00,3.26E+00,3.71E+00,1.41E+01,,,,,,,,,,,,,,,,,,,,,,,,,,,,,,,,,,,
DA_S42_O1,3,3.14E+00,1.76E+00,3.36E+00,3.79E+00,1.35E+01,,,,,,,,,,,,,,,,,,,,,,,,,,,,,,,,,,,
DA_S42_O1,3,3.15E+00,1.76E+00,3.48E+00,3.90E+00,1.72E+01,,,,,,,,,,,,,,,,,,,,,,,,,,,,,,,,,,,
DA_S42_O1,3,3.16E+00,1.74E+00,3.64E+00,4.04E+00,1.74E+01,,,,,,,,,,,,,,,,,,,,,,,,,,,,,,,,,,,
DA_S42_O1,3,3.17E+00,1.73E+00,3.77E+00,4.15E+00,1.35E+01,,,,,,,,,,,,,,,,,,,,,,,,,,,,,,,,,,,
DA_S42_O1,3,3.18E+00,1.72E+00,3.87E+00,4.23E+00,1.31E+01,,,,,,,,,,,,,,,,,,,,,,,,,,,,,,,,,,,
DA_S42_O1,3,3.19E+00,1.75E+00,3.99E+00,4.36E+00,1.45E+01,,,,,,,,,,,,,,,,,,,,,,,,,,,,,,,,,,,
DA_S42_O1,3,3.19E+00,1.75E+00,4.11E+00,4.46E+00,1.50E+01,,,,,,,,,,,,,,,,,,,,,,,,,,,,,,,,,,,
DA_S42_O1,3,3.20E+00,1.75E+00,4.24E+00,4.58E+00,1.42E+01,,,,,,,,,,,,,,,,,,,,,,,,,,,,,,,,,,,
DA_S42_O1,3,3.21E+00,1.75E+00,4.34E+00,4.68E+00,1.49E+01,,,,,,,,,,,,,,,,,,,,,,,,,,,,,,,,,,,
DA_S42_O1,3,3.22E+00,1.76E+00,4.49E+00,4.82E+00,1.41E+01,,,,,,,,,,,,,,,,,,,,,,,,,,,,,,,,,,,
DA_S42_O1,3,3.23E+00,1.77E+00,4.58E+00,4.91E+00,1.22E+01,,,,,,,,,,,,,,,,,,,,,,,,,,,,,,,,,,,
DA_S42_O1,3,3.24E+00,1.76E+00,4.69E+00,5.01E+00,,,,,,,,,,,,,,,,,,,,,,,,,,,,,,,,,,,,
,,,,,,,,,,,,,,,,,,,,,,,,,,,,,,,,,,,,,,,,,
DA_S42_O1,4,4.45E+00,1.33E+00,1.36E+00,1.90E+00,,,,,,,,,,,,,,,,,,,,,,,,,,,,,,,,,,,,
DA_S42_O1,4,4.45E+00,1.32E+00,1.47E+00,1.98E+00,1.07E+01,,,,,,,,,,,,,,,,,,,,,,,,,,,,,,,,,,,
DA_S42_O1,4,4.46E+00,1.33E+00,1.54E+00,2.03E+00,9.10E+00,,,,,,,,,,,,,,,,,,,,,,,,,,,,,,,,,,,
DA_S42_O1,4,4.47E+00,1.32E+00,1.62E+00,2.09E+00,8.61E+00,,,,,,,,,,,,,,,,,,,,,,,,,,,,,,,,,,,
DA_S42_O1,4,4.48E+00,1.32E+00,1.68E+00,2.14E+00,9.10E+00,,,,,,,,,,,,,,,,,,,,,,,,,,,,,,,,,,,
DA_S42_O1,4,4.49E+00,1.31E+00,1.77E+00,2.21E+00,9.97E+00,,,,,,,,,,,,,,,,,,,,,,,,,,,,,,,,,,,
DA_S42_O1,4,4.50E+00,1.31E+00,1.85E+00,2.27E+00,7.25E+00,,,,,,,,,,,,,,,,,,,,,,,,,,,,,,,,,,,
DA_S42_O1,4,4.50E+00,1.32E+00,1.89E+00,2.31E+00,5.74E+00,,,,,,,,,,,,,,,,,,,,,,,,,,,,,,,,,,,
DA_S42_O1,4,4.51E+00,1.31E+00,1.95E+00,2.34E+00,9.01E+00,,,,,,,,,,,,,,,,,,,,,,,,,,,,,,,,,,,
DA_S42_O1,4,4.52E+00,1.33E+00,2.04E+00,2.44E+00,1.18E+01,,,,,,,,,,,,,,,,,,,,,,,,,,,,,,,,,,,
DA_S42_O1,4,4.53E+00,1.33E+00,2.14E+00,2.52E+00,9.53E+00,,,,,,,,,,,,,,,,,,,,,,,,,,,,,,,,,,,
DA_S42_O1,4,4.54E+00,1.34E+00,2.20E+00,2.58E+00,1.01E+01,,,,,,,,,,,,,,,,,,,,,,,,,,,,,,,,,,,
DA_S42_O1,4,4.55E+00,1.36E+00,2.31E+00,2.68E+00,1.23E+01,,,,,,,,,,,,,,,,,,,,,,,,,,,,,,,,,,,
DA_S42_O1,4,4.55E+00,1.37E+00,2.41E+00,2.77E+00,1.10E+01,,,,,,,,,,,,,,,,,,,,,,,,,,,,,,,,,,,
DA_S42_O1,4,4.56E+00,1.37E+00,2.49E+00,2.84E+00,1.04E+01,,,,,,,,,,,,,,,,,,,,,,,,,,,,,,,,,,,
DA_S42_O1,4,4.57E+00,1.39E+00,2.58E+00,2.93E+00,1.18E+01,,,,,,,,,,,,,,,,,,,,,,,,,,,,,,,,,,,
DA_S42_O1,4,4.58E+00,1.41E+00,2.68E+00,3.03E+00,1.18E+01,,,,,,,,,,,,,,,,,,,,,,,,,,,,,,,,,,,
DA_S42_O1,4,4.59E+00,1.41E+00,2.77E+00,3.11E+00,1.35E+01,,,,,,,,,,,,,,,,,,,,,,,,,,,,,,,,,,,
DA_S42_O1,4,4.60E+00,1.41E+00,2.91E+00,3.23E+00,1.28E+01,,,,,,,,,,,,,,,,,,,,,,,,,,,,,,,,,,,
DA_S42_O1,4,4.60E+00,1.40E+00,2.99E+00,3.30E+00,1.15E+01,,,,,,,,,,,,,,,,,,,,,,,,,,,,,,,,,,,
DA_S42_O1,4,4.61E+00,1.40E+00,3.10E+00,3.40E+00,1.19E+01,,,,,,,,,,,,,,,,,,,,,,,,,,,,,,,,,,,
DA_S42_O1,4,4.62E+00,1.39E+00,3.19E+00,3.48E+00,1.25E+01,,,,,,,,,,,,,,,,,,,,,,,,,,,,,,,,,,,
DA_S42_O1,4,4.63E+00,1.38E+00,3.31E+00,3.58E+00,1.35E+01,,,,,,,,,,,,,,,,,,,,,,,,,,,,,,,,,,,
DA_S42_O1,4,4.64E+00,1.39E+00,3.41E+00,3.69E+00,1.19E+01,,,,,,,,,,,,,,,,,,,,,,,,,,,,,,,,,,,
DA_S42_O1,4,4.65E+00,1.38E+00,3.50E+00,3.77E+00,1.10E+01,,,,,,,,,,,,,,,,,,,,,,,,,,,,,,,,,,,
DA_S42_O1,4,4.65E+00,1.38E+00,3.59E+00,3.85E+00,1.15E+01,,,,,,,,,,,,,,,,,,,,,,,,,,,,,,,,,,,
DA_S42_O1,4,4.66E+00,1.37E+00,3.70E+00,3.94E+00,1.14E+01,,,,,,,,,,,,,,,,,,,,,,,,,,,,,,,,,,,
DA_S42_O1,4,4.67E+00,1.38E+00,3.78E+00,4.03E+00,1.11E+01,,,,,,,,,,,,,,,,,,,,,,,,,,,,,,,,,,,
DA_S42_O1,4,4.68E+00,1.38E+00,3.88E+00,4.12E+00,1.21E+01,,,,,,,,,,,,,,,,,,,,,,,,,,,,,,,,,,,
DA_S42_O1,4,4.69E+00,1.38E+00,3.99E+00,4.22E+00,1.06E+01,,,,,,,,,,,,,,,,,,,,,,,,,,,,,,,,,,,
DA_S42_O1,4,4.70E+00,1.39E+00,4.06E+00,4.29E+00,1.02E+01,,,,,,,,,,,,,,,,,,,,,,,,,,,,,,,,,,,
DA_S42_O1,4,4.70E+00,1.39E+00,4.16E+00,4.38E+00,1.36E+01,,,,,,,,,,,,,,,,,,,,,,,,,,,,,,,,,,,
DA_S42_O1,4,4.71E+00,1.40E+00,4.28E+00,4.51E+00,1.29E+01,,,,,,,,,,,,,,,,,,,,,,,,,,,,,,,,,,,
DA_S42_O1,4,4.72E+00,1.41E+00,4.37E+00,4.59E+00,1.11E+01,,,,,,,,,,,,,,,,,,,,,,,,,,,,,,,,,,,
DA_S42_O1,4,4.73E+00,1.41E+00,4.47E+00,4.69E+00,,,,,,,,,,,,,,,,,,,,,,,,,,,,,,,,,,,,
,,,,,,,,,,,,,,,,,,,,,,,,,,,,,,,,,,,,,,,,,
DA_S43_O1,1,3.34E-01,9.31E-01,9.96E-01,1.36E+00,,,,,,,,,,,,,,,,,,,,,,,,,,,,,,,,,,,,
DA_S43_O1,1,3.42E-01,9.68E-01,1.10E+00,1.46E+00,9.89E+00,,,,,,,,,,,,,,,,,,,,,,,,,,,,,,,,,,,
DA_S43_O1,1,3.50E-01,9.71E-01,1.16E+00,1.51E+00,1.12E+01,,,,,,,,,,,,,,,,,,,,,,,,,,,,,,,,,,,
DA_S43_O1,1,3.59E-01,1.00E+00,1.28E+00,1.62E+00,1.59E+01,,,,,,,,,,,,,,,,,,,,,,,,,,,,,,,,,,,
DA_S43_O1,1,3.67E-01,1.03E+00,1.41E+00,1.75E+00,1.38E+01,,,,,,,,,,,,,,,,,,,,,,,,,,,,,,,,,,,
DA_S43_O1,1,3.75E-01,1.06E+00,1.50E+00,1.84E+00,1.37E+01,,,,,,,,,,,,,,,,,,,,,,,,,,,,,,,,,,,
DA_S43_O1,1,3.84E-01,1.10E+00,1.63E+00,1.97E+00,1.37E+01,,,,,,,,,,,,,,,,,,,,,,,,,,,,,,,,,,,
DA_S43_O1,1,3.92E-01,1.13E+00,1.72E+00,2.06E+00,1.27E+01,,,,,,,,,,,,,,,,,,,,,,,,,,,,,,,,,,,
DA_S43_O1,1,4.00E-01,1.19E+00,1.82E+00,2.18E+00,1.50E+01,,,,,,,,,,,,,,,,,,,,,,,,,,,,,,,,,,,
DA_S43_O1,1,4.09E-01,1.24E+00,1.94E+00,2.31E+00,1.66E+01,,,,,,,,,,,,,,,,,,,,,,,,,,,,,,,,,,,
DA_S43_O1,1,4.17E-01,1.29E+00,2.08E+00,2.45E+00,1.57E+01,,,,,,,,,,,,,,,,,,,,,,,,,,,,,,,,,,,
DA_S43_O1,1,4.25E-01,1.32E+00,2.19E+00,2.56E+00,1.52E+01,,,,,,,,,,,,,,,,,,,,,,,,,,,,,,,,,,,
DA_S43_O1,1,4.34E-01,1.37E+00,2.32E+00,2.70E+00,1.72E+01,,,,,,,,,,,,,,,,,,,,,,,,,,,,,,,,,,,
DA_S43_O1,1,4.42E-01,1.44E+00,2.45E+00,2.85E+00,1.66E+01,,,,,,,,,,,,,,,,,,,,,,,,,,,,,,,,,,,
DA_S43_O1,1,4.50E-01,1.50E+00,2.57E+00,2.97E+00,1.63E+01,,,,,,,,,,,,,,,,,,,,,,,,,,,,,,,,,,,
DA_S43_O1,1,4.59E-01,1.55E+00,2.70E+00,3.11E+00,1.63E+01,,,,,,,,,,,,,,,,,,,,,,,,,,,,,,,,,,,
DA_S43_O1,1,4.67E-01,1.60E+00,2.82E+00,3.24E+00,1.66E+01,,,,,,,,,,,,,,,,,,,,,,,,,,,,,,,,,,,
DA_S43_O1,1,4.75E-01,1.64E+00,2.96E+00,3.39E+00,1.68E+01,,,,,,,,,,,,,,,,,,,,,,,,,,,,,,,,,,,
DA_S43_O1,1,4.84E-01,1.70E+00,3.08E+00,3.52E+00,1.57E+01,,,,,,,,,,,,,,,,,,,,,,,,,,,,,,,,,,,
DA_S43_O1,1,4.92E-01,1.72E+00,3.21E+00,3.64E+00,1.54E+01,,,,,,,,,,,,,,,,,,,,,,,,,,,,,,,,,,,
DA_S43_O1,1,5.01E-01,1.77E+00,3.33E+00,3.77E+00,1.51E+01,,,,,,,,,,,,,,,,,,,,,,,,,,,,,,,,,,,
DA_S43_O1,1,5.09E-01,1.81E+00,3.45E+00,3.89E+00,1.48E+01,,,,,,,,,,,,,,,,,,,,,,,,,,,,,,,,,,,
DA_S43_O1,1,5.17E-01,1.84E+00,3.56E+00,4.01E+00,1.32E+01,,,,,,,,,,,,,,,,,,,,,,,,,,,,,,,,,,,
DA_S43_O1,1,5.26E-01,1.86E+00,3.66E+00,4.11E+00,1.37E+01,,,,,,,,,,,,,,,,,,,,,,,,,,,,,,,,,,,
DA_S43_O1,1,5.34E-01,1.93E+00,3.78E+00,4.24E+00,1.42E+01,,,,,,,,,,,,,,,,,,,,,,,,,,,,,,,,,,,
DA_S43_O1,1,5.42E-01,1.98E+00,3.87E+00,4.35E+00,1.24E+01,,,,,,,,,,,,,,,,,,,,,,,,,,,,,,,,,,,
DA_S43_O1,1,5.51E-01,2.00E+00,3.97E+00,4.44E+00,1.32E+01,,,,,,,,,,,,,,,,,,,,,,,,,,,,,,,,,,,
DA_S43_O1,1,5.59E-01,2.03E+00,4.08E+00,4.56E+00,,,,,,,,,,,,,,,,,,,,,,,,,,,,,,,,,,,,
,,,,,,,,,,,,,,,,,,,,,,,,,,,,,,,,,,,,,,,,,
DA_S43_O1,2,3.16E+00,7.66E-01,1.33E+00,1.53E+00,,,,,,,,,,,,,,,,,,,,,,,,,,,,,,,,,,,,
DA_S43_O1,2,3.17E+00,8.43E-01,1.46E+00,1.69E+00,1.34E+01,,,,,,,,,,,,,,,,,,,,,,,,,,,,,,,,,,,
DA_S43_O1,2,3.18E+00,8.39E-01,1.54E+00,1.75E+00,1.24E+01,,,,,,,,,,,,,,,,,,,,,,,,,,,,,,,,,,,
DA_S43_O1,2,3.19E+00,8.43E-01,1.67E+00,1.87E+00,1.68E+01,,,,,,,,,,,,,,,,,,,,,,,,,,,,,,,,,,,
DA_S43_O1,2,3.19E+00,8.47E-01,1.82E+00,2.00E+00,1.84E+01,,,,,,,,,,,,,,,,,,,,,,,,,,,,,,,,,,,
DA_S43_O1,2,3.20E+00,8.74E-01,1.98E+00,2.16E+00,1.80E+01,,,,,,,,,,,,,,,,,,,,,,,,,,,,,,,,,,,
DA_S43_O1,2,3.21E+00,9.02E-01,2.11E+00,2.30E+00,1.45E+01,,,,,,,,,,,,,,,,,,,,,,,,,,,,,,,,,,,
DA_S43_O1,2,3.22E+00,9.33E-01,2.21E+00,2.40E+00,1.38E+01,,,,,,,,,,,,,,,,,,,,,,,,,,,,,,,,,,,
DA_S43_O1,2,3.23E+00,9.62E-01,2.33E+00,2.52E+00,1.82E+01,,,,,,,,,,,,,,,,,,,,,,,,,,,,,,,,,,,
DA_S43_O1,2,3.24E+00,1.00E+00,2.51E+00,2.70E+00,2.01E+01,,,,,,,,,,,,,,,,,,,,,,,,,,,,,,,,,,,
DA_S43_O1,2,3.24E+00,1.02E+00,2.67E+00,2.85E+00,1.98E+01,,,,,,,,,,,,,,,,,,,,,,,,,,,,,,,,,,,
DA_S43_O1,2,3.25E+00,1.03E+00,2.84E+00,3.02E+00,1.83E+01,,,,,,,,,,,,,,,,,,,,,,,,,,,,,,,,,,,
DA_S43_O1,2,3.26E+00,1.03E+00,2.97E+00,3.14E+00,2.07E+01,,,,,,,,,,,,,,,,,,,,,,,,,,,,,,,,,,,
DA_S43_O1,2,3.27E+00,1.07E+00,3.18E+00,3.35E+00,2.21E+01,,,,,,,,,,,,,,,,,,,,,,,,,,,,,,,,,,,
DA_S43_O1,2,3.28E+00,1.12E+00,3.33E+00,3.51E+00,2.12E+01,,,,,,,,,,,,,,,,,,,,,,,,,,,,,,,,,,,
DA_S43_O1,2,3.29E+00,1.15E+00,3.52E+00,3.71E+00,2.07E+01,,,,,,,,,,,,,,,,,,,,,,,,,,,,,,,,,,,
DA_S43_O1,2,3.29E+00,1.16E+00,3.67E+00,3.85E+00,1.66E+01,,,,,,,,,,,,,,,,,,,,,,,,,,,,,,,,,,,
DA_S43_O1,2,3.30E+00,1.20E+00,3.79E+00,3.98E+00,1.73E+01,,,,,,,,,,,,,,,,,,,,,,,,,,,,,,,,,,,
DA_S43_O1,2,3.31E+00,1.26E+00,3.94E+00,4.14E+00,1.84E+01,,,,,,,,,,,,,,,,,,,,,,,,,,,,,,,,,,,
DA_S43_O1,2,3.32E+00,1.28E+00,4.09E+00,4.29E+00,1.91E+01,,,,,,,,,,,,,,,,,,,,,,,,,,,,,,,,,,,
DA_S43_O1,2,3.33E+00,1.34E+00,4.25E+00,4.46E+00,1.45E+01,,,,,,,,,,,,,,,,,,,,,,,,,,,,,,,,,,,
DA_S43_O1,2,3.34E+00,1.34E+00,4.32E+00,4.53E+00,1.22E+01,,,,,,,,,,,,,,,,,,,,,,,,,,,,,,,,,,,
DA_S43_O1,2,3.35E+00,1.38E+00,4.45E+00,4.66E+00,1.82E+01,,,,,,,,,,,,,,,,,,,,,,,,,,,,,,,,,,,
DA_S43_O1,2,3.35E+00,1.41E+00,4.62E+00,4.83E+00,1.64E+01,,,,,,,,,,,,,,,,,,,,,,,,,,,,,,,,,,,
DA_S43_O1,2,3.36E+00,1.43E+00,4.72E+00,4.93E+00,,,,,,,,,,,,,,,,,,,,,,,,,,,,,,,,,,,,
,,,,,,,,,,,,,,,,,,,,,,,,,,,,,,,,,,,,,,,,,
DA_S43_O1,3,4.15E+00,1.80E-01,1.38E+00,1.39E+00,,,,,,,,,,,,,,,,,,,,,,,,,,,,,,,,,,,,
DA_S43_O1,3,4.15E+00,2.22E-01,1.49E+00,1.51E+00,1.37E+01,,,,,,,,,,,,,,,,,,,,,,,,,,,,,,,,,,,
DA_S43_O1,3,4.16E+00,2.65E-01,1.59E+00,1.61E+00,1.22E+01,,,,,,,,,,,,,,,,,,,,,,,,,,,,,,,,,,,
DA_S43_O1,3,4.17E+00,2.71E-01,1.69E+00,1.71E+00,1.17E+01,,,,,,,,,,,,,,,,,,,,,,,,,,,,,,,,,,,
DA_S43_O1,3,4.18E+00,3.27E-01,1.77E+00,1.80E+00,1.19E+01,,,,,,,,,,,,,,,,,,,,,,,,,,,,,,,,,,,
DA_S43_O1,3,4.19E+00,3.83E-01,1.85E+00,1.89E+00,9.48E+00,,,,,,,,,,,,,,,,,,,,,,,,,,,,,,,,,,,
DA_S43_O1,3,4.20E+00,4.04E-01,1.91E+00,1.95E+00,1.17E+01,,,,,,,,,,,,,,,,,,,,,,,,,,,,,,,,,,,
DA_S43_O1,3,4.20E+00,4.45E-01,2.04E+00,2.08E+00,1.34E+01,,,,,,,,,,,,,,,,,,,,,,,,,,,,,,,,,,,
DA_S43_O1,3,4.21E+00,4.76E-01,2.12E+00,2.18E+00,1.29E+01,,,,,,,,,,,,,,,,,,,,,,,,,,,,,,,,,,,
DA_S43_O1,3,4.22E+00,4.93E-01,2.25E+00,2.30E+00,1.11E+01,,,,,,,,,,,,,,,,,,,,,,,,,,,,,,,,,,,
DA_S43_O1,3,4.23E+00,5.02E-01,2.31E+00,2.36E+00,1.40E+01,,,,,,,,,,,,,,,,,,,,,,,,,,,,,,,,,,,
DA_S43_O1,3,4.24E+00,5.16E-01,2.48E+00,2.53E+00,1.66E+01,,,,,,,,,,,,,,,,,,,,,,,,,,,,,,,,,,,
DA_S43_O1,3,4.25E+00,5.59E-01,2.58E+00,2.64E+00,1.53E+01,,,,,,,,,,,,,,,,,,,,,,,,,,,,,,,,,,,
DA_S43_O1,3,4.25E+00,6.12E-01,2.71E+00,2.78E+00,1.61E+01,,,,,,,,,,,,,,,,,,,,,,,,,,,,,,,,,,,
DA_S43_O1,3,4.26E+00,6.29E-01,2.84E+00,2.91E+00,1.40E+01,,,,,,,,,,,,,,,,,,,,,,,,,,,,,,,,,,,
DA_S43_O1,3,4.27E+00,6.34E-01,2.95E+00,3.01E+00,1.64E+01,,,,,,,,,,,,,,,,,,,,,,,,,,,,,,,,,,,
DA_S43_O1,3,4.28E+00,6.74E-01,3.11E+00,3.18E+00,1.52E+01,,,,,,,,,,,,,,,,,,,,,,,,,,,,,,,,,,,
DA_S43_O1,3,4.29E+00,6.93E-01,3.19E+00,3.27E+00,1.39E+01,,,,,,,,,,,,,,,,,,,,,,,,,,,,,,,,,,,
DA_S43_O1,3,4.30E+00,6.84E-01,3.34E+00,3.41E+00,1.39E+01,,,,,,,,,,,,,,,,,,,,,,,,,,,,,,,,,,,
DA_S43_O1,3,4.30E+00,7.03E-01,3.42E+00,3.50E+00,1.38E+01,,,,,,,,,,,,,,,,,,,,,,,,,,,,,,,,,,,
DA_S43_O1,3,4.31E+00,6.83E-01,3.57E+00,3.63E+00,1.54E+01,,,,,,,,,,,,,,,,,,,,,,,,,,,,,,,,,,,
DA_S43_O1,3,4.32E+00,7.25E-01,3.68E+00,3.75E+00,1.48E+01,,,,,,,,,,,,,,,,,,,,,,,,,,,,,,,,,,,
DA_S43_O1,3,4.33E+00,7.17E-01,3.81E+00,3.88E+00,9.45E+00,,,,,,,,,,,,,,,,,,,,,,,,,,,,,,,,,,,
DA_S43_O1,3,4.34E+00,6.56E-01,3.82E+00,3.88E+00,1.24E+01,,,,,,,,,,,,,,,,,,,,,,,,,,,,,,,,,,,
DA_S43_O1,3,4.35E+00,6.93E-01,4.02E+00,4.08E+00,1.84E+01,,,,,,,,,,,,,,,,,,,,,,,,,,,,,,,,,,,
DA_S43_O1,3,4.35E+00,6.86E-01,4.13E+00,4.18E+00,1.24E+01,,,,,,,,,,,,,,,,,,,,,,,,,,,,,,,,,,,
DA_S43_O1,3,4.36E+00,6.81E-01,4.22E+00,4.28E+00,1.38E+01,,,,,,,,,,,,,,,,,,,,,,,,,,,,,,,,,,,
DA_S43_O1,3,4.37E+00,6.73E-01,4.36E+00,4.41E+00,1.45E+01,,,,,,,,,,,,,,,,,,,,,,,,,,,,,,,,,,,
DA_S43_O1,3,4.38E+00,6.66E-01,4.47E+00,4.52E+00,,,,,,,,,,,,,,,,,,,,,,,,,,,,,,,,,,,,
,,,,,,,,,,,,,,,,,,,,,,,,,,,,,,,,,,,,,,,,,
DA_S43_O1,4,5.44E+00,1.20E+00,1.32E+00,1.78E+00,,,,,,,,,,,,,,,,,,,,,,,,,,,,,,,,,,,,
DA_S43_O1,4,5.45E+00,1.24E+00,1.46E+00,1.92E+00,1.82E+01,,,,,,,,,,,,,,,,,,,,,,,,,,,,,,,,,,,
DA_S43_O1,4,5.46E+00,1.27E+00,1.61E+00,2.05E+00,1.80E+01,,,,,,,,,,,,,,,,,,,,,,,,,,,,,,,,,,,
DA_S43_O1,4,5.46E+00,1.30E+00,1.76E+00,2.19E+00,1.80E+01,,,,,,,,,,,,,,,,,,,,,,,,,,,,,,,,,,,
DA_S43_O1,4,5.47E+00,1.33E+00,1.91E+00,2.32E+00,1.87E+01,,,,,,,,,,,,,,,,,,,,,,,,,,,,,,,,,,,
DA_S43_O1,4,5.48E+00,1.35E+00,2.07E+00,2.47E+00,1.78E+01,,,,,,,,,,,,,,,,,,,,,,,,,,,,,,,,,,,
DA_S43_O1,4,5.49E+00,1.37E+00,2.20E+00,2.59E+00,1.61E+01,,,,,,,,,,,,,,,,,,,,,,,,,,,,,,,,,,,
DA_S43_O1,4,5.50E+00,1.37E+00,2.33E+00,2.71E+00,1.71E+01,,,,,,,,,,,,,,,,,,,,,,,,,,,,,,,,,,,
DA_S43_O1,4,5.51E+00,1.41E+00,2.48E+00,2.86E+00,1.70E+01,,,,,,,,,,,,,,,,,,,,,,,,,,,,,,,,,,,
DA_S43_O1,4,5.51E+00,1.46E+00,2.61E+00,2.99E+00,1.80E+01,,,,,,,,,,,,,,,,,,,,,,,,,,,,,,,,,,,
DA_S43_O1,4,5.52E+00,1.51E+00,2.77E+00,3.15E+00,1.96E+01,,,,,,,,,,,,,,,,,,,,,,,,,,,,,,,,,,,
DA_S43_O1,4,5.53E+00,1.52E+00,2.93E+00,3.30E+00,1.71E+01,,,,,,,,,,,,,,,,,,,,,,,,,,,,,,,,,,,
DA_S43_O1,4,5.54E+00,1.55E+00,3.05E+00,3.42E+00,1.27E+01,,,,,,,,,,,,,,,,,,,,,,,,,,,,,,,,,,,
DA_S43_O1,4,5.55E+00,1.56E+00,3.13E+00,3.50E+00,1.04E+01,,,,,,,,,,,,,,,,,,,,,,,,,,,,,,,,,,,
DA_S43_O1,4,5.56E+00,1.58E+00,3.22E+00,3.59E+00,1.54E+01,,,,,,,,,,,,,,,,,,,,,,,,,,,,,,,,,,,
DA_S43_O1,4,5.56E+00,1.63E+00,3.38E+00,3.75E+00,1.45E+01,,,,,,,,,,,,,,,,,,,,,,,,,,,,,,,,,,,
DA_S43_O1,4,5.57E+00,1.64E+00,3.45E+00,3.82E+00,1.11E+01,,,,,,,,,,,,,,,,,,,,,,,,,,,,,,,,,,,
DA_S43_O1,4,5.58E+00,1.65E+00,3.57E+00,3.93E+00,1.20E+01,,,,,,,,,,,,,,,,,,,,,,,,,,,,,,,,,,,
DA_S43_O1,4,5.59E+00,1.67E+00,3.65E+00,4.02E+00,9.89E+00,,,,,,,,,,,,,,,,,,,,,,,,,,,,,,,,,,,
DA_S43_O1,4,5.60E+00,1.69E+00,3.73E+00,4.09E+00,1.15E+01,,,,,,,,,,,,,,,,,,,,,,,,,,,,,,,,,,,
DA_S43_O1,4,5.61E+00,1.72E+00,3.84E+00,4.21E+00,1.24E+01,,,,,,,,,,,,,,,,,,,,,,,,,,,,,,,,,,,
DA_S43_O1,4,5.61E+00,1.76E+00,3.92E+00,4.30E+00,1.24E+01,,,,,,,,,,,,,,,,,,,,,,,,,,,,,,,,,,,
DA_S43_O1,4,5.62E+00,1.79E+00,4.03E+00,4.41E+00,1.59E+01,,,,,,,,,,,,,,,,,,,,,,,,,,,,,,,,,,,
DA_S43_O1,4,5.63E+00,1.81E+00,4.18E+00,4.56E+00,1.82E+01,,,,,,,,,,,,,,,,,,,,,,,,,,,,,,,,,,,
DA_S43_O1,4,5.64E+00,1.79E+00,4.34E+00,4.69E+00,2.04E+01,,,,,,,,,,,,,,,,,,,,,,,,,,,,,,,,,,,
DA_S43_O1,4,5.65E+00,1.81E+00,4.52E+00,4.87E+00,1.98E+01,,,,,,,,,,,,,,,,,,,,,,,,,,,,,,,,,,,
DA_S43_O1,4,5.66E+00,1.82E+00,4.67E+00,5.01E+00,,,,,,,,,,,,,,,,,,,,,,,,,,,,,,,,,,,,
,,,,,,,,,,,,,,,,,,,,,,,,,,,,,,,,,,,,,,,,,
DA_S43_O1,5,6.97E+00,1.09E+00,1.14E+00,1.58E+00,,,,,,,,,,,,,,,,,,,,,,,,,,,,,,,,,,,,
DA_S43_O1,5,6.98E+00,1.11E+00,1.23E+00,1.65E+00,1.01E+01,,,,,,,,,,,,,,,,,,,,,,,,,,,,,,,,,,,
DA_S43_O1,5,6.99E+00,1.14E+00,1.30E+00,1.73E+00,8.99E+00,,,,,,,,,,,,,,,,,,,,,,,,,,,,,,,,,,,
DA_S43_O1,5,7.00E+00,1.14E+00,1.37E+00,1.78E+00,8.75E+00,,,,,,,,,,,,,,,,,,,,,,,,,,,,,,,,,,,
DA_S43_O1,5,7.01E+00,1.15E+00,1.45E+00,1.85E+00,1.11E+01,,,,,,,,,,,,,,,,,,,,,,,,,,,,,,,,,,,
DA_S43_O1,5,7.02E+00,1.17E+00,1.56E+00,1.94E+00,1.22E+01,,,,,,,,,,,,,,,,,,,,,,,,,,,,,,,,,,,
DA_S43_O1,5,7.02E+00,1.20E+00,1.64E+00,2.03E+00,1.17E+01,,,,,,,,,,,,,,,,,,,,,,,,,,,,,,,,,,,
DA_S43_O1,5,7.03E+00,1.25E+00,1.73E+00,2.14E+00,1.14E+01,,,,,,,,,,,,,,,,,,,,,,,,,,,,,,,,,,,
DA_S43_O1,5,7.04E+00,1.27E+00,1.82E+00,2.22E+00,1.17E+01,,,,,,,,,,,,,,,,,,,,,,,,,,,,,,,,,,,
DA_S43_O1,5,7.05E+00,1.31E+00,1.92E+00,2.32E+00,1.17E+01,,,,,,,,,,,,,,,,,,,,,,,,,,,,,,,,,,,
DA_S43_O1,5,7.06E+00,1.33E+00,2.00E+00,2.41E+00,1.06E+01,,,,,,,,,,,,,,,,,,,,,,,,,,,,,,,,,,,
DA_S43_O1,5,7.07E+00,1.35E+00,2.09E+00,2.49E+00,1.20E+01,,,,,,,,,,,,,,,,,,,,,,,,,,,,,,,,,,,
DA_S43_O1,5,7.07E+00,1.37E+00,2.20E+00,2.59E+00,1.29E+01,,,,,,,,,,,,,,,,,,,,,,,,,,,,,,,,,,,
DA_S43_O1,5,7.08E+00,1.40E+00,2.30E+00,2.69E+00,1.31E+01,,,,,,,,,,,,,,,,,,,,,,,,,,,,,,,,,,,
DA_S43_O1,5,7.09E+00,1.43E+00,2.41E+00,2.80E+00,1.36E+01,,,,,,,,,,,,,,,,,,,,,,,,,,,,,,,,,,,
DA_S43_O1,5,7.10E+00,1.45E+00,2.52E+00,2.91E+00,1.43E+01,,,,,,,,,,,,,,,,,,,,,,,,,,,,,,,,,,,
DA_S43_O1,5,7.11E+00,1.48E+00,2.64E+00,3.03E+00,1.45E+01,,,,,,,,,,,,,,,,,,,,,,,,,,,,,,,,,,,
DA_S43_O1,5,7.12E+00,1.51E+00,2.75E+00,3.14E+00,1.61E+01,,,,,,,,,,,,,,,,,,,,,,,,,,,,,,,,,,,
DA_S43_O1,5,7.12E+00,1.55E+00,2.90E+00,3.29E+00,1.54E+01,,,,,,,,,,,,,,,,,,,,,,,,,,,,,,,,,,,
DA_S43_O1,5,7.13E+00,1.58E+00,3.00E+00,3.39E+00,1.11E+01,,,,,,,,,,,,,,,,,,,,,,,,,,,,,,,,,,,
DA_S43_O1,5,7.14E+00,1.57E+00,3.09E+00,3.46E+00,1.18E+01,,,,,,,,,,,,,,,,,,,,,,,,,,,,,,,,,,,
DA_S43_O1,5,7.15E+00,1.60E+00,3.20E+00,3.58E+00,1.50E+01,,,,,,,,,,,,,,,,,,,,,,,,,,,,,,,,,,,
DA_S43_O1,5,7.16E+00,1.66E+00,3.32E+00,3.71E+00,1.57E+01,,,,,,,,,,,,,,,,,,,,,,,,,,,,,,,,,,,
DA_S43_O1,5,7.17E+00,1.69E+00,3.45E+00,3.84E+00,1.59E+01,,,,,,,,,,,,,,,,,,,,,,,,,,,,,,,,,,,
DA_S43_O1,5,7.17E+00,1.71E+00,3.58E+00,3.97E+00,1.89E+01,,,,,,,,,,,,,,,,,,,,,,,,,,,,,,,,,,,
DA_S43_O1,5,7.18E+00,1.75E+00,3.75E+00,4.14E+00,1.59E+01,,,,,,,,,,,,,,,,,,,,,,,,,,,,,,,,,,,
DA_S43_O1,5,7.19E+00,1.77E+00,3.84E+00,4.23E+00,1.24E+01,,,,,,,,,,,,,,,,,,,,,,,,,,,,,,,,,,,
DA_S43_O1,5,7.20E+00,1.81E+00,3.95E+00,4.35E+00,1.63E+01,,,,,,,,,,,,,,,,,,,,,,,,,,,,,,,,,,,
DA_S43_O1,5,7.21E+00,1.85E+00,4.10E+00,4.50E+00,1.70E+01,,,,,,,,,,,,,,,,,,,,,,,,,,,,,,,,,,,
DA_S43_O1,5,7.22E+00,1.90E+00,4.22E+00,4.63E+00,1.45E+01,,,,,,,,,,,,,,,,,,,,,,,,,,,,,,,,,,,
DA_S43_O1,5,7.22E+00,1.91E+00,4.33E+00,4.74E+00,,,,,,,,,,,,,,,,,,,,,,,,,,,,,,,,,,,,
,,,,,,,,,,,,,,,,,,,,,,,,,,,,,,,,,,,,,,,,,
DA_S44_O1,1,1.50E+00,1.00E+00,1.53E+00,1.83E+00,,,,,,,,,,,,,,,,,,,,,,,,,,,,,,,,,,,,
DA_S44_O1,1,1.51E+00,1.05E+00,1.63E+00,1.94E+00,1.56E+01,,,,,,,,,,,,,,,,,,,,,,,,,,,,,,,,,,,
DA_S44_O1,1,1.52E+00,1.09E+00,1.78E+00,2.08E+00,1.37E+01,,,,,,,,,,,,,,,,,,,,,,,,,,,,,,,,,,,
DA_S44_O1,1,1.53E+00,1.10E+00,1.85E+00,2.16E+00,1.12E+01,,,,,,,,,,,,,,,,,,,,,,,,,,,,,,,,,,,
DA_S44_O1,1,1.53E+00,1.15E+00,1.95E+00,2.27E+00,1.29E+01,,,,,,,,,,,,,,,,,,,,,,,,,,,,,,,,,,,
DA_S44_O1,1,1.54E+00,1.15E+00,2.06E+00,2.36E+00,1.40E+01,,,,,,,,,,,,,,,,,,,,,,,,,,,,,,,,,,,
DA_S44_O1,1,1.55E+00,1.17E+00,2.19E+00,2.48E+00,1.41E+01,,,,,,,,,,,,,,,,,,,,,,,,,,,,,,,,,,,
DA_S44_O1,1,1.56E+00,1.18E+00,2.30E+00,2.58E+00,1.40E+01,,,,,,,,,,,,,,,,,,,,,,,,,,,,,,,,,,,
DA_S44_O1,1,1.57E+00,1.19E+00,2.42E+00,2.70E+00,1.54E+01,,,,,,,,,,,,,,,,,,,,,,,,,,,,,,,,,,,
DA_S44_O1,1,1.58E+00,1.22E+00,2.55E+00,2.83E+00,1.75E+01,,,,,,,,,,,,,,,,,,,,,,,,,,,,,,,,,,,
DA_S44_O1,1,1.58E+00,1.24E+00,2.71E+00,2.98E+00,1.74E+01,,,,,,,,,,,,,,,,,,,,,,,,,,,,,,,,,,,
DA_S44_O1,1,1.59E+00,1.25E+00,2.84E+00,3.10E+00,1.67E+01,,,,,,,,,,,,,,,,,,,,,,,,,,,,,,,,,,,
DA_S44_O1,1,1.60E+00,1.26E+00,2.99E+00,3.24E+00,2.01E+01,,,,,,,,,,,,,,,,,,,,,,,,,,,,,,,,,,,
DA_S44_O1,1,1.61E+00,1.28E+00,3.18E+00,3.42E+00,2.28E+01,,,,,,,,,,,,,,,,,,,,,,,,,,,,,,,,,,,
DA_S44_O1,1,1.62E+00,1.30E+00,3.36E+00,3.61E+00,1.94E+01,,,,,,,,,,,,,,,,,,,,,,,,,,,,,,,,,,,
DA_S44_O1,1,1.63E+00,1.30E+00,3.50E+00,3.73E+00,1.73E+01,,,,,,,,,,,,,,,,,,,,,,,,,,,,,,,,,,,
DA_S44_O1,1,1.63E+00,1.29E+00,3.65E+00,3.88E+00,2.00E+01,,,,,,,,,,,,,,,,,,,,,,,,,,,,,,,,,,,
DA_S44_O1,1,1.64E+00,1.30E+00,3.83E+00,4.05E+00,2.00E+01,,,,,,,,,,,,,,,,,,,,,,,,,,,,,,,,,,,
DA_S44_O1,1,1.65E+00,1.30E+00,3.99E+00,4.19E+00,1.93E+01,,,,,,,,,,,,,,,,,,,,,,,,,,,,,,,,,,,
DA_S44_O1,1,1.66E+00,1.30E+00,4.15E+00,4.35E+00,2.00E+01,,,,,,,,,,,,,,,,,,,,,,,,,,,,,,,,,,,
DA_S44_O1,1,1.67E+00,1.32E+00,4.32E+00,4.52E+00,1.94E+01,,,,,,,,,,,,,,,,,,,,,,,,,,,,,,,,,,,
DA_S44_O1,1,1.68E+00,1.34E+00,4.48E+00,4.67E+00,2.00E+01,,,,,,,,,,,,,,,,,,,,,,,,,,,,,,,,,,,
DA_S44_O1,1,1.69E+00,1.32E+00,4.65E+00,4.84E+00,,,,,,,,,,,,,,,,,,,,,,,,,,,,,,,,,,,,
,,,,,,,,,,,,,,,,,,,,,,,,,,,,,,,,,,,,,,,,,
DA_S44_O1,2,2.97E+00,1.36E+00,1.83E+00,2.28E+00,,,,,,,,,,,,,,,,,,,,,,,,,,,,,,,,,,,,
DA_S44_O1,2,2.98E+00,1.37E+00,1.98E+00,2.40E+00,1.88E+01,,,,,,,,,,,,,,,,,,,,,,,,,,,,,,,,,,,
DA_S44_O1,2,2.99E+00,1.40E+00,2.14E+00,2.56E+00,2.08E+01,,,,,,,,,,,,,,,,,,,,,,,,,,,,,,,,,,,
DA_S44_O1,2,2.99E+00,1.42E+00,2.32E+00,2.72E+00,2.07E+01,,,,,,,,,,,,,,,,,,,,,,,,,,,,,,,,,,,
DA_S44_O1,2,3.00E+00,1.43E+00,2.49E+00,2.87E+00,1.73E+01,,,,,,,,,,,,,,,,,,,,,,,,,,,,,,,,,,,
DA_S44_O1,2,3.01E+00,1.43E+00,2.61E+00,2.97E+00,1.67E+01,,,,,,,,,,,,,,,,,,,,,,,,,,,,,,,,,,,
DA_S44_O1,2,3.02E+00,1.44E+00,2.76E+00,3.12E+00,1.73E+01,,,,,,,,,,,,,,,,,,,,,,,,,,,,,,,,,,,
DA_S44_O1,2,3.03E+00,1.44E+00,2.90E+00,3.23E+00,1.94E+01,,,,,,,,,,,,,,,,,,,,,,,,,,,,,,,,,,,
DA_S44_O1,2,3.04E+00,1.46E+00,3.09E+00,3.41E+00,1.94E+01,,,,,,,,,,,,,,,,,,,,,,,,,,,,,,,,,,,
DA_S44_O1,2,3.04E+00,1.46E+00,3.22E+00,3.54E+00,1.73E+01,,,,,,,,,,,,,,,,,,,,,,,,,,,,,,,,,,,
DA_S44_O1,2,3.05E+00,1.46E+00,3.38E+00,3.68E+00,1.80E+01,,,,,,,,,,,,,,,,,,,,,,,,,,,,,,,,,,,
DA_S44_O1,2,3.06E+00,1.48E+00,3.52E+00,3.82E+00,1.80E+01,,,,,,,,,,,,,,,,,,,,,,,,,,,,,,,,,,,
DA_S44_O1,2,3.07E+00,1.48E+00,3.68E+00,3.96E+00,1.86E+01,,,,,,,,,,,,,,,,,,,,,,,,,,,,,,,,,,,
DA_S44_O1,2,3.08E+00,1.48E+00,3.83E+00,4.11E+00,1.73E+01,,,,,,,,,,,,,,,,,,,,,,,,,,,,,,,,,,,
DA_S44_O1,2,3.09E+00,1.48E+00,3.96E+00,4.23E+00,1.60E+01,,,,,,,,,,,,,,,,,,,,,,,,,,,,,,,,,,,
DA_S44_O1,2,3.09E+00,1.47E+00,4.10E+00,4.35E+00,1.80E+01,,,,,,,,,,,,,,,,,,,,,,,,,,,,,,,,,,,
DA_S44_O1,2,3.10E+00,1.47E+00,4.26E+00,4.51E+00,1.73E+01,,,,,,,,,,,,,,,,,,,,,,,,,,,,,,,,,,,
DA_S44_O1,2,3.11E+00,1.47E+00,4.39E+00,4.63E+00,1.80E+01,,,,,,,,,,,,,,,,,,,,,,,,,,,,,,,,,,,
DA_S44_O1,2,3.12E+00,1.46E+00,4.56E+00,4.79E+00,2.01E+01,,,,,,,,,,,,,,,,,,,,,,,,,,,,,,,,,,,
DA_S44_O1,2,3.13E+00,1.44E+00,4.72E+00,4.93E+00,1.62E+01,,,,,,,,,,,,,,,,,,,,,,,,,,,,,,,,,,,
DA_S44_O1,2,3.14E+00,1.42E+00,4.83E+00,5.03E+00,,,,,,,,,,,,,,,,,,,,,,,,,,,,,,,,,,,,
,,,,,,,,,,,,,,,,,,,,,,,,,,,,,,,,,,,,,,,,,
DA_S44_O1,3,5.06E+00,1.75E+00,1.73E+00,2.46E+00,,,,,,,,,,,,,,,,,,,,,,,,,,,,,,,,,,,,
DA_S44_O1,3,5.07E+00,1.78E+00,1.90E+00,2.60E+00,1.91E+01,,,,,,,,,,,,,,,,,,,,,,,,,,,,,,,,,,,
DA_S44_O1,3,5.08E+00,1.82E+00,2.04E+00,2.73E+00,1.96E+01,,,,,,,,,,,,,,,,,,,,,,,,,,,,,,,,,,,
DA_S44_O1,3,5.09E+00,1.84E+00,2.22E+00,2.88E+00,2.30E+01,,,,,,,,,,,,,,,,,,,,,,,,,,,,,,,,,,,
DA_S44_O1,3,5.10E+00,1.88E+00,2.42E+00,3.07E+00,2.51E+01,,,,,,,,,,,,,,,,,,,,,,,,,,,,,,,,,,,
DA_S44_O1,3,5.11E+00,1.92E+00,2.63E+00,3.25E+00,2.27E+01,,,,,,,,,,,,,,,,,,,,,,,,,,,,,,,,,,,
DA_S44_O1,3,5.11E+00,1.92E+00,2.80E+00,3.39E+00,2.27E+01,,,,,,,,,,,,,,,,,,,,,,,,,,,,,,,,,,,
DA_S44_O1,3,5.12E+00,1.94E+00,3.01E+00,3.58E+00,2.14E+01,,,,,,,,,,,,,,,,,,,,,,,,,,,,,,,,,,,
DA_S44_O1,3,5.13E+00,1.95E+00,3.15E+00,3.71E+00,1.81E+01,,,,,,,,,,,,,,,,,,,,,,,,,,,,,,,,,,,
DA_S44_O1,3,5.14E+00,1.97E+00,3.31E+00,3.85E+00,2.14E+01,,,,,,,,,,,,,,,,,,,,,,,,,,,,,,,,,,,
DA_S44_O1,3,5.15E+00,1.97E+00,3.51E+00,4.02E+00,2.27E+01,,,,,,,,,,,,,,,,,,,,,,,,,,,,,,,,,,,
DA_S44_O1,3,5.16E+00,1.98E+00,3.69E+00,4.19E+00,2.20E+01,,,,,,,,,,,,,,,,,,,,,,,,,,,,,,,,,,,
DA_S44_O1,3,5.16E+00,1.97E+00,3.88E+00,4.35E+00,1.80E+01,,,,,,,,,,,,,,,,,,,,,,,,,,,,,,,,,,,
DA_S44_O1,3,5.17E+00,1.97E+00,3.99E+00,4.45E+00,1.67E+01,,,,,,,,,,,,,,,,,,,,,,,,,,,,,,,,,,,
DA_S44_O1,3,5.18E+00,1.95E+00,4.15E+00,4.59E+00,2.07E+01,,,,,,,,,,,,,,,,,,,,,,,,,,,,,,,,,,,
DA_S44_O1,3,5.19E+00,1.96E+00,4.33E+00,4.75E+00,2.20E+01,,,,,,,,,,,,,,,,,,,,,,,,,,,,,,,,,,,
DA_S44_O1,3,5.20E+00,1.96E+00,4.52E+00,4.93E+00,2.00E+01,,,,,,,,,,,,,,,,,,,,,,,,,,,,,,,,,,,
DA_S44_O1,3,5.21E+00,1.97E+00,4.66E+00,5.06E+00,1.93E+01,,,,,,,,,,,,,,,,,,,,,,,,,,,,,,,,,,,
DA_S44_O1,3,5.21E+00,1.96E+00,4.84E+00,5.22E+00,2.13E+01,,,,,,,,,,,,,,,,,,,,,,,,,,,,,,,,,,,
DA_S44_O1,3,5.22E+00,1.97E+00,5.02E+00,5.39E+00,,,,,,,,,,,,,,,,,,,,,,,,,,,,,,,,,,,,
,,,,,,,,,,,,,,,,,,,,,,,,,,,,,,,,,,,,,,,,,
DA_S44_O1,4,6.90E+00,2.18E+00,1.56E+00,2.68E+00,,,,,,,,,,,,,,,,,,,,,,,,,,,,,,,,,,,,
DA_S44_O1,4,6.91E+00,2.20E+00,1.72E+00,2.80E+00,1.84E+01,,,,,,,,,,,,,,,,,,,,,,,,,,,,,,,,,,,
DA_S44_O1,4,6.92E+00,2.25E+00,1.86E+00,2.92E+00,1.99E+01,,,,,,,,,,,,,,,,,,,,,,,,,,,,,,,,,,,
DA_S44_O1,4,6.92E+00,2.28E+00,2.04E+00,3.06E+00,2.01E+01,,,,,,,,,,,,,,,,,,,,,,,,,,,,,,,,,,,
DA_S44_O1,4,6.93E+00,2.28E+00,2.20E+00,3.17E+00,2.13E+01,,,,,,,,,,,,,,,,,,,,,,,,,,,,,,,,,,,
DA_S44_O1,4,6.94E+00,2.29E+00,2.40E+00,3.32E+00,2.27E+01,,,,,,,,,,,,,,,,,,,,,,,,,,,,,,,,,,,
DA_S44_O1,4,6.95E+00,2.32E+00,2.58E+00,3.46E+00,2.54E+01,,,,,,,,,,,,,,,,,,,,,,,,,,,,,,,,,,,
DA_S44_O1,4,6.96E+00,2.33E+00,2.82E+00,3.66E+00,2.40E+01,,,,,,,,,,,,,,,,,,,,,,,,,,,,,,,,,,,
DA_S44_O1,4,6.97E+00,2.33E+00,2.98E+00,3.78E+00,2.06E+01,,,,,,,,,,,,,,,,,,,,,,,,,,,,,,,,,,,
DA_S44_O1,4,6.97E+00,2.33E+00,3.16E+00,3.93E+00,2.20E+01,,,,,,,,,,,,,,,,,,,,,,,,,,,,,,,,,,,
DA_S44_O1,4,6.98E+00,2.34E+00,3.34E+00,4.08E+00,2.07E+01,,,,,,,,,,,,,,,,,,,,,,,,,,,,,,,,,,,
DA_S44_O1,4,6.99E+00,2.34E+00,3.51E+00,4.22E+00,2.20E+01,,,,,,,,,,,,,,,,,,,,,,,,,,,,,,,,,,,
DA_S44_O1,4,7.00E+00,2.34E+00,3.71E+00,4.38E+00,2.21E+01,,,,,,,,,,,,,,,,,,,,,,,,,,,,,,,,,,,
DA_S44_O1,4,7.01E+00,2.37E+00,3.88E+00,4.54E+00,2.21E+01,,,,,,,,,,,,,,,,,,,,,,,,,,,,,,,,,,,
DA_S44_O1,4,7.02E+00,2.38E+00,4.08E+00,4.72E+00,2.46E+01,,,,,,,,,,,,,,,,,,,,,,,,,,,,,,,,,,,
DA_S44_O1,4,7.02E+00,2.37E+00,4.29E+00,4.90E+00,2.40E+01,,,,,,,,,,,,,,,,,,,,,,,,,,,,,,,,,,,
DA_S44_O1,4,7.03E+00,2.38E+00,4.48E+00,5.07E+00,2.14E+01,,,,,,,,,,,,,,,,,,,,,,,,,,,,,,,,,,,
DA_S44_O1,4,7.04E+00,2.40E+00,4.64E+00,5.23E+00,2.14E+01,,,,,,,,,,,,,,,,,,,,,,,,,,,,,,,,,,,
DA_S44_O1,4,7.05E+00,2.40E+00,4.83E+00,5.40E+00,2.20E+01,,,,,,,,,,,,,,,,,,,,,,,,,,,,,,,,,,,
DA_S44_O1,4,7.06E+00,2.39E+00,5.01E+00,5.55E+00,2.40E+01,,,,,,,,,,,,,,,,,,,,,,,,,,,,,,,,,,,
DA_S44_O1,4,7.07E+00,2.39E+00,5.23E+00,5.75E+00,,,,,,,,,,,,,,,,,,,,,,,,,,,,,,,,,,,,
,,,,,,,,,,,,,,,,,,,,,,,,,,,,,,,,,,,,,,,,,
DA_S44_O2,1,0.00E+00,1.41E+00,1.98E+00,2.43E+00,,,,,,,,,,,,,,,,,,,,,,,,,,,,,,,,,,,,
DA_S44_O2,1,8.34E-03,1.44E+00,2.09E+00,2.53E+00,1.27E+01,,,,,,,,,,,,,,,,,,,,,,,,,,,,,,,,,,,
DA_S44_O2,1,1.67E-02,1.42E+00,2.19E+00,2.62E+00,1.30E+01,,,,,,,,,,,,,,,,,,,,,,,,,,,,,,,,,,,
DA_S44_O2,1,2.50E-02,1.42E+00,2.30E+00,2.70E+00,1.38E+01,,,,,,,,,,,,,,,,,,,,,,,,,,,,,,,,,,,
DA_S44_O2,1,3.34E-02,1.41E+00,2.42E+00,2.81E+00,1.39E+01,,,,,,,,,,,,,,,,,,,,,,,,,,,,,,,,,,,
DA_S44_O2,1,4.17E-02,1.37E+00,2.53E+00,2.88E+00,1.20E+01,,,,,,,,,,,,,,,,,,,,,,,,,,,,,,,,,,,
DA_S44_O2,1,5.01E-02,1.37E+00,2.62E+00,2.96E+00,1.15E+01,,,,,,,,,,,,,,,,,,,,,,,,,,,,,,,,,,,
DA_S44_O2,1,5.84E-02,1.37E+00,2.72E+00,3.05E+00,1.25E+01,,,,,,,,,,,,,,,,,,,,,,,,,,,,,,,,,,,
DA_S44_O2,1,6.67E-02,1.36E+00,2.83E+00,3.14E+00,1.25E+01,,,,,,,,,,,,,,,,,,,,,,,,,,,,,,,,,,,
DA_S44_O2,1,7.51E-02,1.35E+00,2.93E+00,3.23E+00,1.15E+01,,,,,,,,,,,,,,,,,,,,,,,,,,,,,,,,,,,
DA_S44_O2,1,8.34E-02,1.35E+00,3.02E+00,3.31E+00,1.29E+01,,,,,,,,,,,,,,,,,,,,,,,,,,,,,,,,,,,
DA_S44_O2,1,9.18E-02,1.34E+00,3.14E+00,3.42E+00,1.38E+01,,,,,,,,,,,,,,,,,,,,,,,,,,,,,,,,,,,
DA_S44_O2,1,1.00E-01,1.34E+00,3.25E+00,3.52E+00,1.37E+01,,,,,,,,,,,,,,,,,,,,,,,,,,,,,,,,,,,
DA_S44_O2,1,1.08E-01,1.34E+00,3.37E+00,3.63E+00,1.52E+01,,,,,,,,,,,,,,,,,,,,,,,,,,,,,,,,,,,
DA_S44_O2,1,1.17E-01,1.33E+00,3.51E+00,3.75E+00,1.56E+01,,,,,,,,,,,,,,,,,,,,,,,,,,,,,,,,,,,
DA_S44_O2,1,1.25E-01,1.33E+00,3.63E+00,3.87E+00,1.60E+01,,,,,,,,,,,,,,,,,,,,,,,,,,,,,,,,,,,
DA_S44_O2,1,1.33E-01,1.32E+00,3.77E+00,4.00E+00,1.73E+01,,,,,,,,,,,,,,,,,,,,,,,,,,,,,,,,,,,
DA_S44_O2,1,1.42E-01,1.34E+00,3.92E+00,4.14E+00,1.63E+01,,,,,,,,,,,,,,,,,,,,,,,,,,,,,,,,,,,
DA_S44_O2,1,1.50E-01,1.35E+00,4.04E+00,4.26E+00,1.54E+01,,,,,,,,,,,,,,,,,,,,,,,,,,,,,,,,,,,
DA_S44_O2,1,1.58E-01,1.37E+00,4.18E+00,4.40E+00,1.58E+01,,,,,,,,,,,,,,,,,,,,,,,,,,,,,,,,,,,
DA_S44_O2,1,1.67E-01,1.38E+00,4.31E+00,4.52E+00,1.61E+01,,,,,,,,,,,,,,,,,,,,,,,,,,,,,,,,,,,
DA_S44_O2,1,1.75E-01,1.46E+00,4.43E+00,4.66E+00,1.71E+01,,,,,,,,,,,,,,,,,,,,,,,,,,,,,,,,,,,
DA_S44_O2,1,1.84E-01,1.48E+00,4.57E+00,4.81E+00,1.78E+01,,,,,,,,,,,,,,,,,,,,,,,,,,,,,,,,,,,
DA_S44_O2,1,1.92E-01,1.54E+00,4.72E+00,4.96E+00,1.83E+01,,,,,,,,,,,,,,,,,,,,,,,,,,,,,,,,,,,
DA_S44_O2,1,2.00E-01,1.57E+00,4.86E+00,5.11E+00,1.90E+01,,,,,,,,,,,,,,,,,,,,,,,,,,,,,,,,,,,
DA_S44_O2,1,2.09E-01,1.59E+00,5.03E+00,5.27E+00,,,,,,,,,,,,,,,,,,,,,,,,,,,,,,,,,,,,
,,,,,,,,,,,,,,,,,,,,,,,,,,,,,,,,,,,,,,,,,
DA_S44_O2,2,8.59E-01,9.51E-01,1.69E+00,1.94E+00,,,,,,,,,,,,,,,,,,,,,,,,,,,,,,,,,,,,
DA_S44_O2,2,8.68E-01,9.65E-01,1.79E+00,2.03E+00,1.27E+01,,,,,,,,,,,,,,,,,,,,,,,,,,,,,,,,,,,
DA_S44_O2,2,8.76E-01,9.60E-01,1.91E+00,2.13E+00,1.46E+01,,,,,,,,,,,,,,,,,,,,,,,,,,,,,,,,,,,
DA_S44_O2,2,8.84E-01,9.72E-01,2.03E+00,2.25E+00,1.31E+01,,,,,,,,,,,,,,,,,,,,,,,,,,,,,,,,,,,
DA_S44_O2,2,8.93E-01,9.85E-01,2.12E+00,2.34E+00,1.14E+01,,,,,,,,,,,,,,,,,,,,,,,,,,,,,,,,,,,
DA_S44_O2,2,9.01E-01,9.78E-01,2.22E+00,2.43E+00,1.23E+01,,,,,,,,,,,,,,,,,,,,,,,,,,,,,,,,,,,
DA_S44_O2,2,9.09E-01,9.94E-01,2.33E+00,2.53E+00,1.13E+01,,,,,,,,,,,,,,,,,,,,,,,,,,,,,,,,,,,
DA_S44_O2,2,9.18E-01,1.01E+00,2.41E+00,2.61E+00,1.08E+01,,,,,,,,,,,,,,,,,,,,,,,,,,,,,,,,,,,
DA_S44_O2,2,9.26E-01,1.02E+00,2.51E+00,2.71E+00,1.22E+01,,,,,,,,,,,,,,,,,,,,,,,,,,,,,,,,,,,
DA_S44_O2,2,9.34E-01,1.04E+00,2.61E+00,2.81E+00,1.18E+01,,,,,,,,,,,,,,,,,,,,,,,,,,,,,,,,,,,
DA_S44_O2,2,9.43E-01,1.07E+00,2.70E+00,2.90E+00,1.00E+01,,,,,,,,,,,,,,,,,,,,,,,,,,,,,,,,,,,
DA_S44_O2,2,9.51E-01,1.08E+00,2.77E+00,2.98E+00,1.13E+01,,,,,,,,,,,,,,,,,,,,,,,,,,,,,,,,,,,
DA_S44_O2,2,9.59E-01,1.10E+00,2.88E+00,3.09E+00,1.45E+01,,,,,,,,,,,,,,,,,,,,,,,,,,,,,,,,,,,
DA_S44_O2,2,9.68E-01,1.14E+00,3.01E+00,3.22E+00,1.49E+01,,,,,,,,,,,,,,,,,,,,,,,,,,,,,,,,,,,
DA_S44_O2,2,9.76E-01,1.13E+00,3.13E+00,3.33E+00,1.58E+01,,,,,,,,,,,,,,,,,,,,,,,,,,,,,,,,,,,
DA_S44_O2,2,9.84E-01,1.17E+00,3.27E+00,3.47E+00,1.55E+01,,,,,,,,,,,,,,,,,,,,,,,,,,,,,,,,,,,
DA_S44_O2,2,9.93E-01,1.20E+00,3.38E+00,3.59E+00,1.76E+01,,,,,,,,,,,,,,,,,,,,,,,,,,,,,,,,,,,
DA_S44_O2,2,1.00E+00,1.23E+00,3.56E+00,3.76E+00,2.01E+01,,,,,,,,,,,,,,,,,,,,,,,,,,,,,,,,,,,
DA_S44_O2,2,1.01E+00,1.30E+00,3.70E+00,3.92E+00,1.60E+01,,,,,,,,,,,,,,,,,,,,,,,,,,,,,,,,,,,
DA_S44_O2,2,1.02E+00,1.31E+00,3.81E+00,4.03E+00,1.67E+01,,,,,,,,,,,,,,,,,,,,,,,,,,,,,,,,,,,
DA_S44_O2,2,1.03E+00,1.33E+00,3.98E+00,4.19E+00,1.99E+01,,,,,,,,,,,,,,,,,,,,,,,,,,,,,,,,,,,
DA_S44_O2,2,1.03E+00,1.35E+00,4.14E+00,4.36E+00,1.85E+01,,,,,,,,,,,,,,,,,,,,,,,,,,,,,,,,,,,
DA_S44_O2,2,1.04E+00,1.37E+00,4.28E+00,4.50E+00,1.94E+01,,,,,,,,,,,,,,,,,,,,,,,,,,,,,,,,,,,
DA_S44_O2,2,1.05E+00,1.40E+00,4.46E+00,4.68E+00,1.90E+01,,,,,,,,,,,,,,,,,,,,,,,,,,,,,,,,,,,
DA_S44_O2,2,1.06E+00,1.42E+00,4.60E+00,4.81E+00,1.78E+01,,,,,,,,,,,,,,,,,,,,,,,,,,,,,,,,,,,
DA_S44_O2,2,1.07E+00,1.40E+00,4.76E+00,4.96E+00,1.81E+01,,,,,,,,,,,,,,,,,,,,,,,,,,,,,,,,,,,
DA_S44_O2,2,1.08E+00,1.44E+00,4.90E+00,5.11E+00,,,,,,,,,,,,,,,,,,,,,,,,,,,,,,,,,,,,
,,,,,,,,,,,,,,,,,,,,,,,,,,,,,,,,,,,,,,,,,
DA_S44_O2,3,1.43E+00,7.77E-01,1.51E+00,1.70E+00,,,,,,,,,,,,,,,,,,,,,,,,,,,,,,,,,,,,
DA_S44_O2,3,1.43E+00,7.78E-01,1.61E+00,1.79E+00,1.50E+01,,,,,,,,,,,,,,,,,,,,,,,,,,,,,,,,,,,
DA_S44_O2,3,1.44E+00,7.85E-01,1.76E+00,1.92E+00,1.55E+01,,,,,,,,,,,,,,,,,,,,,,,,,,,,,,,,,,,
DA_S44_O2,3,1.45E+00,7.87E-01,1.87E+00,2.03E+00,1.37E+01,,,,,,,,,,,,,,,,,,,,,,,,,,,,,,,,,,,
DA_S44_O2,3,1.46E+00,7.89E-01,1.99E+00,2.14E+00,1.46E+01,,,,,,,,,,,,,,,,,,,,,,,,,,,,,,,,,,,
DA_S44_O2,3,1.47E+00,7.93E-01,2.11E+00,2.26E+00,1.42E+01,,,,,,,,,,,,,,,,,,,,,,,,,,,,,,,,,,,
DA_S44_O2,3,1.48E+00,7.87E-01,2.22E+00,2.36E+00,1.30E+01,,,,,,,,,,,,,,,,,,,,,,,,,,,,,,,,,,,
DA_S44_O2,3,1.48E+00,7.73E-01,2.33E+00,2.46E+00,1.45E+01,,,,,,,,,,,,,,,,,,,,,,,,,,,,,,,,,,,
DA_S44_O2,3,1.49E+00,7.62E-01,2.46E+00,2.58E+00,1.44E+01,,,,,,,,,,,,,,,,,,,,,,,,,,,,,,,,,,,
DA_S44_O2,3,1.50E+00,7.56E-01,2.57E+00,2.68E+00,1.26E+01,,,,,,,,,,,,,,,,,,,,,,,,,,,,,,,,,,,
DA_S44_O2,3,1.51E+00,7.41E-01,2.67E+00,2.77E+00,1.30E+01,,,,,,,,,,,,,,,,,,,,,,,,,,,,,,,,,,,
DA_S44_O2,3,1.52E+00,7.36E-01,2.79E+00,2.88E+00,1.32E+01,,,,,,,,,,,,,,,,,,,,,,,,,,,,,,,,,,,
DA_S44_O2,3,1.53E+00,7.13E-01,2.89E+00,2.98E+00,1.36E+01,,,,,,,,,,,,,,,,,,,,,,,,,,,,,,,,,,,
DA_S44_O2,3,1.53E+00,7.09E-01,3.01E+00,3.09E+00,1.37E+01,,,,,,,,,,,,,,,,,,,,,,,,,,,,,,,,,,,
DA_S44_O2,3,1.54E+00,7.10E-01,3.12E+00,3.20E+00,1.34E+01,,,,,,,,,,,,,,,,,,,,,,,,,,,,,,,,,,,
DA_S44_O2,3,1.55E+00,6.97E-01,3.23E+00,3.31E+00,1.48E+01,,,,,,,,,,,,,,,,,,,,,,,,,,,,,,,,,,,
DA_S44_O2,3,1.56E+00,6.94E-01,3.36E+00,3.44E+00,1.32E+01,,,,,,,,,,,,,,,,,,,,,,,,,,,,,,,,,,,
DA_S44_O2,3,1.57E+00,7.00E-01,3.46E+00,3.53E+00,1.24E+01,,,,,,,,,,,,,,,,,,,,,,,,,,,,,,,,,,,
DA_S44_O2,3,1.58E+00,6.87E-01,3.57E+00,3.64E+00,1.49E+01,,,,,,,,,,,,,,,,,,,,,,,,,,,,,,,,,,,
DA_S44_O2,3,1.58E+00,6.77E-01,3.70E+00,3.76E+00,1.35E+01,,,,,,,,,,,,,,,,,,,,,,,,,,,,,,,,,,,
DA_S44_O2,3,1.59E+00,6.68E-01,3.80E+00,3.85E+00,1.23E+01,,,,,,,,,,,,,,,,,,,,,,,,,,,,,,,,,,,
DA_S44_O2,3,1.60E+00,6.78E-01,3.91E+00,3.97E+00,1.37E+01,,,,,,,,,,,,,,,,,,,,,,,,,,,,,,,,,,,
DA_S44_O2,3,1.61E+00,6.65E-01,4.03E+00,4.08E+00,1.47E+01,,,,,,,,,,,,,,,,,,,,,,,,,,,,,,,,,,,
DA_S44_O2,3,1.62E+00,6.69E-01,4.15E+00,4.21E+00,1.37E+01,,,,,,,,,,,,,,,,,,,,,,,,,,,,,,,,,,,
DA_S44_O2,3,1.63E+00,6.69E-01,4.25E+00,4.31E+00,1.43E+01,,,,,,,,,,,,,,,,,,,,,,,,,,,,,,,,,,,
DA_S44_O2,3,1.63E+00,6.60E-01,4.39E+00,4.44E+00,1.56E+01,,,,,,,,,,,,,,,,,,,,,,,,,,,,,,,,,,,
DA_S44_O2,3,1.64E+00,6.63E-01,4.51E+00,4.56E+00,1.33E+01,,,,,,,,,,,,,,,,,,,,,,,,,,,,,,,,,,,
DA_S44_O2,3,1.65E+00,6.55E-01,4.61E+00,4.66E+00,,,,,,,,,,,,,,,,,,,,,,,,,,,,,,,,,,,,
,,,,,,,,,,,,,,,,,,,,,,,,,,,,,,,,,,,,,,,,,
DA_S44_O2,4,2.57E+00,7.53E-01,1.50E+00,1.67E+00,,,,,,,,,,,,,,,,,,,,,,,,,,,,,,,,,,,,
DA_S44_O2,4,2.58E+00,7.46E-01,1.60E+00,1.77E+00,1.21E+01,,,,,,,,,,,,,,,,,,,,,,,,,,,,,,,,,,,
DA_S44_O2,4,2.59E+00,7.37E-01,1.70E+00,1.85E+00,1.09E+01,,,,,,,,,,,,,,,,,,,,,,,,,,,,,,,,,,,
DA_S44_O2,4,2.59E+00,7.51E-01,1.79E+00,1.94E+00,1.18E+01,,,,,,,,,,,,,,,,,,,,,,,,,,,,,,,,,,,
DA_S44_O2,4,2.60E+00,7.82E-01,1.89E+00,2.04E+00,1.09E+01,,,,,,,,,,,,,,,,,,,,,,,,,,,,,,,,,,,
DA_S44_O2,4,2.61E+00,8.01E-01,1.96E+00,2.12E+00,1.25E+01,,,,,,,,,,,,,,,,,,,,,,,,,,,,,,,,,,,
DA_S44_O2,4,2.62E+00,8.57E-01,2.08E+00,2.25E+00,1.29E+01,,,,,,,,,,,,,,,,,,,,,,,,,,,,,,,,,,,
DA_S44_O2,4,2.63E+00,8.70E-01,2.16E+00,2.33E+00,1.13E+01,,,,,,,,,,,,,,,,,,,,,,,,,,,,,,,,,,,
DA_S44_O2,4,2.64E+00,9.00E-01,2.27E+00,2.44E+00,1.28E+01,,,,,,,,,,,,,,,,,,,,,,,,,,,,,,,,,,,
DA_S44_O2,4,2.64E+00,9.31E-01,2.37E+00,2.54E+00,1.27E+01,,,,,,,,,,,,,,,,,,,,,,,,,,,,,,,,,,,
DA_S44_O2,4,2.65E+00,9.40E-01,2.47E+00,2.65E+00,1.50E+01,,,,,,,,,,,,,,,,,,,,,,,,,,,,,,,,,,,
DA_S44_O2,4,2.66E+00,9.46E-01,2.62E+00,2.78E+00,1.72E+01,,,,,,,,,,,,,,,,,,,,,,,,,,,,,,,,,,,
DA_S44_O2,4,2.67E+00,9.75E-01,2.76E+00,2.93E+00,1.63E+01,,,,,,,,,,,,,,,,,,,,,,,,,,,,,,,,,,,
DA_S44_O2,4,2.68E+00,9.72E-01,2.89E+00,3.05E+00,1.63E+01,,,,,,,,,,,,,,,,,,,,,,,,,,,,,,,,,,,
DA_S44_O2,4,2.69E+00,9.94E-01,3.03E+00,3.19E+00,1.49E+01,,,,,,,,,,,,,,,,,,,,,,,,,,,,,,,,,,,
DA_S44_O2,4,2.69E+00,1.02E+00,3.13E+00,3.29E+00,1.94E+01,,,,,,,,,,,,,,,,,,,,,,,,,,,,,,,,,,,
DA_S44_O2,4,2.70E+00,1.05E+00,3.35E+00,3.51E+00,2.18E+01,,,,,,,,,,,,,,,,,,,,,,,,,,,,,,,,,,,
DA_S44_O2,4,2.71E+00,1.03E+00,3.50E+00,3.65E+00,1.83E+01,,,,,,,,,,,,,,,,,,,,,,,,,,,,,,,,,,,
DA_S44_O2,4,2.72E+00,1.04E+00,3.65E+00,3.80E+00,1.89E+01,,,,,,,,,,,,,,,,,,,,,,,,,,,,,,,,,,,
DA_S44_O2,4,2.73E+00,1.02E+00,3.81E+00,3.95E+00,1.99E+01,,,,,,,,,,,,,,,,,,,,,,,,,,,,,,,,,,,
DA_S44_O2,4,2.74E+00,1.02E+00,3.99E+00,4.11E+00,2.24E+01,,,,,,,,,,,,,,,,,,,,,,,,,,,,,,,,,,,
DA_S44_O2,4,2.74E+00,9.86E-01,4.18E+00,4.30E+00,2.09E+01,,,,,,,,,,,,,,,,,,,,,,,,,,,,,,,,,,,
DA_S44_O2,4,2.75E+00,9.86E-01,4.33E+00,4.45E+00,1.99E+01,,,,,,,,,,,,,,,,,,,,,,,,,,,,,,,,,,,
DA_S44_O2,4,2.76E+00,9.60E-01,4.51E+00,4.61E+00,2.05E+01,,,,,,,,,,,,,,,,,,,,,,,,,,,,,,,,,,,
DA_S44_O2,4,2.77E+00,9.54E-01,4.67E+00,4.77E+00,1.70E+01,,,,,,,,,,,,,,,,,,,,,,,,,,,,,,,,,,,
DA_S44_O2,4,2.78E+00,9.50E-01,4.80E+00,4.89E+00,1.48E+01,,,,,,,,,,,,,,,,,,,,,,,,,,,,,,,,,,,
DA_S44_O2,4,2.79E+00,9.38E-01,4.92E+00,5.01E+00,,,,,,,,,,,,,,,,,,,,,,,,,,,,,,,,,,,,
,,,,,,,,,,,,,,,,,,,,,,,,,,,,,,,,,,,,,,,,,
DA_S44_O2,5,7.36E+00,8.59E-01,1.09E+00,1.39E+00,,,,,,,,,,,,,,,,,,,,,,,,,,,,,,,,,,,,
DA_S44_O2,5,7.37E+00,9.00E-01,1.16E+00,1.47E+00,1.07E+01,,,,,,,,,,,,,,,,,,,,,,,,,,,,,,,,,,,
DA_S44_O2,5,7.37E+00,9.30E-01,1.26E+00,1.56E+00,1.31E+01,,,,,,,,,,,,,,,,,,,,,,,,,,,,,,,,,,,
DA_S44_O2,5,7.38E+00,9.40E-01,1.38E+00,1.67E+00,1.31E+01,,,,,,,,,,,,,,,,,,,,,,,,,,,,,,,,,,,
DA_S44_O2,5,7.39E+00,9.55E-01,1.47E+00,1.76E+00,1.27E+01,,,,,,,,,,,,,,,,,,,,,,,,,,,,,,,,,,,
DA_S44_O2,5,7.40E+00,9.79E-01,1.58E+00,1.86E+00,1.45E+01,,,,,,,,,,,,,,,,,,,,,,,,,,,,,,,,,,,
DA_S44_O2,5,7.41E+00,9.99E-01,1.71E+00,1.98E+00,1.08E+01,,,,,,,,,,,,,,,,,,,,,,,,,,,,,,,,,,,
DA_S44_O2,5,7.42E+00,1.01E+00,1.76E+00,2.03E+00,9.05E+00,,,,,,,,,,,,,,,,,,,,,,,,,,,,,,,,,,,
DA_S44_O2,5,7.42E+00,1.03E+00,1.86E+00,2.12E+00,1.22E+01,,,,,,,,,,,,,,,,,,,,,,,,,,,,,,,,,,,
DA_S44_O2,5,7.43E+00,1.04E+00,1.96E+00,2.22E+00,1.27E+01,,,,,,,,,,,,,,,,,,,,,,,,,,,,,,,,,,,
DA_S44_O2,5,7.44E+00,1.06E+00,2.07E+00,2.32E+00,1.18E+01,,,,,,,,,,,,,,,,,,,,,,,,,,,,,,,,,,,
DA_S44_O2,5,7.45E+00,1.07E+00,2.16E+00,2.41E+00,1.22E+01,,,,,,,,,,,,,,,,,,,,,,,,,,,,,,,,,,,
DA_S44_O2,5,7.46E+00,1.09E+00,2.27E+00,2.52E+00,1.22E+01,,,,,,,,,,,,,,,,,,,,,,,,,,,,,,,,,,,
DA_S44_O2,5,7.47E+00,1.11E+00,2.36E+00,2.61E+00,1.22E+01,,,,,,,,,,,,,,,,,,,,,,,,,,,,,,,,,,,
DA_S44_O2,5,7.47E+00,1.13E+00,2.47E+00,2.71E+00,1.40E+01,,,,,,,,,,,,,,,,,,,,,,,,,,,,,,,,,,,
DA_S44_O2,5,7.48E+00,1.15E+00,2.59E+00,2.83E+00,1.58E+01,,,,,,,,,,,,,,,,,,,,,,,,,,,,,,,,,,,
DA_S44_O2,5,7.49E+00,1.17E+00,2.73E+00,2.97E+00,1.49E+01,,,,,,,,,,,,,,,,,,,,,,,,,,,,,,,,,,,
DA_S44_O2,5,7.50E+00,1.18E+00,2.83E+00,3.07E+00,1.36E+01,,,,,,,,,,,,,,,,,,,,,,,,,,,,,,,,,,,
DA_S44_O2,5,7.51E+00,1.19E+00,2.95E+00,3.18E+00,1.50E+01,,,,,,,,,,,,,,,,,,,,,,,,,,,,,,,,,,,
DA_S44_O2,5,7.52E+00,1.19E+00,3.08E+00,3.31E+00,1.45E+01,,,,,,,,,,,,,,,,,,,,,,,,,,,,,,,,,,,
DA_S44_O2,5,7.52E+00,1.20E+00,3.20E+00,3.41E+00,1.46E+01,,,,,,,,,,,,,,,,,,,,,,,,,,,,,,,,,,,
DA_S44_O2,5,7.53E+00,1.20E+00,3.33E+00,3.54E+00,1.36E+01,,,,,,,,,,,,,,,,,,,,,,,,,,,,,,,,,,,
DA_S44_O2,5,7.54E+00,1.21E+00,3.42E+00,3.63E+00,1.27E+01,,,,,,,,,,,,,,,,,,,,,,,,,,,,,,,,,,,
DA_S44_O2,5,7.55E+00,1.22E+00,3.54E+00,3.74E+00,1.45E+01,,,,,,,,,,,,,,,,,,,,,,,,,,,,,,,,,,,
DA_S44_O2,5,7.56E+00,1.24E+00,3.66E+00,3.87E+00,1.58E+01,,,,,,,,,,,,,,,,,,,,,,,,,,,,,,,,,,,
DA_S44_O2,5,7.57E+00,1.25E+00,3.80E+00,4.00E+00,1.63E+01,,,,,,,,,,,,,,,,,,,,,,,,,,,,,,,,,,,
DA_S44_O2,5,7.57E+00,1.25E+00,3.94E+00,4.13E+00,1.36E+01,,,,,,,,,,,,,,,,,,,,,,,,,,,,,,,,,,,
DA_S44_O2,5,7.58E+00,1.27E+00,4.02E+00,4.22E+00,1.27E+01,,,,,,,,,,,,,,,,,,,,,,,,,,,,,,,,,,,
DA_S44_O2,5,7.59E+00,1.27E+00,4.15E+00,4.34E+00,1.29E+01,,,,,,,,,,,,,,,,,,,,,,,,,,,,,,,,,,,
DA_S44_O2,5,7.60E+00,1.26E+00,4.24E+00,4.42E+00,1.18E+01,,,,,,,,,,,,,,,,,,,,,,,,,,,,,,,,,,,
DA_S44_O2,5,7.61E+00,1.28E+00,4.34E+00,4.53E+00,1.49E+01,,,,,,,,,,,,,,,,,,,,,,,,,,,,,,,,,,,
DA_S44_O2,5,7.62E+00,1.28E+00,4.49E+00,4.67E+00,1.46E+01,,,,,,,,,,,,,,,,,,,,,,,,,,,,,,,,,,,
DA_S44_O2,5,7.62E+00,1.28E+00,4.59E+00,4.76E+00,1.32E+01,,,,,,,,,,,,,,,,,,,,,,,,,,,,,,,,,,,
DA_S44_O2,5,7.63E+00,1.29E+00,4.71E+00,4.88E+00,,,,,,,,,,,,,,,,,,,,,,,,,,,,,,,,,,,,
,,,,,,,,,,,,,,,,,,,,,,,,,,,,,,,,,,,,,,,,,
KO_S20_O1,1,2.84E-01,9.97E-01,1.34E+00,1.67E+00,,,,,,,,,,,,,,,,,,,,,,,,,,,,,,,,,,,,
KO_S20_O1,1,2.92E-01,1.01E+00,1.44E+00,1.76E+00,1.32E+01,,,,,,,,,,,,,,,,,,,,,,,,,,,,,,,,,,,
KO_S20_O1,1,3.00E-01,1.03E+00,1.56E+00,1.87E+00,1.39E+01,,,,,,,,,,,,,,,,,,,,,,,,,,,,,,,,,,,
KO_S20_O1,1,3.09E-01,1.05E+00,1.67E+00,1.97E+00,1.30E+01,,,,,,,,,,,,,,,,,,,,,,,,,,,,,,,,,,,
KO_S20_O1,1,3.17E-01,1.07E+00,1.77E+00,2.07E+00,1.34E+01,,,,,,,,,,,,,,,,,,,,,,,,,,,,,,,,,,,
KO_S20_O1,1,3.25E-01,1.09E+00,1.89E+00,2.18E+00,1.32E+01,,,,,,,,,,,,,,,,,,,,,,,,,,,,,,,,,,,
KO_S20_O1,1,3.34E-01,1.12E+00,1.99E+00,2.28E+00,1.25E+01,,,,,,,,,,,,,,,,,,,,,,,,,,,,,,,,,,,
KO_S20_O1,1,3.42E-01,1.14E+00,2.09E+00,2.38E+00,1.32E+01,,,,,,,,,,,,,,,,,,,,,,,,,,,,,,,,,,,
KO_S20_O1,1,3.50E-01,1.17E+00,2.20E+00,2.49E+00,1.34E+01,,,,,,,,,,,,,,,,,,,,,,,,,,,,,,,,,,,
KO_S20_O1,1,3.59E-01,1.19E+00,2.31E+00,2.60E+00,1.25E+01,,,,,,,,,,,,,,,,,,,,,,,,,,,,,,,,,,,
KO_S20_O1,1,3.67E-01,1.22E+00,2.40E+00,2.69E+00,1.34E+01,,,,,,,,,,,,,,,,,,,,,,,,,,,,,,,,,,,
KO_S20_O1,1,3.75E-01,1.24E+00,2.53E+00,2.82E+00,1.37E+01,,,,,,,,,,,,,,,,,,,,,,,,,,,,,,,,,,,
KO_S20_O1,1,3.84E-01,1.25E+00,2.63E+00,2.91E+00,1.30E+01,,,,,,,,,,,,,,,,,,,,,,,,,,,,,,,,,,,
KO_S20_O1,1,3.92E-01,1.27E+00,2.74E+00,3.02E+00,1.34E+01,,,,,,,,,,,,,,,,,,,,,,,,,,,,,,,,,,,
KO_S20_O1,1,4.00E-01,1.29E+00,2.85E+00,3.13E+00,1.41E+01,,,,,,,,,,,,,,,,,,,,,,,,,,,,,,,,,,,
KO_S20_O1,1,4.09E-01,1.30E+00,2.98E+00,3.25E+00,1.42E+01,,,,,,,,,,,,,,,,,,,,,,,,,,,,,,,,,,,
KO_S20_O1,1,4.17E-01,1.30E+00,3.09E+00,3.35E+00,1.22E+01,,,,,,,,,,,,,,,,,,,,,,,,,,,,,,,,,,,
KO_S20_O1,1,4.25E-01,1.31E+00,3.18E+00,3.44E+00,1.15E+01,,,,,,,,,,,,,,,,,,,,,,,,,,,,,,,,,,,
KO_S20_O1,1,4.34E-01,1.33E+00,3.28E+00,3.54E+00,1.17E+01,,,,,,,,,,,,,,,,,,,,,,,,,,,,,,,,,,,
KO_S20_O1,1,4.42E-01,1.33E+00,3.38E+00,3.63E+00,1.37E+01,,,,,,,,,,,,,,,,,,,,,,,,,,,,,,,,,,,
KO_S20_O1,1,4.50E-01,1.32E+00,3.50E+00,3.74E+00,1.48E+01,,,,,,,,,,,,,,,,,,,,,,,,,,,,,,,,,,,
KO_S20_O1,1,4.59E-01,1.34E+00,3.62E+00,3.86E+00,1.37E+01,,,,,,,,,,,,,,,,,,,,,,,,,,,,,,,,,,,
KO_S20_O1,1,4.67E-01,1.33E+00,3.73E+00,3.96E+00,1.39E+01,,,,,,,,,,,,,,,,,,,,,,,,,,,,,,,,,,,
KO_S20_O1,1,4.75E-01,1.32E+00,3.85E+00,4.07E+00,1.53E+01,,,,,,,,,,,,,,,,,,,,,,,,,,,,,,,,,,,
KO_S20_O1,1,4.84E-01,1.29E+00,3.98E+00,4.19E+00,1.40E+01,,,,,,,,,,,,,,,,,,,,,,,,,,,,,,,,,,,
KO_S20_O1,1,4.92E-01,1.30E+00,4.09E+00,4.29E+00,1.51E+01,,,,,,,,,,,,,,,,,,,,,,,,,,,,,,,,,,,
KO_S20_O1,1,5.01E-01,1.34E+00,4.23E+00,4.44E+00,1.55E+01,,,,,,,,,,,,,,,,,,,,,,,,,,,,,,,,,,,
KO_S20_O1,1,5.09E-01,1.36E+00,4.34E+00,4.55E+00,1.30E+01,,,,,,,,,,,,,,,,,,,,,,,,,,,,,,,,,,,
KO_S20_O1,1,5.17E-01,1.38E+00,4.44E+00,4.65E+00,,,,,,,,,,,,,,,,,,,,,,,,,,,,,,,,,,,,
,,,,,,,,,,,,,,,,,,,,,,,,,,,,,,,,,,,,,,,,,
KO_S20_O1,2,2.65E+00,7.31E-01,1.28E+00,1.48E+00,,,,,,,,,,,,,,,,,,,,,,,,,,,,,,,,,,,,
KO_S20_O1,2,2.66E+00,7.35E-01,1.43E+00,1.60E+00,1.59E+01,,,,,,,,,,,,,,,,,,,,,,,,,,,,,,,,,,,
KO_S20_O1,2,2.67E+00,7.39E-01,1.55E+00,1.71E+00,1.64E+01,,,,,,,,,,,,,,,,,,,,,,,,,,,,,,,,,,,
KO_S20_O1,2,2.68E+00,7.33E-01,1.70E+00,1.85E+00,1.80E+01,,,,,,,,,,,,,,,,,,,,,,,,,,,,,,,,,,,
KO_S20_O1,2,2.69E+00,7.33E-01,1.85E+00,1.99E+00,1.76E+01,,,,,,,,,,,,,,,,,,,,,,,,,,,,,,,,,,,
KO_S20_O1,2,2.69E+00,7.32E-01,1.99E+00,2.12E+00,1.83E+01,,,,,,,,,,,,,,,,,,,,,,,,,,,,,,,,,,,
KO_S20_O1,2,2.70E+00,7.10E-01,2.15E+00,2.27E+00,1.90E+01,,,,,,,,,,,,,,,,,,,,,,,,,,,,,,,,,,,
KO_S20_O1,2,2.71E+00,7.11E-01,2.31E+00,2.41E+00,1.86E+01,,,,,,,,,,,,,,,,,,,,,,,,,,,,,,,,,,,
KO_S20_O1,2,2.72E+00,7.03E-01,2.46E+00,2.56E+00,1.74E+01,,,,,,,,,,,,,,,,,,,,,,,,,,,,,,,,,,,
KO_S20_O1,2,2.73E+00,6.97E-01,2.60E+00,2.69E+00,1.85E+01,,,,,,,,,,,,,,,,,,,,,,,,,,,,,,,,,,,
KO_S20_O1,2,2.74E+00,6.59E-01,2.77E+00,2.84E+00,2.00E+01,,,,,,,,,,,,,,,,,,,,,,,,,,,,,,,,,,,
KO_S20_O1,2,2.74E+00,6.56E-01,2.93E+00,3.00E+00,1.81E+01,,,,,,,,,,,,,,,,,,,,,,,,,,,,,,,,,,,
KO_S20_O1,2,2.75E+00,6.48E-01,3.07E+00,3.14E+00,1.74E+01,,,,,,,,,,,,,,,,,,,,,,,,,,,,,,,,,,,
KO_S20_O1,2,2.76E+00,6.33E-01,3.22E+00,3.28E+00,1.71E+01,,,,,,,,,,,,,,,,,,,,,,,,,,,,,,,,,,,
KO_S20_O1,2,2.77E+00,6.18E-01,3.35E+00,3.41E+00,1.82E+01,,,,,,,,,,,,,,,,,,,,,,,,,,,,,,,,,,,
KO_S20_O1,2,2.78E+00,6.06E-01,3.52E+00,3.57E+00,1.86E+01,,,,,,,,,,,,,,,,,,,,,,,,,,,,,,,,,,,
KO_S20_O1,2,2.79E+00,6.20E-01,3.66E+00,3.72E+00,1.82E+01,,,,,,,,,,,,,,,,,,,,,,,,,,,,,,,,,,,
KO_S20_O1,2,2.79E+00,6.13E-01,3.82E+00,3.87E+00,1.83E+01,,,,,,,,,,,,,,,,,,,,,,,,,,,,,,,,,,,
KO_S20_O1,2,2.80E+00,5.97E-01,3.97E+00,4.01E+00,1.70E+01,,,,,,,,,,,,,,,,,,,,,,,,,,,,,,,,,,,
KO_S20_O1,2,2.81E+00,6.04E-01,4.11E+00,4.15E+00,1.72E+01,,,,,,,,,,,,,,,,,,,,,,,,,,,,,,,,,,,
KO_S20_O1,2,2.82E+00,6.00E-01,4.26E+00,4.30E+00,1.80E+01,,,,,,,,,,,,,,,,,,,,,,,,,,,,,,,,,,,
KO_S20_O1,2,2.83E+00,5.89E-01,4.41E+00,4.45E+00,1.84E+01,,,,,,,,,,,,,,,,,,,,,,,,,,,,,,,,,,,
KO_S20_O1,2,2.84E+00,5.90E-01,4.56E+00,4.60E+00,,,,,,,,,,,,,,,,,,,,,,,,,,,,,,,,,,,,
,,,,,,,,,,,,,,,,,,,,,,,,,,,,,,,,,,,,,,,,,
KO_S20_O1,3,6.00E+00,1.00E+00,1.37E+00,1.70E+00,,,,,,,,,,,,,,,,,,,,,,,,,,,,,,,,,,,,
KO_S20_O1,3,6.01E+00,9.87E-01,1.47E+00,1.77E+00,1.18E+01,,,,,,,,,,,,,,,,,,,,,,,,,,,,,,,,,,,
KO_S20_O1,3,6.01E+00,9.79E-01,1.57E+00,1.85E+00,1.03E+01,,,,,,,,,,,,,,,,,,,,,,,,,,,,,,,,,,,
KO_S20_O1,3,6.02E+00,1.00E+00,1.64E+00,1.93E+00,1.16E+01,,,,,,,,,,,,,,,,,,,,,,,,,,,,,,,,,,,
KO_S20_O1,3,6.03E+00,1.01E+00,1.76E+00,2.03E+00,1.52E+01,,,,,,,,,,,,,,,,,,,,,,,,,,,,,,,,,,,
KO_S20_O1,3,6.04E+00,1.02E+00,1.90E+00,2.16E+00,1.67E+01,,,,,,,,,,,,,,,,,,,,,,,,,,,,,,,,,,,
KO_S20_O1,3,6.05E+00,1.03E+00,2.04E+00,2.28E+00,1.84E+01,,,,,,,,,,,,,,,,,,,,,,,,,,,,,,,,,,,
KO_S20_O1,3,6.06E+00,1.01E+00,2.21E+00,2.43E+00,1.80E+01,,,,,,,,,,,,,,,,,,,,,,,,,,,,,,,,,,,
KO_S20_O1,3,6.06E+00,1.02E+00,2.34E+00,2.55E+00,1.39E+01,,,,,,,,,,,,,,,,,,,,,,,,,,,,,,,,,,,
KO_S20_O1,3,6.07E+00,1.01E+00,2.44E+00,2.64E+00,1.78E+01,,,,,,,,,,,,,,,,,,,,,,,,,,,,,,,,,,,
KO_S20_O1,3,6.08E+00,1.00E+00,2.64E+00,2.82E+00,2.22E+01,,,,,,,,,,,,,,,,,,,,,,,,,,,,,,,,,,,
KO_S20_O1,3,6.09E+00,1.00E+00,2.81E+00,2.98E+00,1.96E+01,,,,,,,,,,,,,,,,,,,,,,,,,,,,,,,,,,,
KO_S20_O1,3,6.10E+00,1.02E+00,2.96E+00,3.13E+00,1.78E+01,,,,,,,,,,,,,,,,,,,,,,,,,,,,,,,,,,,
KO_S20_O1,3,6.11E+00,9.99E-01,3.10E+00,3.26E+00,1.84E+01,,,,,,,,,,,,,,,,,,,,,,,,,,,,,,,,,,,
KO_S20_O1,3,6.11E+00,9.71E-01,3.26E+00,3.41E+00,1.86E+01,,,,,,,,,,,,,,,,,,,,,,,,,,,,,,,,,,,
KO_S20_O1,3,6.12E+00,9.68E-01,3.41E+00,3.55E+00,1.84E+01,,,,,,,,,,,,,,,,,,,,,,,,,,,,,,,,,,,
KO_S20_O1,3,6.13E+00,9.42E-01,3.57E+00,3.69E+00,1.88E+01,,,,,,,,,,,,,,,,,,,,,,,,,,,,,,,,,,,
KO_S20_O1,3,6.14E+00,9.25E-01,3.72E+00,3.84E+00,1.89E+01,,,,,,,,,,,,,,,,,,,,,,,,,,,,,,,,,,,
KO_S20_O1,3,6.15E+00,9.03E-01,3.88E+00,3.99E+00,2.13E+01,,,,,,,,,,,,,,,,,,,,,,,,,,,,,,,,,,,
KO_S20_O1,3,6.16E+00,8.76E-01,4.07E+00,4.17E+00,2.33E+01,,,,,,,,,,,,,,,,,,,,,,,,,,,,,,,,,,,
KO_S20_O1,3,6.16E+00,8.70E-01,4.27E+00,4.36E+00,2.04E+01,,,,,,,,,,,,,,,,,,,,,,,,,,,,,,,,,,,
KO_S20_O1,3,6.17E+00,8.63E-01,4.42E+00,4.50E+00,2.03E+01,,,,,,,,,,,,,,,,,,,,,,,,,,,,,,,,,,,
KO_S20_O1,3,6.18E+00,8.45E-01,4.61E+00,4.68E+00,,,,,,,,,,,,,,,,,,,,,,,,,,,,,,,,,,,,
,,,,,,,,,,,,,,,,,,,,,,,,,,,,,,,,,,,,,,,,,
KO_S20_O1,4,8.13E+00,1.22E+00,1.68E+00,2.08E+00,,,,,,,,,,,,,,,,,,,,,,,,,,,,,,,,,,,,
KO_S20_O1,4,8.14E+00,1.22E+00,1.83E+00,2.20E+00,1.61E+01,,,,,,,,,,,,,,,,,,,,,,,,,,,,,,,,,,,
KO_S20_O1,4,8.15E+00,1.20E+00,1.95E+00,2.29E+00,1.49E+01,,,,,,,,,,,,,,,,,,,,,,,,,,,,,,,,,,,
KO_S20_O1,4,8.16E+00,1.17E+00,2.08E+00,2.39E+00,1.56E+01,,,,,,,,,,,,,,,,,,,,,,,,,,,,,,,,,,,
KO_S20_O1,4,8.17E+00,1.15E+00,2.20E+00,2.48E+00,1.85E+01,,,,,,,,,,,,,,,,,,,,,,,,,,,,,,,,,,,
KO_S20_O1,4,8.17E+00,1.13E+00,2.38E+00,2.64E+00,1.79E+01,,,,,,,,,,,,,,,,,,,,,,,,,,,,,,,,,,,
KO_S20_O1,4,8.18E+00,1.11E+00,2.50E+00,2.73E+00,1.41E+01,,,,,,,,,,,,,,,,,,,,,,,,,,,,,,,,,,,
KO_S20_O1,4,8.19E+00,1.12E+00,2.62E+00,2.85E+00,1.71E+01,,,,,,,,,,,,,,,,,,,,,,,,,,,,,,,,,,,
KO_S20_O1,4,8.20E+00,1.11E+00,2.78E+00,2.99E+00,1.95E+01,,,,,,,,,,,,,,,,,,,,,,,,,,,,,,,,,,,
KO_S20_O1,4,8.21E+00,1.12E+00,2.94E+00,3.15E+00,2.02E+01,,,,,,,,,,,,,,,,,,,,,,,,,,,,,,,,,,,
KO_S20_O1,4,8.22E+00,1.10E+00,3.12E+00,3.31E+00,1.78E+01,,,,,,,,,,,,,,,,,,,,,,,,,,,,,,,,,,,
KO_S20_O1,4,8.22E+00,1.10E+00,3.24E+00,3.42E+00,1.65E+01,,,,,,,,,,,,,,,,,,,,,,,,,,,,,,,,,,,
KO_S20_O1,4,8.23E+00,1.07E+00,3.39E+00,3.56E+00,1.99E+01,,,,,,,,,,,,,,,,,,,,,,,,,,,,,,,,,,,
KO_S20_O1,4,8.24E+00,1.07E+00,3.57E+00,3.73E+00,1.76E+01,,,,,,,,,,,,,,,,,,,,,,,,,,,,,,,,,,,
KO_S20_O1,4,8.25E+00,1.06E+00,3.68E+00,3.83E+00,1.67E+01,,,,,,,,,,,,,,,,,,,,,,,,,,,,,,,,,,,
KO_S20_O1,4,8.26E+00,1.05E+00,3.85E+00,3.99E+00,2.07E+01,,,,,,,,,,,,,,,,,,,,,,,,,,,,,,,,,,,
KO_S20_O1,4,8.27E+00,1.03E+00,4.03E+00,4.16E+00,2.12E+01,,,,,,,,,,,,,,,,,,,,,,,,,,,,,,,,,,,
KO_S20_O1,4,8.27E+00,1.04E+00,4.20E+00,4.33E+00,2.15E+01,,,,,,,,,,,,,,,,,,,,,,,,,,,,,,,,,,,
KO_S20_O1,4,8.28E+00,1.03E+00,4.39E+00,4.51E+00,2.17E+01,,,,,,,,,,,,,,,,,,,,,,,,,,,,,,,,,,,
KO_S20_O1,4,8.29E+00,1.01E+00,4.56E+00,4.67E+00,1.93E+01,,,,,,,,,,,,,,,,,,,,,,,,,,,,,,,,,,,
KO_S20_O1,4,8.30E+00,1.02E+00,4.71E+00,4.82E+00,,,,,,,,,,,,,,,,,,,,,,,,,,,,,,,,,,,,
,,,,,,,,,,,,,,,,,,,,,,,,,,,,,,,,,,,,,,,,,
KO_S20_O1,5,9.85E+00,1.12E+00,1.72E+00,2.05E+00,,,,,,,,,,,,,,,,,,,,,,,,,,,,,,,,,,,,
KO_S20_O1,5,9.86E+00,1.13E+00,1.85E+00,2.17E+00,1.46E+01,,,,,,,,,,,,,,,,,,,,,,,,,,,,,,,,,,,
KO_S20_O1,5,9.87E+00,1.11E+00,1.97E+00,2.26E+00,1.70E+01,,,,,,,,,,,,,,,,,,,,,,,,,,,,,,,,,,,
KO_S20_O1,5,9.88E+00,1.12E+00,2.13E+00,2.41E+00,2.00E+01,,,,,,,,,,,,,,,,,,,,,,,,,,,,,,,,,,,
KO_S20_O1,5,9.88E+00,1.10E+00,2.30E+00,2.55E+00,2.02E+01,,,,,,,,,,,,,,,,,,,,,,,,,,,,,,,,,,,
KO_S20_O1,5,9.89E+00,1.09E+00,2.47E+00,2.70E+00,1.94E+01,,,,,,,,,,,,,,,,,,,,,,,,,,,,,,,,,,,
KO_S20_O1,5,9.90E+00,1.09E+00,2.62E+00,2.84E+00,1.85E+01,,,,,,,,,,,,,,,,,,,,,,,,,,,,,,,,,,,
KO_S20_O1,5,9.91E+00,1.07E+00,2.78E+00,2.98E+00,1.94E+01,,,,,,,,,,,,,,,,,,,,,,,,,,,,,,,,,,,
KO_S20_O1,5,9.92E+00,1.06E+00,2.95E+00,3.13E+00,2.00E+01,,,,,,,,,,,,,,,,,,,,,,,,,,,,,,,,,,,
KO_S20_O1,5,9.93E+00,1.05E+00,3.11E+00,3.28E+00,2.05E+01,,,,,,,,,,,,,,,,,,,,,,,,,,,,,,,,,,,
KO_S20_O1,5,9.93E+00,1.04E+00,3.29E+00,3.45E+00,1.96E+01,,,,,,,,,,,,,,,,,,,,,,,,,,,,,,,,,,,
KO_S20_O1,5,9.94E+00,1.03E+00,3.44E+00,3.59E+00,1.91E+01,,,,,,,,,,,,,,,,,,,,,,,,,,,,,,,,,,,
KO_S20_O1,5,9.95E+00,1.04E+00,3.61E+00,3.75E+00,2.30E+01,,,,,,,,,,,,,,,,,,,,,,,,,,,,,,,,,,,
KO_S20_O1,5,9.96E+00,1.04E+00,3.82E+00,3.96E+00,2.30E+01,,,,,,,,,,,,,,,,,,,,,,,,,,,,,,,,,,,
KO_S20_O1,5,9.97E+00,1.05E+00,3.99E+00,4.13E+00,2.21E+01,,,,,,,,,,,,,,,,,,,,,,,,,,,,,,,,,,,
KO_S20_O1,5,9.98E+00,1.08E+00,4.19E+00,4.32E+00,2.18E+01,,,,,,,,,,,,,,,,,,,,,,,,,,,,,,,,,,,
KO_S20_O1,5,9.98E+00,1.08E+00,4.35E+00,4.49E+00,1.91E+01,,,,,,,,,,,,,,,,,,,,,,,,,,,,,,,,,,,
KO_S20_O1,5,9.99E+00,1.12E+00,4.50E+00,4.64E+00,1.87E+01,,,,,,,,,,,,,,,,,,,,,,,,,,,,,,,,,,,
KO_S20_O1,5,1.00E+01,1.12E+00,4.66E+00,4.80E+00,2.18E+01,,,,,,,,,,,,,,,,,,,,,,,,,,,,,,,,,,,
KO_S20_O1,5,1.00E+01,1.13E+00,4.86E+00,4.99E+00,,,,,,,,,,,,,,,,,,,,,,,,,,,,,,,,,,,,
,,,,,,,,,,,,,,,,,,,,,,,,,,,,,,,,,,,,,,,,,
KO_S7_O1,1,8.93E-01,1.66E+00,2.42E+00,2.93E+00,,,,,,,,,,,,,,,,,,,,,,,,,,,,,,,,,,,,
KO_S7_O1,1,9.01E-01,1.71E+00,2.64E+00,3.14E+00,2.34E+01,,,,,,,,,,,,,,,,,,,,,,,,,,,,,,,,,,,
KO_S7_O1,1,9.09E-01,1.73E+00,2.81E+00,3.29E+00,2.05E+01,,,,,,,,,,,,,,,,,,,,,,,,,,,,,,,,,,,
KO_S7_O1,1,9.18E-01,1.72E+00,2.98E+00,3.44E+00,2.30E+01,,,,,,,,,,,,,,,,,,,,,,,,,,,,,,,,,,,
KO_S7_O1,1,9.26E-01,1.67E+00,3.18E+00,3.60E+00,2.46E+01,,,,,,,,,,,,,,,,,,,,,,,,,,,,,,,,,,,
KO_S7_O1,1,9.34E-01,1.68E+00,3.39E+00,3.78E+00,2.25E+01,,,,,,,,,,,,,,,,,,,,,,,,,,,,,,,,,,,
KO_S7_O1,1,9.43E-01,1.66E+00,3.56E+00,3.93E+00,2.09E+01,,,,,,,,,,,,,,,,,,,,,,,,,,,,,,,,,,,
KO_S7_O1,1,9.51E-01,1.64E+00,3.73E+00,4.08E+00,2.09E+01,,,,,,,,,,,,,,,,,,,,,,,,,,,,,,,,,,,
KO_S7_O1,1,9.59E-01,1.59E+00,3.90E+00,4.21E+00,1.92E+01,,,,,,,,,,,,,,,,,,,,,,,,,,,,,,,,,,,
KO_S7_O1,1,9.68E-01,1.60E+00,4.05E+00,4.36E+00,1.57E+01,,,,,,,,,,,,,,,,,,,,,,,,,,,,,,,,,,,
KO_S7_O1,1,9.76E-01,1.59E+00,4.16E+00,4.46E+00,1.65E+01,,,,,,,,,,,,,,,,,,,,,,,,,,,,,,,,,,,
KO_S7_O1,1,9.84E-01,1.54E+00,4.32E+00,4.59E+00,1.97E+01,,,,,,,,,,,,,,,,,,,,,,,,,,,,,,,,,,,
KO_S7_O1,1,9.93E-01,1.52E+00,4.48E+00,4.74E+00,1.72E+01,,,,,,,,,,,,,,,,,,,,,,,,,,,,,,,,,,,
KO_S7_O1,1,1.00E+00,1.52E+00,4.61E+00,4.85E+00,1.40E+01,,,,,,,,,,,,,,,,,,,,,,,,,,,,,,,,,,,
KO_S7_O1,1,1.01E+00,1.51E+00,4.72E+00,4.95E+00,1.32E+01,,,,,,,,,,,,,,,,,,,,,,,,,,,,,,,,,,,
KO_S7_O1,1,1.02E+00,1.53E+00,4.83E+00,5.06E+00,1.45E+01,,,,,,,,,,,,,,,,,,,,,,,,,,,,,,,,,,,
KO_S7_O1,1,1.03E+00,1.51E+00,4.96E+00,5.18E+00,1.48E+01,,,,,,,,,,,,,,,,,,,,,,,,,,,,,,,,,,,
KO_S7_O1,1,1.03E+00,1.50E+00,5.07E+00,5.29E+00,1.72E+01,,,,,,,,,,,,,,,,,,,,,,,,,,,,,,,,,,,
KO_S7_O1,1,1.04E+00,1.49E+00,5.24E+00,5.45E+00,1.89E+01,,,,,,,,,,,,,,,,,,,,,,,,,,,,,,,,,,,
KO_S7_O1,1,1.05E+00,1.48E+00,5.39E+00,5.59E+00,1.92E+01,,,,,,,,,,,,,,,,,,,,,,,,,,,,,,,,,,,
KO_S7_O1,1,1.06E+00,1.45E+00,5.56E+00,5.75E+00,1.86E+01,,,,,,,,,,,,,,,,,,,,,,,,,,,,,,,,,,,
KO_S7_O1,1,1.07E+00,1.40E+00,5.69E+00,5.86E+00,1.79E+01,,,,,,,,,,,,,,,,,,,,,,,,,,,,,,,,,,,
KO_S7_O1,1,1.08E+00,1.41E+00,5.86E+00,6.03E+00,1.56E+01,,,,,,,,,,,,,,,,,,,,,,,,,,,,,,,,,,,
KO_S7_O1,1,1.08E+00,1.42E+00,5.95E+00,6.12E+00,,,,,,,,,,,,,,,,,,,,,,,,,,,,,,,,,,,,
,,,,,,,,,,,,,,,,,,,,,,,,,,,,,,,,,,,,,,,,,
KO_S7_O1,2,3.41E+00,1.95E+00,1.79E+00,2.65E+00,,,,,,,,,,,,,,,,,,,,,,,,,,,,,,,,,,,,
KO_S7_O1,2,3.42E+00,1.99E+00,1.92E+00,2.76E+00,1.52E+01,,,,,,,,,,,,,,,,,,,,,,,,,,,,,,,,,,,
KO_S7_O1,2,3.43E+00,2.02E+00,2.03E+00,2.87E+00,1.32E+01,,,,,,,,,,,,,,,,,,,,,,,,,,,,,,,,,,,
KO_S7_O1,2,3.44E+00,2.02E+00,2.13E+00,2.94E+00,1.40E+01,,,,,,,,,,,,,,,,,,,,,,,,,,,,,,,,,,,
KO_S7_O1,2,3.45E+00,2.01E+00,2.27E+00,3.03E+00,1.45E+01,,,,,,,,,,,,,,,,,,,,,,,,,,,,,,,,,,,
KO_S7_O1,2,3.45E+00,2.02E+00,2.38E+00,3.12E+00,1.51E+01,,,,,,,,,,,,,,,,,,,,,,,,,,,,,,,,,,,
KO_S7_O1,2,3.46E+00,2.01E+00,2.52E+00,3.22E+00,1.27E+01,,,,,,,,,,,,,,,,,,,,,,,,,,,,,,,,,,,
KO_S7_O1,2,3.47E+00,2.01E+00,2.59E+00,3.28E+00,9.01E+00,,,,,,,,,,,,,,,,,,,,,,,,,,,,,,,,,,,
KO_S7_O1,2,3.48E+00,2.02E+00,2.67E+00,3.35E+00,1.02E+01,,,,,,,,,,,,,,,,,,,,,,,,,,,,,,,,,,,
KO_S7_O1,2,3.49E+00,2.02E+00,2.76E+00,3.42E+00,1.08E+01,,,,,,,,,,,,,,,,,,,,,,,,,,,,,,,,,,,
KO_S7_O1,2,3.50E+00,2.04E+00,2.85E+00,3.50E+00,9.61E+00,,,,,,,,,,,,,,,,,,,,,,,,,,,,,,,,,,,
KO_S7_O1,2,3.50E+00,2.03E+00,2.92E+00,3.56E+00,1.20E+01,,,,,,,,,,,,,,,,,,,,,,,,,,,,,,,,,,,
KO_S7_O1,2,3.51E+00,2.07E+00,3.04E+00,3.68E+00,1.15E+01,,,,,,,,,,,,,,,,,,,,,,,,,,,,,,,,,,,
KO_S7_O1,2,3.52E+00,2.08E+00,3.10E+00,3.74E+00,8.40E+00,,,,,,,,,,,,,,,,,,,,,,,,,,,,,,,,,,,
KO_S7_O1,2,3.53E+00,2.09E+00,3.18E+00,3.81E+00,1.26E+01,,,,,,,,,,,,,,,,,,,,,,,,,,,,,,,,,,,
KO_S7_O1,2,3.54E+00,2.11E+00,3.31E+00,3.93E+00,1.50E+01,,,,,,,,,,,,,,,,,,,,,,,,,,,,,,,,,,,
KO_S7_O1,2,3.55E+00,2.12E+00,3.43E+00,4.03E+00,1.32E+01,,,,,,,,,,,,,,,,,,,,,,,,,,,,,,,,,,,
KO_S7_O1,2,3.55E+00,2.14E+00,3.53E+00,4.13E+00,1.26E+01,,,,,,,,,,,,,,,,,,,,,,,,,,,,,,,,,,,
KO_S7_O1,2,3.56E+00,2.16E+00,3.64E+00,4.23E+00,1.44E+01,,,,,,,,,,,,,,,,,,,,,,,,,,,,,,,,,,,
KO_S7_O1,2,3.57E+00,2.19E+00,3.77E+00,4.36E+00,1.26E+01,,,,,,,,,,,,,,,,,,,,,,,,,,,,,,,,,,,
KO_S7_O1,2,3.58E+00,2.20E+00,3.85E+00,4.43E+00,9.61E+00,,,,,,,,,,,,,,,,,,,,,,,,,,,,,,,,,,,
KO_S7_O1,2,3.59E+00,2.20E+00,3.93E+00,4.50E+00,1.08E+01,,,,,,,,,,,,,,,,,,,,,,,,,,,,,,,,,,,
KO_S7_O1,2,3.60E+00,2.21E+00,4.02E+00,4.59E+00,9.59E+00,,,,,,,,,,,,,,,,,,,,,,,,,,,,,,,,,,,
KO_S7_O1,2,3.60E+00,2.22E+00,4.08E+00,4.65E+00,8.42E+00,,,,,,,,,,,,,,,,,,,,,,,,,,,,,,,,,,,
KO_S7_O1,2,3.61E+00,2.24E+00,4.16E+00,4.73E+00,9.67E+00,,,,,,,,,,,,,,,,,,,,,,,,,,,,,,,,,,,
KO_S7_O1,2,3.62E+00,2.26E+00,4.24E+00,4.81E+00,8.91E+00,,,,,,,,,,,,,,,,,,,,,,,,,,,,,,,,,,,
KO_S7_O1,2,3.63E+00,2.31E+00,4.30E+00,4.88E+00,7.02E+00,,,,,,,,,,,,,,,,,,,,,,,,,,,,,,,,,,,
KO_S7_O1,2,3.64E+00,2.31E+00,4.35E+00,4.92E+00,9.31E+00,,,,,,,,,,,,,,,,,,,,,,,,,,,,,,,,,,,
KO_S7_O1,2,3.65E+00,2.37E+00,4.44E+00,5.03E+00,1.43E+01,,,,,,,,,,,,,,,,,,,,,,,,,,,,,,,,,,,
KO_S7_O1,2,3.65E+00,2.47E+00,4.53E+00,5.16E+00,1.35E+01,,,,,,,,,,,,,,,,,,,,,,,,,,,,,,,,,,,
KO_S7_O1,2,3.66E+00,2.51E+00,4.61E+00,5.25E+00,1.15E+01,,,,,,,,,,,,,,,,,,,,,,,,,,,,,,,,,,,
KO_S7_O1,2,3.67E+00,2.51E+00,4.71E+00,5.34E+00,1.08E+01,,,,,,,,,,,,,,,,,,,,,,,,,,,,,,,,,,,
KO_S7_O1,2,3.68E+00,2.54E+00,4.79E+00,5.42E+00,1.72E+01,,,,,,,,,,,,,,,,,,,,,,,,,,,,,,,,,,,
KO_S7_O1,2,3.69E+00,2.68E+00,4.94E+00,5.62E+00,,,,,,,,,,,,,,,,,,,,,,,,,,,,,,,,,,,,
,,,,,,,,,,,,,,,,,,,,,,,,,,,,,,,,,,,,,,,,,
KO_S7_O1,3,8.11E+00,2.45E+00,1.13E+00,2.70E+00,,,,,,,,,,,,,,,,,,,,,,,,,,,,,,,,,,,,
KO_S7_O1,3,8.12E+00,2.48E+00,1.28E+00,2.79E+00,1.99E+01,,,,,,,,,,,,,,,,,,,,,,,,,,,,,,,,,,,
KO_S7_O1,3,8.12E+00,2.53E+00,1.46E+00,2.92E+00,2.07E+01,,,,,,,,,,,,,,,,,,,,,,,,,,,,,,,,,,,
KO_S7_O1,3,8.13E+00,2.59E+00,1.61E+00,3.05E+00,1.80E+01,,,,,,,,,,,,,,,,,,,,,,,,,,,,,,,,,,,
KO_S7_O1,3,8.14E+00,2.64E+00,1.73E+00,3.16E+00,1.63E+01,,,,,,,,,,,,,,,,,,,,,,,,,,,,,,,,,,,
KO_S7_O1,3,8.15E+00,2.65E+00,1.87E+00,3.24E+00,1.86E+01,,,,,,,,,,,,,,,,,,,,,,,,,,,,,,,,,,,
KO_S7_O1,3,8.16E+00,2.67E+00,2.04E+00,3.36E+00,1.81E+01,,,,,,,,,,,,,,,,,,,,,,,,,,,,,,,,,,,
KO_S7_O1,3,8.17E+00,2.72E+00,2.17E+00,3.48E+00,1.81E+01,,,,,,,,,,,,,,,,,,,,,,,,,,,,,,,,,,,
KO_S7_O1,3,8.17E+00,2.74E+00,2.34E+00,3.60E+00,2.06E+01,,,,,,,,,,,,,,,,,,,,,,,,,,,,,,,,,,,
KO_S7_O1,3,8.18E+00,2.81E+00,2.50E+00,3.76E+00,2.13E+01,,,,,,,,,,,,,,,,,,,,,,,,,,,,,,,,,,,
KO_S7_O1,3,8.19E+00,2.84E+00,2.68E+00,3.90E+00,2.14E+01,,,,,,,,,,,,,,,,,,,,,,,,,,,,,,,,,,,
KO_S7_O1,3,8.20E+00,2.92E+00,2.84E+00,4.07E+00,2.17E+01,,,,,,,,,,,,,,,,,,,,,,,,,,,,,,,,,,,
KO_S7_O1,3,8.21E+00,2.97E+00,3.01E+00,4.23E+00,1.76E+01,,,,,,,,,,,,,,,,,,,,,,,,,,,,,,,,,,,
KO_S7_O1,3,8.22E+00,3.00E+00,3.12E+00,4.33E+00,1.56E+01,,,,,,,,,,,,,,,,,,,,,,,,,,,,,,,,,,,
KO_S7_O1,3,8.22E+00,3.01E+00,3.27E+00,4.44E+00,1.92E+01,,,,,,,,,,,,,,,,,,,,,,,,,,,,,,,,,,,
KO_S7_O1,3,8.23E+00,3.06E+00,3.44E+00,4.60E+00,1.98E+01,,,,,,,,,,,,,,,,,,,,,,,,,,,,,,,,,,,
KO_S7_O1,3,8.24E+00,3.07E+00,3.60E+00,4.73E+00,2.22E+01,,,,,,,,,,,,,,,,,,,,,,,,,,,,,,,,,,,
KO_S7_O1,3,8.25E+00,3.09E+00,3.80E+00,4.90E+00,1.92E+01,,,,,,,,,,,,,,,,,,,,,,,,,,,,,,,,,,,
KO_S7_O1,3,8.26E+00,3.11E+00,3.91E+00,5.00E+00,1.75E+01,,,,,,,,,,,,,,,,,,,,,,,,,,,,,,,,,,,
KO_S7_O1,3,8.27E+00,3.16E+00,4.09E+00,5.17E+00,2.05E+01,,,,,,,,,,,,,,,,,,,,,,,,,,,,,,,,,,,
KO_S7_O1,3,8.27E+00,3.19E+00,4.25E+00,5.31E+00,1.92E+01,,,,,,,,,,,,,,,,,,,,,,,,,,,,,,,,,,,
KO_S7_O1,3,8.28E+00,3.22E+00,4.40E+00,5.45E+00,,,,,,,,,,,,,,,,,,,,,,,,,,,,,,,,,,,,
,,,,,,,,,,,,,,,,,,,,,,,,,,,,,,,,,,,,,,,,,
KO_S7_O1,4,1.54E+01,2.31E+00,-3.43E-01,2.34E+00,,,,,,,,,,,,,,,,,,,,,,,,,,,,,,,,,,,,
KO_S7_O1,4,1.54E+01,2.37E+00,-2.19E-01,2.38E+00,1.59E+01,,,,,,,,,,,,,,,,,,,,,,,,,,,,,,,,,,,
KO_S7_O1,4,1.54E+01,2.43E+00,-1.06E-01,2.43E+00,1.65E+01,,,,,,,,,,,,,,,,,,,,,,,,,,,,,,,,,,,
KO_S7_O1,4,1.54E+01,2.49E+00,2.80E-02,2.49E+00,1.52E+01,,,,,,,,,,,,,,,,,,,,,,,,,,,,,,,,,,,
KO_S7_O1,4,1.55E+01,2.54E+00,1.22E-01,2.54E+00,1.58E+01,,,,,,,,,,,,,,,,,,,,,,,,,,,,,,,,,,,
KO_S7_O1,4,1.55E+01,2.63E+00,2.53E-01,2.64E+00,1.50E+01,,,,,,,,,,,,,,,,,,,,,,,,,,,,,,,,,,,
KO_S7_O1,4,1.55E+01,2.67E+00,3.38E-01,2.69E+00,1.52E+01,,,,,,,,,,,,,,,,,,,,,,,,,,,,,,,,,,,
KO_S7_O1,4,1.55E+01,2.74E+00,4.81E-01,2.78E+00,1.97E+01,,,,,,,,,,,,,,,,,,,,,,,,,,,,,,,,,,,
KO_S7_O1,4,1.55E+01,2.82E+00,6.32E-01,2.89E+00,2.09E+01,,,,,,,,,,,,,,,,,,,,,,,,,,,,,,,,,,,
KO_S7_O1,4,1.55E+01,2.92E+00,7.81E-01,3.02E+00,1.77E+01,,,,,,,,,,,,,,,,,,,,,,,,,,,,,,,,,,,
KO_S7_O1,4,1.55E+01,2.99E+00,8.73E-01,3.11E+00,1.86E+01,,,,,,,,,,,,,,,,,,,,,,,,,,,,,,,,,,,
KO_S7_O1,4,1.55E+01,3.06E+00,1.06E+00,3.24E+00,1.85E+01,,,,,,,,,,,,,,,,,,,,,,,,,,,,,,,,,,,
KO_S7_O1,4,1.55E+01,3.09E+00,1.16E+00,3.31E+00,1.33E+01,,,,,,,,,,,,,,,,,,,,,,,,,,,,,,,,,,,
KO_S7_O1,4,1.55E+01,3.16E+00,1.26E+00,3.40E+00,1.61E+01,,,,,,,,,,,,,,,,,,,,,,,,,,,,,,,,,,,
KO_S7_O1,4,1.55E+01,3.23E+00,1.40E+00,3.52E+00,1.76E+01,,,,,,,,,,,,,,,,,,,,,,,,,,,,,,,,,,,
KO_S7_O1,4,1.55E+01,3.28E+00,1.52E+00,3.62E+00,1.56E+01,,,,,,,,,,,,,,,,,,,,,,,,,,,,,,,,,,,
KO_S7_O1,4,1.56E+01,3.33E+00,1.64E+00,3.71E+00,1.69E+01,,,,,,,,,,,,,,,,,,,,,,,,,,,,,,,,,,,
KO_S7_O1,4,1.56E+01,3.42E+00,1.77E+00,3.85E+00,1.78E+01,,,,,,,,,,,,,,,,,,,,,,,,,,,,,,,,,,,
KO_S7_O1,4,1.56E+01,3.46E+00,1.90E+00,3.95E+00,1.54E+01,,,,,,,,,,,,,,,,,,,,,,,,,,,,,,,,,,,
KO_S7_O1,4,1.56E+01,3.51E+00,2.01E+00,4.05E+00,1.76E+01,,,,,,,,,,,,,,,,,,,,,,,,,,,,,,,,,,,
KO_S7_O1,4,1.56E+01,3.58E+00,2.17E+00,4.19E+00,2.19E+01,,,,,,,,,,,,,,,,,,,,,,,,,,,,,,,,,,,
KO_S7_O1,4,1.56E+01,3.62E+00,2.36E+00,4.32E+00,1.76E+01,,,,,,,,,,,,,,,,,,,,,,,,,,,,,,,,,,,
KO_S7_O1,4,1.56E+01,3.67E+00,2.45E+00,4.41E+00,1.52E+01,,,,,,,,,,,,,,,,,,,,,,,,,,,,,,,,,,,
KO_S7_O1,4,1.56E+01,3.73E+00,2.59E+00,4.54E+00,1.80E+01,,,,,,,,,,,,,,,,,,,,,,,,,,,,,,,,,,,
KO_S7_O1,4,1.56E+01,3.73E+00,2.75E+00,4.63E+00,1.56E+01,,,,,,,,,,,,,,,,,,,,,,,,,,,,,,,,,,,
KO_S7_O1,4,1.56E+01,3.76E+00,2.84E+00,4.71E+00,1.33E+01,,,,,,,,,,,,,,,,,,,,,,,,,,,,,,,,,,,
KO_S7_O1,4,1.56E+01,3.78E+00,2.96E+00,4.80E+00,1.25E+01,,,,,,,,,,,,,,,,,,,,,,,,,,,,,,,,,,,
KO_S7_O1,4,1.56E+01,3.84E+00,3.03E+00,4.90E+00,1.27E+01,,,,,,,,,,,,,,,,,,,,,,,,,,,,,,,,,,,
KO_S7_O1,4,1.57E+01,3.88E+00,3.15E+00,5.00E+00,,,,,,,,,,,,,,,,,,,,,,,,,,,,,,,,,,,,
,,,,,,,,,,,,,,,,,,,,,,,,,,,,,,,,,,,,,,,,,
KO_S7_O1,5,1.88E+01,2.69E+00,-1.12E+00,2.91E+00,,,,,,,,,,,,,,,,,,,,,,,,,,,,,,,,,,,,
KO_S7_O1,5,1.88E+01,2.71E+00,-9.47E-01,2.87E+00,1.85E+01,,,,,,,,,,,,,,,,,,,,,,,,,,,,,,,,,,,
KO_S7_O1,5,1.88E+01,2.80E+00,-8.27E-01,2.92E+00,1.65E+01,,,,,,,,,,,,,,,,,,,,,,,,,,,,,,,,,,,
KO_S7_O1,5,1.88E+01,2.83E+00,-7.00E-01,2.92E+00,2.52E+01,,,,,,,,,,,,,,,,,,,,,,,,,,,,,,,,,,,
KO_S7_O1,5,1.88E+01,2.94E+00,-4.31E-01,2.97E+00,3.14E+01,,,,,,,,,,,,,,,,,,,,,,,,,,,,,,,,,,,
KO_S7_O1,5,1.88E+01,3.01E+00,-2.09E-01,3.02E+00,2.63E+01,,,,,,,,,,,,,,,,,,,,,,,,,,,,,,,,,,,
KO_S7_O1,5,1.89E+01,3.08E+00,-1.54E-02,3.08E+00,2.40E+01,,,,,,,,,,,,,,,,,,,,,,,,,,,,,,,,,,,
KO_S7_O1,5,1.89E+01,3.15E+00,1.67E-01,3.16E+00,2.30E+01,,,,,,,,,,,,,,,,,,,,,,,,,,,,,,,,,,,
KO_S7_O1,5,1.89E+01,3.22E+00,3.40E-01,3.24E+00,2.31E+01,,,,,,,,,,,,,,,,,,,,,,,,,,,,,,,,,,,
KO_S7_O1,5,1.89E+01,3.26E+00,5.37E-01,3.30E+00,2.17E+01,,,,,,,,,,,,,,,,,,,,,,,,,,,,,,,,,,,
KO_S7_O1,5,1.89E+01,3.30E+00,6.93E-01,3.37E+00,1.94E+01,,,,,,,,,,,,,,,,,,,,,,,,,,,,,,,,,,,
KO_S7_O1,5,1.89E+01,3.35E+00,8.48E-01,3.45E+00,1.85E+01,,,,,,,,,,,,,,,,,,,,,,,,,,,,,,,,,,,
KO_S7_O1,5,1.89E+01,3.41E+00,9.82E-01,3.54E+00,2.05E+01,,,,,,,,,,,,,,,,,,,,,,,,,,,,,,,,,,,
KO_S7_O1,5,1.89E+01,3.43E+00,1.18E+00,3.63E+00,2.16E+01,,,,,,,,,,,,,,,,,,,,,,,,,,,,,,,,,,,
KO_S7_O1,5,1.89E+01,3.44E+00,1.34E+00,3.69E+00,1.86E+01,,,,,,,,,,,,,,,,,,,,,,,,,,,,,,,,,,,
KO_S7_O1,5,1.89E+01,3.47E+00,1.49E+00,3.77E+00,2.16E+01,,,,,,,,,,,,,,,,,,,,,,,,,,,,,,,,,,,
KO_S7_O1,5,1.89E+01,3.50E+00,1.70E+00,3.89E+00,2.54E+01,,,,,,,,,,,,,,,,,,,,,,,,,,,,,,,,,,,
KO_S7_O1,5,1.89E+01,3.58E+00,1.90E+00,4.05E+00,2.23E+01,,,,,,,,,,,,,,,,,,,,,,,,,,,,,,,,,,,
KO_S7_O1,5,1.90E+01,3.64E+00,2.04E+00,4.17E+00,2.13E+01,,,,,,,,,,,,,,,,,,,,,,,,,,,,,,,,,,,
KO_S7_O1,5,1.90E+01,3.72E+00,2.22E+00,4.33E+00,2.28E+01,,,,,,,,,,,,,,,,,,,,,,,,,,,,,,,,,,,
KO_S7_O1,5,1.90E+01,3.77E+00,2.40E+00,4.47E+00,2.15E+01,,,,,,,,,,,,,,,,,,,,,,,,,,,,,,,,,,,
KO_S7_O1,5,1.90E+01,3.84E+00,2.56E+00,4.62E+00,1.99E+01,,,,,,,,,,,,,,,,,,,,,,,,,,,,,,,,,,,
KO_S7_O1,5,1.90E+01,3.93E+00,2.69E+00,4.76E+00,1.88E+01,,,,,,,,,,,,,,,,,,,,,,,,,,,,,,,,,,,
KO_S7_O1,5,1.90E+01,4.00E+00,2.83E+00,4.90E+00,1.69E+01,,,,,,,,,,,,,,,,,,,,,,,,,,,,,,,,,,,
KO_S7_O1,5,1.90E+01,4.04E+00,2.95E+00,5.01E+00,1.73E+01,,,,,,,,,,,,,,,,,,,,,,,,,,,,,,,,,,,
KO_S7_O1,5,1.90E+01,4.10E+00,3.10E+00,5.14E+00,1.56E+01,,,,,,,,,,,,,,,,,,,,,,,,,,,,,,,,,,,
KO_S7_O1,5,1.90E+01,4.14E+00,3.19E+00,5.23E+00,,,,,,,,,,,,,,,,,,,,,,,,,,,,,,,,,,,,
,,,,,,,,,,,,,,,,,,,,,,,,,,,,,,,,,,,,,,,,,
KO_S9_O2,1,8.34E-03,2.29E+00,1.71E+00,2.86E+00,,,,,,,,,,,,,,,,,,,,,,,,,,,,,,,,,,,,
KO_S9_O2,1,1.67E-02,2.29E+00,1.80E+00,2.91E+00,1.48E+01,,,,,,,,,,,,,,,,,,,,,,,,,,,,,,,,,,,
KO_S9_O2,1,2.50E-02,2.27E+00,1.96E+00,3.00E+00,1.48E+01,,,,,,,,,,,,,,,,,,,,,,,,,,,,,,,,,,,
KO_S9_O2,1,3.34E-02,2.27E+00,2.05E+00,3.06E+00,1.25E+01,,,,,,,,,,,,,,,,,,,,,,,,,,,,,,,,,,,
KO_S9_O2,1,4.17E-02,2.28E+00,2.17E+00,3.14E+00,1.60E+01,,,,,,,,,,,,,,,,,,,,,,,,,,,,,,,,,,,
KO_S9_O2,1,5.01E-02,2.27E+00,2.32E+00,3.24E+00,1.38E+01,,,,,,,,,,,,,,,,,,,,,,,,,,,,,,,,,,,
KO_S9_O2,1,5.84E-02,2.27E+00,2.40E+00,3.30E+00,1.18E+01,,,,,,,,,,,,,,,,,,,,,,,,,,,,,,,,,,,
KO_S9_O2,1,6.67E-02,2.28E+00,2.51E+00,3.39E+00,1.32E+01,,,,,,,,,,,,,,,,,,,,,,,,,,,,,,,,,,,
KO_S9_O2,1,7.51E-02,2.28E+00,2.62E+00,3.47E+00,1.45E+01,,,,,,,,,,,,,,,,,,,,,,,,,,,,,,,,,,,
KO_S9_O2,1,8.34E-02,2.27E+00,2.75E+00,3.57E+00,1.49E+01,,,,,,,,,,,,,,,,,,,,,,,,,,,,,,,,,,,
KO_S9_O2,1,9.18E-02,2.30E+00,2.86E+00,3.67E+00,1.56E+01,,,,,,,,,,,,,,,,,,,,,,,,,,,,,,,,,,,
KO_S9_O2,1,1.00E-01,2.26E+00,3.01E+00,3.77E+00,1.52E+01,,,,,,,,,,,,,,,,,,,,,,,,,,,,,,,,,,,
KO_S9_O2,1,1.08E-01,2.29E+00,3.12E+00,3.87E+00,1.49E+01,,,,,,,,,,,,,,,,,,,,,,,,,,,,,,,,,,,
KO_S9_O2,1,1.17E-01,2.29E+00,3.26E+00,3.98E+00,1.52E+01,,,,,,,,,,,,,,,,,,,,,,,,,,,,,,,,,,,
KO_S9_O2,1,1.25E-01,2.31E+00,3.37E+00,4.08E+00,1.13E+01,,,,,,,,,,,,,,,,,,,,,,,,,,,,,,,,,,,
KO_S9_O2,1,1.33E-01,2.31E+00,3.45E+00,4.15E+00,1.19E+01,,,,,,,,,,,,,,,,,,,,,,,,,,,,,,,,,,,
KO_S9_O2,1,1.42E-01,2.30E+00,3.57E+00,4.25E+00,1.46E+01,,,,,,,,,,,,,,,,,,,,,,,,,,,,,,,,,,,
KO_S9_O2,1,1.50E-01,2.31E+00,3.69E+00,4.36E+00,1.29E+01,,,,,,,,,,,,,,,,,,,,,,,,,,,,,,,,,,,
KO_S9_O2,1,1.58E-01,2.31E+00,3.79E+00,4.44E+00,1.12E+01,,,,,,,,,,,,,,,,,,,,,,,,,,,,,,,,,,,
KO_S9_O2,1,1.67E-01,2.31E+00,3.88E+00,4.51E+00,1.24E+01,,,,,,,,,,,,,,,,,,,,,,,,,,,,,,,,,,,
KO_S9_O2,1,1.75E-01,2.31E+00,3.99E+00,4.61E+00,1.42E+01,,,,,,,,,,,,,,,,,,,,,,,,,,,,,,,,,,,
KO_S9_O2,1,1.84E-01,2.30E+00,4.12E+00,4.72E+00,1.24E+01,,,,,,,,,,,,,,,,,,,,,,,,,,,,,,,,,,,
KO_S9_O2,1,1.92E-01,2.30E+00,4.20E+00,4.79E+00,1.24E+01,,,,,,,,,,,,,,,,,,,,,,,,,,,,,,,,,,,
KO_S9_O2,1,2.00E-01,2.30E+00,4.32E+00,4.90E+00,1.46E+01,,,,,,,,,,,,,,,,,,,,,,,,,,,,,,,,,,,
KO_S9_O2,1,2.09E-01,2.31E+00,4.44E+00,5.00E+00,1.19E+01,,,,,,,,,,,,,,,,,,,,,,,,,,,,,,,,,,,
KO_S9_O2,1,2.17E-01,2.29E+00,4.52E+00,5.07E+00,1.26E+01,,,,,,,,,,,,,,,,,,,,,,,,,,,,,,,,,,,
KO_S9_O2,1,2.25E-01,2.28E+00,4.65E+00,5.18E+00,1.05E+01,,,,,,,,,,,,,,,,,,,,,,,,,,,,,,,,,,,
KO_S9_O2,1,2.34E-01,2.29E+00,4.70E+00,5.23E+00,1.08E+01,,,,,,,,,,,,,,,,,,,,,,,,,,,,,,,,,,,
KO_S9_O2,1,2.42E-01,2.27E+00,4.83E+00,5.34E+00,,,,,,,,,,,,,,,,,,,,,,,,,,,,,,,,,,,,
,,,,,,,,,,,,,,,,,,,,,,,,,,,,,,,,,,,,,,,,,
KO_S9_O2,2,2.02E+00,1.63E+00,-1.05E-01,1.63E+00,,,,,,,,,,,,,,,,,,,,,,,,,,,,,,,,,,,,
KO_S9_O2,2,2.03E+00,1.61E+00,-1.15E-02,1.61E+00,1.25E+01,,,,,,,,,,,,,,,,,,,,,,,,,,,,,,,,,,,
KO_S9_O2,2,2.04E+00,1.60E+00,1.01E-01,1.60E+00,1.48E+01,,,,,,,,,,,,,,,,,,,,,,,,,,,,,,,,,,,
KO_S9_O2,2,2.04E+00,1.59E+00,2.34E-01,1.61E+00,1.59E+01,,,,,,,,,,,,,,,,,,,,,,,,,,,,,,,,,,,
KO_S9_O2,2,2.05E+00,1.58E+00,3.66E-01,1.62E+00,1.50E+01,,,,,,,,,,,,,,,,,,,,,,,,,,,,,,,,,,,
KO_S9_O2,2,2.06E+00,1.56E+00,4.83E-01,1.63E+00,1.68E+01,,,,,,,,,,,,,,,,,,,,,,,,,,,,,,,,,,,
KO_S9_O2,2,2.07E+00,1.53E+00,6.42E-01,1.66E+00,1.69E+01,,,,,,,,,,,,,,,,,,,,,,,,,,,,,,,,,,,
KO_S9_O2,2,2.08E+00,1.52E+00,7.62E-01,1.70E+00,1.51E+01,,,,,,,,,,,,,,,,,,,,,,,,,,,,,,,,,,,
KO_S9_O2,2,2.09E+00,1.51E+00,8.93E-01,1.75E+00,1.63E+01,,,,,,,,,,,,,,,,,,,,,,,,,,,,,,,,,,,
KO_S9_O2,2,2.09E+00,1.51E+00,1.03E+00,1.83E+00,1.63E+01,,,,,,,,,,,,,,,,,,,,,,,,,,,,,,,,,,,
KO_S9_O2,2,2.10E+00,1.50E+00,1.16E+00,1.90E+00,1.81E+01,,,,,,,,,,,,,,,,,,,,,,,,,,,,,,,,,,,
KO_S9_O2,2,2.11E+00,1.50E+00,1.34E+00,2.01E+00,1.77E+01,,,,,,,,,,,,,,,,,,,,,,,,,,,,,,,,,,,
KO_S9_O2,2,2.12E+00,1.48E+00,1.46E+00,2.08E+00,1.34E+01,,,,,,,,,,,,,,,,,,,,,,,,,,,,,,,,,,,
KO_S9_O2,2,2.13E+00,1.49E+00,1.56E+00,2.16E+00,1.45E+01,,,,,,,,,,,,,,,,,,,,,,,,,,,,,,,,,,,
KO_S9_O2,2,2.14E+00,1.47E+00,1.70E+00,2.25E+00,1.81E+01,,,,,,,,,,,,,,,,,,,,,,,,,,,,,,,,,,,
KO_S9_O2,2,2.14E+00,1.48E+00,1.86E+00,2.38E+00,1.71E+01,,,,,,,,,,,,,,,,,,,,,,,,,,,,,,,,,,,
KO_S9_O2,2,2.15E+00,1.47E+00,1.99E+00,2.47E+00,1.56E+01,,,,,,,,,,,,,,,,,,,,,,,,,,,,,,,,,,,
KO_S9_O2,2,2.16E+00,1.47E+00,2.12E+00,2.58E+00,1.48E+01,,,,,,,,,,,,,,,,,,,,,,,,,,,,,,,,,,,
KO_S9_O2,2,2.17E+00,1.49E+00,2.23E+00,2.68E+00,1.43E+01,,,,,,,,,,,,,,,,,,,,,,,,,,,,,,,,,,,
KO_S9_O2,2,2.18E+00,1.48E+00,2.36E+00,2.79E+00,1.70E+01,,,,,,,,,,,,,,,,,,,,,,,,,,,,,,,,,,,
KO_S9_O2,2,2.19E+00,1.47E+00,2.52E+00,2.92E+00,1.70E+01,,,,,,,,,,,,,,,,,,,,,,,,,,,,,,,,,,,
KO_S9_O2,2,2.19E+00,1.47E+00,2.64E+00,3.02E+00,1.34E+01,,,,,,,,,,,,,,,,,,,,,,,,,,,,,,,,,,,
KO_S9_O2,2,2.20E+00,1.46E+00,2.74E+00,3.10E+00,1.50E+01,,,,,,,,,,,,,,,,,,,,,,,,,,,,,,,,,,,
KO_S9_O2,2,2.21E+00,1.42E+00,2.89E+00,3.22E+00,1.79E+01,,,,,,,,,,,,,,,,,,,,,,,,,,,,,,,,,,,
KO_S9_O2,2,2.22E+00,1.41E+00,3.03E+00,3.34E+00,1.61E+01,,,,,,,,,,,,,,,,,,,,,,,,,,,,,,,,,,,
KO_S9_O2,2,2.23E+00,1.38E+00,3.15E+00,3.44E+00,1.58E+01,,,,,,,,,,,,,,,,,,,,,,,,,,,,,,,,,,,
KO_S9_O2,2,2.24E+00,1.38E+00,3.29E+00,3.57E+00,1.61E+01,,,,,,,,,,,,,,,,,,,,,,,,,,,,,,,,,,,
KO_S9_O2,2,2.24E+00,1.34E+00,3.42E+00,3.67E+00,,,,,,,,,,,,,,,,,,,,,,,,,,,,,,,,,,,,
,,,,,,,,,,,,,,,,,,,,,,,,,,,,,,,,,,,,,,,,,
KO_S9_O2,3,4.08E+00,8.49E-01,-1.79E+00,1.98E+00,,,,,,,,,,,,,,,,,,,,,,,,,,,,,,,,,,,,
KO_S9_O2,3,4.09E+00,8.59E-01,-1.68E+00,1.89E+00,1.20E+01,,,,,,,,,,,,,,,,,,,,,,,,,,,,,,,,,,,
KO_S9_O2,3,4.10E+00,8.71E-01,-1.59E+00,1.81E+00,1.11E+01,,,,,,,,,,,,,,,,,,,,,,,,,,,,,,,,,,,
KO_S9_O2,3,4.10E+00,8.41E-01,-1.50E+00,1.72E+00,1.23E+01,,,,,,,,,,,,,,,,,,,,,,,,,,,,,,,,,,,
KO_S9_O2,3,4.11E+00,8.56E-01,-1.39E+00,1.63E+00,1.24E+01,,,,,,,,,,,,,,,,,,,,,,,,,,,,,,,,,,,
KO_S9_O2,3,4.12E+00,8.38E-01,-1.29E+00,1.54E+00,1.19E+01,,,,,,,,,,,,,,,,,,,,,,,,,,,,,,,,,,,
KO_S9_O2,3,4.13E+00,8.36E-01,-1.19E+00,1.45E+00,1.01E+01,,,,,,,,,,,,,,,,,,,,,,,,,,,,,,,,,,,
KO_S9_O2,3,4.14E+00,8.29E-01,-1.12E+00,1.40E+00,9.12E+00,,,,,,,,,,,,,,,,,,,,,,,,,,,,,,,,,,,
KO_S9_O2,3,4.15E+00,8.37E-01,-1.04E+00,1.33E+00,9.51E+00,,,,,,,,,,,,,,,,,,,,,,,,,,,,,,,,,,,
KO_S9_O2,3,4.15E+00,8.54E-01,-9.67E-01,1.29E+00,9.74E+00,,,,,,,,,,,,,,,,,,,,,,,,,,,,,,,,,,,
KO_S9_O2,3,4.16E+00,8.54E-01,-8.76E-01,1.22E+00,1.23E+01,,,,,,,,,,,,,,,,,,,,,,,,,,,,,,,,,,,
KO_S9_O2,3,4.17E+00,8.39E-01,-7.63E-01,1.13E+00,1.15E+01,,,,,,,,,,,,,,,,,,,,,,,,,,,,,,,,,,,
KO_S9_O2,3,4.18E+00,8.41E-01,-6.84E-01,1.08E+00,9.41E+00,,,,,,,,,,,,,,,,,,,,,,,,,,,,,,,,,,,
KO_S9_O2,3,4.19E+00,8.32E-01,-6.06E-01,1.03E+00,1.04E+01,,,,,,,,,,,,,,,,,,,,,,,,,,,,,,,,,,,
KO_S9_O2,3,4.20E+00,8.26E-01,-5.10E-01,9.71E-01,1.21E+01,,,,,,,,,,,,,,,,,,,,,,,,,,,,,,,,,,,
KO_S9_O2,3,4.20E+00,8.36E-01,-4.05E-01,9.29E-01,1.17E+01,,,,,,,,,,,,,,,,,,,,,,,,,,,,,,,,,,,
KO_S9_O2,3,4.21E+00,8.25E-01,-3.16E-01,8.83E-01,1.34E+01,,,,,,,,,,,,,,,,,,,,,,,,,,,,,,,,,,,
KO_S9_O2,3,4.22E+00,8.23E-01,-1.82E-01,8.43E-01,1.42E+01,,,,,,,,,,,,,,,,,,,,,,,,,,,,,,,,,,,
KO_S9_O2,3,4.23E+00,8.22E-01,-7.92E-02,8.26E-01,1.41E+01,,,,,,,,,,,,,,,,,,,,,,,,,,,,,,,,,,,
KO_S9_O2,3,4.24E+00,8.08E-01,5.20E-02,8.10E-01,1.19E+01,,,,,,,,,,,,,,,,,,,,,,,,,,,,,,,,,,,
KO_S9_O2,3,4.25E+00,8.02E-01,1.18E-01,8.10E-01,1.08E+01,,,,,,,,,,,,,,,,,,,,,,,,,,,,,,,,,,,
KO_S9_O2,3,4.25E+00,7.86E-01,2.30E-01,8.19E-01,1.43E+01,,,,,,,,,,,,,,,,,,,,,,,,,,,,,,,,,,,
KO_S9_O2,3,4.26E+00,7.68E-01,3.54E-01,8.46E-01,1.54E+01,,,,,,,,,,,,,,,,,,,,,,,,,,,,,,,,,,,
KO_S9_O2,3,4.27E+00,7.43E-01,4.83E-01,8.87E-01,1.22E+01,,,,,,,,,,,,,,,,,,,,,,,,,,,,,,,,,,,
KO_S9_O2,3,4.28E+00,7.30E-01,5.54E-01,9.16E-01,1.22E+01,,,,,,,,,,,,,,,,,,,,,,,,,,,,,,,,,,,
KO_S9_O2,3,4.29E+00,6.93E-01,6.80E-01,9.71E-01,1.40E+01,,,,,,,,,,,,,,,,,,,,,,,,,,,,,,,,,,,
KO_S9_O2,3,4.30E+00,6.80E-01,7.81E-01,1.04E+00,1.26E+01,,,,,,,,,,,,,,,,,,,,,,,,,,,,,,,,,,,
KO_S9_O2,3,4.30E+00,6.71E-01,8.89E-01,1.11E+00,1.47E+01,,,,,,,,,,,,,,,,,,,,,,,,,,,,,,,,,,,
KO_S9_O2,3,4.31E+00,6.51E-01,1.02E+00,1.21E+00,1.54E+01,,,,,,,,,,,,,,,,,,,,,,,,,,,,,,,,,,,
KO_S9_O2,3,4.32E+00,6.16E-01,1.14E+00,1.30E+00,1.40E+01,,,,,,,,,,,,,,,,,,,,,,,,,,,,,,,,,,,
KO_S9_O2,3,4.33E+00,6.12E-01,1.25E+00,1.40E+00,1.36E+01,,,,,,,,,,,,,,,,,,,,,,,,,,,,,,,,,,,
KO_S9_O2,3,4.34E+00,5.73E-01,1.36E+00,1.48E+00,1.29E+01,,,,,,,,,,,,,,,,,,,,,,,,,,,,,,,,,,,
KO_S9_O2,3,4.35E+00,5.60E-01,1.46E+00,1.57E+00,,,,,,,,,,,,,,,,,,,,,,,,,,,,,,,,,,,,
,,,,,,,,,,,,,,,,,,,,,,,,,,,,,,,,,,,,,,,,,
KO_S9_O2,4,6.36E+00,9.57E-01,-1.25E+00,1.58E+00,,,,,,,,,,,,,,,,,,,,,,,,,,,,,,,,,,,,
KO_S9_O2,4,6.36E+00,9.46E-01,-1.13E+00,1.48E+00,1.43E+01,,,,,,,,,,,,,,,,,,,,,,,,,,,,,,,,,,,
KO_S9_O2,4,6.37E+00,9.85E-01,-1.01E+00,1.41E+00,1.36E+01,,,,,,,,,,,,,,,,,,,,,,,,,,,,,,,,,,,
KO_S9_O2,4,6.38E+00,9.95E-01,-9.09E-01,1.35E+00,1.34E+01,,,,,,,,,,,,,,,,,,,,,,,,,,,,,,,,,,,
KO_S9_O2,4,6.39E+00,1.00E+00,-7.92E-01,1.28E+00,1.34E+01,,,,,,,,,,,,,,,,,,,,,,,,,,,,,,,,,,,
KO_S9_O2,4,6.40E+00,1.03E+00,-6.89E-01,1.24E+00,1.22E+01,,,,,,,,,,,,,,,,,,,,,,,,,,,,,,,,,,,
KO_S9_O2,4,6.41E+00,1.04E+00,-5.91E-01,1.19E+00,1.29E+01,,,,,,,,,,,,,,,,,,,,,,,,,,,,,,,,,,,
KO_S9_O2,4,6.41E+00,1.06E+00,-4.76E-01,1.16E+00,1.46E+01,,,,,,,,,,,,,,,,,,,,,,,,,,,,,,,,,,,
KO_S9_O2,4,6.42E+00,1.09E+00,-3.55E-01,1.15E+00,1.30E+01,,,,,,,,,,,,,,,,,,,,,,,,,,,,,,,,,,,
KO_S9_O2,4,6.43E+00,1.11E+00,-2.66E-01,1.14E+00,1.29E+01,,,,,,,,,,,,,,,,,,,,,,,,,,,,,,,,,,,
KO_S9_O2,4,6.44E+00,1.13E+00,-1.42E-01,1.13E+00,1.27E+01,,,,,,,,,,,,,,,,,,,,,,,,,,,,,,,,,,,
KO_S9_O2,4,6.45E+00,1.13E+00,-5.54E-02,1.13E+00,1.27E+01,,,,,,,,,,,,,,,,,,,,,,,,,,,,,,,,,,,
KO_S9_O2,4,6.46E+00,1.15E+00,6.87E-02,1.15E+00,1.52E+01,,,,,,,,,,,,,,,,,,,,,,,,,,,,,,,,,,,
KO_S9_O2,4,6.46E+00,1.15E+00,1.97E-01,1.17E+00,1.61E+01,,,,,,,,,,,,,,,,,,,,,,,,,,,,,,,,,,,
KO_S9_O2,4,6.47E+00,1.17E+00,3.35E-01,1.22E+00,1.58E+01,,,,,,,,,,,,,,,,,,,,,,,,,,,,,,,,,,,
KO_S9_O2,4,6.48E+00,1.19E+00,4.60E-01,1.27E+00,1.48E+01,,,,,,,,,,,,,,,,,,,,,,,,,,,,,,,,,,,
KO_S9_O2,4,6.49E+00,1.22E+00,5.76E-01,1.35E+00,1.54E+01,,,,,,,,,,,,,,,,,,,,,,,,,,,,,,,,,,,
KO_S9_O2,4,6.50E+00,1.23E+00,7.12E-01,1.42E+00,1.54E+01,,,,,,,,,,,,,,,,,,,,,,,,,,,,,,,,,,,
KO_S9_O2,4,6.51E+00,1.25E+00,8.31E-01,1.50E+00,1.52E+01,,,,,,,,,,,,,,,,,,,,,,,,,,,,,,,,,,,
KO_S9_O2,4,6.51E+00,1.29E+00,9.60E-01,1.61E+00,1.61E+01,,,,,,,,,,,,,,,,,,,,,,,,,,,,,,,,,,,
KO_S9_O2,4,6.52E+00,1.30E+00,1.10E+00,1.70E+00,1.63E+01,,,,,,,,,,,,,,,,,,,,,,,,,,,,,,,,,,,
KO_S9_O2,4,6.53E+00,1.37E+00,1.22E+00,1.84E+00,1.50E+01,,,,,,,,,,,,,,,,,,,,,,,,,,,,,,,,,,,
KO_S9_O2,4,6.54E+00,1.36E+00,1.34E+00,1.91E+00,1.43E+01,,,,,,,,,,,,,,,,,,,,,,,,,,,,,,,,,,,
KO_S9_O2,4,6.55E+00,1.44E+00,1.45E+00,2.04E+00,1.41E+01,,,,,,,,,,,,,,,,,,,,,,,,,,,,,,,,,,,
KO_S9_O2,4,6.56E+00,1.44E+00,1.56E+00,2.12E+00,1.66E+01,,,,,,,,,,,,,,,,,,,,,,,,,,,,,,,,,,,
KO_S9_O2,4,6.56E+00,1.46E+00,1.72E+00,2.26E+00,1.91E+01,,,,,,,,,,,,,,,,,,,,,,,,,,,,,,,,,,,
KO_S9_O2,4,6.57E+00,1.53E+00,1.86E+00,2.41E+00,1.68E+01,,,,,,,,,,,,,,,,,,,,,,,,,,,,,,,,,,,
KO_S9_O2,4,6.58E+00,1.52E+00,2.00E+00,2.51E+00,1.68E+01,,,,,,,,,,,,,,,,,,,,,,,,,,,,,,,,,,,
KO_S9_O2,4,6.59E+00,1.54E+00,2.15E+00,2.64E+00,,,,,,,,,,,,,,,,,,,,,,,,,,,,,,,,,,,,
,,,,,,,,,,,,,,,,,,,,,,,,,,,,,,,,,,,,,,,,,
KO_S9_O2,5,8.59E+00,2.32E+00,-2.53E+00,3.44E+00,,,,,,,,,,,,,,,,,,,,,,,,,,,,,,,,,,,,
KO_S9_O2,5,8.60E+00,2.31E+00,-2.44E+00,3.36E+00,9.72E+00,,,,,,,,,,,,,,,,,,,,,,,,,,,,,,,,,,,
KO_S9_O2,5,8.61E+00,2.31E+00,-2.37E+00,3.31E+00,8.24E+00,,,,,,,,,,,,,,,,,,,,,,,,,,,,,,,,,,,
KO_S9_O2,5,8.62E+00,2.29E+00,-2.31E+00,3.25E+00,8.95E+00,,,,,,,,,,,,,,,,,,,,,,,,,,,,,,,,,,,
KO_S9_O2,5,8.63E+00,2.28E+00,-2.22E+00,3.18E+00,1.43E+01,,,,,,,,,,,,,,,,,,,,,,,,,,,,,,,,,,,
KO_S9_O2,5,8.63E+00,2.24E+00,-2.07E+00,3.05E+00,1.63E+01,,,,,,,,,,,,,,,,,,,,,,,,,,,,,,,,,,,
KO_S9_O2,5,8.64E+00,2.27E+00,-1.95E+00,2.99E+00,1.27E+01,,,,,,,,,,,,,,,,,,,,,,,,,,,,,,,,,,,
KO_S9_O2,5,8.65E+00,2.26E+00,-1.86E+00,2.93E+00,1.36E+01,,,,,,,,,,,,,,,,,,,,,,,,,,,,,,,,,,,
KO_S9_O2,5,8.66E+00,2.24E+00,-1.73E+00,2.82E+00,1.72E+01,,,,,,,,,,,,,,,,,,,,,,,,,,,,,,,,,,,
KO_S9_O2,5,8.67E+00,2.21E+00,-1.58E+00,2.72E+00,1.54E+01,,,,,,,,,,,,,,,,,,,,,,,,,,,,,,,,,,,
KO_S9_O2,5,8.68E+00,2.18E+00,-1.48E+00,2.63E+00,1.47E+01,,,,,,,,,,,,,,,,,,,,,,,,,,,,,,,,,,,
KO_S9_O2,5,8.68E+00,2.18E+00,-1.34E+00,2.56E+00,1.76E+01,,,,,,,,,,,,,,,,,,,,,,,,,,,,,,,,,,,
KO_S9_O2,5,8.69E+00,2.14E+00,-1.19E+00,2.45E+00,1.51E+01,,,,,,,,,,,,,,,,,,,,,,,,,,,,,,,,,,,
KO_S9_O2,5,8.70E+00,2.11E+00,-1.09E+00,2.38E+00,1.01E+01,,,,,,,,,,,,,,,,,,,,,,,,,,,,,,,,,,,
KO_S9_O2,5,8.71E+00,2.09E+00,-1.03E+00,2.33E+00,8.95E+00,,,,,,,,,,,,,,,,,,,,,,,,,,,,,,,,,,,
KO_S9_O2,5,8.72E+00,2.09E+00,-9.47E-01,2.29E+00,1.09E+01,,,,,,,,,,,,,,,,,,,,,,,,,,,,,,,,,,,
KO_S9_O2,5,8.73E+00,2.09E+00,-8.44E-01,2.25E+00,1.52E+01,,,,,,,,,,,,,,,,,,,,,,,,,,,,,,,,,,,
KO_S9_O2,5,8.73E+00,2.08E+00,-6.94E-01,2.19E+00,1.59E+01,,,,,,,,,,,,,,,,,,,,,,,,,,,,,,,,,,,
KO_S9_O2,5,8.74E+00,2.07E+00,-5.79E-01,2.15E+00,1.41E+01,,,,,,,,,,,,,,,,,,,,,,,,,,,,,,,,,,,
KO_S9_O2,5,8.75E+00,2.06E+00,-4.59E-01,2.11E+00,1.48E+01,,,,,,,,,,,,,,,,,,,,,,,,,,,,,,,,,,,
KO_S9_O2,5,8.76E+00,2.06E+00,-3.33E-01,2.08E+00,1.70E+01,,,,,,,,,,,,,,,,,,,,,,,,,,,,,,,,,,,
KO_S9_O2,5,8.77E+00,2.05E+00,-1.76E-01,2.06E+00,1.87E+01,,,,,,,,,,,,,,,,,,,,,,,,,,,,,,,,,,,
KO_S9_O2,5,8.78E+00,2.02E+00,-2.34E-02,2.02E+00,1.47E+01,,,,,,,,,,,,,,,,,,,,,,,,,,,,,,,,,,,
KO_S9_O2,5,8.78E+00,2.02E+00,6.79E-02,2.02E+00,1.35E+01,,,,,,,,,,,,,,,,,,,,,,,,,,,,,,,,,,,
KO_S9_O2,5,8.79E+00,2.02E+00,2.01E-01,2.03E+00,1.51E+01,,,,,,,,,,,,,,,,,,,,,,,,,,,,,,,,,,,
KO_S9_O2,5,8.80E+00,2.00E+00,3.19E-01,2.02E+00,1.23E+01,,,,,,,,,,,,,,,,,,,,,,,,,,,,,,,,,,,
KO_S9_O2,5,8.81E+00,2.01E+00,4.05E-01,2.05E+00,1.41E+01,,,,,,,,,,,,,,,,,,,,,,,,,,,,,,,,,,,
KO_S9_O2,5,8.82E+00,2.01E+00,5.53E-01,2.09E+00,1.55E+01,,,,,,,,,,,,,,,,,,,,,,,,,,,,,,,,,,,
KO_S9_O2,5,8.83E+00,1.99E+00,6.63E-01,2.09E+00,1.46E+01,,,,,,,,,,,,,,,,,,,,,,,,,,,,,,,,,,,
KO_S9_O2,5,8.83E+00,2.01E+00,7.96E-01,2.17E+00,1.73E+01,,,,,,,,,,,,,,,,,,,,,,,,,,,,,,,,,,,
KO_S9_O2,5,8.84E+00,2.00E+00,9.51E-01,2.21E+00,1.47E+01,,,,,,,,,,,,,,,,,,,,,,,,,,,,,,,,,,,
KO_S9_O2,5,8.85E+00,1.99E+00,1.04E+00,2.24E+00,,,,,,,,,,,,,,,,,,,,,,,,,,,,,,,,,,,,
,,,,,,,,,,,,,,,,,,,,,,,,,,,,,,,,,,,,,,,,,
KO_S15_O1,1,1.27E+00,1.14E+00,8.85E-01,1.45E+00,,,,,,,,,,,,,,,,,,,,,,,,,,,,,,,,,,,,
KO_S15_O1,1,1.28E+00,1.17E+00,9.51E-01,1.51E+00,8.03E+00,,,,,,,,,,,,,,,,,,,,,,,,,,,,,,,,,,,
KO_S15_O1,1,1.28E+00,1.18E+00,1.01E+00,1.56E+00,8.11E+00,,,,,,,,,,,,,,,,,,,,,,,,,,,,,,,,,,,
KO_S15_O1,1,1.29E+00,1.18E+00,1.09E+00,1.60E+00,1.06E+01,,,,,,,,,,,,,,,,,,,,,,,,,,,,,,,,,,,
KO_S15_O1,1,1.30E+00,1.22E+00,1.19E+00,1.70E+00,8.36E+00,,,,,,,,,,,,,,,,,,,,,,,,,,,,,,,,,,,
KO_S15_O1,1,1.31E+00,1.23E+00,1.22E+00,1.73E+00,8.17E+00,,,,,,,,,,,,,,,,,,,,,,,,,,,,,,,,,,,
KO_S15_O1,1,1.32E+00,1.25E+00,1.32E+00,1.82E+00,1.00E+01,,,,,,,,,,,,,,,,,,,,,,,,,,,,,,,,,,,
KO_S15_O1,1,1.33E+00,1.27E+00,1.38E+00,1.88E+00,9.90E+00,,,,,,,,,,,,,,,,,,,,,,,,,,,,,,,,,,,
KO_S15_O1,1,1.33E+00,1.30E+00,1.48E+00,1.97E+00,1.00E+01,,,,,,,,,,,,,,,,,,,,,,,,,,,,,,,,,,,
KO_S15_O1,1,1.34E+00,1.31E+00,1.54E+00,2.02E+00,8.93E+00,,,,,,,,,,,,,,,,,,,,,,,,,,,,,,,,,,,
KO_S15_O1,1,1.35E+00,1.32E+00,1.62E+00,2.09E+00,9.34E+00,,,,,,,,,,,,,,,,,,,,,,,,,,,,,,,,,,,
KO_S15_O1,1,1.36E+00,1.34E+00,1.69E+00,2.16E+00,1.09E+01,,,,,,,,,,,,,,,,,,,,,,,,,,,,,,,,,,,
KO_S15_O1,1,1.37E+00,1.37E+00,1.80E+00,2.26E+00,1.03E+01,,,,,,,,,,,,,,,,,,,,,,,,,,,,,,,,,,,
KO_S15_O1,1,1.38E+00,1.39E+00,1.86E+00,2.32E+00,8.33E+00,,,,,,,,,,,,,,,,,,,,,,,,,,,,,,,,,,,
KO_S15_O1,1,1.38E+00,1.40E+00,1.94E+00,2.39E+00,1.02E+01,,,,,,,,,,,,,,,,,,,,,,,,,,,,,,,,,,,
KO_S15_O1,1,1.39E+00,1.43E+00,2.02E+00,2.48E+00,1.06E+01,,,,,,,,,,,,,,,,,,,,,,,,,,,,,,,,,,,
KO_S15_O1,1,1.40E+00,1.44E+00,2.11E+00,2.55E+00,1.10E+01,,,,,,,,,,,,,,,,,,,,,,,,,,,,,,,,,,,
KO_S15_O1,1,1.41E+00,1.45E+00,2.21E+00,2.64E+00,9.76E+00,,,,,,,,,,,,,,,,,,,,,,,,,,,,,,,,,,,
KO_S15_O1,1,1.42E+00,1.47E+00,2.27E+00,2.70E+00,1.50E+01,,,,,,,,,,,,,,,,,,,,,,,,,,,,,,,,,,,
KO_S15_O1,1,1.43E+00,1.49E+00,2.45E+00,2.87E+00,1.77E+01,,,,,,,,,,,,,,,,,,,,,,,,,,,,,,,,,,,
KO_S15_O1,1,1.43E+00,1.49E+00,2.56E+00,2.96E+00,1.34E+01,,,,,,,,,,,,,,,,,,,,,,,,,,,,,,,,,,,
KO_S15_O1,1,1.44E+00,1.51E+00,2.68E+00,3.07E+00,1.30E+01,,,,,,,,,,,,,,,,,,,,,,,,,,,,,,,,,,,
KO_S15_O1,1,1.45E+00,1.50E+00,2.78E+00,3.16E+00,1.40E+01,,,,,,,,,,,,,,,,,,,,,,,,,,,,,,,,,,,
KO_S15_O1,1,1.46E+00,1.49E+00,2.91E+00,3.27E+00,1.20E+01,,,,,,,,,,,,,,,,,,,,,,,,,,,,,,,,,,,
KO_S15_O1,1,1.47E+00,1.51E+00,2.98E+00,3.34E+00,9.95E+00,,,,,,,,,,,,,,,,,,,,,,,,,,,,,,,,,,,
KO_S15_O1,1,1.48E+00,1.50E+00,3.07E+00,3.42E+00,1.03E+01,,,,,,,,,,,,,,,,,,,,,,,,,,,,,,,,,,,
KO_S15_O1,1,1.48E+00,1.50E+00,3.15E+00,3.49E+00,8.71E+00,,,,,,,,,,,,,,,,,,,,,,,,,,,,,,,,,,,
KO_S15_O1,1,1.49E+00,1.49E+00,3.22E+00,3.55E+00,1.48E+01,,,,,,,,,,,,,,,,,,,,,,,,,,,,,,,,,,,
KO_S15_O1,1,1.50E+00,1.46E+00,3.39E+00,3.70E+00,1.56E+01,,,,,,,,,,,,,,,,,,,,,,,,,,,,,,,,,,,
KO_S15_O1,1,1.51E+00,1.50E+00,3.48E+00,3.79E+00,1.10E+01,,,,,,,,,,,,,,,,,,,,,,,,,,,,,,,,,,,
KO_S15_O1,1,1.52E+00,1.51E+00,3.57E+00,3.88E+00,1.04E+01,,,,,,,,,,,,,,,,,,,,,,,,,,,,,,,,,,,
KO_S15_O1,1,1.53E+00,1.50E+00,3.65E+00,3.95E+00,1.28E+01,,,,,,,,,,,,,,,,,,,,,,,,,,,,,,,,,,,
KO_S15_O1,1,1.53E+00,1.51E+00,3.79E+00,4.08E+00,1.08E+01,,,,,,,,,,,,,,,,,,,,,,,,,,,,,,,,,,,
KO_S15_O1,1,1.54E+00,1.53E+00,3.83E+00,4.12E+00,6.30E+00,,,,,,,,,,,,,,,,,,,,,,,,,,,,,,,,,,,
KO_S15_O1,1,1.55E+00,1.52E+00,3.89E+00,4.18E+00,,,,,,,,,,,,,,,,,,,,,,,,,,,,,,,,,,,,
,,,,,,,,,,,,,,,,,,,,,,,,,,,,,,,,,,,,,,,,,
KO_S15_O1,2,3.04E+00,1.44E+00,8.67E-01,1.68E+00,,,,,,,,,,,,,,,,,,,,,,,,,,,,,,,,,,,,
KO_S15_O1,2,3.05E+00,1.44E+00,9.55E-01,1.73E+00,8.80E+00,,,,,,,,,,,,,,,,,,,,,,,,,,,,,,,,,,,
KO_S15_O1,2,3.06E+00,1.43E+00,1.01E+00,1.75E+00,7.93E+00,,,,,,,,,,,,,,,,,,,,,,,,,,,,,,,,,,,
KO_S15_O1,2,3.07E+00,1.44E+00,1.09E+00,1.81E+00,8.94E+00,,,,,,,,,,,,,,,,,,,,,,,,,,,,,,,,,,,
KO_S15_O1,2,3.08E+00,1.44E+00,1.16E+00,1.85E+00,7.69E+00,,,,,,,,,,,,,,,,,,,,,,,,,,,,,,,,,,,
KO_S15_O1,2,3.09E+00,1.42E+00,1.21E+00,1.86E+00,8.66E+00,,,,,,,,,,,,,,,,,,,,,,,,,,,,,,,,,,,
KO_S15_O1,2,3.09E+00,1.40E+00,1.30E+00,1.91E+00,9.34E+00,,,,,,,,,,,,,,,,,,,,,,,,,,,,,,,,,,,
KO_S15_O1,2,3.10E+00,1.40E+00,1.37E+00,1.96E+00,8.80E+00,,,,,,,,,,,,,,,,,,,,,,,,,,,,,,,,,,,
KO_S15_O1,2,3.11E+00,1.40E+00,1.45E+00,2.01E+00,9.00E+00,,,,,,,,,,,,,,,,,,,,,,,,,,,,,,,,,,,
KO_S15_O1,2,3.12E+00,1.38E+00,1.52E+00,2.05E+00,9.00E+00,,,,,,,,,,,,,,,,,,,,,,,,,,,,,,,,,,,
KO_S15_O1,2,3.13E+00,1.38E+00,1.60E+00,2.11E+00,8.43E+00,,,,,,,,,,,,,,,,,,,,,,,,,,,,,,,,,,,
KO_S15_O1,2,3.14E+00,1.37E+00,1.66E+00,2.15E+00,7.17E+00,,,,,,,,,,,,,,,,,,,,,,,,,,,,,,,,,,,
KO_S15_O1,2,3.14E+00,1.37E+00,1.72E+00,2.20E+00,9.81E+00,,,,,,,,,,,,,,,,,,,,,,,,,,,,,,,,,,,
KO_S15_O1,2,3.15E+00,1.37E+00,1.82E+00,2.28E+00,9.34E+00,,,,,,,,,,,,,,,,,,,,,,,,,,,,,,,,,,,
KO_S15_O1,2,3.16E+00,1.36E+00,1.87E+00,2.31E+00,7.38E+00,,,,,,,,,,,,,,,,,,,,,,,,,,,,,,,,,,,
KO_S15_O1,2,3.17E+00,1.35E+00,1.94E+00,2.36E+00,9.62E+00,,,,,,,,,,,,,,,,,,,,,,,,,,,,,,,,,,,
KO_S15_O1,2,3.18E+00,1.32E+00,2.03E+00,2.42E+00,9.94E+00,,,,,,,,,,,,,,,,,,,,,,,,,,,,,,,,,,,
KO_S15_O1,2,3.19E+00,1.32E+00,2.10E+00,2.48E+00,1.03E+01,,,,,,,,,,,,,,,,,,,,,,,,,,,,,,,,,,,
KO_S15_O1,2,3.19E+00,1.31E+00,2.20E+00,2.56E+00,9.64E+00,,,,,,,,,,,,,,,,,,,,,,,,,,,,,,,,,,,
KO_S15_O1,2,3.20E+00,1.29E+00,2.26E+00,2.61E+00,9.30E+00,,,,,,,,,,,,,,,,,,,,,,,,,,,,,,,,,,,
KO_S15_O1,2,3.21E+00,1.27E+00,2.35E+00,2.67E+00,1.06E+01,,,,,,,,,,,,,,,,,,,,,,,,,,,,,,,,,,,
KO_S15_O1,2,3.22E+00,1.26E+00,2.44E+00,2.74E+00,1.01E+01,,,,,,,,,,,,,,,,,,,,,,,,,,,,,,,,,,,
KO_S15_O1,2,3.23E+00,1.26E+00,2.52E+00,2.82E+00,9.98E+00,,,,,,,,,,,,,,,,,,,,,,,,,,,,,,,,,,,
KO_S15_O1,2,3.24E+00,1.24E+00,2.60E+00,2.88E+00,1.03E+01,,,,,,,,,,,,,,,,,,,,,,,,,,,,,,,,,,,
KO_S15_O1,2,3.24E+00,1.23E+00,2.69E+00,2.96E+00,9.64E+00,,,,,,,,,,,,,,,,,,,,,,,,,,,,,,,,,,,
KO_S15_O1,2,3.25E+00,1.20E+00,2.76E+00,3.01E+00,1.06E+01,,,,,,,,,,,,,,,,,,,,,,,,,,,,,,,,,,,
KO_S15_O1,2,3.26E+00,1.18E+00,2.86E+00,3.09E+00,1.03E+01,,,,,,,,,,,,,,,,,,,,,,,,,,,,,,,,,,,
KO_S15_O1,2,3.27E+00,1.16E+00,2.92E+00,3.15E+00,9.64E+00,,,,,,,,,,,,,,,,,,,,,,,,,,,,,,,,,,,
KO_S15_O1,2,3.28E+00,1.14E+00,3.01E+00,3.22E+00,9.98E+00,,,,,,,,,,,,,,,,,,,,,,,,,,,,,,,,,,,
KO_S15_O1,2,3.29E+00,1.11E+00,3.08E+00,3.28E+00,1.09E+01,,,,,,,,,,,,,,,,,,,,,,,,,,,,,,,,,,,
KO_S15_O1,2,3.29E+00,1.09E+00,3.19E+00,3.37E+00,1.35E+01,,,,,,,,,,,,,,,,,,,,,,,,,,,,,,,,,,,
KO_S15_O1,2,3.30E+00,1.07E+00,3.30E+00,3.47E+00,1.13E+01,,,,,,,,,,,,,,,,,,,,,,,,,,,,,,,,,,,
KO_S15_O1,2,3.31E+00,1.07E+00,3.38E+00,3.54E+00,8.71E+00,,,,,,,,,,,,,,,,,,,,,,,,,,,,,,,,,,,
KO_S15_O1,2,3.32E+00,1.06E+00,3.45E+00,3.61E+00,9.62E+00,,,,,,,,,,,,,,,,,,,,,,,,,,,,,,,,,,,
KO_S15_O1,2,3.33E+00,1.04E+00,3.53E+00,3.68E+00,1.03E+01,,,,,,,,,,,,,,,,,,,,,,,,,,,,,,,,,,,
KO_S15_O1,2,3.34E+00,1.01E+00,3.61E+00,3.75E+00,1.22E+01,,,,,,,,,,,,,,,,,,,,,,,,,,,,,,,,,,,
KO_S15_O1,2,3.35E+00,9.77E-01,3.73E+00,3.85E+00,1.13E+01,,,,,,,,,,,,,,,,,,,,,,,,,,,,,,,,,,,
KO_S15_O1,2,3.35E+00,9.57E-01,3.79E+00,3.91E+00,1.03E+01,,,,,,,,,,,,,,,,,,,,,,,,,,,,,,,,,,,
KO_S15_O1,2,3.36E+00,9.40E-01,3.89E+00,4.01E+00,1.03E+01,,,,,,,,,,,,,,,,,,,,,,,,,,,,,,,,,,,
KO_S15_O1,2,3.37E+00,9.31E-01,3.96E+00,4.07E+00,1.13E+01,,,,,,,,,,,,,,,,,,,,,,,,,,,,,,,,,,,
KO_S15_O1,2,3.38E+00,8.85E-01,4.07E+00,4.17E+00,,,,,,,,,,,,,,,,,,,,,,,,,,,,,,,,,,,,
,,,,,,,,,,,,,,,,,,,,,,,,,,,,,,,,,,,,,,,,,
KO_S15_O1,3,5.46E+00,1.79E+00,6.86E-01,1.92E+00,,,,,,,,,,,,,,,,,,,,,,,,,,,,,,,,,,,,
KO_S15_O1,3,5.47E+00,1.78E+00,7.72E-01,1.94E+00,8.43E+00,,,,,,,,,,,,,,,,,,,,,,,,,,,,,,,,,,,
KO_S15_O1,3,5.48E+00,1.78E+00,8.26E-01,1.96E+00,9.53E+00,,,,,,,,,,,,,,,,,,,,,,,,,,,,,,,,,,,
KO_S15_O1,3,5.49E+00,1.80E+00,9.29E-01,2.03E+00,9.18E+00,,,,,,,,,,,,,,,,,,,,,,,,,,,,,,,,,,,
KO_S15_O1,3,5.50E+00,1.81E+00,9.76E-01,2.06E+00,7.31E+00,,,,,,,,,,,,,,,,,,,,,,,,,,,,,,,,,,,
KO_S15_O1,3,5.51E+00,1.81E+00,1.05E+00,2.09E+00,8.17E+00,,,,,,,,,,,,,,,,,,,,,,,,,,,,,,,,,,,
KO_S15_O1,3,5.51E+00,1.81E+00,1.11E+00,2.12E+00,9.43E+00,,,,,,,,,,,,,,,,,,,,,,,,,,,,,,,,,,,
KO_S15_O1,3,5.52E+00,1.80E+00,1.21E+00,2.17E+00,8.66E+00,,,,,,,,,,,,,,,,,,,,,,,,,,,,,,,,,,,
KO_S15_O1,3,5.53E+00,1.79E+00,1.25E+00,2.18E+00,8.55E+00,,,,,,,,,,,,,,,,,,,,,,,,,,,,,,,,,,,
KO_S15_O1,3,5.54E+00,1.80E+00,1.35E+00,2.25E+00,1.20E+01,,,,,,,,,,,,,,,,,,,,,,,,,,,,,,,,,,,
KO_S15_O1,3,5.55E+00,1.81E+00,1.45E+00,2.32E+00,9.53E+00,,,,,,,,,,,,,,,,,,,,,,,,,,,,,,,,,,,
KO_S15_O1,3,5.56E+00,1.82E+00,1.51E+00,2.37E+00,8.52E+00,,,,,,,,,,,,,,,,,,,,,,,,,,,,,,,,,,,
KO_S15_O1,3,5.56E+00,1.83E+00,1.59E+00,2.43E+00,8.11E+00,,,,,,,,,,,,,,,,,,,,,,,,,,,,,,,,,,,
KO_S15_O1,3,5.57E+00,1.84E+00,1.64E+00,2.47E+00,7.31E+00,,,,,,,,,,,,,,,,,,,,,,,,,,,,,,,,,,,
KO_S15_O1,3,5.58E+00,1.84E+00,1.71E+00,2.51E+00,7.93E+00,,,,,,,,,,,,,,,,,,,,,,,,,,,,,,,,,,,
KO_S15_O1,3,5.59E+00,1.84E+00,1.78E+00,2.56E+00,8.72E+00,,,,,,,,,,,,,,,,,,,,,,,,,,,,,,,,,,,
KO_S15_O1,3,5.60E+00,1.85E+00,1.86E+00,2.62E+00,9.12E+00,,,,,,,,,,,,,,,,,,,,,,,,,,,,,,,,,,,
KO_S15_O1,3,5.61E+00,1.86E+00,1.93E+00,2.68E+00,8.55E+00,,,,,,,,,,,,,,,,,,,,,,,,,,,,,,,,,,,
KO_S15_O1,3,5.61E+00,1.85E+00,2.00E+00,2.73E+00,9.94E+00,,,,,,,,,,,,,,,,,,,,,,,,,,,,,,,,,,,
KO_S15_O1,3,5.62E+00,1.88E+00,2.09E+00,2.81E+00,1.09E+01,,,,,,,,,,,,,,,,,,,,,,,,,,,,,,,,,,,
KO_S15_O1,3,5.63E+00,1.90E+00,2.18E+00,2.89E+00,1.12E+01,,,,,,,,,,,,,,,,,,,,,,,,,,,,,,,,,,,
KO_S15_O1,3,5.64E+00,1.92E+00,2.27E+00,2.98E+00,1.00E+01,,,,,,,,,,,,,,,,,,,,,,,,,,,,,,,,,,,
KO_S15_O1,3,5.65E+00,1.94E+00,2.34E+00,3.04E+00,7.17E+00,,,,,,,,,,,,,,,,,,,,,,,,,,,,,,,,,,,
KO_S15_O1,3,5.66E+00,1.95E+00,2.39E+00,3.08E+00,8.33E+00,,,,,,,,,,,,,,,,,,,,,,,,,,,,,,,,,,,
KO_S15_O1,3,5.66E+00,1.97E+00,2.48E+00,3.16E+00,1.05E+01,,,,,,,,,,,,,,,,,,,,,,,,,,,,,,,,,,,
KO_S15_O1,3,5.67E+00,1.97E+00,2.56E+00,3.23E+00,9.73E+00,,,,,,,,,,,,,,,,,,,,,,,,,,,,,,,,,,,
KO_S15_O1,3,5.68E+00,1.98E+00,2.64E+00,3.30E+00,1.00E+01,,,,,,,,,,,,,,,,,,,,,,,,,,,,,,,,,,,
KO_S15_O1,3,5.69E+00,2.01E+00,2.73E+00,3.39E+00,1.00E+01,,,,,,,,,,,,,,,,,,,,,,,,,,,,,,,,,,,
KO_S15_O1,3,5.70E+00,2.03E+00,2.80E+00,3.46E+00,9.43E+00,,,,,,,,,,,,,,,,,,,,,,,,,,,,,,,,,,,
KO_S15_O1,3,5.71E+00,2.01E+00,2.88E+00,3.51E+00,1.11E+01,,,,,,,,,,,,,,,,,,,,,,,,,,,,,,,,,,,
KO_S15_O1,3,5.71E+00,2.05E+00,2.98E+00,3.62E+00,1.16E+01,,,,,,,,,,,,,,,,,,,,,,,,,,,,,,,,,,,
KO_S15_O1,3,5.72E+00,2.05E+00,3.07E+00,3.69E+00,1.12E+01,,,,,,,,,,,,,,,,,,,,,,,,,,,,,,,,,,,
KO_S15_O1,3,5.73E+00,2.05E+00,3.17E+00,3.78E+00,9.81E+00,,,,,,,,,,,,,,,,,,,,,,,,,,,,,,,,,,,
KO_S15_O1,3,5.74E+00,2.05E+00,3.24E+00,3.83E+00,8.72E+00,,,,,,,,,,,,,,,,,,,,,,,,,,,,,,,,,,,
KO_S15_O1,3,5.75E+00,2.06E+00,3.32E+00,3.90E+00,9.34E+00,,,,,,,,,,,,,,,,,,,,,,,,,,,,,,,,,,,
KO_S15_O1,3,5.76E+00,2.07E+00,3.39E+00,3.97E+00,9.12E+00,,,,,,,,,,,,,,,,,,,,,,,,,,,,,,,,,,,
KO_S15_O1,3,5.76E+00,2.08E+00,3.47E+00,4.04E+00,6.49E+00,,,,,,,,,,,,,,,,,,,,,,,,,,,,,,,,,,,
KO_S15_O1,3,5.77E+00,2.09E+00,3.50E+00,4.07E+00,5.77E+00,,,,,,,,,,,,,,,,,,,,,,,,,,,,,,,,,,,
KO_S15_O1,3,5.78E+00,2.06E+00,3.56E+00,4.11E+00,1.06E+01,,,,,,,,,,,,,,,,,,,,,,,,,,,,,,,,,,,
KO_S15_O1,3,5.79E+00,2.07E+00,3.67E+00,4.21E+00,1.13E+01,,,,,,,,,,,,,,,,,,,,,,,,,,,,,,,,,,,
KO_S15_O1,3,5.80E+00,2.03E+00,3.75E+00,4.26E+00,,,,,,,,,,,,,,,,,,,,,,,,,,,,,,,,,,,,
,,,,,,,,,,,,,,,,,,,,,,,,,,,,,,,,,,,,,,,,,
KO_S15_O1,4,6.94E+00,1.18E+00,1.00E+00,1.55E+00,,,,,,,,,,,,,,,,,,,,,,,,,,,,,,,,,,,,
KO_S15_O1,4,6.95E+00,1.18E+00,1.06E+00,1.58E+00,6.74E+00,,,,,,,,,,,,,,,,,,,,,,,,,,,,,,,,,,,
KO_S15_O1,4,6.96E+00,1.15E+00,1.11E+00,1.60E+00,6.41E+00,,,,,,,,,,,,,,,,,,,,,,,,,,,,,,,,,,,
KO_S15_O1,4,6.97E+00,1.15E+00,1.17E+00,1.64E+00,5.91E+00,,,,,,,,,,,,,,,,,,,,,,,,,,,,,,,,,,,
KO_S15_O1,4,6.97E+00,1.15E+00,1.21E+00,1.67E+00,6.41E+00,,,,,,,,,,,,,,,,,,,,,,,,,,,,,,,,,,,
KO_S15_O1,4,6.98E+00,1.13E+00,1.27E+00,1.70E+00,8.33E+00,,,,,,,,,,,,,,,,,,,,,,,,,,,,,,,,,,,
KO_S15_O1,4,6.99E+00,1.13E+00,1.35E+00,1.75E+00,7.08E+00,,,,,,,,,,,,,,,,,,,,,,,,,,,,,,,,,,,
KO_S15_O1,4,7.00E+00,1.12E+00,1.39E+00,1.78E+00,5.46E+00,,,,,,,,,,,,,,,,,,,,,,,,,,,,,,,,,,,
KO_S15_O1,4,7.01E+00,1.11E+00,1.44E+00,1.82E+00,9.07E+00,,,,,,,,,,,,,,,,,,,,,,,,,,,,,,,,,,,
KO_S15_O1,4,7.02E+00,1.11E+00,1.54E+00,1.90E+00,8.66E+00,,,,,,,,,,,,,,,,,,,,,,,,,,,,,,,,,,,
KO_S15_O1,4,7.02E+00,1.08E+00,1.58E+00,1.91E+00,6.41E+00,,,,,,,,,,,,,,,,,,,,,,,,,,,,,,,,,,,
KO_S15_O1,4,7.03E+00,1.08E+00,1.64E+00,1.97E+00,8.43E+00,,,,,,,,,,,,,,,,,,,,,,,,,,,,,,,,,,,
KO_S15_O1,4,7.04E+00,1.07E+00,1.72E+00,2.02E+00,8.66E+00,,,,,,,,,,,,,,,,,,,,,,,,,,,,,,,,,,,
KO_S15_O1,4,7.05E+00,1.06E+00,1.79E+00,2.08E+00,8.33E+00,,,,,,,,,,,,,,,,,,,,,,,,,,,,,,,,,,,
KO_S15_O1,4,7.06E+00,1.04E+00,1.85E+00,2.12E+00,7.38E+00,,,,,,,,,,,,,,,,,,,,,,,,,,,,,,,,,,,
KO_S15_O1,4,7.07E+00,1.04E+00,1.91E+00,2.17E+00,6.80E+00,,,,,,,,,,,,,,,,,,,,,,,,,,,,,,,,,,,
KO_S15_O1,4,7.07E+00,1.03E+00,1.97E+00,2.22E+00,7.38E+00,,,,,,,,,,,,,,,,,,,,,,,,,,,,,,,,,,,
KO_S15_O1,4,7.08E+00,1.02E+00,2.03E+00,2.27E+00,9.34E+00,,,,,,,,,,,,,,,,,,,,,,,,,,,,,,,,,,,
KO_S15_O1,4,7.09E+00,9.81E-01,2.11E+00,2.33E+00,8.33E+00,,,,,,,,,,,,,,,,,,,,,,,,,,,,,,,,,,,
KO_S15_O1,4,7.10E+00,9.87E-01,2.16E+00,2.38E+00,6.74E+00,,,,,,,,,,,,,,,,,,,,,,,,,,,,,,,,,,,
KO_S15_O1,4,7.11E+00,9.63E-01,2.22E+00,2.42E+00,8.36E+00,,,,,,,,,,,,,,,,,,,,,,,,,,,,,,,,,,,
KO_S15_O1,4,7.12E+00,9.68E-01,2.30E+00,2.50E+00,8.43E+00,,,,,,,,,,,,,,,,,,,,,,,,,,,,,,,,,,,
KO_S15_O1,4,7.12E+00,9.54E-01,2.37E+00,2.55E+00,9.07E+00,,,,,,,,,,,,,,,,,,,,,,,,,,,,,,,,,,,
KO_S15_O1,4,7.13E+00,9.15E-01,2.44E+00,2.61E+00,8.80E+00,,,,,,,,,,,,,,,,,,,,,,,,,,,,,,,,,,,
KO_S15_O1,4,7.14E+00,8.97E-01,2.50E+00,2.66E+00,8.02E+00,,,,,,,,,,,,,,,,,,,,,,,,,,,,,,,,,,,
KO_S15_O1,4,7.15E+00,8.82E-01,2.57E+00,2.72E+00,8.71E+00,,,,,,,,,,,,,,,,,,,,,,,,,,,,,,,,,,,
KO_S15_O1,4,7.16E+00,8.83E-01,2.65E+00,2.79E+00,7.54E+00,,,,,,,,,,,,,,,,,,,,,,,,,,,,,,,,,,,
KO_S15_O1,4,7.17E+00,8.82E-01,2.70E+00,2.84E+00,8.02E+00,,,,,,,,,,,,,,,,,,,,,,,,,,,,,,,,,,,
KO_S15_O1,4,7.17E+00,8.59E-01,2.78E+00,2.91E+00,6.74E+00,,,,,,,,,,,,,,,,,,,,,,,,,,,,,,,,,,,
KO_S15_O1,4,7.18E+00,8.63E-01,2.81E+00,2.94E+00,5.17E+00,,,,,,,,,,,,,,,,,,,,,,,,,,,,,,,,,,,
KO_S15_O1,4,7.19E+00,8.52E-01,2.86E+00,2.99E+00,9.00E+00,,,,,,,,,,,,,,,,,,,,,,,,,,,,,,,,,,,
KO_S15_O1,4,7.20E+00,8.42E-01,2.96E+00,3.08E+00,9.34E+00,,,,,,,,,,,,,,,,,,,,,,,,,,,,,,,,,,,
KO_S15_O1,4,7.21E+00,8.35E-01,3.02E+00,3.13E+00,7.72E+00,,,,,,,,,,,,,,,,,,,,,,,,,,,,,,,,,,,
KO_S15_O1,4,7.22E+00,8.25E-01,3.09E+00,3.20E+00,8.66E+00,,,,,,,,,,,,,,,,,,,,,,,,,,,,,,,,,,,
KO_S15_O1,4,7.22E+00,8.09E-01,3.16E+00,3.26E+00,8.07E+00,,,,,,,,,,,,,,,,,,,,,,,,,,,,,,,,,,,
KO_S15_O1,4,7.23E+00,8.13E-01,3.22E+00,3.32E+00,7.69E+00,,,,,,,,,,,,,,,,,,,,,,,,,,,,,,,,,,,
KO_S15_O1,4,7.24E+00,7.82E-01,3.29E+00,3.38E+00,9.34E+00,,,,,,,,,,,,,,,,,,,,,,,,,,,,,,,,,,,
KO_S15_O1,4,7.25E+00,7.64E-01,3.37E+00,3.45E+00,9.94E+00,,,,,,,,,,,,,,,,,,,,,,,,,,,,,,,,,,,
KO_S15_O1,4,7.26E+00,7.42E-01,3.45E+00,3.53E+00,8.71E+00,,,,,,,,,,,,,,,,,,,,,,,,,,,,,,,,,,,
KO_S15_O1,4,7.27E+00,7.18E-01,3.51E+00,3.58E+00,8.71E+00,,,,,,,,,,,,,,,,,,,,,,,,,,,,,,,,,,,
KO_S15_O1,4,7.27E+00,6.96E-01,3.58E+00,3.65E+00,9.00E+00,,,,,,,,,,,,,,,,,,,,,,,,,,,,,,,,,,,
KO_S15_O1,4,7.28E+00,6.76E-01,3.65E+00,3.71E+00,9.64E+00,,,,,,,,,,,,,,,,,,,,,,,,,,,,,,,,,,,
KO_S15_O1,4,7.29E+00,6.51E-01,3.74E+00,3.80E+00,8.97E+00,,,,,,,,,,,,,,,,,,,,,,,,,,,,,,,,,,,
KO_S15_O1,4,7.30E+00,6.44E-01,3.80E+00,3.85E+00,9.30E+00,,,,,,,,,,,,,,,,,,,,,,,,,,,,,,,,,,,
KO_S15_O1,4,7.31E+00,6.13E-01,3.89E+00,3.94E+00,9.30E+00,,,,,,,,,,,,,,,,,,,,,,,,,,,,,,,,,,,
KO_S15_O1,4,7.32E+00,6.06E-01,3.95E+00,3.99E+00,8.02E+00,,,,,,,,,,,,,,,,,,,,,,,,,,,,,,,,,,,
KO_S15_O1,4,7.32E+00,5.80E-01,4.02E+00,4.06E+00,1.06E+01,,,,,,,,,,,,,,,,,,,,,,,,,,,,,,,,,,,
KO_S15_O1,4,7.33E+00,5.74E-01,4.12E+00,4.16E+00,,,,,,,,,,,,,,,,,,,,,,,,,,,,,,,,,,,,
,,,,,,,,,,,,,,,,,,,,,,,,,,,,,,,,,,,,,,,,,
KO_S15_O1,5,8.98E+00,2.22E+00,1.16E+00,2.50E+00,,,,,,,,,,,,,,,,,,,,,,,,,,,,,,,,,,,,
KO_S15_O1,5,8.99E+00,2.23E+00,1.21E+00,2.54E+00,8.03E+00,,,,,,,,,,,,,,,,,,,,,,,,,,,,,,,,,,,
KO_S15_O1,5,9.00E+00,2.25E+00,1.28E+00,2.60E+00,9.25E+00,,,,,,,,,,,,,,,,,,,,,,,,,,,,,,,,,,,
KO_S15_O1,5,9.01E+00,2.28E+00,1.36E+00,2.66E+00,9.46E+00,,,,,,,,,,,,,,,,,,,,,,,,,,,,,,,,,,,
KO_S15_O1,5,9.02E+00,2.30E+00,1.44E+00,2.71E+00,8.03E+00,,,,,,,,,,,,,,,,,,,,,,,,,,,,,,,,,,,
KO_S15_O1,5,9.03E+00,2.32E+00,1.48E+00,2.76E+00,7.31E+00,,,,,,,,,,,,,,,,,,,,,,,,,,,,,,,,,,,
KO_S15_O1,5,9.03E+00,2.35E+00,1.55E+00,2.81E+00,1.01E+01,,,,,,,,,,,,,,,,,,,,,,,,,,,,,,,,,,,
KO_S15_O1,5,9.04E+00,2.39E+00,1.64E+00,2.90E+00,1.06E+01,,,,,,,,,,,,,,,,,,,,,,,,,,,,,,,,,,,
KO_S15_O1,5,9.05E+00,2.42E+00,1.71E+00,2.96E+00,9.62E+00,,,,,,,,,,,,,,,,,,,,,,,,,,,,,,,,,,,
KO_S15_O1,5,9.06E+00,2.46E+00,1.78E+00,3.04E+00,1.06E+01,,,,,,,,,,,,,,,,,,,,,,,,,,,,,,,,,,,
KO_S15_O1,5,9.07E+00,2.49E+00,1.87E+00,3.11E+00,1.10E+01,,,,,,,,,,,,,,,,,,,,,,,,,,,,,,,,,,,
KO_S15_O1,5,9.08E+00,2.53E+00,1.95E+00,3.20E+00,1.01E+01,,,,,,,,,,,,,,,,,,,,,,,,,,,,,,,,,,,
KO_S15_O1,5,9.08E+00,2.56E+00,2.02E+00,3.26E+00,1.10E+01,,,,,,,,,,,,,,,,,,,,,,,,,,,,,,,,,,,
KO_S15_O1,5,9.09E+00,2.61E+00,2.12E+00,3.36E+00,1.10E+01,,,,,,,,,,,,,,,,,,,,,,,,,,,,,,,,,,,
KO_S15_O1,5,9.10E+00,2.63E+00,2.19E+00,3.43E+00,9.46E+00,,,,,,,,,,,,,,,,,,,,,,,,,,,,,,,,,,,
KO_S15_O1,5,9.11E+00,2.65E+00,2.27E+00,3.49E+00,9.69E+00,,,,,,,,,,,,,,,,,,,,,,,,,,,,,,,,,,,
KO_S15_O1,5,9.12E+00,2.69E+00,2.34E+00,3.57E+00,7.82E+00,,,,,,,,,,,,,,,,,,,,,,,,,,,,,,,,,,,
KO_S15_O1,5,9.13E+00,2.71E+00,2.39E+00,3.61E+00,8.47E+00,,,,,,,,,,,,,,,,,,,,,,,,,,,,,,,,,,,
KO_S15_O1,5,9.13E+00,2.74E+00,2.48E+00,3.69E+00,1.48E+01,,,,,,,,,,,,,,,,,,,,,,,,,,,,,,,,,,,
KO_S15_O1,5,9.14E+00,2.79E+00,2.62E+00,3.83E+00,1.50E+01,,,,,,,,,,,,,,,,,,,,,,,,,,,,,,,,,,,
KO_S15_O1,5,9.15E+00,2.82E+00,2.71E+00,3.91E+00,1.06E+01,,,,,,,,,,,,,,,,,,,,,,,,,,,,,,,,,,,
KO_S15_O1,5,9.16E+00,2.86E+00,2.78E+00,3.99E+00,9.08E+00,,,,,,,,,,,,,,,,,,,,,,,,,,,,,,,,,,,
KO_S15_O1,5,9.17E+00,2.89E+00,2.84E+00,4.06E+00,8.17E+00,,,,,,,,,,,,,,,,,,,,,,,,,,,,,,,,,,,
KO_S15_O1,5,9.18E+00,2.94E+00,2.89E+00,4.13E+00,7.76E+00,,,,,,,,,,,,,,,,,,,,,,,,,,,,,,,,,,,
KO_S15_O1,5,9.18E+00,2.97E+00,2.94E+00,4.18E+00,9.17E+00,,,,,,,,,,,,,,,,,,,,,,,,,,,,,,,,,,,
KO_S15_O1,5,9.19E+00,3.00E+00,3.03E+00,4.27E+00,1.08E+01,,,,,,,,,,,,,,,,,,,,,,,,,,,,,,,,,,,
KO_S15_O1,5,9.20E+00,3.03E+00,3.12E+00,4.35E+00,1.02E+01,,,,,,,,,,,,,,,,,,,,,,,,,,,,,,,,,,,
KO_S15_O1,5,9.21E+00,3.06E+00,3.19E+00,4.42E+00,1.21E+01,,,,,,,,,,,,,,,,,,,,,,,,,,,,,,,,,,,
KO_S15_O1,5,9.22E+00,3.10E+00,3.31E+00,4.53E+00,1.07E+01,,,,,,,,,,,,,,,,,,,,,,,,,,,,,,,,,,,
KO_S15_O1,5,9.23E+00,3.12E+00,3.36E+00,4.59E+00,9.56E+00,,,,,,,,,,,,,,,,,,,,,,,,,,,,,,,,,,,
KO_S15_O1,5,9.23E+00,3.17E+00,3.45E+00,4.68E+00,1.00E+01,,,,,,,,,,,,,,,,,,,,,,,,,,,,,,,,,,,
KO_S15_O1,5,9.24E+00,3.20E+00,3.51E+00,4.75E+00,9.08E+00,,,,,,,,,,,,,,,,,,,,,,,,,,,,,,,,,,,
KO_S15_O1,5,9.25E+00,3.25E+00,3.58E+00,4.83E+00,1.10E+01,,,,,,,,,,,,,,,,,,,,,,,,,,,,,,,,,,,
KO_S15_O1,5,9.26E+00,3.32E+00,3.65E+00,4.93E+00,9.25E+00,,,,,,,,,,,,,,,,,,,,,,,,,,,,,,,,,,,
KO_S15_O1,5,9.27E+00,3.35E+00,3.69E+00,4.99E+00,8.61E+00,,,,,,,,,,,,,,,,,,,,,,,,,,,,,,,,,,,
KO_S15_O1,5,9.28E+00,3.40E+00,3.77E+00,5.07E+00,1.13E+01,,,,,,,,,,,,,,,,,,,,,,,,,,,,,,,,,,,
KO_S15_O1,5,9.28E+00,3.45E+00,3.85E+00,5.17E+00,1.09E+01,,,,,,,,,,,,,,,,,,,,,,,,,,,,,,,,,,,
KO_S15_O1,5,9.29E+00,3.49E+00,3.92E+00,5.25E+00,1.01E+01,,,,,,,,,,,,,,,,,,,,,,,,,,,,,,,,,,,
KO_S15_O1,5,9.30E+00,3.52E+00,4.00E+00,5.33E+00,1.05E+01,,,,,,,,,,,,,,,,,,,,,,,,,,,,,,,,,,,
KO_S15_O1,5,9.31E+00,3.57E+00,4.08E+00,5.42E+00,9.11E+00,,,,,,,,,,,,,,,,,,,,,,,,,,,,,,,,,,,
KO_S15_O1,5,9.32E+00,3.59E+00,4.14E+00,5.48E+00,8.62E+00,,,,,,,,,,,,,,,,,,,,,,,,,,,,,,,,,,,
KO_S15_O1,5,9.33E+00,3.64E+00,4.21E+00,5.56E+00,1.00E+01,,,,,,,,,,,,,,,,,,,,,,,,,,,,,,,,,,,
KO_S15_O1,5,9.33E+00,3.67E+00,4.29E+00,5.64E+00,8.27E+00,,,,,,,,,,,,,,,,,,,,,,,,,,,,,,,,,,,
KO_S15_O1,5,9.34E+00,3.70E+00,4.33E+00,5.69E+00,,,,,,,,,,,,,,,,,,,,,,,,,,,,,,,,,,,,
,,,,,,,,,,,,,,,,,,,,,,,,,,,,,,,,,,,,,,,,,
KO_S16_O1,1,0.00E+00,1.81E+00,2.56E+00,3.14E+00,,,,,,,,,,,,,,,,,,,,,,,,,,,,,,,,,,,,
KO_S16_O1,1,8.34E-03,1.81E+00,2.70E+00,3.25E+00,1.67E+01,,,,,,,,,,,,,,,,,,,,,,,,,,,,,,,,,,,
KO_S16_O1,1,1.67E-02,1.82E+00,2.84E+00,3.37E+00,1.68E+01,,,,,,,,,,,,,,,,,,,,,,,,,,,,,,,,,,,
KO_S16_O1,1,2.50E-02,1.84E+00,2.98E+00,3.50E+00,1.68E+01,,,,,,,,,,,,,,,,,,,,,,,,,,,,,,,,,,,
KO_S16_O1,1,3.34E-02,1.84E+00,3.12E+00,3.62E+00,1.67E+01,,,,,,,,,,,,,,,,,,,,,,,,,,,,,,,,,,,
KO_S16_O1,1,4.17E-02,1.86E+00,3.26E+00,3.75E+00,1.61E+01,,,,,,,,,,,,,,,,,,,,,,,,,,,,,,,,,,,
KO_S16_O1,1,5.01E-02,1.87E+00,3.39E+00,3.87E+00,1.39E+01,,,,,,,,,,,,,,,,,,,,,,,,,,,,,,,,,,,
KO_S16_O1,1,5.84E-02,1.87E+00,3.49E+00,3.96E+00,1.33E+01,,,,,,,,,,,,,,,,,,,,,,,,,,,,,,,,,,,
KO_S16_O1,1,6.67E-02,1.86E+00,3.61E+00,4.06E+00,1.39E+01,,,,,,,,,,,,,,,,,,,,,,,,,,,,,,,,,,,
KO_S16_O1,1,7.51E-02,1.87E+00,3.72E+00,4.16E+00,1.39E+01,,,,,,,,,,,,,,,,,,,,,,,,,,,,,,,,,,,
KO_S16_O1,1,8.34E-02,1.87E+00,3.84E+00,4.27E+00,1.53E+01,,,,,,,,,,,,,,,,,,,,,,,,,,,,,,,,,,,
KO_S16_O1,1,9.18E-02,1.87E+00,3.98E+00,4.40E+00,1.46E+01,,,,,,,,,,,,,,,,,,,,,,,,,,,,,,,,,,,
KO_S16_O1,1,1.00E-01,1.87E+00,4.08E+00,4.49E+00,1.46E+01,,,,,,,,,,,,,,,,,,,,,,,,,,,,,,,,,,,
KO_S16_O1,1,1.08E-01,1.89E+00,4.22E+00,4.62E+00,1.54E+01,,,,,,,,,,,,,,,,,,,,,,,,,,,,,,,,,,,
KO_S16_O1,1,1.17E-01,1.90E+00,4.34E+00,4.74E+00,1.33E+01,,,,,,,,,,,,,,,,,,,,,,,,,,,,,,,,,,,
KO_S16_O1,1,1.25E-01,1.90E+00,4.44E+00,4.83E+00,1.46E+01,,,,,,,,,,,,,,,,,,,,,,,,,,,,,,,,,,,
KO_S16_O1,1,1.33E-01,1.90E+00,4.58E+00,4.96E+00,1.46E+01,,,,,,,,,,,,,,,,,,,,,,,,,,,,,,,,,,,
KO_S16_O1,1,1.42E-01,1.91E+00,4.69E+00,5.06E+00,1.33E+01,,,,,,,,,,,,,,,,,,,,,,,,,,,,,,,,,,,
KO_S16_O1,1,1.50E-01,1.90E+00,4.80E+00,5.16E+00,1.26E+01,,,,,,,,,,,,,,,,,,,,,,,,,,,,,,,,,,,
KO_S16_O1,1,1.58E-01,1.90E+00,4.90E+00,5.25E+00,1.18E+01,,,,,,,,,,,,,,,,,,,,,,,,,,,,,,,,,,,
KO_S16_O1,1,1.67E-01,1.90E+00,5.00E+00,5.35E+00,1.39E+01,,,,,,,,,,,,,,,,,,,,,,,,,,,,,,,,,,,
KO_S16_O1,1,1.75E-01,1.90E+00,5.13E+00,5.47E+00,1.39E+01,,,,,,,,,,,,,,,,,,,,,,,,,,,,,,,,,,,
KO_S16_O1,1,1.84E-01,1.92E+00,5.23E+00,5.57E+00,1.32E+01,,,,,,,,,,,,,,,,,,,,,,,,,,,,,,,,,,,
KO_S16_O1,1,1.92E-01,1.91E+00,5.35E+00,5.68E+00,1.40E+01,,,,,,,,,,,,,,,,,,,,,,,,,,,,,,,,,,,
KO_S16_O1,1,2.00E-01,1.90E+00,5.47E+00,5.79E+00,,,,,,,,,,,,,,,,,,,,,,,,,,,,,,,,,,,,
,,,,,,,,,,,,,,,,,,,,,,,,,,,,,,,,,,,,,,,,,
KO_S16_O1,2,1.89E+00,1.50E+00,7.19E-01,1.67E+00,,,,,,,,,,,,,,,,,,,,,,,,,,,,,,,,,,,,
KO_S16_O1,2,1.89E+00,1.50E+00,8.35E-01,1.72E+00,1.39E+01,,,,,,,,,,,,,,,,,,,,,,,,,,,,,,,,,,,
KO_S16_O1,2,1.90E+00,1.52E+00,9.51E-01,1.79E+00,1.46E+01,,,,,,,,,,,,,,,,,,,,,,,,,,,,,,,,,,,
KO_S16_O1,2,1.91E+00,1.52E+00,1.08E+00,1.86E+00,1.46E+01,,,,,,,,,,,,,,,,,,,,,,,,,,,,,,,,,,,
KO_S16_O1,2,1.92E+00,1.53E+00,1.20E+00,1.94E+00,1.33E+01,,,,,,,,,,,,,,,,,,,,,,,,,,,,,,,,,,,
KO_S16_O1,2,1.93E+00,1.55E+00,1.30E+00,2.02E+00,1.26E+01,,,,,,,,,,,,,,,,,,,,,,,,,,,,,,,,,,,
KO_S16_O1,2,1.94E+00,1.55E+00,1.40E+00,2.09E+00,1.32E+01,,,,,,,,,,,,,,,,,,,,,,,,,,,,,,,,,,,
KO_S16_O1,2,1.94E+00,1.55E+00,1.52E+00,2.17E+00,1.39E+01,,,,,,,,,,,,,,,,,,,,,,,,,,,,,,,,,,,
KO_S16_O1,2,1.95E+00,1.55E+00,1.64E+00,2.26E+00,1.39E+01,,,,,,,,,,,,,,,,,,,,,,,,,,,,,,,,,,,
KO_S16_O1,2,1.96E+00,1.55E+00,1.75E+00,2.34E+00,1.46E+01,,,,,,,,,,,,,,,,,,,,,,,,,,,,,,,,,,,
KO_S16_O1,2,1.97E+00,1.56E+00,1.88E+00,2.44E+00,1.39E+01,,,,,,,,,,,,,,,,,,,,,,,,,,,,,,,,,,,
KO_S16_O1,2,1.98E+00,1.56E+00,1.98E+00,2.52E+00,1.39E+01,,,,,,,,,,,,,,,,,,,,,,,,,,,,,,,,,,,
KO_S16_O1,2,1.99E+00,1.56E+00,2.11E+00,2.63E+00,1.46E+01,,,,,,,,,,,,,,,,,,,,,,,,,,,,,,,,,,,
KO_S16_O1,2,1.99E+00,1.57E+00,2.23E+00,2.73E+00,1.46E+01,,,,,,,,,,,,,,,,,,,,,,,,,,,,,,,,,,,
KO_S16_O1,2,2.00E+00,1.58E+00,2.36E+00,2.84E+00,1.53E+01,,,,,,,,,,,,,,,,,,,,,,,,,,,,,,,,,,,
KO_S16_O1,2,2.01E+00,1.58E+00,2.48E+00,2.94E+00,1.67E+01,,,,,,,,,,,,,,,,,,,,,,,,,,,,,,,,,,,
KO_S16_O1,2,2.02E+00,1.57E+00,2.64E+00,3.07E+00,1.60E+01,,,,,,,,,,,,,,,,,,,,,,,,,,,,,,,,,,,
KO_S16_O1,2,2.03E+00,1.57E+00,2.75E+00,3.17E+00,1.46E+01,,,,,,,,,,,,,,,,,,,,,,,,,,,,,,,,,,,
KO_S16_O1,2,2.04E+00,1.57E+00,2.88E+00,3.28E+00,1.60E+01,,,,,,,,,,,,,,,,,,,,,,,,,,,,,,,,,,,
KO_S16_O1,2,2.04E+00,1.56E+00,3.02E+00,3.40E+00,1.61E+01,,,,,,,,,,,,,,,,,,,,,,,,,,,,,,,,,,,
KO_S16_O1,2,2.05E+00,1.55E+00,3.15E+00,3.51E+00,1.53E+01,,,,,,,,,,,,,,,,,,,,,,,,,,,,,,,,,,,
KO_S16_O1,2,2.06E+00,1.56E+00,3.28E+00,3.63E+00,1.39E+01,,,,,,,,,,,,,,,,,,,,,,,,,,,,,,,,,,,
KO_S16_O1,2,2.07E+00,1.56E+00,3.38E+00,3.72E+00,1.82E+01,,,,,,,,,,,,,,,,,,,,,,,,,,,,,,,,,,,
KO_S16_O1,2,2.08E+00,1.53E+00,3.58E+00,3.89E+00,1.89E+01,,,,,,,,,,,,,,,,,,,,,,,,,,,,,,,,,,,
KO_S16_O1,2,2.09E+00,1.53E+00,3.69E+00,4.00E+00,1.33E+01,,,,,,,,,,,,,,,,,,,,,,,,,,,,,,,,,,,
KO_S16_O1,2,2.09E+00,1.52E+00,3.80E+00,4.09E+00,1.40E+01,,,,,,,,,,,,,,,,,,,,,,,,,,,,,,,,,,,
KO_S16_O1,2,2.10E+00,1.51E+00,3.93E+00,4.21E+00,,,,,,,,,,,,,,,,,,,,,,,,,,,,,,,,,,,,
,,,,,,,,,,,,,,,,,,,,,,,,,,,,,,,,,,,,,,,,,
KO_S16_O1,3,4.22E+00,7.39E-01,2.20E-01,7.71E-01,,,,,,,,,,,,,,,,,,,,,,,,,,,,,,,,,,,,
KO_S16_O1,3,4.23E+00,7.06E-01,3.60E-01,7.93E-01,1.68E+01,,,,,,,,,,,,,,,,,,,,,,,,,,,,,,,,,,,
KO_S16_O1,3,4.24E+00,7.20E-01,5.00E-01,8.77E-01,1.39E+01,,,,,,,,,,,,,,,,,,,,,,,,,,,,,,,,,,,
KO_S16_O1,3,4.25E+00,7.22E-01,5.93E-01,9.34E-01,1.60E+01,,,,,,,,,,,,,,,,,,,,,,,,,,,,,,,,,,,
KO_S16_O1,3,4.25E+00,7.25E-01,7.67E-01,1.06E+00,1.89E+01,,,,,,,,,,,,,,,,,,,,,,,,,,,,,,,,,,,
KO_S16_O1,3,4.26E+00,7.04E-01,9.07E-01,1.15E+00,1.75E+01,,,,,,,,,,,,,,,,,,,,,,,,,,,,,,,,,,,
KO_S16_O1,3,4.27E+00,6.95E-01,1.06E+00,1.27E+00,1.83E+01,,,,,,,,,,,,,,,,,,,,,,,,,,,,,,,,,,,
KO_S16_O1,3,4.28E+00,6.62E-01,1.21E+00,1.38E+00,1.78E+01,,,,,,,,,,,,,,,,,,,,,,,,,,,,,,,,,,,
KO_S16_O1,3,4.29E+00,6.42E-01,1.35E+00,1.49E+00,1.89E+01,,,,,,,,,,,,,,,,,,,,,,,,,,,,,,,,,,,
KO_S16_O1,3,4.30E+00,6.44E-01,1.52E+00,1.65E+00,1.89E+01,,,,,,,,,,,,,,,,,,,,,,,,,,,,,,,,,,,
KO_S16_O1,3,4.30E+00,6.24E-01,1.66E+00,1.78E+00,1.90E+01,,,,,,,,,,,,,,,,,,,,,,,,,,,,,,,,,,,
KO_S16_O1,3,4.31E+00,6.03E-01,1.84E+00,1.93E+00,1.96E+01,,,,,,,,,,,,,,,,,,,,,,,,,,,,,,,,,,,
KO_S16_O1,3,4.32E+00,5.94E-01,1.99E+00,2.08E+00,1.67E+01,,,,,,,,,,,,,,,,,,,,,,,,,,,,,,,,,,,
KO_S16_O1,3,4.33E+00,5.96E-01,2.12E+00,2.20E+00,1.82E+01,,,,,,,,,,,,,,,,,,,,,,,,,,,,,,,,,,,
KO_S16_O1,3,4.34E+00,5.76E-01,2.29E+00,2.36E+00,1.82E+01,,,,,,,,,,,,,,,,,,,,,,,,,,,,,,,,,,,
KO_S16_O1,3,4.35E+00,5.66E-01,2.42E+00,2.49E+00,1.74E+01,,,,,,,,,,,,,,,,,,,,,,,,,,,,,,,,,,,
KO_S16_O1,3,4.35E+00,5.81E-01,2.58E+00,2.65E+00,1.82E+01,,,,,,,,,,,,,,,,,,,,,,,,,,,,,,,,,,,
KO_S16_O1,3,4.36E+00,5.48E-01,2.72E+00,2.78E+00,1.71E+01,,,,,,,,,,,,,,,,,,,,,,,,,,,,,,,,,,,
KO_S16_O1,3,4.37E+00,5.27E-01,2.86E+00,2.91E+00,1.89E+01,,,,,,,,,,,,,,,,,,,,,,,,,,,,,,,,,,,
KO_S16_O1,3,4.38E+00,5.30E-01,3.04E+00,3.08E+00,1.81E+01,,,,,,,,,,,,,,,,,,,,,,,,,,,,,,,,,,,
KO_S16_O1,3,4.39E+00,5.32E-01,3.16E+00,3.21E+00,1.60E+01,,,,,,,,,,,,,,,,,,,,,,,,,,,,,,,,,,,
KO_S16_O1,3,4.40E+00,5.35E-01,3.30E+00,3.35E+00,1.60E+01,,,,,,,,,,,,,,,,,,,,,,,,,,,,,,,,,,,
KO_S16_O1,3,4.40E+00,5.37E-01,3.43E+00,3.47E+00,1.46E+01,,,,,,,,,,,,,,,,,,,,,,,,,,,,,,,,,,,
KO_S16_O1,3,4.41E+00,5.39E-01,3.55E+00,3.59E+00,,,,,,,,,,,,,,,,,,,,,,,,,,,,,,,,,,,,
,,,,,,,,,,,,,,,,,,,,,,,,,,,,,,,,,,,,,,,,,
KO_S16_O1,4,5.91E+00,1.38E+00,1.17E-01,1.38E+00,,,,,,,,,,,,,,,,,,,,,,,,,,,,,,,,,,,,
KO_S16_O1,4,5.91E+00,1.39E+00,2.33E-01,1.41E+00,1.55E+01,,,,,,,,,,,,,,,,,,,,,,,,,,,,,,,,,,,
KO_S16_O1,4,5.92E+00,1.42E+00,3.72E-01,1.46E+00,1.61E+01,,,,,,,,,,,,,,,,,,,,,,,,,,,,,,,,,,,
KO_S16_O1,4,5.93E+00,1.42E+00,5.00E-01,1.50E+00,1.55E+01,,,,,,,,,,,,,,,,,,,,,,,,,,,,,,,,,,,
KO_S16_O1,4,5.94E+00,1.45E+00,6.27E-01,1.58E+00,1.84E+01,,,,,,,,,,,,,,,,,,,,,,,,,,,,,,,,,,,
KO_S16_O1,4,5.95E+00,1.48E+00,8.01E-01,1.68E+00,2.12E+01,,,,,,,,,,,,,,,,,,,,,,,,,,,,,,,,,,,
KO_S16_O1,4,5.96E+00,1.52E+00,9.74E-01,1.80E+00,1.84E+01,,,,,,,,,,,,,,,,,,,,,,,,,,,,,,,,,,,
KO_S16_O1,4,5.96E+00,1.54E+00,1.10E+00,1.90E+00,1.47E+01,,,,,,,,,,,,,,,,,,,,,,,,,,,,,,,,,,,
KO_S16_O1,4,5.97E+00,1.55E+00,1.22E+00,1.97E+00,1.67E+01,,,,,,,,,,,,,,,,,,,,,,,,,,,,,,,,,,,
KO_S16_O1,4,5.98E+00,1.56E+00,1.38E+00,2.08E+00,1.95E+01,,,,,,,,,,,,,,,,,,,,,,,,,,,,,,,,,,,
KO_S16_O1,4,5.99E+00,1.56E+00,1.54E+00,2.20E+00,1.82E+01,,,,,,,,,,,,,,,,,,,,,,,,,,,,,,,,,,,
KO_S16_O1,4,6.00E+00,1.59E+00,1.68E+00,2.31E+00,1.75E+01,,,,,,,,,,,,,,,,,,,,,,,,,,,,,,,,,,,
KO_S16_O1,4,6.01E+00,1.59E+00,1.83E+00,2.43E+00,1.74E+01,,,,,,,,,,,,,,,,,,,,,,,,,,,,,,,,,,,
KO_S16_O1,4,6.01E+00,1.60E+00,1.97E+00,2.54E+00,1.68E+01,,,,,,,,,,,,,,,,,,,,,,,,,,,,,,,,,,,
KO_S16_O1,4,6.02E+00,1.62E+00,2.11E+00,2.66E+00,1.75E+01,,,,,,,,,,,,,,,,,,,,,,,,,,,,,,,,,,,
KO_S16_O1,4,6.03E+00,1.63E+00,2.26E+00,2.79E+00,1.75E+01,,,,,,,,,,,,,,,,,,,,,,,,,,,,,,,,,,,
KO_S16_O1,4,6.04E+00,1.65E+00,2.40E+00,2.91E+00,1.62E+01,,,,,,,,,,,,,,,,,,,,,,,,,,,,,,,,,,,
KO_S16_O1,4,6.05E+00,1.67E+00,2.53E+00,3.03E+00,1.47E+01,,,,,,,,,,,,,,,,,,,,,,,,,,,,,,,,,,,
KO_S16_O1,4,6.06E+00,1.67E+00,2.65E+00,3.13E+00,1.53E+01,,,,,,,,,,,,,,,,,,,,,,,,,,,,,,,,,,,
KO_S16_O1,4,6.06E+00,1.68E+00,2.78E+00,3.25E+00,1.46E+01,,,,,,,,,,,,,,,,,,,,,,,,,,,,,,,,,,,
KO_S16_O1,4,6.07E+00,1.68E+00,2.89E+00,3.34E+00,1.67E+01,,,,,,,,,,,,,,,,,,,,,,,,,,,,,,,,,,,
KO_S16_O1,4,6.08E+00,1.68E+00,3.06E+00,3.49E+00,1.67E+01,,,,,,,,,,,,,,,,,,,,,,,,,,,,,,,,,,,
KO_S16_O1,4,6.09E+00,1.68E+00,3.17E+00,3.59E+00,1.53E+01,,,,,,,,,,,,,,,,,,,,,,,,,,,,,,,,,,,
KO_S16_O1,4,6.10E+00,1.69E+00,3.32E+00,3.72E+00,1.74E+01,,,,,,,,,,,,,,,,,,,,,,,,,,,,,,,,,,,
KO_S16_O1,4,6.11E+00,1.70E+00,3.46E+00,3.85E+00,1.82E+01,,,,,,,,,,,,,,,,,,,,,,,,,,,,,,,,,,,
KO_S16_O1,4,6.11E+00,1.71E+00,3.62E+00,4.01E+00,1.74E+01,,,,,,,,,,,,,,,,,,,,,,,,,,,,,,,,,,,
KO_S16_O1,4,6.12E+00,1.72E+00,3.75E+00,4.12E+00,,,,,,,,,,,,,,,,,,,,,,,,,,,,,,,,,,,,
,,,,,,,,,,,,,,,,,,,,,,,,,,,,,,,,,,,,,,,,,
KO_S16_O1,5,8.44E+00,1.75E+00,8.73E-02,1.75E+00,,,,,,,,,,,,,,,,,,,,,,,,,,,,,,,,,,,,
KO_S16_O1,5,8.45E+00,1.77E+00,2.03E-01,1.78E+00,1.47E+01,,,,,,,,,,,,,,,,,,,,,,,,,,,,,,,,,,,
KO_S16_O1,5,8.46E+00,1.78E+00,3.31E-01,1.81E+00,1.55E+01,,,,,,,,,,,,,,,,,,,,,,,,,,,,,,,,,,,
KO_S16_O1,5,8.47E+00,1.81E+00,4.58E-01,1.87E+00,1.42E+01,,,,,,,,,,,,,,,,,,,,,,,,,,,,,,,,,,,
KO_S16_O1,5,8.48E+00,1.83E+00,5.63E-01,1.91E+00,1.47E+01,,,,,,,,,,,,,,,,,,,,,,,,,,,,,,,,,,,
KO_S16_O1,5,8.48E+00,1.84E+00,7.02E-01,1.97E+00,1.67E+01,,,,,,,,,,,,,,,,,,,,,,,,,,,,,,,,,,,
KO_S16_O1,5,8.49E+00,1.84E+00,8.41E-01,2.02E+00,1.67E+01,,,,,,,,,,,,,,,,,,,,,,,,,,,,,,,,,,,
KO_S16_O1,5,8.50E+00,1.86E+00,9.80E-01,2.10E+00,1.46E+01,,,,,,,,,,,,,,,,,,,,,,,,,,,,,,,,,,,
KO_S16_O1,5,8.51E+00,1.86E+00,1.09E+00,2.15E+00,1.39E+01,,,,,,,,,,,,,,,,,,,,,,,,,,,,,,,,,,,
KO_S16_O1,5,8.52E+00,1.86E+00,1.21E+00,2.22E+00,1.46E+01,,,,,,,,,,,,,,,,,,,,,,,,,,,,,,,,,,,
KO_S16_O1,5,8.53E+00,1.86E+00,1.33E+00,2.29E+00,1.60E+01,,,,,,,,,,,,,,,,,,,,,,,,,,,,,,,,,,,
KO_S16_O1,5,8.53E+00,1.86E+00,1.48E+00,2.38E+00,1.60E+01,,,,,,,,,,,,,,,,,,,,,,,,,,,,,,,,,,,
KO_S16_O1,5,8.54E+00,1.88E+00,1.60E+00,2.46E+00,1.39E+01,,,,,,,,,,,,,,,,,,,,,,,,,,,,,,,,,,,
KO_S16_O1,5,8.55E+00,1.87E+00,1.71E+00,2.53E+00,1.46E+01,,,,,,,,,,,,,,,,,,,,,,,,,,,,,,,,,,,
KO_S16_O1,5,8.56E+00,1.87E+00,1.84E+00,2.62E+00,1.53E+01,,,,,,,,,,,,,,,,,,,,,,,,,,,,,,,,,,,
KO_S16_O1,5,8.57E+00,1.87E+00,1.97E+00,2.72E+00,1.60E+01,,,,,,,,,,,,,,,,,,,,,,,,,,,,,,,,,,,
KO_S16_O1,5,8.58E+00,1.87E+00,2.11E+00,2.82E+00,1.53E+01,,,,,,,,,,,,,,,,,,,,,,,,,,,,,,,,,,,
KO_S16_O1,5,8.58E+00,1.88E+00,2.22E+00,2.91E+00,1.53E+01,,,,,,,,,,,,,,,,,,,,,,,,,,,,,,,,,,,
KO_S16_O1,5,8.59E+00,1.88E+00,2.36E+00,3.02E+00,1.53E+01,,,,,,,,,,,,,,,,,,,,,,,,,,,,,,,,,,,
KO_S16_O1,5,8.60E+00,1.87E+00,2.48E+00,3.11E+00,1.60E+01,,,,,,,,,,,,,,,,,,,,,,,,,,,,,,,,,,,
KO_S16_O1,5,8.61E+00,1.87E+00,2.63E+00,3.23E+00,1.46E+01,,,,,,,,,,,,,,,,,,,,,,,,,,,,,,,,,,,
KO_S16_O1,5,8.62E+00,1.87E+00,2.72E+00,3.31E+00,1.39E+01,,,,,,,,,,,,,,,,,,,,,,,,,,,,,,,,,,,
KO_S16_O1,5,8.63E+00,1.86E+00,2.86E+00,3.42E+00,1.61E+01,,,,,,,,,,,,,,,,,,,,,,,,,,,,,,,,,,,
KO_S16_O1,5,8.63E+00,1.85E+00,2.99E+00,3.52E+00,1.54E+01,,,,,,,,,,,,,,,,,,,,,,,,,,,,,,,,,,,
KO_S16_O1,5,8.64E+00,1.84E+00,3.12E+00,3.62E+00,1.46E+01,,,,,,,,,,,,,,,,,,,,,,,,,,,,,,,,,,,
KO_S16_O1,5,8.65E+00,1.85E+00,3.24E+00,3.73E+00,1.11E+01,,,,,,,,,,,,,,,,,,,,,,,,,,,,,,,,,,,
KO_S16_O1,5,8.66E+00,1.85E+00,3.31E+00,3.79E+00,1.18E+01,,,,,,,,,,,,,,,,,,,,,,,,,,,,,,,,,,,
KO_S16_O1,5,8.67E+00,1.85E+00,3.43E+00,3.90E+00,1.39E+01,,,,,,,,,,,,,,,,,,,,,,,,,,,,,,,,,,,
KO_S16_O1,5,8.68E+00,1.85E+00,3.54E+00,3.99E+00,,,,,,,,,,,,,,,,,,,,,,,,,,,,,,,,,,,,
,,,,,,,,,,,,,,,,,,,,,,,,,,,,,,,,,,,,,,,,,
KO_S17_O1,1,3.67E-01,3.37E+00,3.80E+00,5.08E+00,,,,,,,,,,,,,,,,,,,,,,,,,,,,,,,,,,,,
KO_S17_O1,1,3.75E-01,3.43E+00,4.01E+00,5.28E+00,3.18E+01,,,,,,,,,,,,,,,,,,,,,,,,,,,,,,,,,,,
KO_S17_O1,1,3.84E-01,3.50E+00,4.31E+00,5.55E+00,3.59E+01,,,,,,,,,,,,,,,,,,,,,,,,,,,,,,,,,,,
KO_S17_O1,1,3.92E-01,3.59E+00,4.59E+00,5.83E+00,3.18E+01,,,,,,,,,,,,,,,,,,,,,,,,,,,,,,,,,,,
KO_S17_O1,1,4.00E-01,3.63E+00,4.83E+00,6.04E+00,3.15E+01,,,,,,,,,,,,,,,,,,,,,,,,,,,,,,,,,,,
KO_S17_O1,1,4.09E-01,3.68E+00,5.11E+00,6.30E+00,3.32E+01,,,,,,,,,,,,,,,,,,,,,,,,,,,,,,,,,,,
KO_S17_O1,1,4.17E-01,3.69E+00,5.38E+00,6.52E+00,2.86E+01,,,,,,,,,,,,,,,,,,,,,,,,,,,,,,,,,,,
KO_S17_O1,1,4.25E-01,3.76E+00,5.58E+00,6.73E+00,2.82E+01,,,,,,,,,,,,,,,,,,,,,,,,,,,,,,,,,,,
KO_S17_O1,1,4.34E-01,3.82E+00,5.83E+00,6.97E+00,3.02E+01,,,,,,,,,,,,,,,,,,,,,,,,,,,,,,,,,,,
KO_S17_O1,1,4.42E-01,3.90E+00,6.06E+00,7.21E+00,3.14E+01,,,,,,,,,,,,,,,,,,,,,,,,,,,,,,,,,,,
KO_S17_O1,1,4.50E-01,3.97E+00,6.33E+00,7.47E+00,2.95E+01,,,,,,,,,,,,,,,,,,,,,,,,,,,,,,,,,,,
KO_S17_O1,1,4.59E-01,3.98E+00,6.55E+00,7.66E+00,2.96E+01,,,,,,,,,,,,,,,,,,,,,,,,,,,,,,,,,,,
KO_S17_O1,1,4.67E-01,4.07E+00,6.81E+00,7.94E+00,3.30E+01,,,,,,,,,,,,,,,,,,,,,,,,,,,,,,,,,,,
KO_S17_O1,1,4.75E-01,4.12E+00,7.08E+00,8.19E+00,2.91E+01,,,,,,,,,,,,,,,,,,,,,,,,,,,,,,,,,,,
KO_S17_O1,1,4.84E-01,4.19E+00,7.28E+00,8.40E+00,3.02E+01,,,,,,,,,,,,,,,,,,,,,,,,,,,,,,,,,,,
KO_S17_O1,1,4.92E-01,4.26E+00,7.57E+00,8.68E+00,3.51E+01,,,,,,,,,,,,,,,,,,,,,,,,,,,,,,,,,,,
KO_S17_O1,1,5.01E-01,4.45E+00,7.81E+00,8.99E+00,3.00E+01,,,,,,,,,,,,,,,,,,,,,,,,,,,,,,,,,,,
KO_S17_O1,1,5.09E-01,4.48E+00,8.02E+00,9.18E+00,,,,,,,,,,,,,,,,,,,,,,,,,,,,,,,,,,,,
,,,,,,,,,,,,,,,,,,,,,,,,,,,,,,,,,,,,,,,,,
KO_S17_O1,2,2.49E+00,3.26E+00,2.59E+00,4.16E+00,,,,,,,,,,,,,,,,,,,,,,,,,,,,,,,,,,,,
KO_S17_O1,2,2.50E+00,3.26E+00,2.71E+00,4.24E+00,1.52E+01,,,,,,,,,,,,,,,,,,,,,,,,,,,,,,,,,,,
KO_S17_O1,2,2.51E+00,3.23E+00,2.84E+00,4.30E+00,1.82E+01,,,,,,,,,,,,,,,,,,,,,,,,,,,,,,,,,,,
KO_S17_O1,2,2.52E+00,3.22E+00,3.01E+00,4.41E+00,2.08E+01,,,,,,,,,,,,,,,,,,,,,,,,,,,,,,,,,,,
KO_S17_O1,2,2.53E+00,3.23E+00,3.19E+00,4.54E+00,1.98E+01,,,,,,,,,,,,,,,,,,,,,,,,,,,,,,,,,,,
KO_S17_O1,2,2.54E+00,3.25E+00,3.34E+00,4.66E+00,2.56E+01,,,,,,,,,,,,,,,,,,,,,,,,,,,,,,,,,,,
KO_S17_O1,2,2.54E+00,3.27E+00,3.61E+00,4.87E+00,2.46E+01,,,,,,,,,,,,,,,,,,,,,,,,,,,,,,,,,,,
KO_S17_O1,2,2.55E+00,3.28E+00,3.75E+00,4.98E+00,1.98E+01,,,,,,,,,,,,,,,,,,,,,,,,,,,,,,,,,,,
KO_S17_O1,2,2.56E+00,3.30E+00,3.94E+00,5.14E+00,2.55E+01,,,,,,,,,,,,,,,,,,,,,,,,,,,,,,,,,,,
KO_S17_O1,2,2.57E+00,3.31E+00,4.18E+00,5.33E+00,2.64E+01,,,,,,,,,,,,,,,,,,,,,,,,,,,,,,,,,,,
KO_S17_O1,2,2.58E+00,3.31E+00,4.38E+00,5.49E+00,2.08E+01,,,,,,,,,,,,,,,,,,,,,,,,,,,,,,,,,,,
KO_S17_O1,2,2.59E+00,3.33E+00,4.52E+00,5.62E+00,2.39E+01,,,,,,,,,,,,,,,,,,,,,,,,,,,,,,,,,,,
KO_S17_O1,2,2.59E+00,3.39E+00,4.77E+00,5.85E+00,2.61E+01,,,,,,,,,,,,,,,,,,,,,,,,,,,,,,,,,,,
KO_S17_O1,2,2.60E+00,3.44E+00,4.94E+00,6.02E+00,2.11E+01,,,,,,,,,,,,,,,,,,,,,,,,,,,,,,,,,,,
KO_S17_O1,2,2.61E+00,3.46E+00,5.12E+00,6.18E+00,2.48E+01,,,,,,,,,,,,,,,,,,,,,,,,,,,,,,,,,,,
KO_S17_O1,2,2.62E+00,3.52E+00,5.35E+00,6.40E+00,2.39E+01,,,,,,,,,,,,,,,,,,,,,,,,,,,,,,,,,,,
KO_S17_O1,2,2.63E+00,3.54E+00,5.51E+00,6.55E+00,2.30E+01,,,,,,,,,,,,,,,,,,,,,,,,,,,,,,,,,,,
KO_S17_O1,2,2.64E+00,3.59E+00,5.73E+00,6.76E+00,,,,,,,,,,,,,,,,,,,,,,,,,,,,,,,,,,,,
,,,,,,,,,,,,,,,,,,,,,,,,,,,,,,,,,,,,,,,,,
KO_S17_O1,3,4.30E+00,2.14E+00,2.50E+00,3.29E+00,,,,,,,,,,,,,,,,,,,,,,,,,,,,,,,,,,,,
KO_S17_O1,3,4.31E+00,2.14E+00,2.64E+00,3.40E+00,1.89E+01,,,,,,,,,,,,,,,,,,,,,,,,,,,,,,,,,,,
KO_S17_O1,3,4.32E+00,2.15E+00,2.81E+00,3.54E+00,2.46E+01,,,,,,,,,,,,,,,,,,,,,,,,,,,,,,,,,,,
KO_S17_O1,3,4.33E+00,2.14E+00,3.05E+00,3.72E+00,2.45E+01,,,,,,,,,,,,,,,,,,,,,,,,,,,,,,,,,,,
KO_S17_O1,3,4.34E+00,2.16E+00,3.22E+00,3.88E+00,2.17E+01,,,,,,,,,,,,,,,,,,,,,,,,,,,,,,,,,,,
KO_S17_O1,3,4.35E+00,2.17E+00,3.41E+00,4.04E+00,2.55E+01,,,,,,,,,,,,,,,,,,,,,,,,,,,,,,,,,,,
KO_S17_O1,3,4.35E+00,2.17E+00,3.64E+00,4.24E+00,2.74E+01,,,,,,,,,,,,,,,,,,,,,,,,,,,,,,,,,,,
KO_S17_O1,3,4.36E+00,2.20E+00,3.86E+00,4.44E+00,2.46E+01,,,,,,,,,,,,,,,,,,,,,,,,,,,,,,,,,,,
KO_S17_O1,3,4.37E+00,2.20E+00,4.05E+00,4.61E+00,2.46E+01,,,,,,,,,,,,,,,,,,,,,,,,,,,,,,,,,,,
KO_S17_O1,3,4.38E+00,2.22E+00,4.27E+00,4.82E+00,2.83E+01,,,,,,,,,,,,,,,,,,,,,,,,,,,,,,,,,,,
KO_S17_O1,3,4.39E+00,2.23E+00,4.52E+00,5.05E+00,2.55E+01,,,,,,,,,,,,,,,,,,,,,,,,,,,,,,,,,,,
KO_S17_O1,3,4.40E+00,2.22E+00,4.70E+00,5.20E+00,2.56E+01,,,,,,,,,,,,,,,,,,,,,,,,,,,,,,,,,,,
KO_S17_O1,3,4.40E+00,2.21E+00,4.95E+00,5.42E+00,2.93E+01,,,,,,,,,,,,,,,,,,,,,,,,,,,,,,,,,,,
KO_S17_O1,3,4.41E+00,2.21E+00,5.19E+00,5.64E+00,2.94E+01,,,,,,,,,,,,,,,,,,,,,,,,,,,,,,,,,,,
KO_S17_O1,3,4.42E+00,2.18E+00,5.44E+00,5.86E+00,2.66E+01,,,,,,,,,,,,,,,,,,,,,,,,,,,,,,,,,,,
KO_S17_O1,3,4.43E+00,2.17E+00,5.63E+00,6.03E+00,2.46E+01,,,,,,,,,,,,,,,,,,,,,,,,,,,,,,,,,,,
KO_S17_O1,3,4.44E+00,2.16E+00,5.85E+00,6.24E+00,,,,,,,,,,,,,,,,,,,,,,,,,,,,,,,,,,,,
,,,,,,,,,,,,,,,,,,,,,,,,,,,,,,,,,,,,,,,,,
KO_S17_O1,4,6.06E+00,2.38E+00,2.08E+00,3.16E+00,,,,,,,,,,,,,,,,,,,,,,,,,,,,,,,,,,,,
KO_S17_O1,4,6.07E+00,2.38E+00,2.24E+00,3.27E+00,2.08E+01,,,,,,,,,,,,,,,,,,,,,,,,,,,,,,,,,,,
KO_S17_O1,4,6.08E+00,2.37E+00,2.42E+00,3.39E+00,2.28E+01,,,,,,,,,,,,,,,,,,,,,,,,,,,,,,,,,,,
KO_S17_O1,4,6.09E+00,2.35E+00,2.61E+00,3.51E+00,1.99E+01,,,,,,,,,,,,,,,,,,,,,,,,,,,,,,,,,,,
KO_S17_O1,4,6.10E+00,2.35E+00,2.76E+00,3.62E+00,2.27E+01,,,,,,,,,,,,,,,,,,,,,,,,,,,,,,,,,,,
KO_S17_O1,4,6.11E+00,2.34E+00,2.99E+00,3.80E+00,2.36E+01,,,,,,,,,,,,,,,,,,,,,,,,,,,,,,,,,,,
KO_S17_O1,4,6.11E+00,2.35E+00,3.15E+00,3.93E+00,2.08E+01,,,,,,,,,,,,,,,,,,,,,,,,,,,,,,,,,,,
KO_S17_O1,4,6.12E+00,2.34E+00,3.34E+00,4.08E+00,2.27E+01,,,,,,,,,,,,,,,,,,,,,,,,,,,,,,,,,,,
KO_S17_O1,4,6.13E+00,2.33E+00,3.53E+00,4.23E+00,2.27E+01,,,,,,,,,,,,,,,,,,,,,,,,,,,,,,,,,,,
KO_S17_O1,4,6.14E+00,2.35E+00,3.72E+00,4.40E+00,2.46E+01,,,,,,,,,,,,,,,,,,,,,,,,,,,,,,,,,,,
KO_S17_O1,4,6.15E+00,2.36E+00,3.94E+00,4.59E+00,2.55E+01,,,,,,,,,,,,,,,,,,,,,,,,,,,,,,,,,,,
KO_S17_O1,4,6.16E+00,2.36E+00,4.14E+00,4.77E+00,2.55E+01,,,,,,,,,,,,,,,,,,,,,,,,,,,,,,,,,,,
KO_S17_O1,4,6.16E+00,2.37E+00,4.36E+00,4.96E+00,2.36E+01,,,,,,,,,,,,,,,,,,,,,,,,,,,,,,,,,,,
KO_S17_O1,4,6.17E+00,2.39E+00,4.54E+00,5.13E+00,2.27E+01,,,,,,,,,,,,,,,,,,,,,,,,,,,,,,,,,,,
KO_S17_O1,4,6.18E+00,2.38E+00,4.74E+00,5.30E+00,2.46E+01,,,,,,,,,,,,,,,,,,,,,,,,,,,,,,,,,,,
KO_S17_O1,4,6.19E+00,2.39E+00,4.95E+00,5.49E+00,2.46E+01,,,,,,,,,,,,,,,,,,,,,,,,,,,,,,,,,,,
KO_S17_O1,4,6.20E+00,2.41E+00,5.15E+00,5.68E+00,2.83E+01,,,,,,,,,,,,,,,,,,,,,,,,,,,,,,,,,,,
KO_S17_O1,4,6.21E+00,2.42E+00,5.42E+00,5.93E+00,2.93E+01,,,,,,,,,,,,,,,,,,,,,,,,,,,,,,,,,,,
KO_S17_O1,4,6.21E+00,2.41E+00,5.64E+00,6.13E+00,,,,,,,,,,,,,,,,,,,,,,,,,,,,,,,,,,,,
,,,,,,,,,,,,,,,,,,,,,,,,,,,,,,,,,,,,,,,,,
KO_S18_O1,1,3.17E-01,1.36E+00,9.66E-01,1.67E+00,,,,,,,,,,,,,,,,,,,,,,,,,,,,,,,,,,,,
KO_S18_O1,1,3.25E-01,1.39E+00,1.02E+00,1.73E+00,7.88E+00,,,,,,,,,,,,,,,,,,,,,,,,,,,,,,,,,,,
KO_S18_O1,1,3.34E-01,1.41E+00,1.09E+00,1.78E+00,9.51E+00,,,,,,,,,,,,,,,,,,,,,,,,,,,,,,,,,,,
KO_S18_O1,1,3.42E-01,1.42E+00,1.18E+00,1.85E+00,1.24E+01,,,,,,,,,,,,,,,,,,,,,,,,,,,,,,,,,,,
KO_S18_O1,1,3.50E-01,1.44E+00,1.29E+00,1.94E+00,1.16E+01,,,,,,,,,,,,,,,,,,,,,,,,,,,,,,,,,,,
KO_S18_O1,1,3.59E-01,1.47E+00,1.37E+00,2.01E+00,9.64E+00,,,,,,,,,,,,,,,,,,,,,,,,,,,,,,,,,,,
KO_S18_O1,1,3.67E-01,1.49E+00,1.45E+00,2.08E+00,1.25E+01,,,,,,,,,,,,,,,,,,,,,,,,,,,,,,,,,,,
KO_S18_O1,1,3.75E-01,1.54E+00,1.56E+00,2.20E+00,1.58E+01,,,,,,,,,,,,,,,,,,,,,,,,,,,,,,,,,,,
KO_S18_O1,1,3.84E-01,1.57E+00,1.70E+00,2.31E+00,1.66E+01,,,,,,,,,,,,,,,,,,,,,,,,,,,,,,,,,,,
KO_S18_O1,1,3.92E-01,1.62E+00,1.83E+00,2.44E+00,1.83E+01,,,,,,,,,,,,,,,,,,,,,,,,,,,,,,,,,,,
KO_S18_O1,1,4.00E-01,1.67E+00,1.99E+00,2.59E+00,1.87E+01,,,,,,,,,,,,,,,,,,,,,,,,,,,,,,,,,,,
KO_S18_O1,1,4.09E-01,1.69E+00,2.13E+00,2.72E+00,1.77E+01,,,,,,,,,,,,,,,,,,,,,,,,,,,,,,,,,,,
KO_S18_O1,1,4.17E-01,1.72E+00,2.28E+00,2.85E+00,1.84E+01,,,,,,,,,,,,,,,,,,,,,,,,,,,,,,,,,,,
KO_S18_O1,1,4.25E-01,1.74E+00,2.43E+00,2.99E+00,1.70E+01,,,,,,,,,,,,,,,,,,,,,,,,,,,,,,,,,,,
KO_S18_O1,1,4.34E-01,1.75E+00,2.56E+00,3.10E+00,1.38E+01,,,,,,,,,,,,,,,,,,,,,,,,,,,,,,,,,,,
KO_S18_O1,1,4.42E-01,1.78E+00,2.66E+00,3.20E+00,1.53E+01,,,,,,,,,,,,,,,,,,,,,,,,,,,,,,,,,,,
KO_S18_O1,1,4.50E-01,1.80E+00,2.81E+00,3.34E+00,1.58E+01,,,,,,,,,,,,,,,,,,,,,,,,,,,,,,,,,,,
KO_S18_O1,1,4.59E-01,1.82E+00,2.92E+00,3.44E+00,1.30E+01,,,,,,,,,,,,,,,,,,,,,,,,,,,,,,,,,,,
KO_S18_O1,1,4.67E-01,1.85E+00,3.02E+00,3.54E+00,1.33E+01,,,,,,,,,,,,,,,,,,,,,,,,,,,,,,,,,,,
KO_S18_O1,1,4.75E-01,1.86E+00,3.14E+00,3.65E+00,1.27E+01,,,,,,,,,,,,,,,,,,,,,,,,,,,,,,,,,,,
KO_S18_O1,1,4.84E-01,1.87E+00,3.23E+00,3.73E+00,1.30E+01,,,,,,,,,,,,,,,,,,,,,,,,,,,,,,,,,,,
KO_S18_O1,1,4.92E-01,1.90E+00,3.35E+00,3.85E+00,1.22E+01,,,,,,,,,,,,,,,,,,,,,,,,,,,,,,,,,,,
KO_S18_O1,1,5.01E-01,1.91E+00,3.43E+00,3.93E+00,1.16E+01,,,,,,,,,,,,,,,,,,,,,,,,,,,,,,,,,,,
KO_S18_O1,1,5.09E-01,1.92E+00,3.55E+00,4.03E+00,1.42E+01,,,,,,,,,,,,,,,,,,,,,,,,,,,,,,,,,,,
KO_S18_O1,1,5.17E-01,1.93E+00,3.67E+00,4.14E+00,1.49E+01,,,,,,,,,,,,,,,,,,,,,,,,,,,,,,,,,,,
KO_S18_O1,1,5.26E-01,1.95E+00,3.79E+00,4.26E+00,1.61E+01,,,,,,,,,,,,,,,,,,,,,,,,,,,,,,,,,,,
,,,,,,,,,,,,,,,,,,,,,,,,,,,,,,,,,,,,,,,,,
KO_S18_O1,2,2.84E+00,1.37E+00,9.41E-01,1.66E+00,,,,,,,,,,,,,,,,,,,,,,,,,,,,,,,,,,,,
KO_S18_O1,2,2.85E+00,1.38E+00,1.05E+00,1.73E+00,1.14E+01,,,,,,,,,,,,,,,,,,,,,,,,,,,,,,,,,,,
KO_S18_O1,2,2.86E+00,1.37E+00,1.13E+00,1.77E+00,1.05E+01,,,,,,,,,,,,,,,,,,,,,,,,,,,,,,,,,,,
KO_S18_O1,2,2.87E+00,1.36E+00,1.22E+00,1.83E+00,1.31E+01,,,,,,,,,,,,,,,,,,,,,,,,,,,,,,,,,,,
KO_S18_O1,2,2.88E+00,1.38E+00,1.35E+00,1.93E+00,1.54E+01,,,,,,,,,,,,,,,,,,,,,,,,,,,,,,,,,,,
KO_S18_O1,2,2.89E+00,1.39E+00,1.48E+00,2.03E+00,1.39E+01,,,,,,,,,,,,,,,,,,,,,,,,,,,,,,,,,,,
KO_S18_O1,2,2.89E+00,1.40E+00,1.58E+00,2.11E+00,1.44E+01,,,,,,,,,,,,,,,,,,,,,,,,,,,,,,,,,,,
KO_S18_O1,2,2.90E+00,1.41E+00,1.72E+00,2.22E+00,1.65E+01,,,,,,,,,,,,,,,,,,,,,,,,,,,,,,,,,,,
KO_S18_O1,2,2.91E+00,1.41E+00,1.86E+00,2.33E+00,1.66E+01,,,,,,,,,,,,,,,,,,,,,,,,,,,,,,,,,,,
KO_S18_O1,2,2.92E+00,1.40E+00,1.99E+00,2.43E+00,1.63E+01,,,,,,,,,,,,,,,,,,,,,,,,,,,,,,,,,,,
KO_S18_O1,2,2.93E+00,1.41E+00,2.13E+00,2.55E+00,1.68E+01,,,,,,,,,,,,,,,,,,,,,,,,,,,,,,,,,,,
KO_S18_O1,2,2.94E+00,1.40E+00,2.27E+00,2.67E+00,1.61E+01,,,,,,,,,,,,,,,,,,,,,,,,,,,,,,,,,,,
KO_S18_O1,2,2.94E+00,1.41E+00,2.40E+00,2.78E+00,1.73E+01,,,,,,,,,,,,,,,,,,,,,,,,,,,,,,,,,,,
KO_S18_O1,2,2.95E+00,1.41E+00,2.56E+00,2.92E+00,1.83E+01,,,,,,,,,,,,,,,,,,,,,,,,,,,,,,,,,,,
KO_S18_O1,2,2.96E+00,1.43E+00,2.70E+00,3.06E+00,1.61E+01,,,,,,,,,,,,,,,,,,,,,,,,,,,,,,,,,,,
KO_S18_O1,2,2.97E+00,1.44E+00,2.83E+00,3.17E+00,1.68E+01,,,,,,,,,,,,,,,,,,,,,,,,,,,,,,,,,,,
KO_S18_O1,2,2.98E+00,1.43E+00,2.98E+00,3.30E+00,1.80E+01,,,,,,,,,,,,,,,,,,,,,,,,,,,,,,,,,,,
KO_S18_O1,2,2.99E+00,1.44E+00,3.13E+00,3.44E+00,1.85E+01,,,,,,,,,,,,,,,,,,,,,,,,,,,,,,,,,,,
KO_S18_O1,2,2.99E+00,1.44E+00,3.29E+00,3.59E+00,1.83E+01,,,,,,,,,,,,,,,,,,,,,,,,,,,,,,,,,,,
KO_S18_O1,2,3.00E+00,1.47E+00,3.43E+00,3.73E+00,1.61E+01,,,,,,,,,,,,,,,,,,,,,,,,,,,,,,,,,,,
KO_S18_O1,2,3.01E+00,1.48E+00,3.55E+00,3.85E+00,1.78E+01,,,,,,,,,,,,,,,,,,,,,,,,,,,,,,,,,,,
KO_S18_O1,2,3.02E+00,1.50E+00,3.72E+00,4.01E+00,1.66E+01,,,,,,,,,,,,,,,,,,,,,,,,,,,,,,,,,,,
KO_S18_O1,2,3.03E+00,1.54E+00,3.83E+00,4.12E+00,1.63E+01,,,,,,,,,,,,,,,,,,,,,,,,,,,,,,,,,,,
KO_S18_O1,2,3.04E+00,1.55E+00,3.99E+00,4.28E+00,1.92E+01,,,,,,,,,,,,,,,,,,,,,,,,,,,,,,,,,,,
KO_S18_O1,2,3.04E+00,1.56E+00,4.15E+00,4.43E+00,,,,,,,,,,,,,,,,,,,,,,,,,,,,,,,,,,,,
,,,,,,,,,,,,,,,,,,,,,,,,,,,,,,,,,,,,,,,,,
KO_S18_O1,3,5.87E+00,8.75E-01,9.39E-01,1.28E+00,,,,,,,,,,,,,,,,,,,,,,,,,,,,,,,,,,,,
KO_S18_O1,3,5.88E+00,8.77E-01,1.06E+00,1.38E+00,1.45E+01,,,,,,,,,,,,,,,,,,,,,,,,,,,,,,,,,,,
KO_S18_O1,3,5.89E+00,9.12E-01,1.18E+00,1.49E+00,1.37E+01,,,,,,,,,,,,,,,,,,,,,,,,,,,,,,,,,,,
KO_S18_O1,3,5.90E+00,9.10E-01,1.29E+00,1.58E+00,1.41E+01,,,,,,,,,,,,,,,,,,,,,,,,,,,,,,,,,,,
KO_S18_O1,3,5.91E+00,9.21E-01,1.41E+00,1.69E+00,1.44E+01,,,,,,,,,,,,,,,,,,,,,,,,,,,,,,,,,,,
KO_S18_O1,3,5.91E+00,9.27E-01,1.53E+00,1.79E+00,1.42E+01,,,,,,,,,,,,,,,,,,,,,,,,,,,,,,,,,,,
KO_S18_O1,3,5.92E+00,9.50E-01,1.65E+00,1.90E+00,1.47E+01,,,,,,,,,,,,,,,,,,,,,,,,,,,,,,,,,,,
KO_S18_O1,3,5.93E+00,9.84E-01,1.76E+00,2.02E+00,1.63E+01,,,,,,,,,,,,,,,,,,,,,,,,,,,,,,,,,,,
KO_S18_O1,3,5.94E+00,1.00E+00,1.91E+00,2.16E+00,1.85E+01,,,,,,,,,,,,,,,,,,,,,,,,,,,,,,,,,,,
KO_S18_O1,3,5.95E+00,9.98E-01,2.07E+00,2.30E+00,1.85E+01,,,,,,,,,,,,,,,,,,,,,,,,,,,,,,,,,,,
KO_S18_O1,3,5.96E+00,1.04E+00,2.22E+00,2.45E+00,1.74E+01,,,,,,,,,,,,,,,,,,,,,,,,,,,,,,,,,,,
KO_S18_O1,3,5.96E+00,1.06E+00,2.35E+00,2.58E+00,1.72E+01,,,,,,,,,,,,,,,,,,,,,,,,,,,,,,,,,,,
KO_S18_O1,3,5.97E+00,1.08E+00,2.50E+00,2.73E+00,1.78E+01,,,,,,,,,,,,,,,,,,,,,,,,,,,,,,,,,,,
KO_S18_O1,3,5.98E+00,1.09E+00,2.65E+00,2.87E+00,1.82E+01,,,,,,,,,,,,,,,,,,,,,,,,,,,,,,,,,,,
KO_S18_O1,3,5.99E+00,1.09E+00,2.81E+00,3.01E+00,2.00E+01,,,,,,,,,,,,,,,,,,,,,,,,,,,,,,,,,,,
KO_S18_O1,3,6.00E+00,1.12E+00,2.98E+00,3.18E+00,2.03E+01,,,,,,,,,,,,,,,,,,,,,,,,,,,,,,,,,,,
KO_S18_O1,3,6.01E+00,1.14E+00,3.14E+00,3.34E+00,1.93E+01,,,,,,,,,,,,,,,,,,,,,,,,,,,,,,,,,,,
KO_S18_O1,3,6.01E+00,1.16E+00,3.30E+00,3.50E+00,1.90E+01,,,,,,,,,,,,,,,,,,,,,,,,,,,,,,,,,,,
KO_S18_O1,3,6.02E+00,1.17E+00,3.46E+00,3.65E+00,1.94E+01,,,,,,,,,,,,,,,,,,,,,,,,,,,,,,,,,,,
KO_S18_O1,3,6.03E+00,1.16E+00,3.63E+00,3.81E+00,2.04E+01,,,,,,,,,,,,,,,,,,,,,,,,,,,,,,,,,,,
KO_S18_O1,3,6.04E+00,1.17E+00,3.80E+00,3.98E+00,2.09E+01,,,,,,,,,,,,,,,,,,,,,,,,,,,,,,,,,,,
KO_S18_O1,3,6.05E+00,1.16E+00,3.97E+00,4.14E+00,1.91E+01,,,,,,,,,,,,,,,,,,,,,,,,,,,,,,,,,,,
KO_S18_O1,3,6.06E+00,1.14E+00,4.12E+00,4.27E+00,,,,,,,,,,,,,,,,,,,,,,,,,,,,,,,,,,,,
,,,,,,,,,,,,,,,,,,,,,,,,,,,,,,,,,,,,,,,,,
KO_S18_O1,4,8.83E+00,1.26E+00,1.13E+00,1.69E+00,,,,,,,,,,,,,,,,,,,,,,,,,,,,,,,,,,,,
KO_S18_O1,4,8.83E+00,1.25E+00,1.25E+00,1.77E+00,1.39E+01,,,,,,,,,,,,,,,,,,,,,,,,,,,,,,,,,,,
KO_S18_O1,4,8.84E+00,1.26E+00,1.36E+00,1.85E+00,1.29E+01,,,,,,,,,,,,,,,,,,,,,,,,,,,,,,,,,,,
KO_S18_O1,4,8.85E+00,1.26E+00,1.46E+00,1.93E+00,1.07E+01,,,,,,,,,,,,,,,,,,,,,,,,,,,,,,,,,,,
KO_S18_O1,4,8.86E+00,1.27E+00,1.54E+00,2.00E+00,1.34E+01,,,,,,,,,,,,,,,,,,,,,,,,,,,,,,,,,,,
KO_S18_O1,4,8.87E+00,1.28E+00,1.69E+00,2.12E+00,1.54E+01,,,,,,,,,,,,,,,,,,,,,,,,,,,,,,,,,,,
KO_S18_O1,4,8.88E+00,1.30E+00,1.79E+00,2.22E+00,1.69E+01,,,,,,,,,,,,,,,,,,,,,,,,,,,,,,,,,,,
KO_S18_O1,4,8.88E+00,1.32E+00,1.96E+00,2.37E+00,1.69E+01,,,,,,,,,,,,,,,,,,,,,,,,,,,,,,,,,,,
KO_S18_O1,4,8.89E+00,1.34E+00,2.07E+00,2.47E+00,1.63E+01,,,,,,,,,,,,,,,,,,,,,,,,,,,,,,,,,,,
KO_S18_O1,4,8.90E+00,1.37E+00,2.23E+00,2.62E+00,1.96E+01,,,,,,,,,,,,,,,,,,,,,,,,,,,,,,,,,,,
KO_S18_O1,4,8.91E+00,1.39E+00,2.40E+00,2.77E+00,1.96E+01,,,,,,,,,,,,,,,,,,,,,,,,,,,,,,,,,,,
KO_S18_O1,4,8.92E+00,1.42E+00,2.55E+00,2.92E+00,1.93E+01,,,,,,,,,,,,,,,,,,,,,,,,,,,,,,,,,,,
KO_S18_O1,4,8.93E+00,1.42E+00,2.72E+00,3.07E+00,1.90E+01,,,,,,,,,,,,,,,,,,,,,,,,,,,,,,,,,,,
KO_S18_O1,4,8.93E+00,1.45E+00,2.87E+00,3.22E+00,1.95E+01,,,,,,,,,,,,,,,,,,,,,,,,,,,,,,,,,,,
KO_S18_O1,4,8.94E+00,1.45E+00,3.04E+00,3.37E+00,2.00E+01,,,,,,,,,,,,,,,,,,,,,,,,,,,,,,,,,,,
KO_S18_O1,4,8.95E+00,1.47E+00,3.20E+00,3.53E+00,1.90E+01,,,,,,,,,,,,,,,,,,,,,,,,,,,,,,,,,,,
KO_S18_O1,4,8.96E+00,1.48E+00,3.36E+00,3.67E+00,1.90E+01,,,,,,,,,,,,,,,,,,,,,,,,,,,,,,,,,,,
KO_S18_O1,4,8.97E+00,1.50E+00,3.52E+00,3.83E+00,2.02E+01,,,,,,,,,,,,,,,,,,,,,,,,,,,,,,,,,,,
KO_S18_O1,4,8.98E+00,1.51E+00,3.69E+00,3.99E+00,1.90E+01,,,,,,,,,,,,,,,,,,,,,,,,,,,,,,,,,,,
KO_S18_O1,4,8.98E+00,1.54E+00,3.83E+00,4.13E+00,1.87E+01,,,,,,,,,,,,,,,,,,,,,,,,,,,,,,,,,,,
KO_S18_O1,4,8.99E+00,1.53E+00,4.00E+00,4.29E+00,1.95E+01,,,,,,,,,,,,,,,,,,,,,,,,,,,,,,,,,,,
KO_S18_O1,4,9.00E+00,1.56E+00,4.16E+00,4.44E+00,2.00E+01,,,,,,,,,,,,,,,,,,,,,,,,,,,,,,,,,,,
KO_S18_O1,4,9.01E+00,1.58E+00,4.34E+00,4.61E+00,,,,,,,,,,,,,,,,,,,,,,,,,,,,,,,,,,,,
,,,,,,,,,,,,,,,,,,,,,,,,,,,,,,,,,,,,,,,,,
KO_S18_O1,5,1.03E+01,1.22E+00,1.33E+00,1.80E+00,,,,,,,,,,,,,,,,,,,,,,,,,,,,,,,,,,,,
KO_S18_O1,5,1.03E+01,1.22E+00,1.39E+00,1.85E+00,1.14E+01,,,,,,,,,,,,,,,,,,,,,,,,,,,,,,,,,,,
KO_S18_O1,5,1.03E+01,1.22E+00,1.52E+00,1.95E+00,1.36E+01,,,,,,,,,,,,,,,,,,,,,,,,,,,,,,,,,,,
KO_S18_O1,5,1.03E+01,1.23E+00,1.62E+00,2.04E+00,1.46E+01,,,,,,,,,,,,,,,,,,,,,,,,,,,,,,,,,,,
KO_S18_O1,5,1.03E+01,1.25E+00,1.76E+00,2.16E+00,1.68E+01,,,,,,,,,,,,,,,,,,,,,,,,,,,,,,,,,,,
KO_S18_O1,5,1.03E+01,1.25E+00,1.90E+00,2.28E+00,1.65E+01,,,,,,,,,,,,,,,,,,,,,,,,,,,,,,,,,,,
KO_S18_O1,5,1.04E+01,1.26E+00,2.03E+00,2.39E+00,1.61E+01,,,,,,,,,,,,,,,,,,,,,,,,,,,,,,,,,,,
KO_S18_O1,5,1.04E+01,1.24E+00,2.17E+00,2.50E+00,1.83E+01,,,,,,,,,,,,,,,,,,,,,,,,,,,,,,,,,,,
KO_S18_O1,5,1.04E+01,1.24E+00,2.34E+00,2.65E+00,1.77E+01,,,,,,,,,,,,,,,,,,,,,,,,,,,,,,,,,,,
KO_S18_O1,5,1.04E+01,1.25E+00,2.46E+00,2.76E+00,1.75E+01,,,,,,,,,,,,,,,,,,,,,,,,,,,,,,,,,,,
KO_S18_O1,5,1.04E+01,1.24E+00,2.63E+00,2.91E+00,1.85E+01,,,,,,,,,,,,,,,,,,,,,,,,,,,,,,,,,,,
KO_S18_O1,5,1.04E+01,1.25E+00,2.77E+00,3.04E+00,1.70E+01,,,,,,,,,,,,,,,,,,,,,,,,,,,,,,,,,,,
KO_S18_O1,5,1.04E+01,1.25E+00,2.91E+00,3.17E+00,1.73E+01,,,,,,,,,,,,,,,,,,,,,,,,,,,,,,,,,,,
KO_S18_O1,5,1.04E+01,1.26E+00,3.06E+00,3.31E+00,1.73E+01,,,,,,,,,,,,,,,,,,,,,,,,,,,,,,,,,,,
KO_S18_O1,5,1.04E+01,1.28E+00,3.20E+00,3.45E+00,1.58E+01,,,,,,,,,,,,,,,,,,,,,,,,,,,,,,,,,,,
KO_S18_O1,5,1.04E+01,1.29E+00,3.32E+00,3.56E+00,1.60E+01,,,,,,,,,,,,,,,,,,,,,,,,,,,,,,,,,,,
KO_S18_O1,5,1.04E+01,1.30E+00,3.47E+00,3.70E+00,1.77E+01,,,,,,,,,,,,,,,,,,,,,,,,,,,,,,,,,,,
KO_S18_O1,5,1.04E+01,1.30E+00,3.62E+00,3.84E+00,1.58E+01,,,,,,,,,,,,,,,,,,,,,,,,,,,,,,,,,,,
KO_S18_O1,5,1.05E+01,1.30E+00,3.73E+00,3.95E+00,1.80E+01,,,,,,,,,,,,,,,,,,,,,,,,,,,,,,,,,,,
KO_S18_O1,5,1.05E+01,1.29E+00,3.92E+00,4.13E+00,1.82E+01,,,,,,,,,,,,,,,,,,,,,,,,,,,,,,,,,,,
KO_S18_O1,5,1.05E+01,1.31E+00,4.04E+00,4.24E+00,1.51E+01,,,,,,,,,,,,,,,,,,,,,,,,,,,,,,,,,,,
KO_S18_O1,5,1.05E+01,1.31E+00,4.17E+00,4.37E+00,1.53E+01,,,,,,,,,,,,,,,,,,,,,,,,,,,,,,,,,,,
KO_S18_O1,5,1.05E+01,1.32E+00,4.29E+00,4.49E+00,1.82E+01,,,,,,,,,,,,,,,,,,,,,,,,,,,,,,,,,,,
KO_S18_O1,5,1.05E+01,1.32E+00,4.47E+00,4.66E+00,1.66E+01,,,,,,,,,,,,,,,,,,,,,,,,,,,,,,,,,,,
KO_S18_O1,5,1.05E+01,1.31E+00,4.57E+00,4.75E+00,,,,,,,,,,,,,,,,,,,,,,,,,,,,,,,,,,,,
,,,,,,,,,,,,,,,,,,,,,,,,,,,,,,,,,,,,,,,,,
KO_S18_O2,1,0.00E+00,1.64E+00,2.20E+00,2.74E+00,,,,,,,,,,,,,,,,,,,,,,,,,,,,,,,,,,,,
KO_S18_O2,1,8.34E-03,1.69E+00,2.33E+00,2.88E+00,1.77E+01,,,,,,,,,,,,,,,,,,,,,,,,,,,,,,,,,,,
KO_S18_O2,1,1.67E-02,1.72E+00,2.48E+00,3.02E+00,2.04E+01,,,,,,,,,,,,,,,,,,,,,,,,,,,,,,,,,,,
KO_S18_O2,1,2.50E-02,1.76E+00,2.66E+00,3.19E+00,2.17E+01,,,,,,,,,,,,,,,,,,,,,,,,,,,,,,,,,,,
KO_S18_O2,1,3.34E-02,1.78E+00,2.84E+00,3.35E+00,2.05E+01,,,,,,,,,,,,,,,,,,,,,,,,,,,,,,,,,,,
KO_S18_O2,1,4.17E-02,1.81E+00,3.00E+00,3.51E+00,2.19E+01,,,,,,,,,,,,,,,,,,,,,,,,,,,,,,,,,,,
KO_S18_O2,1,5.01E-02,1.84E+00,3.20E+00,3.69E+00,2.47E+01,,,,,,,,,,,,,,,,,,,,,,,,,,,,,,,,,,,
KO_S18_O2,1,5.84E-02,1.90E+00,3.40E+00,3.90E+00,2.19E+01,,,,,,,,,,,,,,,,,,,,,,,,,,,,,,,,,,,
KO_S18_O2,1,6.67E-02,1.91E+00,3.56E+00,4.04E+00,2.19E+01,,,,,,,,,,,,,,,,,,,,,,,,,,,,,,,,,,,
KO_S18_O2,1,7.51E-02,1.93E+00,3.77E+00,4.23E+00,2.56E+01,,,,,,,,,,,,,,,,,,,,,,,,,,,,,,,,,,,
KO_S18_O2,1,8.34E-02,1.96E+00,3.98E+00,4.44E+00,2.47E+01,,,,,,,,,,,,,,,,,,,,,,,,,,,,,,,,,,,
KO_S18_O2,1,9.18E-02,1.97E+00,4.18E+00,4.62E+00,2.27E+01,,,,,,,,,,,,,,,,,,,,,,,,,,,,,,,,,,,
KO_S18_O2,1,1.00E-01,2.00E+00,4.36E+00,4.80E+00,2.35E+01,,,,,,,,,,,,,,,,,,,,,,,,,,,,,,,,,,,
KO_S18_O2,1,1.08E-01,2.04E+00,4.56E+00,5.00E+00,2.40E+01,,,,,,,,,,,,,,,,,,,,,,,,,,,,,,,,,,,
KO_S18_O2,1,1.17E-01,2.06E+00,4.75E+00,5.18E+00,2.36E+01,,,,,,,,,,,,,,,,,,,,,,,,,,,,,,,,,,,
KO_S18_O2,1,1.25E-01,2.07E+00,4.96E+00,5.37E+00,2.21E+01,,,,,,,,,,,,,,,,,,,,,,,,,,,,,,,,,,,
KO_S18_O2,1,1.33E-01,2.11E+00,5.12E+00,5.53E+00,2.01E+01,,,,,,,,,,,,,,,,,,,,,,,,,,,,,,,,,,,
KO_S18_O2,1,1.42E-01,2.14E+00,5.28E+00,5.70E+00,2.27E+01,,,,,,,,,,,,,,,,,,,,,,,,,,,,,,,,,,,
KO_S18_O2,1,1.50E-01,2.18E+00,5.49E+00,5.91E+00,,,,,,,,,,,,,,,,,,,,,,,,,,,,,,,,,,,,
,,,,,,,,,,,,,,,,,,,,,,,,,,,,,,,,,,,,,,,,,
KO_S18_O2,2,2.01E+00,1.52E+00,1.10E+00,1.87E+00,,,,,,,,,,,,,,,,,,,,,,,,,,,,,,,,,,,,
KO_S18_O2,2,2.02E+00,1.52E+00,1.20E+00,1.94E+00,1.17E+01,,,,,,,,,,,,,,,,,,,,,,,,,,,,,,,,,,,
KO_S18_O2,2,2.03E+00,1.51E+00,1.29E+00,1.99E+00,1.04E+01,,,,,,,,,,,,,,,,,,,,,,,,,,,,,,,,,,,
KO_S18_O2,2,2.04E+00,1.52E+00,1.38E+00,2.05E+00,9.83E+00,,,,,,,,,,,,,,,,,,,,,,,,,,,,,,,,,,,
KO_S18_O2,2,2.04E+00,1.52E+00,1.46E+00,2.11E+00,8.49E+00,,,,,,,,,,,,,,,,,,,,,,,,,,,,,,,,,,,
KO_S18_O2,2,2.05E+00,1.54E+00,1.52E+00,2.16E+00,1.04E+01,,,,,,,,,,,,,,,,,,,,,,,,,,,,,,,,,,,
KO_S18_O2,2,2.06E+00,1.52E+00,1.63E+00,2.23E+00,1.39E+01,,,,,,,,,,,,,,,,,,,,,,,,,,,,,,,,,,,
KO_S18_O2,2,2.07E+00,1.54E+00,1.75E+00,2.33E+00,1.35E+01,,,,,,,,,,,,,,,,,,,,,,,,,,,,,,,,,,,
KO_S18_O2,2,2.08E+00,1.54E+00,1.85E+00,2.41E+00,1.22E+01,,,,,,,,,,,,,,,,,,,,,,,,,,,,,,,,,,,
KO_S18_O2,2,2.09E+00,1.57E+00,1.95E+00,2.50E+00,1.20E+01,,,,,,,,,,,,,,,,,,,,,,,,,,,,,,,,,,,
KO_S18_O2,2,2.09E+00,1.56E+00,2.05E+00,2.58E+00,1.39E+01,,,,,,,,,,,,,,,,,,,,,,,,,,,,,,,,,,,
KO_S18_O2,2,2.10E+00,1.57E+00,2.18E+00,2.68E+00,1.82E+01,,,,,,,,,,,,,,,,,,,,,,,,,,,,,,,,,,,
KO_S18_O2,2,2.11E+00,1.57E+00,2.35E+00,2.83E+00,1.68E+01,,,,,,,,,,,,,,,,,,,,,,,,,,,,,,,,,,,
KO_S18_O2,2,2.12E+00,1.58E+00,2.46E+00,2.93E+00,1.53E+01,,,,,,,,,,,,,,,,,,,,,,,,,,,,,,,,,,,
KO_S18_O2,2,2.13E+00,1.58E+00,2.61E+00,3.05E+00,1.46E+01,,,,,,,,,,,,,,,,,,,,,,,,,,,,,,,,,,,
KO_S18_O2,2,2.14E+00,1.58E+00,2.70E+00,3.13E+00,1.46E+01,,,,,,,,,,,,,,,,,,,,,,,,,,,,,,,,,,,
KO_S18_O2,2,2.14E+00,1.58E+00,2.85E+00,3.26E+00,1.68E+01,,,,,,,,,,,,,,,,,,,,,,,,,,,,,,,,,,,
KO_S18_O2,2,2.15E+00,1.60E+00,2.98E+00,3.38E+00,1.68E+01,,,,,,,,,,,,,,,,,,,,,,,,,,,,,,,,,,,
KO_S18_O2,2,2.16E+00,1.60E+00,3.13E+00,3.52E+00,1.67E+01,,,,,,,,,,,,,,,,,,,,,,,,,,,,,,,,,,,
KO_S18_O2,2,2.17E+00,1.60E+00,3.26E+00,3.63E+00,1.46E+01,,,,,,,,,,,,,,,,,,,,,,,,,,,,,,,,,,,
KO_S18_O2,2,2.18E+00,1.60E+00,3.38E+00,3.74E+00,1.79E+01,,,,,,,,,,,,,,,,,,,,,,,,,,,,,,,,,,,
KO_S18_O2,2,2.19E+00,1.58E+00,3.56E+00,3.90E+00,1.74E+01,,,,,,,,,,,,,,,,,,,,,,,,,,,,,,,,,,,
KO_S18_O2,2,2.19E+00,1.60E+00,3.67E+00,4.00E+00,1.56E+01,,,,,,,,,,,,,,,,,,,,,,,,,,,,,,,,,,,
KO_S18_O2,2,2.20E+00,1.61E+00,3.82E+00,4.15E+00,1.74E+01,,,,,,,,,,,,,,,,,,,,,,,,,,,,,,,,,,,
KO_S18_O2,2,2.21E+00,1.61E+00,3.96E+00,4.27E+00,1.81E+01,,,,,,,,,,,,,,,,,,,,,,,,,,,,,,,,,,,
KO_S18_O2,2,2.22E+00,1.62E+00,4.12E+00,4.43E+00,1.87E+01,,,,,,,,,,,,,,,,,,,,,,,,,,,,,,,,,,,
KO_S18_O2,2,2.23E+00,1.61E+00,4.27E+00,4.56E+00,,,,,,,,,,,,,,,,,,,,,,,,,,,,,,,,,,,,
,,,,,,,,,,,,,,,,,,,,,,,,,,,,,,,,,,,,,,,,,
KO_S18_O2,3,4.05E+00,1.43E+00,7.14E-01,1.60E+00,,,,,,,,,,,,,,,,,,,,,,,,,,,,,,,,,,,,
KO_S18_O2,3,4.05E+00,1.45E+00,8.44E-01,1.68E+00,1.70E+01,,,,,,,,,,,,,,,,,,,,,,,,,,,,,,,,,,,
KO_S18_O2,3,4.06E+00,1.46E+00,9.96E-01,1.77E+00,1.83E+01,,,,,,,,,,,,,,,,,,,,,,,,,,,,,,,,,,,
KO_S18_O2,3,4.07E+00,1.47E+00,1.15E+00,1.87E+00,1.63E+01,,,,,,,,,,,,,,,,,,,,,,,,,,,,,,,,,,,
KO_S18_O2,3,4.08E+00,1.49E+00,1.27E+00,1.96E+00,1.74E+01,,,,,,,,,,,,,,,,,,,,,,,,,,,,,,,,,,,
KO_S18_O2,3,4.09E+00,1.53E+00,1.43E+00,2.09E+00,2.02E+01,,,,,,,,,,,,,,,,,,,,,,,,,,,,,,,,,,,
KO_S18_O2,3,4.10E+00,1.55E+00,1.60E+00,2.22E+00,2.06E+01,,,,,,,,,,,,,,,,,,,,,,,,,,,,,,,,,,,
KO_S18_O2,3,4.10E+00,1.60E+00,1.77E+00,2.39E+00,1.91E+01,,,,,,,,,,,,,,,,,,,,,,,,,,,,,,,,,,,
KO_S18_O2,3,4.11E+00,1.62E+00,1.91E+00,2.50E+00,1.76E+01,,,,,,,,,,,,,,,,,,,,,,,,,,,,,,,,,,,
KO_S18_O2,3,4.12E+00,1.63E+00,2.06E+00,2.63E+00,1.85E+01,,,,,,,,,,,,,,,,,,,,,,,,,,,,,,,,,,,
KO_S18_O2,3,4.13E+00,1.65E+00,2.22E+00,2.76E+00,1.85E+01,,,,,,,,,,,,,,,,,,,,,,,,,,,,,,,,,,,
KO_S18_O2,3,4.14E+00,1.70E+00,2.36E+00,2.91E+00,1.82E+01,,,,,,,,,,,,,,,,,,,,,,,,,,,,,,,,,,,
KO_S18_O2,3,4.15E+00,1.71E+00,2.51E+00,3.04E+00,2.17E+01,,,,,,,,,,,,,,,,,,,,,,,,,,,,,,,,,,,
KO_S18_O2,3,4.15E+00,1.76E+00,2.72E+00,3.24E+00,2.46E+01,,,,,,,,,,,,,,,,,,,,,,,,,,,,,,,,,,,
KO_S18_O2,3,4.16E+00,1.82E+00,2.91E+00,3.43E+00,1.85E+01,,,,,,,,,,,,,,,,,,,,,,,,,,,,,,,,,,,
KO_S18_O2,3,4.17E+00,1.84E+00,3.02E+00,3.53E+00,1.58E+01,,,,,,,,,,,,,,,,,,,,,,,,,,,,,,,,,,,
KO_S18_O2,3,4.18E+00,1.86E+00,3.17E+00,3.68E+00,1.61E+01,,,,,,,,,,,,,,,,,,,,,,,,,,,,,,,,,,,
KO_S18_O2,3,4.19E+00,1.89E+00,3.28E+00,3.79E+00,1.65E+01,,,,,,,,,,,,,,,,,,,,,,,,,,,,,,,,,,,
KO_S18_O2,3,4.20E+00,1.90E+00,3.44E+00,3.93E+00,2.11E+01,,,,,,,,,,,,,,,,,,,,,,,,,,,,,,,,,,,
KO_S18_O2,3,4.20E+00,1.96E+00,3.63E+00,4.12E+00,2.15E+01,,,,,,,,,,,,,,,,,,,,,,,,,,,,,,,,,,,
KO_S18_O2,3,4.21E+00,1.99E+00,3.79E+00,4.28E+00,1.95E+01,,,,,,,,,,,,,,,,,,,,,,,,,,,,,,,,,,,
KO_S18_O2,3,4.22E+00,2.01E+00,3.95E+00,4.43E+00,1.85E+01,,,,,,,,,,,,,,,,,,,,,,,,,,,,,,,,,,,
KO_S18_O2,3,4.23E+00,2.06E+00,4.09E+00,4.58E+00,,,,,,,,,,,,,,,,,,,,,,,,,,,,,,,,,,,,
,,,,,,,,,,,,,,,,,,,,,,,,,,,,,,,,,,,,,,,,,
KO_S18_O2,4,4.42E+00,1.49E+00,9.65E-01,1.78E+00,,,,,,,,,,,,,,,,,,,,,,,,,,,,,,,,,,,,
KO_S18_O2,4,4.43E+00,1.53E+00,1.08E+00,1.87E+00,1.60E+01,,,,,,,,,,,,,,,,,,,,,,,,,,,,,,,,,,,
KO_S18_O2,4,4.44E+00,1.57E+00,1.22E+00,1.99E+00,1.48E+01,,,,,,,,,,,,,,,,,,,,,,,,,,,,,,,,,,,
KO_S18_O2,4,4.45E+00,1.59E+00,1.32E+00,2.06E+00,1.27E+01,,,,,,,,,,,,,,,,,,,,,,,,,,,,,,,,,,,
KO_S18_O2,4,4.45E+00,1.58E+00,1.43E+00,2.13E+00,1.41E+01,,,,,,,,,,,,,,,,,,,,,,,,,,,,,,,,,,,
KO_S18_O2,4,4.46E+00,1.61E+00,1.55E+00,2.24E+00,1.53E+01,,,,,,,,,,,,,,,,,,,,,,,,,,,,,,,,,,,
KO_S18_O2,4,4.47E+00,1.66E+00,1.67E+00,2.36E+00,1.47E+01,,,,,,,,,,,,,,,,,,,,,,,,,,,,,,,,,,,
KO_S18_O2,4,4.48E+00,1.69E+00,1.78E+00,2.46E+00,1.80E+01,,,,,,,,,,,,,,,,,,,,,,,,,,,,,,,,,,,
KO_S18_O2,4,4.49E+00,1.71E+00,1.97E+00,2.61E+00,2.06E+01,,,,,,,,,,,,,,,,,,,,,,,,,,,,,,,,,,,
KO_S18_O2,4,4.50E+00,1.74E+00,2.12E+00,2.74E+00,1.93E+01,,,,,,,,,,,,,,,,,,,,,,,,,,,,,,,,,,,
KO_S18_O2,4,4.50E+00,1.76E+00,2.29E+00,2.89E+00,1.83E+01,,,,,,,,,,,,,,,,,,,,,,,,,,,,,,,,,,,
KO_S18_O2,4,4.51E+00,1.76E+00,2.43E+00,3.00E+00,1.83E+01,,,,,,,,,,,,,,,,,,,,,,,,,,,,,,,,,,,
KO_S18_O2,4,4.52E+00,1.78E+00,2.59E+00,3.15E+00,2.03E+01,,,,,,,,,,,,,,,,,,,,,,,,,,,,,,,,,,,
KO_S18_O2,4,4.53E+00,1.78E+00,2.77E+00,3.29E+00,2.32E+01,,,,,,,,,,,,,,,,,,,,,,,,,,,,,,,,,,,
KO_S18_O2,4,4.54E+00,1.81E+00,2.98E+00,3.48E+00,2.06E+01,,,,,,,,,,,,,,,,,,,,,,,,,,,,,,,,,,,
KO_S18_O2,4,4.55E+00,1.82E+00,3.11E+00,3.60E+00,1.82E+01,,,,,,,,,,,,,,,,,,,,,,,,,,,,,,,,,,,
KO_S18_O2,4,4.55E+00,1.87E+00,3.28E+00,3.77E+00,2.15E+01,,,,,,,,,,,,,,,,,,,,,,,,,,,,,,,,,,,
KO_S18_O2,4,4.56E+00,1.91E+00,3.46E+00,3.95E+00,2.19E+01,,,,,,,,,,,,,,,,,,,,,,,,,,,,,,,,,,,
KO_S18_O2,4,4.57E+00,1.94E+00,3.64E+00,4.12E+00,2.24E+01,,,,,,,,,,,,,,,,,,,,,,,,,,,,,,,,,,,
KO_S18_O2,4,4.58E+00,1.97E+00,3.83E+00,4.30E+00,2.05E+01,,,,,,,,,,,,,,,,,,,,,,,,,,,,,,,,,,,
KO_S18_O2,4,4.59E+00,1.97E+00,3.98E+00,4.44E+00,1.95E+01,,,,,,,,,,,,,,,,,,,,,,,,,,,,,,,,,,,
KO_S18_O2,4,4.60E+00,1.98E+00,4.15E+00,4.60E+00,2.18E+01,,,,,,,,,,,,,,,,,,,,,,,,,,,,,,,,,,,
KO_S18_O2,4,4.60E+00,2.00E+00,4.34E+00,4.78E+00,,,,,,,,,,,,,,,,,,,,,,,,,,,,,,,,,,,,
,,,,,,,,,,,,,,,,,,,,,,,,,,,,,,,,,,,,,,,,,
KO_S18_O2,5,6.51E+00,2.10E+00,8.01E-01,2.25E+00,,,,,,,,,,,,,,,,,,,,,,,,,,,,,,,,,,,,
KO_S18_O2,5,6.51E+00,2.15E+00,8.66E-01,2.32E+00,1.01E+01,,,,,,,,,,,,,,,,,,,,,,,,,,,,,,,,,,,
KO_S18_O2,5,6.52E+00,2.16E+00,9.60E-01,2.37E+00,1.24E+01,,,,,,,,,,,,,,,,,,,,,,,,,,,,,,,,,,,
KO_S18_O2,5,6.53E+00,2.15E+00,1.07E+00,2.40E+00,1.52E+01,,,,,,,,,,,,,,,,,,,,,,,,,,,,,,,,,,,
KO_S18_O2,5,6.54E+00,2.16E+00,1.21E+00,2.48E+00,1.47E+01,,,,,,,,,,,,,,,,,,,,,,,,,,,,,,,,,,,
KO_S18_O2,5,6.55E+00,2.16E+00,1.32E+00,2.53E+00,9.83E+00,,,,,,,,,,,,,,,,,,,,,,,,,,,,,,,,,,,
KO_S18_O2,5,6.56E+00,2.17E+00,1.38E+00,2.57E+00,1.45E+01,,,,,,,,,,,,,,,,,,,,,,,,,,,,,,,,,,,
KO_S18_O2,5,6.56E+00,2.20E+00,1.56E+00,2.70E+00,1.80E+01,,,,,,,,,,,,,,,,,,,,,,,,,,,,,,,,,,,
KO_S18_O2,5,6.57E+00,2.22E+00,1.67E+00,2.78E+00,1.52E+01,,,,,,,,,,,,,,,,,,,,,,,,,,,,,,,,,,,
KO_S18_O2,5,6.58E+00,2.25E+00,1.81E+00,2.88E+00,1.57E+01,,,,,,,,,,,,,,,,,,,,,,,,,,,,,,,,,,,
KO_S18_O2,5,6.59E+00,2.29E+00,1.93E+00,2.99E+00,1.87E+01,,,,,,,,,,,,,,,,,,,,,,,,,,,,,,,,,,,
KO_S18_O2,5,6.60E+00,2.33E+00,2.11E+00,3.14E+00,1.98E+01,,,,,,,,,,,,,,,,,,,,,,,,,,,,,,,,,,,
KO_S18_O2,5,6.61E+00,2.35E+00,2.25E+00,3.26E+00,1.89E+01,,,,,,,,,,,,,,,,,,,,,,,,,,,,,,,,,,,
KO_S18_O2,5,6.61E+00,2.39E+00,2.42E+00,3.40E+00,2.04E+01,,,,,,,,,,,,,,,,,,,,,,,,,,,,,,,,,,,
KO_S18_O2,5,6.62E+00,2.42E+00,2.58E+00,3.54E+00,2.08E+01,,,,,,,,,,,,,,,,,,,,,,,,,,,,,,,,,,,
KO_S18_O2,5,6.63E+00,2.44E+00,2.76E+00,3.68E+00,2.06E+01,,,,,,,,,,,,,,,,,,,,,,,,,,,,,,,,,,,
KO_S18_O2,5,6.64E+00,2.46E+00,2.93E+00,3.82E+00,2.08E+01,,,,,,,,,,,,,,,,,,,,,,,,,,,,,,,,,,,
KO_S18_O2,5,6.65E+00,2.49E+00,3.10E+00,3.98E+00,2.08E+01,,,,,,,,,,,,,,,,,,,,,,,,,,,,,,,,,,,
KO_S18_O2,5,6.66E+00,2.52E+00,3.27E+00,4.13E+00,2.04E+01,,,,,,,,,,,,,,,,,,,,,,,,,,,,,,,,,,,
KO_S18_O2,5,6.66E+00,2.56E+00,3.44E+00,4.29E+00,2.19E+01,,,,,,,,,,,,,,,,,,,,,,,,,,,,,,,,,,,
KO_S18_O2,5,6.67E+00,2.59E+00,3.63E+00,4.46E+00,2.26E+01,,,,,,,,,,,,,,,,,,,,,,,,,,,,,,,,,,,
KO_S18_O2,5,6.68E+00,2.63E+00,3.81E+00,4.63E+00,2.13E+01,,,,,,,,,,,,,,,,,,,,,,,,,,,,,,,,,,,
KO_S18_O2,5,6.69E+00,2.67E+00,3.97E+00,4.79E+00,2.19E+01,,,,,,,,,,,,,,,,,,,,,,,,,,,,,,,,,,,
KO_S18_O2,5,6.70E+00,2.71E+00,4.16E+00,4.97E+00,2.43E+01,,,,,,,,,,,,,,,,,,,,,,,,,,,,,,,,,,,
KO_S18_O2,5,6.71E+00,2.72E+00,4.38E+00,5.15E+00,,,,,,,,,,,,,,,,,,,,,,,,,,,,,,,,,,,,
,,,,,,,,,,,,,,,,,,,,,,,,,,,,,,,,,,,,,,,,,
KO_S29_O1,1,8.34E-03,6.95E-01,3.90E-01,7.97E-01,,,,,,,,,,,,,,,,,,,,,,,,,,,,,,,,,,,,
KO_S29_O1,1,1.67E-02,6.83E-01,4.99E-01,8.45E-01,1.26E+01,,,,,,,,,,,,,,,,,,,,,,,,,,,,,,,,,,,
KO_S29_O1,1,2.50E-02,6.71E-01,5.99E-01,8.99E-01,1.20E+01,,,,,,,,,,,,,,,,,,,,,,,,,,,,,,,,,,,
KO_S29_O1,1,3.34E-02,6.59E-01,6.98E-01,9.60E-01,1.29E+01,,,,,,,,,,,,,,,,,,,,,,,,,,,,,,,,,,,
KO_S29_O1,1,4.17E-02,6.31E-01,8.09E-01,1.03E+00,1.26E+01,,,,,,,,,,,,,,,,,,,,,,,,,,,,,,,,,,,
KO_S29_O1,1,5.01E-02,6.10E-01,9.02E-01,1.09E+00,1.20E+01,,,,,,,,,,,,,,,,,,,,,,,,,,,,,,,,,,,
KO_S29_O1,1,5.84E-02,5.95E-01,1.01E+00,1.17E+00,1.42E+01,,,,,,,,,,,,,,,,,,,,,,,,,,,,,,,,,,,
KO_S29_O1,1,6.67E-02,5.79E-01,1.14E+00,1.28E+00,1.39E+01,,,,,,,,,,,,,,,,,,,,,,,,,,,,,,,,,,,
KO_S29_O1,1,7.51E-02,5.80E-01,1.24E+00,1.37E+00,1.23E+01,,,,,,,,,,,,,,,,,,,,,,,,,,,,,,,,,,,
KO_S29_O1,1,8.34E-02,5.82E-01,1.34E+00,1.46E+00,1.32E+01,,,,,,,,,,,,,,,,,,,,,,,,,,,,,,,,,,,
KO_S29_O1,1,9.18E-02,5.56E-01,1.46E+00,1.56E+00,1.58E+01,,,,,,,,,,,,,,,,,,,,,,,,,,,,,,,,,,,
KO_S29_O1,1,1.00E-01,5.00E-01,1.59E+00,1.67E+00,1.54E+01,,,,,,,,,,,,,,,,,,,,,,,,,,,,,,,,,,,
KO_S29_O1,1,1.08E-01,4.84E-01,1.71E+00,1.77E+00,1.52E+01,,,,,,,,,,,,,,,,,,,,,,,,,,,,,,,,,,,
KO_S29_O1,1,1.17E-01,4.41E-01,1.84E+00,1.89E+00,1.67E+01,,,,,,,,,,,,,,,,,,,,,,,,,,,,,,,,,,,
KO_S29_O1,1,1.25E-01,4.05E-01,1.97E+00,2.01E+00,1.83E+01,,,,,,,,,,,,,,,,,,,,,,,,,,,,,,,,,,,
KO_S29_O1,1,1.33E-01,3.68E-01,2.13E+00,2.17E+00,1.94E+01,,,,,,,,,,,,,,,,,,,,,,,,,,,,,,,,,,,
KO_S29_O1,1,1.42E-01,3.24E-01,2.29E+00,2.31E+00,1.85E+01,,,,,,,,,,,,,,,,,,,,,,,,,,,,,,,,,,,
KO_S29_O1,1,1.50E-01,3.09E-01,2.44E+00,2.46E+00,1.81E+01,,,,,,,,,,,,,,,,,,,,,,,,,,,,,,,,,,,
KO_S29_O1,1,1.58E-01,2.65E-01,2.58E+00,2.60E+00,1.90E+01,,,,,,,,,,,,,,,,,,,,,,,,,,,,,,,,,,,
KO_S29_O1,1,1.67E-01,2.27E-01,2.74E+00,2.75E+00,1.95E+01,,,,,,,,,,,,,,,,,,,,,,,,,,,,,,,,,,,
KO_S29_O1,1,1.75E-01,1.94E-01,2.90E+00,2.91E+00,1.94E+01,,,,,,,,,,,,,,,,,,,,,,,,,,,,,,,,,,,
KO_S29_O1,1,1.84E-01,1.68E-01,3.06E+00,3.07E+00,2.09E+01,,,,,,,,,,,,,,,,,,,,,,,,,,,,,,,,,,,
KO_S29_O1,1,1.92E-01,1.22E-01,3.24E+00,3.25E+00,2.03E+01,,,,,,,,,,,,,,,,,,,,,,,,,,,,,,,,,,,
KO_S29_O1,1,2.00E-01,1.01E-01,3.39E+00,3.39E+00,2.27E+01,,,,,,,,,,,,,,,,,,,,,,,,,,,,,,,,,,,
KO_S29_O1,1,2.09E-01,7.51E-02,3.62E+00,3.62E+00,2.54E+01,,,,,,,,,,,,,,,,,,,,,,,,,,,,,,,,,,,
KO_S29_O1,1,2.17E-01,2.82E-02,3.81E+00,3.81E+00,2.15E+01,,,,,,,,,,,,,,,,,,,,,,,,,,,,,,,,,,,
KO_S29_O1,1,2.25E-01,1.26E-03,3.97E+00,3.97E+00,2.17E+01,,,,,,,,,,,,,,,,,,,,,,,,,,,,,,,,,,,
KO_S29_O1,1,2.34E-01,-3.43E-02,4.17E+00,4.17E+00,2.24E+01,,,,,,,,,,,,,,,,,,,,,,,,,,,,,,,,,,,
KO_S29_O1,1,2.42E-01,-6.00E-02,4.34E+00,4.34E+00,,,,,,,,,,,,,,,,,,,,,,,,,,,,,,,,,,,,
,,,,,,,,,,,,,,,,,,,,,,,,,,,,,,,,,,,,,,,,,
KO_S29_O1,2,3.35E+00,1.19E+00,4.27E-01,1.26E+00,,,,,,,,,,,,,,,,,,,,,,,,,,,,,,,,,,,,
KO_S29_O1,2,3.36E+00,1.19E+00,4.85E-01,1.29E+00,8.54E+00,,,,,,,,,,,,,,,,,,,,,,,,,,,,,,,,,,,
KO_S29_O1,2,3.37E+00,1.21E+00,5.67E-01,1.34E+00,9.58E+00,,,,,,,,,,,,,,,,,,,,,,,,,,,,,,,,,,,
KO_S29_O1,2,3.38E+00,1.24E+00,6.39E-01,1.39E+00,1.04E+01,,,,,,,,,,,,,,,,,,,,,,,,,,,,,,,,,,,
KO_S29_O1,2,3.39E+00,1.27E+00,7.29E-01,1.47E+00,1.05E+01,,,,,,,,,,,,,,,,,,,,,,,,,,,,,,,,,,,
KO_S29_O1,2,3.40E+00,1.29E+00,8.06E-01,1.52E+00,9.42E+00,,,,,,,,,,,,,,,,,,,,,,,,,,,,,,,,,,,
KO_S29_O1,2,3.40E+00,1.30E+00,8.83E-01,1.58E+00,1.00E+01,,,,,,,,,,,,,,,,,,,,,,,,,,,,,,,,,,,
KO_S29_O1,2,3.41E+00,1.33E+00,9.69E-01,1.64E+00,1.19E+01,,,,,,,,,,,,,,,,,,,,,,,,,,,,,,,,,,,
KO_S29_O1,2,3.42E+00,1.35E+00,1.08E+00,1.72E+00,1.28E+01,,,,,,,,,,,,,,,,,,,,,,,,,,,,,,,,,,,
KO_S29_O1,2,3.43E+00,1.38E+00,1.18E+00,1.81E+00,1.17E+01,,,,,,,,,,,,,,,,,,,,,,,,,,,,,,,,,,,
KO_S29_O1,2,3.44E+00,1.40E+00,1.26E+00,1.89E+00,1.18E+01,,,,,,,,,,,,,,,,,,,,,,,,,,,,,,,,,,,
KO_S29_O1,2,3.45E+00,1.43E+00,1.37E+00,1.98E+00,1.15E+01,,,,,,,,,,,,,,,,,,,,,,,,,,,,,,,,,,,
KO_S29_O1,2,3.45E+00,1.45E+00,1.45E+00,2.05E+00,1.24E+01,,,,,,,,,,,,,,,,,,,,,,,,,,,,,,,,,,,
KO_S29_O1,2,3.46E+00,1.46E+00,1.57E+00,2.15E+00,1.58E+01,,,,,,,,,,,,,,,,,,,,,,,,,,,,,,,,,,,
KO_S29_O1,2,3.47E+00,1.48E+00,1.71E+00,2.26E+00,1.24E+01,,,,,,,,,,,,,,,,,,,,,,,,,,,,,,,,,,,
KO_S29_O1,2,3.48E+00,1.48E+00,1.78E+00,2.31E+00,9.22E+00,,,,,,,,,,,,,,,,,,,,,,,,,,,,,,,,,,,
KO_S29_O1,2,3.49E+00,1.53E+00,1.86E+00,2.41E+00,1.34E+01,,,,,,,,,,,,,,,,,,,,,,,,,,,,,,,,,,,
KO_S29_O1,2,3.50E+00,1.56E+00,1.98E+00,2.53E+00,1.66E+01,,,,,,,,,,,,,,,,,,,,,,,,,,,,,,,,,,,
KO_S29_O1,2,3.50E+00,1.57E+00,2.13E+00,2.65E+00,1.59E+01,,,,,,,,,,,,,,,,,,,,,,,,,,,,,,,,,,,
KO_S29_O1,2,3.51E+00,1.59E+00,2.25E+00,2.75E+00,1.60E+01,,,,,,,,,,,,,,,,,,,,,,,,,,,,,,,,,,,
KO_S29_O1,2,3.52E+00,1.63E+00,2.39E+00,2.90E+00,1.63E+01,,,,,,,,,,,,,,,,,,,,,,,,,,,,,,,,,,,
KO_S29_O1,2,3.53E+00,1.65E+00,2.51E+00,3.01E+00,1.27E+01,,,,,,,,,,,,,,,,,,,,,,,,,,,,,,,,,,,
KO_S29_O1,2,3.54E+00,1.67E+00,2.60E+00,3.09E+00,1.12E+01,,,,,,,,,,,,,,,,,,,,,,,,,,,,,,,,,,,
KO_S29_O1,2,3.55E+00,1.70E+00,2.69E+00,3.18E+00,9.80E+00,,,,,,,,,,,,,,,,,,,,,,,,,,,,,,,,,,,
KO_S29_O1,2,3.55E+00,1.68E+00,2.76E+00,3.24E+00,1.14E+01,,,,,,,,,,,,,,,,,,,,,,,,,,,,,,,,,,,
KO_S29_O1,2,3.56E+00,1.71E+00,2.88E+00,3.35E+00,1.49E+01,,,,,,,,,,,,,,,,,,,,,,,,,,,,,,,,,,,
KO_S29_O1,2,3.57E+00,1.74E+00,3.01E+00,3.47E+00,1.35E+01,,,,,,,,,,,,,,,,,,,,,,,,,,,,,,,,,,,
KO_S29_O1,2,3.58E+00,1.78E+00,3.10E+00,3.58E+00,1.17E+01,,,,,,,,,,,,,,,,,,,,,,,,,,,,,,,,,,,
KO_S29_O1,2,3.59E+00,1.80E+00,3.19E+00,3.67E+00,1.23E+01,,,,,,,,,,,,,,,,,,,,,,,,,,,,,,,,,,,
KO_S29_O1,2,3.60E+00,1.84E+00,3.29E+00,3.78E+00,1.30E+01,,,,,,,,,,,,,,,,,,,,,,,,,,,,,,,,,,,
KO_S29_O1,2,3.60E+00,1.84E+00,3.40E+00,3.87E+00,1.13E+01,,,,,,,,,,,,,,,,,,,,,,,,,,,,,,,,,,,
KO_S29_O1,2,3.61E+00,1.85E+00,3.48E+00,3.95E+00,1.26E+01,,,,,,,,,,,,,,,,,,,,,,,,,,,,,,,,,,,
KO_S29_O1,2,3.62E+00,1.83E+00,3.61E+00,4.05E+00,,,,,,,,,,,,,,,,,,,,,,,,,,,,,,,,,,,,
,,,,,,,,,,,,,,,,,,,,,,,,,,,,,,,,,,,,,,,,,
KO_S29_O1,3,7.51E-02,1.39E+00,5.97E-01,1.51E+00,,,,,,,,,,,,,,,,,,,,,,,,,,,,,,,,,,,,
KO_S29_O1,3,8.34E-02,1.39E+00,6.95E-01,1.55E+00,1.24E+01,,,,,,,,,,,,,,,,,,,,,,,,,,,,,,,,,,,
KO_S29_O1,3,9.18E-02,1.40E+00,8.03E-01,1.61E+00,1.14E+01,,,,,,,,,,,,,,,,,,,,,,,,,,,,,,,,,,,
KO_S29_O1,3,1.00E-01,1.40E+00,8.85E-01,1.66E+00,1.11E+01,,,,,,,,,,,,,,,,,,,,,,,,,,,,,,,,,,,
KO_S29_O1,3,1.08E-01,1.42E+00,9.87E-01,1.73E+00,1.23E+01,,,,,,,,,,,,,,,,,,,,,,,,,,,,,,,,,,,
KO_S29_O1,3,1.17E-01,1.43E+00,1.09E+00,1.80E+00,1.21E+01,,,,,,,,,,,,,,,,,,,,,,,,,,,,,,,,,,,
KO_S29_O1,3,1.25E-01,1.45E+00,1.19E+00,1.87E+00,1.18E+01,,,,,,,,,,,,,,,,,,,,,,,,,,,,,,,,,,,
KO_S29_O1,3,1.33E-01,1.48E+00,1.28E+00,1.95E+00,1.14E+01,,,,,,,,,,,,,,,,,,,,,,,,,,,,,,,,,,,
KO_S29_O1,3,1.42E-01,1.50E+00,1.37E+00,2.03E+00,1.12E+01,,,,,,,,,,,,,,,,,,,,,,,,,,,,,,,,,,,
KO_S29_O1,3,1.50E-01,1.51E+00,1.46E+00,2.10E+00,1.29E+01,,,,,,,,,,,,,,,,,,,,,,,,,,,,,,,,,,,
KO_S29_O1,3,1.58E-01,1.52E+00,1.59E+00,2.19E+00,1.36E+01,,,,,,,,,,,,,,,,,,,,,,,,,,,,,,,,,,,
KO_S29_O1,3,1.67E-01,1.54E+00,1.69E+00,2.28E+00,1.11E+01,,,,,,,,,,,,,,,,,,,,,,,,,,,,,,,,,,,
KO_S29_O1,3,1.75E-01,1.56E+00,1.77E+00,2.35E+00,1.21E+01,,,,,,,,,,,,,,,,,,,,,,,,,,,,,,,,,,,
KO_S29_O1,3,1.84E-01,1.58E+00,1.89E+00,2.46E+00,1.35E+01,,,,,,,,,,,,,,,,,,,,,,,,,,,,,,,,,,,
KO_S29_O1,3,1.92E-01,1.60E+00,1.99E+00,2.55E+00,1.34E+01,,,,,,,,,,,,,,,,,,,,,,,,,,,,,,,,,,,
KO_S29_O1,3,2.00E-01,1.63E+00,2.10E+00,2.66E+00,1.43E+01,,,,,,,,,,,,,,,,,,,,,,,,,,,,,,,,,,,
KO_S29_O1,3,2.09E-01,1.66E+00,2.22E+00,2.77E+00,1.26E+01,,,,,,,,,,,,,,,,,,,,,,,,,,,,,,,,,,,
KO_S29_O1,3,2.17E-01,1.70E+00,2.30E+00,2.86E+00,1.19E+01,,,,,,,,,,,,,,,,,,,,,,,,,,,,,,,,,,,
KO_S29_O1,3,2.25E-01,1.72E+00,2.41E+00,2.96E+00,1.33E+01,,,,,,,,,,,,,,,,,,,,,,,,,,,,,,,,,,,
KO_S29_O1,3,2.34E-01,1.74E+00,2.52E+00,3.06E+00,1.48E+01,,,,,,,,,,,,,,,,,,,,,,,,,,,,,,,,,,,
KO_S29_O1,3,2.42E-01,1.77E+00,2.65E+00,3.19E+00,1.50E+01,,,,,,,,,,,,,,,,,,,,,,,,,,,,,,,,,,,
KO_S29_O1,3,2.50E-01,1.78E+00,2.77E+00,3.29E+00,1.37E+01,,,,,,,,,,,,,,,,,,,,,,,,,,,,,,,,,,,
KO_S29_O1,3,2.59E-01,1.80E+00,2.88E+00,3.39E+00,1.56E+01,,,,,,,,,,,,,,,,,,,,,,,,,,,,,,,,,,,
KO_S29_O1,3,2.67E-01,1.82E+00,3.02E+00,3.53E+00,1.52E+01,,,,,,,,,,,,,,,,,,,,,,,,,,,,,,,,,,,
KO_S29_O1,3,2.75E-01,1.84E+00,3.13E+00,3.63E+00,1.33E+01,,,,,,,,,,,,,,,,,,,,,,,,,,,,,,,,,,,
KO_S29_O1,3,2.84E-01,1.87E+00,3.24E+00,3.74E+00,1.24E+01,,,,,,,,,,,,,,,,,,,,,,,,,,,,,,,,,,,
KO_S29_O1,3,2.92E-01,1.89E+00,3.33E+00,3.83E+00,1.39E+01,,,,,,,,,,,,,,,,,,,,,,,,,,,,,,,,,,,
KO_S29_O1,3,3.00E-01,1.93E+00,3.46E+00,3.97E+00,1.78E+01,,,,,,,,,,,,,,,,,,,,,,,,,,,,,,,,,,,
KO_S29_O1,3,3.09E-01,1.94E+00,3.62E+00,4.11E+00,2.19E+01,,,,,,,,,,,,,,,,,,,,,,,,,,,,,,,,,,,
KO_S29_O1,3,3.17E-01,2.01E+00,3.82E+00,4.32E+00,,,,,,,,,,,,,,,,,,,,,,,,,,,,,,,,,,,,
,,,,,,,,,,,,,,,,,,,,,,,,,,,,,,,,,,,,,,,,,
KO_S29_O1,4,1.79E+00,2.31E+00,7.55E-01,2.43E+00,,,,,,,,,,,,,,,,,,,,,,,,,,,,,,,,,,,,
KO_S29_O1,4,1.79E+00,2.32E+00,8.98E-01,2.49E+00,1.30E+01,,,,,,,,,,,,,,,,,,,,,,,,,,,,,,,,,,,
KO_S29_O1,4,1.80E+00,2.32E+00,9.72E-01,2.52E+00,1.21E+01,,,,,,,,,,,,,,,,,,,,,,,,,,,,,,,,,,,
KO_S29_O1,4,1.81E+00,2.34E+00,1.10E+00,2.59E+00,1.49E+01,,,,,,,,,,,,,,,,,,,,,,,,,,,,,,,,,,,
KO_S29_O1,4,1.82E+00,2.35E+00,1.22E+00,2.65E+00,1.33E+01,,,,,,,,,,,,,,,,,,,,,,,,,,,,,,,,,,,
KO_S29_O1,4,1.83E+00,2.37E+00,1.32E+00,2.71E+00,1.43E+01,,,,,,,,,,,,,,,,,,,,,,,,,,,,,,,,,,,
KO_S29_O1,4,1.84E+00,2.38E+00,1.46E+00,2.79E+00,1.62E+01,,,,,,,,,,,,,,,,,,,,,,,,,,,,,,,,,,,
KO_S29_O1,4,1.84E+00,2.40E+00,1.59E+00,2.88E+00,1.60E+01,,,,,,,,,,,,,,,,,,,,,,,,,,,,,,,,,,,
KO_S29_O1,4,1.85E+00,2.43E+00,1.72E+00,2.98E+00,1.58E+01,,,,,,,,,,,,,,,,,,,,,,,,,,,,,,,,,,,
KO_S29_O1,4,1.86E+00,2.44E+00,1.85E+00,3.06E+00,1.84E+01,,,,,,,,,,,,,,,,,,,,,,,,,,,,,,,,,,,
KO_S29_O1,4,1.87E+00,2.47E+00,2.02E+00,3.19E+00,2.00E+01,,,,,,,,,,,,,,,,,,,,,,,,,,,,,,,,,,,
KO_S29_O1,4,1.88E+00,2.51E+00,2.17E+00,3.32E+00,1.83E+01,,,,,,,,,,,,,,,,,,,,,,,,,,,,,,,,,,,
KO_S29_O1,4,1.89E+00,2.54E+00,2.32E+00,3.44E+00,1.83E+01,,,,,,,,,,,,,,,,,,,,,,,,,,,,,,,,,,,
KO_S29_O1,4,1.89E+00,2.56E+00,2.48E+00,3.56E+00,1.67E+01,,,,,,,,,,,,,,,,,,,,,,,,,,,,,,,,,,,
KO_S29_O1,4,1.90E+00,2.57E+00,2.60E+00,3.65E+00,1.54E+01,,,,,,,,,,,,,,,,,,,,,,,,,,,,,,,,,,,
KO_S29_O1,4,1.91E+00,2.59E+00,2.73E+00,3.76E+00,1.66E+01,,,,,,,,,,,,,,,,,,,,,,,,,,,,,,,,,,,
KO_S29_O1,4,1.92E+00,2.59E+00,2.87E+00,3.87E+00,1.62E+01,,,,,,,,,,,,,,,,,,,,,,,,,,,,,,,,,,,
KO_S29_O1,4,1.93E+00,2.58E+00,3.00E+00,3.96E+00,1.51E+01,,,,,,,,,,,,,,,,,,,,,,,,,,,,,,,,,,,
KO_S29_O1,4,1.94E+00,2.56E+00,3.12E+00,4.04E+00,1.42E+01,,,,,,,,,,,,,,,,,,,,,,,,,,,,,,,,,,,
KO_S29_O1,4,1.94E+00,2.55E+00,3.24E+00,4.12E+00,1.45E+01,,,,,,,,,,,,,,,,,,,,,,,,,,,,,,,,,,,
KO_S29_O1,4,1.95E+00,2.55E+00,3.37E+00,4.22E+00,1.36E+01,,,,,,,,,,,,,,,,,,,,,,,,,,,,,,,,,,,
KO_S29_O1,4,1.96E+00,2.54E+00,3.46E+00,4.30E+00,1.30E+01,,,,,,,,,,,,,,,,,,,,,,,,,,,,,,,,,,,
KO_S29_O1,4,1.97E+00,2.56E+00,3.58E+00,4.40E+00,1.28E+01,,,,,,,,,,,,,,,,,,,,,,,,,,,,,,,,,,,
KO_S29_O1,4,1.98E+00,2.58E+00,3.67E+00,4.49E+00,1.31E+01,1st vid,,,,,,,,,,,,,,,,,,,,,,,,,,,,,,,,,,
KO_S29_O1,4,1.99E+00,2.60E+00,3.80E+00,4.60E+00,1.35E+01,,,,,,,,,,,,,,,,,,,,,,,,,,,,,,,,,,,
KO_S29_O1,4,1.99E+00,2.61E+00,3.90E+00,4.69E+00,1.34E+01,,,,,,,,,,,,,,,,,,,,,,,,,,,,,,,,,,,
KO_S29_O1,4,2.00E+00,2.60E+00,4.02E+00,4.79E+00,,,,,,,,,,,,,,,,,,,,,,,,,,,,,,,,,,,,
,,,,,,,,,,,,,,,,,,,,,,,,,,,,,,,,,,,,,,,,,
KO_S29_O1,5,1.84E-01,1.41E+00,1.92E+00,2.38E+00,,,,,,,,,,,,,,,,,,,,,,,,,,,,,,,,,,,,
KO_S29_O1,5,1.92E-01,1.43E+00,2.04E+00,2.49E+00,1.32E+01,,,,,,,,,,,,,,,,,,,,,,,,,,,,,,,,,,,
KO_S29_O1,5,2.00E-01,1.44E+00,2.14E+00,2.58E+00,1.36E+01,,,,,,,,,,,,,,,,,,,,,,,,,,,,,,,,,,,
KO_S29_O1,5,2.09E-01,1.45E+00,2.26E+00,2.69E+00,1.53E+01,,,,,,,,,,,,,,,,,,,,,,,,,,,,,,,,,,,
KO_S29_O1,5,2.17E-01,1.46E+00,2.39E+00,2.80E+00,1.36E+01,,,,,,,,,,,,,,,,,,,,,,,,,,,,,,,,,,,
KO_S29_O1,5,2.25E-01,1.47E+00,2.49E+00,2.89E+00,1.36E+01,,,,,,,,,,,,,,,,,,,,,,,,,,,,,,,,,,,
KO_S29_O1,5,2.34E-01,1.47E+00,2.62E+00,3.01E+00,1.50E+01,,,,,,,,,,,,,,,,,,,,,,,,,,,,,,,,,,,
KO_S29_O1,5,2.42E-01,1.49E+00,2.74E+00,3.12E+00,1.52E+01,,,,,,,,,,,,,,,,,,,,,,,,,,,,,,,,,,,
KO_S29_O1,5,2.50E-01,1.51E+00,2.87E+00,3.24E+00,1.50E+01,,,,,,,,,,,,,,,,,,,,,,,,,,,,,,,,,,,
KO_S29_O1,5,2.59E-01,1.50E+00,2.99E+00,3.34E+00,1.56E+01,,,,,,,,,,,,,,,,,,,,,,,,,,,,,,,,,,,
KO_S29_O1,5,2.67E-01,1.53E+00,3.13E+00,3.49E+00,1.53E+01,,,,,,,,,,,,,,,,,,,,,,,,,,,,,,,,,,,
KO_S29_O1,5,2.75E-01,1.53E+00,3.24E+00,3.58E+00,1.40E+01,,,,,,,,,,,,,,,,,,,,,,,,,,,,,,,,,,,
KO_S29_O1,5,2.84E-01,1.54E+00,3.37E+00,3.70E+00,1.47E+01,,,,,,,,,,,,,,,,,,,,,,,,,,,,,,,,,,,
KO_S29_O1,5,2.92E-01,1.54E+00,3.48E+00,3.81E+00,1.35E+01,,,,,,,,,,,,,,,,,,,,,,,,,,,,,,,,,,,
KO_S29_O1,5,3.00E-01,1.53E+00,3.59E+00,3.90E+00,1.22E+01,,,,,,,,,,,,,,,,,,,,,,,,,,,,,,,,,,,
KO_S29_O1,5,3.09E-01,1.53E+00,3.69E+00,3.99E+00,1.21E+01,,,,,,,,,,,,,,,,,,,,,,,,,,,,,,,,,,,
KO_S29_O1,5,3.17E-01,1.53E+00,3.79E+00,4.09E+00,1.45E+01,,,,,,,,,,,,,,,,,,,,,,,,,,,,,,,,,,,
KO_S29_O1,5,3.25E-01,1.52E+00,3.93E+00,4.21E+00,1.39E+01,,,,,,,,,,,,,,,,,,,,,,,,,,,,,,,,,,,
KO_S29_O1,5,3.34E-01,1.49E+00,4.02E+00,4.29E+00,1.38E+01,,,,,,,,,,,,,,,,,,,,,,,,,,,,,,,,,,,
KO_S29_O1,5,3.42E-01,1.49E+00,4.16E+00,4.42E+00,1.41E+01,,,,,,,,,,,,,,,,,,,,,,,,,,,,,,,,,,,
KO_S29_O1,5,3.50E-01,1.49E+00,4.26E+00,4.51E+00,1.27E+01,,,,,,,,,,,,,,,,,,,,,,,,,,,,,,,,,,,
KO_S29_O1,5,3.59E-01,1.49E+00,4.37E+00,4.62E+00,1.47E+01,,,,,,,,,,,,,,,,,,,,,,,,,,,,,,,,,,,
KO_S29_O1,5,3.67E-01,1.47E+00,4.50E+00,4.73E+00,1.44E+01,,,,,,,,,,,,,,,,,,,,,,,,,,,,,,,,,,,
KO_S29_O1,5,3.75E-01,1.47E+00,4.61E+00,4.84E+00,1.30E+01,,,,,,,,,,,,,,,,,,,,,,,,,,,,,,,,,,,
KO_S29_O1,5,3.84E-01,1.47E+00,4.72E+00,4.94E+00,1.22E+01,,,,,,,,,,,,,,,,,,,,,,,,,,,,,,,,,,,
KO_S29_O1,5,3.92E-01,1.46E+00,4.81E+00,5.03E+00,1.21E+01,1st vid,,,,,,,,,,,,,,,,,,,,,,,,,,,,,,,,,,
KO_S29_O1,5,4.00E-01,1.47E+00,4.92E+00,5.13E+00,1.31E+01,,,,,,,,,,,,,,,,,,,,,,,,,,,,,,,,,,,
KO_S29_O1,5,4.09E-01,1.45E+00,5.03E+00,5.24E+00,1.24E+01,,,,,,,,,,,,,,,,,,,,,,,,,,,,,,,,,,,
KO_S29_O1,5,4.17E-01,1.47E+00,5.13E+00,5.33E+00,,,,,,,,,,,,,,,,,,,,,,,,,,,,,,,,,,,,
,,,,,,,,,,,,,,,,,,,,,,,,,,,,,,,,,,,,,,,,,
KO_S30_O1,1,1.37E+00,1.22E+00,1.01E+00,1.58E+00,,,,,,,,,,,,,,,,,,,,,,,,,,,,,,,,,,,,
KO_S30_O1,1,1.38E+00,1.23E+00,1.11E+00,1.66E+00,1.45E+01,,,,,,,,,,,,,,,,,,,,,,,,,,,,,,,,,,,
KO_S30_O1,1,1.38E+00,1.22E+00,1.25E+00,1.75E+00,1.50E+01,,,,,,,,,,,,,,,,,,,,,,,,,,,,,,,,,,,
KO_S30_O1,1,1.39E+00,1.23E+00,1.36E+00,1.83E+00,1.49E+01,,,,,,,,,,,,,,,,,,,,,,,,,,,,,,,,,,,
KO_S30_O1,1,1.40E+00,1.24E+00,1.50E+00,1.94E+00,1.59E+01,,,,,,,,,,,,,,,,,,,,,,,,,,,,,,,,,,,
KO_S30_O1,1,1.41E+00,1.26E+00,1.63E+00,2.06E+00,1.45E+01,,,,,,,,,,,,,,,,,,,,,,,,,,,,,,,,,,,
KO_S30_O1,1,1.42E+00,1.26E+00,1.74E+00,2.14E+00,1.40E+01,,,,,,,,,,,,,,,,,,,,,,,,,,,,,,,,,,,
KO_S30_O1,1,1.43E+00,1.27E+00,1.86E+00,2.25E+00,1.31E+01,,,,,,,,,,,,,,,,,,,,,,,,,,,,,,,,,,,
KO_S30_O1,1,1.43E+00,1.27E+00,1.95E+00,2.33E+00,1.31E+01,,,,,,,,,,,,,,,,,,,,,,,,,,,,,,,,,,,
KO_S30_O1,1,1.44E+00,1.28E+00,2.08E+00,2.44E+00,1.40E+01,,,,,,,,,,,,,,,,,,,,,,,,,,,,,,,,,,,
KO_S30_O1,1,1.45E+00,1.28E+00,2.19E+00,2.54E+00,1.40E+01,,,,,,,,,,,,,,,,,,,,,,,,,,,,,,,,,,,
KO_S30_O1,1,1.46E+00,1.28E+00,2.31E+00,2.64E+00,1.45E+01,,,,,,,,,,,,,,,,,,,,,,,,,,,,,,,,,,,
KO_S30_O1,1,1.47E+00,1.29E+00,2.43E+00,2.75E+00,1.31E+01,,,,,,,,,,,,,,,,,,,,,,,,,,,,,,,,,,,
KO_S30_O1,1,1.48E+00,1.31E+00,2.53E+00,2.85E+00,1.24E+01,,,,,,,,,,,,,,,,,,,,,,,,,,,,,,,,,,,
KO_S30_O1,1,1.48E+00,1.34E+00,2.63E+00,2.95E+00,1.22E+01,,,,,,,,,,,,,,,,,,,,,,,,,,,,,,,,,,,
KO_S30_O1,1,1.49E+00,1.35E+00,2.73E+00,3.05E+00,1.21E+01,,,,,,,,,,,,,,,,,,,,,,,,,,,,,,,,,,,
KO_S30_O1,1,1.50E+00,1.36E+00,2.83E+00,3.14E+00,1.26E+01,,,,,,,,,,,,,,,,,,,,,,,,,,,,,,,,,,,
KO_S30_O1,1,1.51E+00,1.37E+00,2.94E+00,3.24E+00,1.21E+01,,,,,,,,,,,,,,,,,,,,,,,,,,,,,,,,,,,
KO_S30_O1,1,1.52E+00,1.38E+00,3.03E+00,3.33E+00,1.17E+01,,,,,,,,,,,,,,,,,,,,,,,,,,,,,,,,,,,
KO_S30_O1,1,1.53E+00,1.39E+00,3.13E+00,3.43E+00,1.17E+01,,,,,,,,,,,,,,,,,,,,,,,,,,,,,,,,,,,
KO_S30_O1,1,1.53E+00,1.39E+00,3.23E+00,3.51E+00,1.12E+01,,,,,,,,,,,,,,,,,,,,,,,,,,,,,,,,,,,
KO_S30_O1,1,1.54E+00,1.40E+00,3.32E+00,3.60E+00,1.03E+01,,,,,,,,,,,,,,,,,,,,,,,,,,,,,,,,,,,
KO_S30_O1,1,1.55E+00,1.40E+00,3.40E+00,3.67E+00,8.42E+00,,,,,,,,,,,,,,,,,,,,,,,,,,,,,,,,,,,
KO_S30_O1,1,1.56E+00,1.40E+00,3.46E+00,3.73E+00,7.94E+00,,,,,,,,,,,,,,,,,,,,,,,,,,,,,,,,,,,
KO_S30_O1,1,1.57E+00,1.41E+00,3.53E+00,3.80E+00,8.40E+00,,,,,,,,,,,,,,,,,,,,,,,,,,,,,,,,,,,
KO_S30_O1,1,1.58E+00,1.42E+00,3.60E+00,3.87E+00,8.88E+00,,,,,,,,,,,,,,,,,,,,,,,,,,,,,,,,,,,
KO_S30_O1,1,1.58E+00,1.41E+00,3.68E+00,3.94E+00,1.03E+01,,,,,,,,,,,,,,,,,,,,,,,,,,,,,,,,,,,
KO_S30_O1,1,1.59E+00,1.41E+00,3.77E+00,4.03E+00,1.04E+01,,,,,,,,,,,,,,,,,,,,,,,,,,,,,,,,,,,
KO_S30_O1,1,1.60E+00,1.45E+00,3.85E+00,4.11E+00,1.22E+01,,,,,,,,,,,,,,,,,,,,,,,,,,,,,,,,,,,
KO_S30_O1,1,1.61E+00,1.45E+00,3.97E+00,4.23E+00,1.27E+01,2nd video,,,,,,,,,,,,,,,,,,,,,,,,,,,,,,,,,,
KO_S30_O1,1,1.62E+00,1.44E+00,4.06E+00,4.31E+00,1.12E+01,,,,,,,,,,,,,,,,,,,,,,,,,,,,,,,,,,,
KO_S30_O1,1,1.63E+00,1.45E+00,4.16E+00,4.41E+00,,,,,,,,,,,,,,,,,,,,,,,,,,,,,,,,,,,,
,,,,,,,,,,,,,,,,,,,,,,,,,,,,,,,,,,,,,,,,,
KO_S30_O1,2,5.88E+00,1.85E+00,1.07E+00,2.14E+00,,,,,,,,,,,,,,,,,,,,,,,,,,,,,,,,,,,,
KO_S30_O1,2,5.89E+00,1.86E+00,1.16E+00,2.19E+00,1.36E+01,,,,,,,,,,,,,,,,,,,,,,,,,,,,,,,,,,,
KO_S30_O1,2,5.90E+00,1.85E+00,1.30E+00,2.26E+00,1.41E+01,,,,,,,,,,,,,,,,,,,,,,,,,,,,,,,,,,,
KO_S30_O1,2,5.91E+00,1.85E+00,1.40E+00,2.32E+00,1.39E+01,,,,,,,,,,,,,,,,,,,,,,,,,,,,,,,,,,,
KO_S30_O1,2,5.91E+00,1.82E+00,1.53E+00,2.37E+00,1.58E+01,,,,,,,,,,,,,,,,,,,,,,,,,,,,,,,,,,,
KO_S30_O1,2,5.92E+00,1.81E+00,1.66E+00,2.46E+00,1.51E+01,,,,,,,,,,,,,,,,,,,,,,,,,,,,,,,,,,,
KO_S30_O1,2,5.93E+00,1.81E+00,1.78E+00,2.54E+00,1.46E+01,,,,,,,,,,,,,,,,,,,,,,,,,,,,,,,,,,,
KO_S30_O1,2,5.94E+00,1.80E+00,1.90E+00,2.62E+00,1.50E+01,,,,,,,,,,,,,,,,,,,,,,,,,,,,,,,,,,,
KO_S30_O1,2,5.95E+00,1.80E+00,2.03E+00,2.71E+00,1.31E+01,,,,,,,,,,,,,,,,,,,,,,,,,,,,,,,,,,,
KO_S30_O1,2,5.96E+00,1.80E+00,2.12E+00,2.78E+00,1.12E+01,,,,,,,,,,,,,,,,,,,,,,,,,,,,,,,,,,,
KO_S30_O1,2,5.96E+00,1.80E+00,2.22E+00,2.86E+00,1.36E+01,,,,,,,,,,,,,,,,,,,,,,,,,,,,,,,,,,,
KO_S30_O1,2,5.97E+00,1.80E+00,2.35E+00,2.96E+00,1.45E+01,,,,,,,,,,,,,,,,,,,,,,,,,,,,,,,,,,,
KO_S30_O1,2,5.98E+00,1.80E+00,2.46E+00,3.05E+00,1.17E+01,,,,,,,,,,,,,,,,,,,,,,,,,,,,,,,,,,,
KO_S30_O1,2,5.99E+00,1.80E+00,2.54E+00,3.12E+00,1.17E+01,,,,,,,,,,,,,,,,,,,,,,,,,,,,,,,,,,,
KO_S30_O1,2,6.00E+00,1.81E+00,2.65E+00,3.21E+00,1.49E+01,,,,,,,,,,,,,,,,,,,,,,,,,,,,,,,,,,,
KO_S30_O1,2,6.01E+00,1.82E+00,2.79E+00,3.33E+00,1.59E+01,,,,,,,,,,,,,,,,,,,,,,,,,,,,,,,,,,,
KO_S30_O1,2,6.01E+00,1.81E+00,2.92E+00,3.44E+00,1.29E+01,,,,,,,,,,,,,,,,,,,,,,,,,,,,,,,,,,,
KO_S30_O1,2,6.02E+00,1.79E+00,3.01E+00,3.50E+00,1.20E+01,,,,,,,,,,,,,,,,,,,,,,,,,,,,,,,,,,,
KO_S30_O1,2,6.03E+00,1.78E+00,3.12E+00,3.59E+00,1.58E+01,,,,,,,,,,,,,,,,,,,,,,,,,,,,,,,,,,,
KO_S30_O1,2,6.04E+00,1.76E+00,3.27E+00,3.71E+00,1.67E+01,,,,,,,,,,,,,,,,,,,,,,,,,,,,,,,,,,,
KO_S30_O1,2,6.05E+00,1.72E+00,3.39E+00,3.80E+00,1.49E+01,,,,,,,,,,,,,,,,,,,,,,,,,,,,,,,,,,,
KO_S30_O1,2,6.06E+00,1.69E+00,3.51E+00,3.89E+00,1.61E+01,,,,,,,,,,,,,,,,,,,,,,,,,,,,,,,,,,,
KO_S30_O1,2,6.06E+00,1.64E+00,3.64E+00,4.00E+00,1.59E+01,,,,,,,,,,,,,,,,,,,,,,,,,,,,,,,,,,,
KO_S30_O1,2,6.07E+00,1.58E+00,3.75E+00,4.07E+00,1.76E+01,,,,,,,,,,,,,,,,,,,,,,,,,,,,,,,,,,,
KO_S30_O1,2,6.08E+00,1.55E+00,3.92E+00,4.22E+00,1.71E+01,,,,,,,,,,,,,,,,,,,,,,,,,,,,,,,,,,,
KO_S30_O1,2,6.09E+00,1.52E+00,4.03E+00,4.31E+00,,,,,,,,,,,,,,,,,,,,,,,,,,,,,,,,,,,,
,,,,,,,,,,,,,,,,,,,,,,,,,,,,,,,,,,,,,,,,,
KO_S30_O1,3,1.00E+01,2.57E+00,4.35E-01,2.60E+00,,,,,,,,,,,,,,,,,,,,,,,,,,,,,,,,,,,,
KO_S30_O1,3,1.00E+01,2.56E+00,6.07E-01,2.63E+00,2.06E+01,,,,,,,,,,,,,,,,,,,,,,,,,,,,,,,,,,,
KO_S30_O1,3,1.00E+01,2.57E+00,7.79E-01,2.69E+00,2.19E+01,,,,,,,,,,,,,,,,,,,,,,,,,,,,,,,,,,,
KO_S30_O1,3,1.01E+01,2.59E+00,9.73E-01,2.76E+00,1.96E+01,,,,,,,,,,,,,,,,,,,,,,,,,,,,,,,,,,,
KO_S30_O1,3,1.01E+01,2.60E+00,1.10E+00,2.83E+00,1.73E+01,,,,,,,,,,,,,,,,,,,,,,,,,,,,,,,,,,,
KO_S30_O1,3,1.01E+01,2.60E+00,1.26E+00,2.89E+00,1.82E+01,,,,,,,,,,,,,,,,,,,,,,,,,,,,,,,,,,,
KO_S30_O1,3,1.01E+01,2.61E+00,1.41E+00,2.97E+00,1.82E+01,,,,,,,,,,,,,,,,,,,,,,,,,,,,,,,,,,,
KO_S30_O1,3,1.01E+01,2.62E+00,1.56E+00,3.05E+00,1.78E+01,,,,,,,,,,,,,,,,,,,,,,,,,,,,,,,,,,,
KO_S30_O1,3,1.01E+01,2.65E+00,1.70E+00,3.15E+00,1.93E+01,,,,,,,,,,,,,,,,,,,,,,,,,,,,,,,,,,,
KO_S30_O1,3,1.01E+01,2.68E+00,1.88E+00,3.28E+00,2.01E+01,,,,,,,,,,,,,,,,,,,,,,,,,,,,,,,,,,,
KO_S30_O1,3,1.01E+01,2.69E+00,2.03E+00,3.38E+00,1.91E+01,,,,,,,,,,,,,,,,,,,,,,,,,,,,,,,,,,,
KO_S30_O1,3,1.01E+01,2.71E+00,2.20E+00,3.49E+00,1.87E+01,,,,,,,,,,,,,,,,,,,,,,,,,,,,,,,,,,,
KO_S30_O1,3,1.01E+01,2.73E+00,2.34E+00,3.60E+00,1.70E+01,,,,,,,,,,,,,,,,,,,,,,,,,,,,,,,,,,,
KO_S30_O1,3,1.01E+01,2.77E+00,2.47E+00,3.71E+00,1.57E+01,,,,,,,,,,,,,,,,,,,,,,,,,,,,,,,,,,,
KO_S30_O1,3,1.01E+01,2.80E+00,2.60E+00,3.82E+00,1.68E+01,,,,,,,,,,,,,,,,,,,,,,,,,,,,,,,,,,,
KO_S30_O1,3,1.02E+01,2.81E+00,2.75E+00,3.93E+00,1.73E+01,,,,,,,,,,,,,,,,,,,,,,,,,,,,,,,,,,,
KO_S30_O1,3,1.02E+01,2.82E+00,2.88E+00,4.03E+00,1.64E+01,,,,,,,,,,,,,,,,,,,,,,,,,,,,,,,,,,,
KO_S30_O1,3,1.02E+01,2.86E+00,3.02E+00,4.16E+00,1.69E+01,,,,,,,,,,,,,,,,,,,,,,,,,,,,,,,,,,,
KO_S30_O1,3,1.02E+01,2.86E+00,3.16E+00,4.27E+00,1.73E+01,,,,,,,,,,,,,,,,,,,,,,,,,,,,,,,,,,,
KO_S30_O1,3,1.02E+01,2.88E+00,3.31E+00,4.39E+00,1.82E+01,,,,,,,,,,,,,,,,,,,,,,,,,,,,,,,,,,,
KO_S30_O1,3,1.02E+01,2.90E+00,3.46E+00,4.52E+00,1.87E+01,,,,,,,,,,,,,,,,,,,,,,,,,,,,,,,,,,,
KO_S30_O1,3,1.02E+01,2.90E+00,3.62E+00,4.64E+00,1.91E+01,,,,,,,,,,,,,,,,,,,,,,,,,,,,,,,,,,,
KO_S30_O1,3,1.02E+01,2.91E+00,3.78E+00,4.78E+00,,,,,,,,,,,,,,,,,,,,,,,,,,,,,,,,,,,,
,,,,,,,,,,,,,,,,,,,,,,,,,,,,,,,,,,,,,,,,,
KO_S30_O2,1,5.84E-02,2.54E+00,1.66E+00,3.03E+00,,,,,,,,,,,,,,,,,,,,,,,,,,,,,,,,,,,,
KO_S30_O2,1,6.67E-02,2.56E+00,1.77E+00,3.11E+00,1.26E+01,,,,,,,,,,,,,,,,,,,,,,,,,,,,,,,,,,,
KO_S30_O2,1,7.51E-02,2.56E+00,1.87E+00,3.17E+00,1.25E+01,,,,,,,,,,,,,,,,,,,,,,,,,,,,,,,,,,,
KO_S30_O2,1,8.34E-02,2.56E+00,1.98E+00,3.24E+00,1.32E+01,,,,,,,,,,,,,,,,,,,,,,,,,,,,,,,,,,,
KO_S30_O2,1,9.18E-02,2.57E+00,2.09E+00,3.31E+00,1.40E+01,3rd video,,,,,,,,,,,,,,,,,,,,,,,,,,,,,,,,,,
KO_S30_O2,1,1.00E-01,2.59E+00,2.21E+00,3.41E+00,1.39E+01,,,,,,,,,,,,,,,,,,,,,,,,,,,,,,,,,,,
KO_S30_O2,1,1.08E-01,2.59E+00,2.32E+00,3.48E+00,1.32E+01,,,,,,,,,,,,,,,,,,,,,,,,,,,,,,,,,,,
KO_S30_O2,1,1.17E-01,2.61E+00,2.43E+00,3.56E+00,1.39E+01,,,,,,,,,,,,,,,,,,,,,,,,,,,,,,,,,,,
KO_S30_O2,1,1.25E-01,2.62E+00,2.55E+00,3.65E+00,1.52E+01,,,,,,,,,,,,,,,,,,,,,,,,,,,,,,,,,,,
KO_S30_O2,1,1.33E-01,2.62E+00,2.68E+00,3.75E+00,1.65E+01,,,,,,,,,,,,,,,,,,,,,,,,,,,,,,,,,,,
KO_S30_O2,1,1.42E-01,2.63E+00,2.82E+00,3.86E+00,1.58E+01,,,,,,,,,,,,,,,,,,,,,,,,,,,,,,,,,,,
KO_S30_O2,1,1.50E-01,2.63E+00,2.94E+00,3.95E+00,1.45E+01,,,,,,,,,,,,,,,,,,,,,,,,,,,,,,,,,,,
KO_S30_O2,1,1.58E-01,2.63E+00,3.07E+00,4.04E+00,1.45E+01,,,,,,,,,,,,,,,,,,,,,,,,,,,,,,,,,,,
KO_S30_O2,1,1.67E-01,2.64E+00,3.19E+00,4.14E+00,1.32E+01,,,,,,,,,,,,,,,,,,,,,,,,,,,,,,,,,,,
KO_S30_O2,1,1.75E-01,2.64E+00,3.29E+00,4.21E+00,1.25E+01,,,,,,,,,,,,,,,,,,,,,,,,,,,,,,,,,,,
KO_S30_O2,1,1.84E-01,2.65E+00,3.40E+00,4.31E+00,1.46E+01,,,,,,,,,,,,,,,,,,,,,,,,,,,,,,,,,,,
KO_S30_O2,1,1.92E-01,2.67E+00,3.53E+00,4.42E+00,1.60E+01,,,,,,,,,,,,,,,,,,,,,,,,,,,,,,,,,,,
KO_S30_O2,1,2.00E-01,2.69E+00,3.66E+00,4.54E+00,1.59E+01,,,,,,,,,,,,,,,,,,,,,,,,,,,,,,,,,,,
KO_S30_O2,1,2.09E-01,2.70E+00,3.79E+00,4.66E+00,1.66E+01,,,,,,,,,,,,,,,,,,,,,,,,,,,,,,,,,,,
KO_S30_O2,1,2.17E-01,2.73E+00,3.93E+00,4.79E+00,1.53E+01,,,,,,,,,,,,,,,,,,,,,,,,,,,,,,,,,,,
KO_S30_O2,1,2.25E-01,2.74E+00,4.04E+00,4.88E+00,1.46E+01,,,,,,,,,,,,,,,,,,,,,,,,,,,,,,,,,,,
KO_S30_O2,1,2.34E-01,2.76E+00,4.18E+00,5.01E+00,1.59E+01,,,,,,,,,,,,,,,,,,,,,,,,,,,,,,,,,,,
KO_S30_O2,1,2.42E-01,2.77E+00,4.31E+00,5.12E+00,1.72E+01,,,,,,,,,,,,,,,,,,,,,,,,,,,,,,,,,,,
KO_S30_O2,1,2.50E-01,2.79E+00,4.46E+00,5.26E+00,1.65E+01,,,,,,,,,,,,,,,,,,,,,,,,,,,,,,,,,,,
KO_S30_O2,1,2.59E-01,2.79E+00,4.58E+00,5.37E+00,1.52E+01,,,,,,,,,,,,,,,,,,,,,,,,,,,,,,,,,,,
KO_S30_O2,1,2.67E-01,2.81E+00,4.71E+00,5.49E+00,1.67E+01,,,,,,,,,,,,,,,,,,,,,,,,,,,,,,,,,,,
KO_S30_O2,1,2.75E-01,2.84E+00,4.86E+00,5.62E+00,,,,,,,,,,,,,,,,,,,,,,,,,,,,,,,,,,,,
,,,,,,,,,,,,,,,,,,,,,,,,,,,,,,,,,,,,,,,,,
KO_S30_O2,2,2.52E+00,2.74E+00,1.79E+00,3.27E+00,,,,,,,,,,,,,,,,,,,,,,,,,,,,,,,,,,,,
KO_S30_O2,2,2.53E+00,2.75E+00,1.92E+00,3.35E+00,1.46E+01,,,,,,,,,,,,,,,,,,,,,,,,,,,,,,,,,,,
KO_S30_O2,2,2.54E+00,2.77E+00,2.03E+00,3.44E+00,1.33E+01,,,,,,,,,,,,,,,,,,,,,,,,,,,,,,,,,,,
KO_S30_O2,2,2.54E+00,2.78E+00,2.14E+00,3.51E+00,1.38E+01,,,,,,,,,,,,,,,,,,,,,,,,,,,,,,,,,,,
KO_S30_O2,2,2.55E+00,2.78E+00,2.26E+00,3.59E+00,1.54E+01,,,,,,,,,,,,,,,,,,,,,,,,,,,,,,,,,,,
KO_S30_O2,2,2.56E+00,2.83E+00,2.40E+00,3.70E+00,1.60E+01,,,,,,,,,,,,,,,,,,,,,,,,,,,,,,,,,,,
KO_S30_O2,2,2.57E+00,2.83E+00,2.53E+00,3.79E+00,1.59E+01,,,,,,,,,,,,,,,,,,,,,,,,,,,,,,,,,,,
KO_S30_O2,2,2.58E+00,2.85E+00,2.66E+00,3.90E+00,1.59E+01,,,,,,,,,,,,,,,,,,,,,,,,,,,,,,,,,,,
KO_S30_O2,2,2.59E+00,2.86E+00,2.79E+00,4.00E+00,1.59E+01,,,,,,,,,,,,,,,,,,,,,,,,,,,,,,,,,,,
KO_S30_O2,2,2.59E+00,2.87E+00,2.92E+00,4.10E+00,1.78E+01,,,,,,,,,,,,,,,,,,,,,,,,,,,,,,,,,,,
KO_S30_O2,2,2.60E+00,2.88E+00,3.09E+00,4.22E+00,1.80E+01,,,,,,,,,,,,,,,,,,,,,,,,,,,,,,,,,,,
KO_S30_O2,2,2.61E+00,2.91E+00,3.22E+00,4.34E+00,1.73E+01,,,,,,,,,,,,,,,,,,,,,,,,,,,,,,,,,,,
KO_S30_O2,2,2.62E+00,2.92E+00,3.37E+00,4.46E+00,2.11E+01,,,,,,,,,,,,,,,,,,,,,,,,,,,,,,,,,,,
KO_S30_O2,2,2.63E+00,2.94E+00,3.57E+00,4.62E+00,2.05E+01,,,,,,,,,,,,,,,,,,,,,,,,,,,,,,,,,,,
KO_S30_O2,2,2.64E+00,2.95E+00,3.71E+00,4.74E+00,1.72E+01,,,,,,,,,,,,,,,,,,,,,,,,,,,,,,,,,,,
KO_S30_O2,2,2.64E+00,2.97E+00,3.86E+00,4.87E+00,1.85E+01,,,,,,,,,,,,,,,,,,,,,,,,,,,,,,,,,,,
KO_S30_O2,2,2.65E+00,2.98E+00,4.02E+00,5.01E+00,1.98E+01,,,,,,,,,,,,,,,,,,,,,,,,,,,,,,,,,,,
KO_S30_O2,2,2.66E+00,2.98E+00,4.19E+00,5.14E+00,2.11E+01,,,,,,,,,,,,,,,,,,,,,,,,,,,,,,,,,,,
KO_S30_O2,2,2.67E+00,2.99E+00,4.37E+00,5.30E+00,2.05E+01,,,,,,,,,,,,,,,,,,,,,,,,,,,,,,,,,,,
KO_S30_O2,2,2.68E+00,3.00E+00,4.53E+00,5.43E+00,1.85E+01,,,,,,,,,,,,,,,,,,,,,,,,,,,,,,,,,,,
KO_S30_O2,2,2.69E+00,3.01E+00,4.68E+00,5.57E+00,2.04E+01,,,,,,,,,,,,,,,,,,,,,,,,,,,,,,,,,,,
KO_S30_O2,2,2.69E+00,3.01E+00,4.87E+00,5.72E+00,2.11E+01,,,,,,,,,,,,,,,,,,,,,,,,,,,,,,,,,,,
KO_S30_O2,2,2.70E+00,3.03E+00,5.03E+00,5.88E+00,,,,,,,,,,,,,,,,,,,,,,,,,,,,,,,,,,,,
,,,,,,,,,,,,,,,,,,,,,,,,,,,,,,,,,,,,,,,,,
KO_S30_O2,3,4.40E+00,4.11E+00,1.35E+00,4.33E+00,,,,,,,,,,,,,,,,,,,,,,,,,,,,,,,,,,,,
KO_S30_O2,3,4.41E+00,4.11E+00,1.47E+00,4.37E+00,1.71E+01,,,,,,,,,,,,,,,,,,,,,,,,,,,,,,,,,,,
KO_S30_O2,3,4.42E+00,4.11E+00,1.64E+00,4.43E+00,2.04E+01,,,,,,,,,,,,,,,,,,,,,,,,,,,,,,,,,,,
KO_S30_O2,3,4.43E+00,4.11E+00,1.81E+00,4.49E+00,2.11E+01,,,,,,,,,,,,,,,,,,,,,,,,,,,,,,,,,,,
KO_S30_O2,3,4.44E+00,4.10E+00,1.99E+00,4.56E+00,1.98E+01,,,,,,,,,,,,,,,,,,,,,,,,,,,,,,,,,,,
KO_S30_O2,3,4.45E+00,4.11E+00,2.14E+00,4.64E+00,1.98E+01,,,,,,,,,,,,,,,,,,,,,,,,,,,,,,,,,,,
KO_S30_O2,3,4.45E+00,4.12E+00,2.32E+00,4.73E+00,1.98E+01,,,,,,,,,,,,,,,,,,,,,,,,,,,,,,,,,,,
KO_S30_O2,3,4.46E+00,4.12E+00,2.47E+00,4.81E+00,1.91E+01,,,,,,,,,,,,,,,,,,,,,,,,,,,,,,,,,,,
KO_S30_O2,3,4.47E+00,4.12E+00,2.64E+00,4.89E+00,1.84E+01,,,,,,,,,,,,,,,,,,,,,,,,,,,,,,,,,,,
KO_S30_O2,3,4.48E+00,4.12E+00,2.78E+00,4.97E+00,1.84E+01,,,,,,,,,,,,,,,,,,,,,,,,,,,,,,,,,,,
KO_S30_O2,3,4.49E+00,4.12E+00,2.94E+00,5.07E+00,1.91E+01,,,,,,,,,,,,,,,,,,,,,,,,,,,,,,,,,,,
KO_S30_O2,3,4.50E+00,4.12E+00,3.10E+00,5.16E+00,1.78E+01,,,,,,,,,,,,,,,,,,,,,,,,,,,,,,,,,,,
KO_S30_O2,3,4.50E+00,4.12E+00,3.24E+00,5.24E+00,1.91E+01,,,,,,,,,,,,,,,,,,,,,,,,,,,,,,,,,,,
KO_S30_O2,3,4.51E+00,4.13E+00,3.42E+00,5.36E+00,1.98E+01,,,,,,,,,,,,,,,,,,,,,,,,,,,,,,,,,,,
KO_S30_O2,3,4.52E+00,4.12E+00,3.57E+00,5.45E+00,1.72E+01,,,,,,,,,,,,,,,,,,,,,,,,,,,,,,,,,,,
KO_S30_O2,3,4.53E+00,4.10E+00,3.70E+00,5.52E+00,1.79E+01,,,,,,,,,,,,,,,,,,,,,,,,,,,,,,,,,,,
KO_S30_O2,3,4.54E+00,4.09E+00,3.87E+00,5.63E+00,1.99E+01,,,,,,,,,,,,,,,,,,,,,,,,,,,,,,,,,,,
KO_S30_O2,3,4.55E+00,4.07E+00,4.03E+00,5.73E+00,1.98E+01,,,,,,,,,,,,,,,,,,,,,,,,,,,,,,,,,,,
KO_S30_O2,3,4.55E+00,4.07E+00,4.20E+00,5.84E+00,1.84E+01,,,,,,,,,,,,,,,,,,,,,,,,,,,,,,,,,,,
KO_S30_O2,3,4.56E+00,4.07E+00,4.34E+00,5.95E+00,1.84E+01,,,,,,,,,,,,,,,,,,,,,,,,,,,,,,,,,,,
KO_S30_O2,3,4.57E+00,4.07E+00,4.51E+00,6.07E+00,,,,,,,,,,,,,,,,,,,,,,,,,,,,,,,,,,,,
,,,,,,,,,,,,,,,,,,,,,,,,,,,,,,,,,,,,,,,,,
KO_S30_O2,4,5.66E+00,3.19E+00,2.16E+00,3.85E+00,,,,,,,,,,,,,,,,,,,,,,,,,,,,,,,,,,,,
KO_S30_O2,4,5.66E+00,3.22E+00,2.31E+00,3.96E+00,1.93E+01,,,,,,,,,,,,,,,,,,,,,,,,,,,,,,,,,,,
KO_S30_O2,4,5.67E+00,3.23E+00,2.48E+00,4.08E+00,1.93E+01,,,,,,,,,,,,,,,,,,,,,,,,,,,,,,,,,,,
KO_S30_O2,4,5.68E+00,3.27E+00,2.63E+00,4.19E+00,1.81E+01,,,,,,,,,,,,,,,,,,,,,,,,,,,,,,,,,,,
KO_S30_O2,4,5.69E+00,3.29E+00,2.78E+00,4.31E+00,1.99E+01,,,,,,,,,,,,,,,,,,,,,,,,,,,,,,,,,,,
KO_S30_O2,4,5.70E+00,3.30E+00,2.96E+00,4.43E+00,1.98E+01,,,,,,,,,,,,,,,,,,,,,,,,,,,,,,,,,,,
KO_S30_O2,4,5.71E+00,3.31E+00,3.11E+00,4.54E+00,1.85E+01,,,,,,,,,,,,,,,,,,,,,,,,,,,,,,,,,,,
KO_S30_O2,4,5.71E+00,3.32E+00,3.26E+00,4.66E+00,2.06E+01,,,,,,,,,,,,,,,,,,,,,,,,,,,,,,,,,,,
KO_S30_O2,4,5.72E+00,3.35E+00,3.45E+00,4.81E+00,1.99E+01,,,,,,,,,,,,,,,,,,,,,,,,,,,,,,,,,,,
KO_S30_O2,4,5.73E+00,3.36E+00,3.59E+00,4.92E+00,1.79E+01,,,,,,,,,,,,,,,,,,,,,,,,,,,,,,,,,,,
KO_S30_O2,4,5.74E+00,3.39E+00,3.75E+00,5.05E+00,2.00E+01,,,,,,,,,,,,,,,,,,,,,,,,,,,,,,,,,,,
KO_S30_O2,4,5.75E+00,3.42E+00,3.92E+00,5.20E+00,1.79E+01,,,,,,,,,,,,,,,,,,,,,,,,,,,,,,,,,,,
KO_S30_O2,4,5.76E+00,3.42E+00,4.04E+00,5.30E+00,1.85E+01,,,,,,,,,,,,,,,,,,,,,,,,,,,,,,,,,,,
KO_S30_O2,4,5.76E+00,3.44E+00,4.23E+00,5.45E+00,1.85E+01,,,,,,,,,,,,,,,,,,,,,,,,,,,,,,,,,,,
KO_S30_O2,4,5.77E+00,3.45E+00,4.35E+00,5.55E+00,1.73E+01,,,,,,,,,,,,,,,,,,,,,,,,,,,,,,,,,,,
KO_S30_O2,4,5.78E+00,3.49E+00,4.52E+00,5.70E+00,1.92E+01,,,,,,,,,,,,,,,,,,,,,,,,,,,,,,,,,,,
KO_S30_O2,4,5.79E+00,3.49E+00,4.67E+00,5.83E+00,2.08E+01,,,,,,,,,,,,,,,,,,,,,,,,,,,,,,,,,,,
KO_S30_O2,4,5.80E+00,3.55E+00,4.86E+00,6.02E+00,2.09E+01,,,,,,,,,,,,,,,,,,,,,,,,,,,,,,,,,,,
KO_S30_O2,4,5.81E+00,3.56E+00,5.01E+00,6.15E+00,1.85E+01,,,,,,,,,,,,,,,,,,,,,,,,,,,,,,,,,,,
KO_S30_O2,4,5.81E+00,3.57E+00,5.16E+00,6.28E+00,1.65E+01,,,,,,,,,,,,,,,,,,,,,,,,,,,,,,,,,,,
KO_S30_O2,4,5.82E+00,3.58E+00,5.29E+00,6.39E+00,1.72E+01,,,,,,,,,,,,,,,,,,,,,,,,,,,,,,,,,,,
KO_S30_O2,4,5.83E+00,3.59E+00,5.45E+00,6.53E+00,,,,,,,,,,,,,,,,,,,,,,,,,,,,,,,,,,,,
,,,,,,,,,,,,,,,,,,,,,,,,,,,,,,,,,,,,,,,,,
KO_S30_O2,5,7.82E+00,3.30E+00,1.80E+00,3.76E+00,,,,,,,,,,,,,,,,,,,,,,,,,,,,,,,,,,,,
KO_S30_O2,5,7.82E+00,3.33E+00,1.97E+00,3.87E+00,1.59E+01,,,,,,,,,,,,,,,,,,,,,,,,,,,,,,,,,,,
KO_S30_O2,5,7.83E+00,3.33E+00,2.07E+00,3.92E+00,1.39E+01,,,,,,,,,,,,,,,,,,,,,,,,,,,,,,,,,,,
KO_S30_O2,5,7.84E+00,3.35E+00,2.20E+00,4.01E+00,1.59E+01,,,,,,,,,,,,,,,,,,,,,,,,,,,,,,,,,,,
KO_S30_O2,5,7.85E+00,3.35E+00,2.33E+00,4.08E+00,1.52E+01,,,,,,,,,,,,,,,,,,,,,,,,,,,,,,,,,,,
KO_S30_O2,5,7.86E+00,3.38E+00,2.45E+00,4.17E+00,1.59E+01,,,,,,,,,,,,,,,,,,,,,,,,,,,,,,,,,,,
KO_S30_O2,5,7.87E+00,3.39E+00,2.59E+00,4.26E+00,1.78E+01,,,,,,,,,,,,,,,,,,,,,,,,,,,,,,,,,,,
KO_S30_O2,5,7.87E+00,3.40E+00,2.75E+00,4.37E+00,1.78E+01,,,,,,,,,,,,,,,,,,,,,,,,,,,,,,,,,,,
KO_S30_O2,5,7.88E+00,3.41E+00,2.89E+00,4.47E+00,1.58E+01,,,,,,,,,,,,,,,,,,,,,,,,,,,,,,,,,,,
KO_S30_O2,5,7.89E+00,3.41E+00,3.01E+00,4.55E+00,1.58E+01,,,,,,,,,,,,,,,,,,,,,,,,,,,,,,,,,,,
KO_S30_O2,5,7.90E+00,3.41E+00,3.15E+00,4.64E+00,1.91E+01,,,,,,,,,,,,,,,,,,,,,,,,,,,,,,,,,,,
KO_S30_O2,5,7.91E+00,3.43E+00,3.33E+00,4.78E+00,1.93E+01,,,,,,,,,,,,,,,,,,,,,,,,,,,,,,,,,,,
KO_S30_O2,5,7.92E+00,3.45E+00,3.47E+00,4.90E+00,1.66E+01,,,,,,,,,,,,,,,,,,,,,,,,,,,,,,,,,,,
KO_S30_O2,5,7.92E+00,3.46E+00,3.60E+00,5.00E+00,1.65E+01,,,,,,,,,,,,,,,,,,,,,,,,,,,,,,,,,,,
KO_S30_O2,5,7.93E+00,3.46E+00,3.75E+00,5.10E+00,1.65E+01,,,,,,,,,,,,,,,,,,,,,,,,,,,,,,,,,,,
KO_S30_O2,5,7.94E+00,3.49E+00,3.88E+00,5.21E+00,1.79E+01,,,,,,,,,,,,,,,,,,,,,,,,,,,,,,,,,,,
KO_S30_O2,5,7.95E+00,3.50E+00,4.04E+00,5.35E+00,1.85E+01,,,,,,,,,,,,,,,,,,,,,,,,,,,,,,,,,,,
KO_S30_O2,5,7.96E+00,3.50E+00,4.19E+00,5.45E+00,1.65E+01,,,,,,,,,,,,,,,,,,,,,,,,,,,,,,,,,,,
KO_S30_O2,5,7.97E+00,3.52E+00,4.32E+00,5.57E+00,1.65E+01,,,,,,,,,,,,,,,,,,,,,,,,,,,,,,,,,,,
KO_S30_O2,5,7.97E+00,3.52E+00,4.46E+00,5.68E+00,1.84E+01,,,,,,,,,,,,,,,,,,,,,,,,,,,,,,,,,,,
KO_S30_O2,5,7.98E+00,3.52E+00,4.63E+00,5.81E+00,1.58E+01,,,,,,,,,,,,,,,,,,,,,,,,,,,,,,,,,,,
KO_S30_O2,5,7.99E+00,3.52E+00,4.72E+00,5.89E+00,1.32E+01,,,,,,,,,,,,,,,,,,,,,,,,,,,,,,,,,,,
KO_S30_O2,5,8.00E+00,3.53E+00,4.85E+00,5.99E+00,1.54E+01,,,,,,,,,,,,,,,,,,,,,,,,,,,,,,,,,,,
KO_S30_O2,5,8.01E+00,3.56E+00,4.98E+00,6.12E+00,,,,,,,,,,,,,,,,,,,,,,,,,,,,,,,,,,,,
,,,,,,,,,,,,,,,,,,,,,,,,,,,,,,,,,,,,,,,,,
KO_S11_O1,1,5.26E-01,1.36E+00,1.54E+00,2.05E+00,,,,,,,,,,,,,,,,,,,,,,,,,,,,,,,,,,,,
KO_S11_O1,1,5.34E-01,1.36E+00,1.64E+00,2.13E+00,1.14E+01,,,,,,,,,,,,,,,,,,,,,,,,,,,,,,,,,,,
KO_S11_O1,1,5.42E-01,1.38E+00,1.73E+00,2.21E+00,1.09E+01,,,,,,,,,,,,,,,,,,,,,,,,,,,,,,,,,,,
KO_S11_O1,1,5.51E-01,1.38E+00,1.82E+00,2.29E+00,1.20E+01,,,,,,,,,,,,,,,,,,,,,,,,,,,,,,,,,,,
KO_S11_O1,1,5.59E-01,1.42E+00,1.93E+00,2.39E+00,1.46E+01,,,,,,,,,,,,,,,,,,,,,,,,,,,,,,,,,,,
KO_S11_O1,1,5.67E-01,1.45E+00,2.06E+00,2.51E+00,1.55E+01,,,,,,,,,,,,,,,,,,,,,,,,,,,,,,,,,,,
KO_S11_O1,1,5.76E-01,1.47E+00,2.18E+00,2.63E+00,1.35E+01,,,,,,,,,,,,,,,,,,,,,,,,,,,,,,,,,,,
KO_S11_O1,1,5.84E-01,1.49E+00,2.28E+00,2.72E+00,1.34E+01,,,,,,,,,,,,,,,,,,,,,,,,,,,,,,,,,,,
KO_S11_O1,1,5.92E-01,1.54E+00,2.39E+00,2.84E+00,1.37E+01,,,,,,,,,,,,,,,,,,,,,,,,,,,,,,,,,,,
KO_S11_O1,1,6.01E-01,1.56E+00,2.50E+00,2.94E+00,1.24E+01,,,,,,,,,,,,,,,,,,,,,,,,,,,,,,,,,,,
KO_S11_O1,1,6.09E-01,1.57E+00,2.59E+00,3.03E+00,1.09E+01,,,,,,,,,,,,,,,,,,,,,,,,,,,,,,,,,,,
KO_S11_O1,1,6.17E-01,1.58E+00,2.68E+00,3.11E+00,1.24E+01,,,,,,,,,,,,,,,,,,,,,,,,,,,,,,,,,,,
KO_S11_O1,1,6.26E-01,1.59E+00,2.80E+00,3.22E+00,1.34E+01,,,,,,,,,,,,,,,,,,,,,,,,,,,,,,,,,,,
KO_S11_O1,1,6.34E-01,1.61E+00,2.90E+00,3.32E+00,1.20E+01,,,,,,,,,,,,,,,,,,,,,,,,,,,,,,,,,,,
KO_S11_O1,1,6.42E-01,1.63E+00,3.00E+00,3.41E+00,1.29E+01,,,,,,,,,,,,,,,,,,,,,,,,,,,,,,,,,,,
KO_S11_O1,1,6.51E-01,1.64E+00,3.11E+00,3.52E+00,1.54E+01,,,,,,,,,,,,,,,,,,,,,,,,,,,,,,,,,,,
KO_S11_O1,1,6.59E-01,1.67E+00,3.25E+00,3.65E+00,1.55E+01,,,,,,,,,,,,,,,,,,,,,,,,,,,,,,,,,,,
KO_S11_O1,1,6.67E-01,1.69E+00,3.36E+00,3.77E+00,1.42E+01,,,,,,,,,,,,,,,,,,,,,,,,,,,,,,,,,,,
KO_S11_O1,1,6.76E-01,1.74E+00,3.48E+00,3.89E+00,1.46E+01,,,,,,,,,,,,,,,,,,,,,,,,,,,,,,,,,,,
KO_S11_O1,1,6.84E-01,1.76E+00,3.60E+00,4.01E+00,1.45E+01,,,,,,,,,,,,,,,,,,,,,,,,,,,,,,,,,,,
KO_S11_O1,1,6.92E-01,1.78E+00,3.71E+00,4.12E+00,1.26E+01,,,,,,,,,,,,,,,,,,,,,,,,,,,,,,,,,,,
KO_S11_O1,1,7.01E-01,1.81E+00,3.80E+00,4.21E+00,1.40E+01,,,,,,,,,,,,,,,,,,,,,,,,,,,,,,,,,,,
KO_S11_O1,1,7.09E-01,1.87E+00,3.93E+00,4.35E+00,1.70E+01,,,,,,,,,,,,,,,,,,,,,,,,,,,,,,,,,,,
KO_S11_O1,1,7.17E-01,1.90E+00,4.07E+00,4.49E+00,1.84E+01,,,,,,,,,,,,,,,,,,,,,,,,,,,,,,,,,,,
KO_S11_O1,1,7.26E-01,1.92E+00,4.24E+00,4.65E+00,1.74E+01,,,,,,,,,,,,,,,,,,,,,,,,,,,,,,,,,,,
KO_S11_O1,1,7.34E-01,1.93E+00,4.36E+00,4.77E+00,1.66E+01,,,,,,,,,,,,,,,,,,,,,,,,,,,,,,,,,,,
KO_S11_O1,1,7.42E-01,1.98E+00,4.50E+00,4.92E+00,1.67E+01,,,,,,,,,,,,,,,,,,,,,,,,,,,,,,,,,,,
KO_S11_O1,1,7.51E-01,2.00E+00,4.63E+00,5.04E+00,,,,,,,,,,,,,,,,,,,,,,,,,,,,,,,,,,,,
,,,,,,,,,,,,,,,,,,,,,,,,,,,,,,,,,,,,,,,,,
KO_S11_O1,2,1.42E+00,1.49E+00,1.49E+00,2.11E+00,,,,,,,,,,,,,,,,,,,,,,,,,,,,,,,,,,,,
KO_S11_O1,2,1.43E+00,1.49E+00,1.56E+00,2.16E+00,8.99E+00,,,,,,,,,,,,,,,,,,,,,,,,,,,,,,,,,,,
KO_S11_O1,2,1.43E+00,1.49E+00,1.64E+00,2.22E+00,1.10E+01,,,,,,,,,,,,,,,,,,,,,,,,,,,,,,,,,,,
KO_S11_O1,2,1.44E+00,1.49E+00,1.74E+00,2.29E+00,1.10E+01,,,,,,,,,,,,,,,,,,,,,,,,,,,,,,,,,,,
KO_S11_O1,2,1.45E+00,1.49E+00,1.83E+00,2.36E+00,1.35E+01,,,,,,,,,,,,,,,,,,,,,,,,,,,,,,,,,,,
KO_S11_O1,2,1.46E+00,1.48E+00,1.97E+00,2.46E+00,1.34E+01,,,,,,,,,,,,,,,,,,,,,,,,,,,,,,,,,,,
KO_S11_O1,2,1.47E+00,1.50E+00,2.05E+00,2.54E+00,1.19E+01,,,,,,,,,,,,,,,,,,,,,,,,,,,,,,,,,,,
KO_S11_O1,2,1.48E+00,1.51E+00,2.17E+00,2.64E+00,1.64E+01,,,,,,,,,,,,,,,,,,,,,,,,,,,,,,,,,,,
KO_S11_O1,2,1.48E+00,1.52E+00,2.32E+00,2.78E+00,1.59E+01,,,,,,,,,,,,,,,,,,,,,,,,,,,,,,,,,,,
KO_S11_O1,2,1.49E+00,1.53E+00,2.43E+00,2.87E+00,1.34E+01,,,,,,,,,,,,,,,,,,,,,,,,,,,,,,,,,,,
KO_S11_O1,2,1.50E+00,1.54E+00,2.55E+00,2.98E+00,1.39E+01,,,,,,,,,,,,,,,,,,,,,,,,,,,,,,,,,,,
KO_S11_O1,2,1.51E+00,1.55E+00,2.66E+00,3.08E+00,1.64E+01,,,,,,,,,,,,,,,,,,,,,,,,,,,,,,,,,,,
KO_S11_O1,2,1.52E+00,1.55E+00,2.82E+00,3.22E+00,1.84E+01,,,,,,,,,,,,,,,,,,,,,,,,,,,,,,,,,,,
KO_S11_O1,2,1.53E+00,1.55E+00,2.97E+00,3.35E+00,1.74E+01,,,,,,,,,,,,,,,,,,,,,,,,,,,,,,,,,,,
KO_S11_O1,2,1.53E+00,1.55E+00,3.11E+00,3.47E+00,1.69E+01,,,,,,,,,,,,,,,,,,,,,,,,,,,,,,,,,,,
KO_S11_O1,2,1.54E+00,1.56E+00,3.25E+00,3.61E+00,1.64E+01,,,,,,,,,,,,,,,,,,,,,,,,,,,,,,,,,,,
KO_S11_O1,2,1.55E+00,1.57E+00,3.38E+00,3.73E+00,1.74E+01,,,,,,,,,,,,,,,,,,,,,,,,,,,,,,,,,,,
KO_S11_O1,2,1.56E+00,1.56E+00,3.54E+00,3.87E+00,1.85E+01,,,,,,,,,,,,,,,,,,,,,,,,,,,,,,,,,,,
KO_S11_O1,2,1.57E+00,1.56E+00,3.69E+00,4.01E+00,1.80E+01,,,,,,,,,,,,,,,,,,,,,,,,,,,,,,,,,,,
KO_S11_O1,2,1.58E+00,1.54E+00,3.84E+00,4.14E+00,1.85E+01,,,,,,,,,,,,,,,,,,,,,,,,,,,,,,,,,,,
KO_S11_O1,2,1.58E+00,1.54E+00,4.00E+00,4.29E+00,1.81E+01,,,,,,,,,,,,,,,,,,,,,,,,,,,,,,,,,,,
KO_S11_O1,2,1.59E+00,1.52E+00,4.15E+00,4.42E+00,1.78E+01,,,,,,,,,,,,,,,,,,,,,,,,,,,,,,,,,,,
KO_S11_O1,2,1.60E+00,1.50E+00,4.30E+00,4.55E+00,1.80E+01,,,,,,,,,,,,,,,,,,,,,,,,,,,,,,,,,,,
KO_S11_O1,2,1.61E+00,1.50E+00,4.45E+00,4.69E+00,1.76E+01,,,,,,,,,,,,,,,,,,,,,,,,,,,,,,,,,,,
KO_S11_O1,2,1.62E+00,1.48E+00,4.59E+00,4.82E+00,2.04E+01,,,,,,,,,,,,,,,,,,,,,,,,,,,,,,,,,,,
KO_S11_O1,2,1.63E+00,1.46E+00,4.78E+00,5.00E+00,,,,,,,,,,,,,,,,,,,,,,,,,,,,,,,,,,,,
,,,,,,,,,,,,,,,,,,,,,,,,,,,,,,,,,,,,,,,,,
KO_S11_O1,3,4.40E+00,1.85E+00,2.28E+00,2.93E+00,,,,,,,,,,,,,,,,,,,,,,,,,,,,,,,,,,,,
KO_S11_O1,3,4.41E+00,1.86E+00,2.36E+00,3.01E+00,1.34E+01,,,,,,,,,,,,,,,,,,,,,,,,,,,,,,,,,,,
KO_S11_O1,3,4.42E+00,1.88E+00,2.50E+00,3.13E+00,1.69E+01,,,,,,,,,,,,,,,,,,,,,,,,,,,,,,,,,,,
KO_S11_O1,3,4.43E+00,1.87E+00,2.64E+00,3.24E+00,1.29E+01,,,,,,,,,,,,,,,,,,,,,,,,,,,,,,,,,,,
KO_S11_O1,3,4.44E+00,1.88E+00,2.72E+00,3.30E+00,8.94E+00,,,,,,,,,,,,,,,,,,,,,,,,,,,,,,,,,,,
KO_S11_O1,3,4.45E+00,1.89E+00,2.79E+00,3.37E+00,1.34E+01,,,,,,,,,,,,,,,,,,,,,,,,,,,,,,,,,,,
KO_S11_O1,3,4.45E+00,1.89E+00,2.94E+00,3.50E+00,1.74E+01,,,,,,,,,,,,,,,,,,,,,,,,,,,,,,,,,,,
KO_S11_O1,3,4.46E+00,1.89E+00,3.08E+00,3.62E+00,1.44E+01,,,,,,,,,,,,,,,,,,,,,,,,,,,,,,,,,,,
KO_S11_O1,3,4.47E+00,1.90E+00,3.18E+00,3.71E+00,1.29E+01,,,,,,,,,,,,,,,,,,,,,,,,,,,,,,,,,,,
KO_S11_O1,3,4.48E+00,1.91E+00,3.30E+00,3.81E+00,1.49E+01,,,,,,,,,,,,,,,,,,,,,,,,,,,,,,,,,,,
KO_S11_O1,3,4.49E+00,1.92E+00,3.43E+00,3.93E+00,1.49E+01,,,,,,,,,,,,,,,,,,,,,,,,,,,,,,,,,,,
KO_S11_O1,3,4.50E+00,1.93E+00,3.54E+00,4.04E+00,1.29E+01,,,,,,,,,,,,,,,,,,,,,,,,,,,,,,,,,,,
KO_S11_O1,3,4.50E+00,1.95E+00,3.64E+00,4.13E+00,9.94E+00,,,,,,,,,,,,,,,,,,,,,,,,,,,,,,,,,,,
KO_S11_O1,3,4.51E+00,1.96E+00,3.71E+00,4.19E+00,9.44E+00,,,,,,,,,,,,,,,,,,,,,,,,,,,,,,,,,,,
KO_S11_O1,3,4.52E+00,1.96E+00,3.80E+00,4.28E+00,1.14E+01,,,,,,,,,,,,,,,,,,,,,,,,,,,,,,,,,,,
KO_S11_O1,3,4.53E+00,1.98E+00,3.90E+00,4.37E+00,1.05E+01,,,,,,,,,,,,,,,,,,,,,,,,,,,,,,,,,,,
KO_S11_O1,3,4.54E+00,2.00E+00,3.97E+00,4.44E+00,1.11E+01,,,,,,,,,,,,,,,,,,,,,,,,,,,,,,,,,,,
KO_S11_O1,3,4.55E+00,2.03E+00,4.08E+00,4.55E+00,1.23E+01,,,,,,,,,,,,,,,,,,,,,,,,,,,,,,,,,,,
KO_S11_O1,3,4.55E+00,2.06E+00,4.16E+00,4.65E+00,1.45E+01,,,,,,,,,,,,,,,,,,,,,,,,,,,,,,,,,,,
KO_S11_O1,3,4.56E+00,2.12E+00,4.30E+00,4.79E+00,1.79E+01,,,,,,,,,,,,,,,,,,,,,,,,,,,,,,,,,,,
KO_S11_O1,3,4.57E+00,2.16E+00,4.45E+00,4.94E+00,1.86E+01,,,,,,,,,,,,,,,,,,,,,,,,,,,,,,,,,,,
KO_S11_O1,3,4.58E+00,2.19E+00,4.60E+00,5.10E+00,1.51E+01,,,,,,,,,,,,,,,,,,,,,,,,,,,,,,,,,,,
KO_S11_O1,3,4.59E+00,2.22E+00,4.69E+00,5.19E+00,1.36E+01,,,,,,,,,,,,,,,,,,,,,,,,,,,,,,,,,,,
KO_S11_O1,3,4.60E+00,2.32E+00,4.79E+00,5.32E+00,1.42E+01,,,,,,,,,,,,,,,,,,,,,,,,,,,,,,,,,,,
KO_S11_O1,3,4.60E+00,2.36E+00,4.89E+00,5.43E+00,1.40E+01,,,,,,,,,,,,,,,,,,,,,,,,,,,,,,,,,,,
KO_S11_O1,3,4.61E+00,2.44E+00,4.99E+00,5.55E+00,1.38E+01,,,,,,,,,,,,,,,,,,,,,,,,,,,,,,,,,,,
KO_S11_O1,3,4.62E+00,2.48E+00,5.08E+00,5.66E+00,1.34E+01,,,,,,,,,,,,,,,,,,,,,,,,,,,,,,,,,,,
KO_S11_O1,3,4.63E+00,2.52E+00,5.20E+00,5.78E+00,1.42E+01,,,,,,,,,,,,,,,,,,,,,,,,,,,,,,,,,,,
KO_S11_O1,3,4.64E+00,2.54E+00,5.31E+00,5.89E+00,1.33E+01,,,,,,,,,,,,,,,,,,,,,,,,,,,,,,,,,,,
KO_S11_O1,3,4.65E+00,2.63E+00,5.39E+00,6.00E+00,,,,,,,,,,,,,,,,,,,,,,,,,,,,,,,,,,,,
,,,,,,,,,,,,,,,,,,,,,,,,,,,,,,,,,,,,,,,,,
KO_S11_O1,4,5.38E+00,2.54E+00,1.76E+00,3.09E+00,,,,,,,,,,,,,,,,,,,,,,,,,,,,,,,,,,,,
KO_S11_O1,4,5.39E+00,2.58E+00,1.85E+00,3.17E+00,1.11E+01,,,,,,,,,,,,,,,,,,,,,,,,,,,,,,,,,,,
KO_S11_O1,4,5.40E+00,2.59E+00,1.94E+00,3.24E+00,1.05E+01,,,,,,,,,,,,,,,,,,,,,,,,,,,,,,,,,,,
KO_S11_O1,4,5.41E+00,2.62E+00,2.02E+00,3.31E+00,1.12E+01,,,,,,,,,,,,,,,,,,,,,,,,,,,,,,,,,,,
KO_S11_O1,4,5.41E+00,2.65E+00,2.12E+00,3.39E+00,1.17E+01,,,,,,,,,,,,,,,,,,,,,,,,,,,,,,,,,,,
KO_S11_O1,4,5.42E+00,2.67E+00,2.21E+00,3.47E+00,1.39E+01,,,,,,,,,,,,,,,,,,,,,,,,,,,,,,,,,,,
KO_S11_O1,4,5.43E+00,2.73E+00,2.34E+00,3.59E+00,1.47E+01,,,,,,,,,,,,,,,,,,,,,,,,,,,,,,,,,,,
KO_S11_O1,4,5.44E+00,2.74E+00,2.44E+00,3.67E+00,1.45E+01,,,,,,,,,,,,,,,,,,,,,,,,,,,,,,,,,,,
KO_S11_O1,4,5.45E+00,2.77E+00,2.57E+00,3.78E+00,1.45E+01,,,,,,,,,,,,,,,,,,,,,,,,,,,,,,,,,,,
KO_S11_O1,4,5.46E+00,2.79E+00,2.68E+00,3.87E+00,1.56E+01,,,,,,,,,,,,,,,,,,,,,,,,,,,,,,,,,,,
KO_S11_O1,4,5.46E+00,2.84E+00,2.82E+00,4.00E+00,1.61E+01,,,,,,,,,,,,,,,,,,,,,,,,,,,,,,,,,,,
KO_S11_O1,4,5.47E+00,2.85E+00,2.94E+00,4.10E+00,1.70E+01,,,,,,,,,,,,,,,,,,,,,,,,,,,,,,,,,,,
KO_S11_O1,4,5.48E+00,2.89E+00,3.10E+00,4.24E+00,1.90E+01,,,,,,,,,,,,,,,,,,,,,,,,,,,,,,,,,,,
KO_S11_O1,4,5.49E+00,2.91E+00,3.25E+00,4.37E+00,1.74E+01,,,,,,,,,,,,,,,,,,,,,,,,,,,,,,,,,,,
KO_S11_O1,4,5.50E+00,2.94E+00,3.39E+00,4.49E+00,2.04E+01,,,,,,,,,,,,,,,,,,,,,,,,,,,,,,,,,,,
KO_S11_O1,4,5.51E+00,2.96E+00,3.59E+00,4.65E+00,1.89E+01,,,,,,,,,,,,,,,,,,,,,,,,,,,,,,,,,,,
KO_S11_O1,4,5.51E+00,2.97E+00,3.70E+00,4.75E+00,1.79E+01,,,,,,,,,,,,,,,,,,,,,,,,,,,,,,,,,,,
KO_S11_O1,4,5.52E+00,2.99E+00,3.88E+00,4.90E+00,1.79E+01,,,,,,,,,,,,,,,,,,,,,,,,,,,,,,,,,,,
KO_S11_O1,4,5.53E+00,3.00E+00,4.00E+00,5.00E+00,1.65E+01,,,,,,,,,,,,,,,,,,,,,,,,,,,,,,,,,,,
KO_S11_O1,4,5.54E+00,3.03E+00,4.15E+00,5.15E+00,1.86E+01,,,,,,,,,,,,,,,,,,,,,,,,,,,,,,,,,,,
KO_S11_O1,4,5.55E+00,3.08E+00,4.30E+00,5.29E+00,1.93E+01,,,,,,,,,,,,,,,,,,,,,,,,,,,,,,,,,,,
KO_S11_O1,4,5.56E+00,3.13E+00,4.46E+00,5.45E+00,1.86E+01,,,,,,,,,,,,,,,,,,,,,,,,,,,,,,,,,,,
KO_S11_O1,4,5.56E+00,3.16E+00,4.60E+00,5.58E+00,1.45E+01,,,,,,,,,,,,,,,,,,,,,,,,,,,,,,,,,,,
KO_S11_O1,4,5.57E+00,3.17E+00,4.70E+00,5.67E+00,1.04E+01,,,,,,,,,,,,,,,,,,,,,,,,,,,,,,,,,,,
KO_S11_O1,4,5.58E+00,3.17E+00,4.77E+00,5.73E+00,1.10E+01,,,,,,,,,,,,,,,,,,,,,,,,,,,,,,,,,,,
KO_S11_O1,4,5.59E+00,3.21E+00,4.88E+00,5.84E+00,,,,,,,,,,,,,,,,,,,,,,,,,,,,,,,,,,,,
,,,,,,,,,,,,,,,,,,,,,,,,,,,,,,,,,,,,,,,,,
KO_S11_O1,5,6.67E+00,4.22E+00,2.50E+00,4.91E+00,,,,,,,,,,,,,,,,,,,,,,,,,,,,,,,,,,,,
KO_S11_O1,5,6.68E+00,4.23E+00,2.65E+00,4.99E+00,2.24E+01,,,,,,,,,,,,,,,,,,,,,,,,,,,,,,,,,,,
KO_S11_O1,5,6.69E+00,4.25E+00,2.88E+00,5.13E+00,2.53E+01,,,,,,,,,,,,,,,,,,,,,,,,,,,,,,,,,,,
KO_S11_O1,5,6.70E+00,4.26E+00,3.07E+00,5.25E+00,2.29E+01,,,,,,,,,,,,,,,,,,,,,,,,,,,,,,,,,,,
KO_S11_O1,5,6.71E+00,4.26E+00,3.26E+00,5.36E+00,2.14E+01,,,,,,,,,,,,,,,,,,,,,,,,,,,,,,,,,,,
KO_S11_O1,5,6.72E+00,4.27E+00,3.42E+00,5.47E+00,1.74E+01,,,,,,,,,,,,,,,,,,,,,,,,,,,,,,,,,,,
KO_S11_O1,5,6.72E+00,4.27E+00,3.55E+00,5.55E+00,1.80E+01,,,,,,,,,,,,,,,,,,,,,,,,,,,,,,,,,,,
KO_S11_O1,5,6.73E+00,4.26E+00,3.72E+00,5.66E+00,1.95E+01,,,,,,,,,,,,,,,,,,,,,,,,,,,,,,,,,,,
KO_S11_O1,5,6.74E+00,4.27E+00,3.87E+00,5.76E+00,1.95E+01,,,,,,,,,,,,,,,,,,,,,,,,,,,,,,,,,,,
KO_S11_O1,5,6.75E+00,4.26E+00,4.05E+00,5.87E+00,2.02E+01,,,,,,,,,,,,,,,,,,,,,,,,,,,,,,,,,,,
KO_S11_O1,5,6.76E+00,4.24E+00,4.21E+00,5.97E+00,1.80E+01,,,,,,,,,,,,,,,,,,,,,,,,,,,,,,,,,,,
KO_S11_O1,5,6.77E+00,4.25E+00,4.35E+00,6.08E+00,1.92E+01,,,,,,,,,,,,,,,,,,,,,,,,,,,,,,,,,,,
KO_S11_O1,5,6.77E+00,4.21E+00,4.53E+00,6.18E+00,1.95E+01,,,,,,,,,,,,,,,,,,,,,,,,,,,,,,,,,,,
KO_S11_O1,5,6.78E+00,4.19E+00,4.67E+00,6.28E+00,1.84E+01,,,,,,,,,,,,,,,,,,,,,,,,,,,,,,,,,,,
KO_S11_O1,5,6.79E+00,4.21E+00,4.83E+00,6.41E+00,1.85E+01,,,,,,,,,,,,,,,,,,,,,,,,,,,,,,,,,,,
KO_S11_O1,5,6.80E+00,4.18E+00,4.98E+00,6.50E+00,2.03E+01,,,,,,,,,,,,,,,,,,,,,,,,,,,,,,,,,,,
KO_S11_O1,5,6.81E+00,4.17E+00,5.17E+00,6.64E+00,1.71E+01,,,,,,,,,,,,,,,,,,,,,,,,,,,,,,,,,,,
KO_S11_O1,5,6.82E+00,4.15E+00,5.26E+00,6.71E+00,1.22E+01,,,,,,,,,,,,,,,,,,,,,,,,,,,,,,,,,,,
KO_S11_O1,5,6.82E+00,4.15E+00,5.37E+00,6.79E+00,1.72E+01,,,,,,,,,,,,,,,,,,,,,,,,,,,,,,,,,,,
KO_S11_O1,5,6.83E+00,4.12E+00,5.55E+00,6.91E+00,2.04E+01,,,,,,,,,,,,,,,,,,,,,,,,,,,,,,,,,,,
KO_S11_O1,5,6.84E+00,4.10E+00,5.71E+00,7.03E+00,1.75E+01,,,,,,,,,,,,,,,,,,,,,,,,,,,,,,,,,,,
KO_S11_O1,5,6.85E+00,4.07E+00,5.84E+00,7.12E+00,,,,,,,,,,,,,,,,,,,,,,,,,,,,,,,,,,,,